[
  {
    "Id": "272636",
    "ThreadId": "79627",
    "Html": "<p>Hello to every one...</p>\r\n<p>When I try to load an unmanaged plugin (for example ColossusVST.dll and others existing unmanaged VSTs) with the Jacobi.Vst.Samples.Host program I get this five exception messages: <br>1. &quot;SystemArgumentException: Can not find the requested value 'receiveVstTimeInfo'...&quot; <br>2. &quot;SystemArgumentException: Can not find the requested value 'asyncProcessing'...&quot; <br>3. &quot;SystemArgumentException: Can not find the requested value 'supplyIdle'&quot; <br>4. &quot;SystemArgumentException: Can not find the requested value 'supportShell'&quot; <br>5. &quot;SystemArgumentException: Can not find the requested value 'editFile'&quot; <br><br>do you know why? or maybe you have some application example that loads an unmanaged VST. <br><br>Your help will be very grateful.</p>",
    "PostedDate": "2010-01-03T14:53:04.037-08:00",
    "UserRole": null,
    "MarkedAsAnswerDate": null
  },
  {
    "Id": "272773",
    "ThreadId": "79627",
    "Html": "<p>I think we're looking at CanDo strings the plugin is requesting from the host, correct? (would help if you post one call stack trace)</p>\r\n<p>I see the code just uses the VstHostCanDo enum to parse incoming values. That is a bug.&nbsp;</p>\r\n<p>Thanx for posting.</p>",
    "PostedDate": "2010-01-04T00:26:39.477-08:00",
    "UserRole": null,
    "MarkedAsAnswerDate": null
  },
  {
    "Id": "272777",
    "ThreadId": "79627",
    "Html": "This discussion has been copied to a work item. Click <a href=\"http://vstnet.codeplex.com/WorkItem/View.aspx?WorkItemId=5690\">here</a> to go to the work item and continue the discussion.",
    "PostedDate": "2010-01-04T00:30:37.713-08:00",
    "UserRole": null,
    "MarkedAsAnswerDate": null
  },
  {
    "Id": "273638",
    "ThreadId": "79627",
    "Html": "Checkout the latest source code. I've changed the CanDo method to receive a string and the exceptions should not happen anymore. If they do, please let me know.\r\n\r\nHope it helps.",
    "PostedDate": "2010-01-05T23:00:03.28-08:00",
    "UserRole": null,
    "MarkedAsAnswerDate": null
  },
  {
    "Id": "275336",
    "ThreadId": "79627",
    "Html": "<p>I tested the latest source code and it works fine, the exceptions&nbsp;do not&nbsp;happen.</p>\r\n<p>thanks for the update.</p>",
    "PostedDate": "2010-01-10T06:16:35.743-08:00",
    "UserRole": null,
    "MarkedAsAnswerDate": null
  }
]