[
  {
    "Id": "417750",
    "ThreadId": "204851",
    "Html": "<p>Hi!</p>\r\n<p>Where can I report typos and other issues within the documentation?</p>\r\n<p>To start with: Reference &gt; Plugin &gt;Managed Plugin Factory<br>&quot;This assembly is renamed to resembly the managed Plugin's name and the host  thinks it is the actual plugin.&quot;</p>\r\n<p>resembly should be resemble</p>",
    "PostedDate": "2010-03-13T06:19:00.22-08:00",
    "UserRole": null,
    "MarkedAsAnswerDate": null
  },
  {
    "Id": "417852",
    "ThreadId": "204851",
    "Html": "<p>Thanx!</p>\r\n<p>You can either report them here or email them to me:</p>\r\n<p>obiwanjacobi at hotmail dot com</p>",
    "PostedDate": "2010-03-13T22:51:52.39-08:00",
    "UserRole": null,
    "MarkedAsAnswerDate": null
  }
]