[
  {
    "Id": "1127463",
    "ThreadId": "470704",
    "Html": "Hey everybody\r<br />\n<br />\nWe have been trying to start one of the samples so we can get to work with VST.NET it seems like a really good framework but we are having issues to get it working.\r<br />\n<br />\nWe are trying to run the CorePlugin sample, we followed the whole readme (running it with WPF) and we managed to solve most of the things, now when building we get only 3 warnings left and 1 error. The warnings are related to the DLL libraries saying:\r<br />\n<br />\nWarning\t3\tThere was a mismatch between the processor architecture of the project being built &quot;MSIL&quot; and the processor architecture of the reference &quot;Jacobi.Vst.Interop&quot;, &quot;AMD64&quot;. This mismatch may cause runtime failures. Please consider changing the targeted processor architecture of your project through the Configuration Manager so as to align the processor architectures between your project and references, or take a dependency on references with a processor architecture that matches the targeted processor architecture of your project.\tJacobi.Vst.Samples.CorePlugin\r<br />\n<br />\nI guess that might be okay, but the error we get is really bugging us and we cannot find a solution for that:\r<br />\n<br />\nError\t4\tSource file '............_AssemblyInfo\\AssemblyInfo.General.cs' could not be found\tC:\\Users\\georgi\\Desktop\\vstnet-74059\\Source\\Samples\\Jacobi.Vst.Samples.CorePlugin\\CSC\tJacobi.Vst.Samples.CorePlugin\r<br />\n<br />\n<br />\nCould you help us please?? Thank you !<br />\n",
    "PostedDate": "2013-11-21T03:16:37.657-08:00",
    "UserRole": null,
    "MarkedAsAnswerDate": null
  },
  {
    "Id": "1127480",
    "ThreadId": "470704",
    "Html": "There are some files (this include the keygen file referenced in the project settings) that are not checked in into codeplex on purpose. These files identify an official VST.NET release. These files can be safely removed from the projects. See also <a href=\"https://vstnet.codeplex.com/wikipage?title=Building%20the%20Source%20Code\" rel=\"nofollow\">https://vstnet.codeplex.com/wikipage?title=Building%20the%20Source%20Code</a> for more info.\r<br />\n<br />\nNot sure about the warning - never seen it before - but it seems to indicate that you are mixing target CPU's between the VST.NET dlls and the sample project...\r<br />\n<br />\nHope it helps,\r<br />\nMarc<br />\n",
    "PostedDate": "2013-11-21T04:02:33.983-08:00",
    "UserRole": null,
    "MarkedAsAnswerDate": null
  },
  {
    "Id": "1127564",
    "ThreadId": "470704",
    "Html": "Is it necessary (possible?) to set the build target configuration to 64 bit?\r<br />\n<br />\nSetting the build configuration of all projects to 32 bit should fix it.<br />\n",
    "PostedDate": "2013-11-21T07:37:01.283-08:00",
    "UserRole": null,
    "MarkedAsAnswerDate": null
  },
  {
    "Id": "1127903",
    "ThreadId": "470704",
    "Html": "<strong>obiwanjacobi wrote:</strong><br />\n<blockquote>\nThere are some files (this include the keygen file referenced in the project settings) that are not checked in into codeplex on purpose. These files identify an official VST.NET release. These files can be safely removed from the projects. See also <a href=\"https://vstnet.codeplex.com/wikipage?title=Building%20the%20Source%20Code\" rel=\"nofollow\">https://vstnet.codeplex.com/wikipage?title=Building%20the%20Source%20Code</a> for more info.<br />\n<br />\nNot sure about the warning - never seen it before - but it seems to indicate that you are mixing target CPU's between the VST.NET dlls and the sample project...<br />\n<br />\nHope it helps,<br />\nMarc<br />\n</blockquote>\nI was going through that &quot;Building the source&quot; but it is confusing. I guess I am talking about this part: \r<br />\n<br />\n&quot;All projects (except the TestPlugin projects) use a private key file for signing the assemblies. Jacobi.snk is that key file and is NOT checked into source control. It is private to me and a way for users to identify an official release (important for the LGPL license). Also the projects use AssemblyInfo.General.cs/cpp which is also private to me.\r<br />\nThese files are 6 levels up the folder hierarchy (relative to the project file) in my build. You either have to create your own files at that same spot with the same names or you have to change the paths in the project files to point to your private files -or- remove them alltogether.&quot;\r<br />\n<br />\nHow can I solve this? Create my own files, I tried creating an empty file with the same name but didn't really solve anything (maybe I didnt put it in the right place?&quot;) ... Is it that I have to buy something for this so called official release??<br />\n",
    "PostedDate": "2013-11-22T06:26:46.413-08:00",
    "UserRole": null,
    "MarkedAsAnswerDate": null
  },
  {
    "Id": "1127907",
    "ThreadId": "470704",
    "Html": "<strong>obiwanjacobi wrote:</strong><br />\n<blockquote>\nThese files can be safely removed from the projects.<br />\n</blockquote>\nWhat's confusing?<br />\n",
    "PostedDate": "2013-11-22T06:29:25.61-08:00",
    "UserRole": null,
    "MarkedAsAnswerDate": null
  },
  {
    "Id": "1127965",
    "ThreadId": "470704",
    "Html": "If the compiler is complaining about a missing file, remove the missing file reference in the project, for C# it will display a yellow triangle icon for the file. For C++ the file reference is in the project properties.<br />\n",
    "PostedDate": "2013-11-22T08:38:52.657-08:00",
    "UserRole": null,
    "MarkedAsAnswerDate": null
  },
  {
    "Id": "1128663",
    "ThreadId": "470704",
    "Html": "Hey guys\r<br />\n<br />\nWe managed to build the CorePlugin sample but the thing is that we cannot actually start it and see how it works. We get the DLL output but cannot put it into the DAW saying Unknown error. ... Any suggestions? Maybe we could get it running separately from a DAW?<br />\n",
    "PostedDate": "2013-11-25T05:16:29.163-08:00",
    "UserRole": null,
    "MarkedAsAnswerDate": null
  },
  {
    "Id": "1128666",
    "ThreadId": "470704",
    "Html": "What is the exact error (with stack trace?) ?\r<br />\nWhat DAW are you using?\r<br />\n<br />\nCan you test any of the other sample plugins in the DAW?\r<br />\n<br />\nOne of the common errors is that the Jacobi.Vst.* assemblies can not be found during loading of the plugin. Make sure you have them in the same folder as the plugin itself.\r<br />\n<br />\nYou cannot test a VST plugin outside the a VST host (DAW). You CAN use a different host though...\r<br />\n<br />\nHope it helps.\r<br />\nMarc<br />\n",
    "PostedDate": "2013-11-25T05:21:15.733-08:00",
    "UserRole": null,
    "MarkedAsAnswerDate": null
  },
  {
    "Id": "1128690",
    "ThreadId": "470704",
    "Html": "The error we got from FL Studio 11 says just &quot;Unknown error&quot; -  we also tried with Ableton Live 9 and we can't even see the VST in the folder. We have put the other Jacobi.Vst DLL's in the same folder, but nothing happens.<br />\n<br />\nWe haven't tried with the other samples, we don't even build them, do you think that could be the issue?<br />\n<br />\nAlso, how about making the VST to be stand-alone, as some others are? Is that possible?<br />\n<br />\nThanks!<br />\n",
    "PostedDate": "2013-11-25T06:26:16.77-08:00",
    "UserRole": null,
    "MarkedAsAnswerDate": null
  },
  {
    "Id": "1128694",
    "ThreadId": "470704",
    "Html": "I have not touched the Core Plugin for some time. I know the other plugins should work. So perhaps you could build the delay plugin and use that for testing.\r<br />\nBTW: Why do you use the Core Plugin - don't you want the plugin Framework VST.NET provides?\r<br />\n<br />\nOpen the VST.NET solution in Visual Studio and try to attach to the DAW and load the plugin. The debugger should break when the problem occurs and perhaps you can get additional information. \r<br />\n<br />\nwe'll get there....<br />\n",
    "PostedDate": "2013-11-25T06:32:02.147-08:00",
    "UserRole": null,
    "MarkedAsAnswerDate": null
  },
  {
    "Id": "1128707",
    "ThreadId": "470704",
    "Html": "We have also built the Delay and the MidiSampler but we get the same unknown errors ...\r<br />\n<br />\nI didn't get that part about the debugger - how can we have that if we are just loading the DLL into the DAW??<br />\n",
    "PostedDate": "2013-11-25T07:00:48.02-08:00",
    "UserRole": null,
    "MarkedAsAnswerDate": null
  },
  {
    "Id": "1128708",
    "ThreadId": "470704",
    "Html": "Please note that we have removed the post-build events since they were causing errors. Could that be the issue?<br />\n",
    "PostedDate": "2013-11-25T07:05:12.893-08:00",
    "UserRole": null,
    "MarkedAsAnswerDate": null
  },
  {
    "Id": "1128712",
    "ThreadId": "470704",
    "Html": "No, but then you have to make sure that:<br />\n<ul>\n<li>You rename the plugin assembly from .dll to .net.vstdll</li>\n<li>You (copy and) rename the Jacobi.Vst.Interop.dll to [MyPluginName].dll  &lt;- this is the file you want to open in the DAW.</li>\n<li>\nMake sure the Jacobi.Vst.Core.dll is present in the same folder.<br />\n</li>\n</ul>\nYou can attach Visual Studio to any running process. Go to the Debug menu and select the &quot;Attach to Process...&quot; option. If you load (or rescan) the plugin the debugger should break when an exception occurs.<br />\n",
    "PostedDate": "2013-11-25T07:12:28.617-08:00",
    "UserRole": null,
    "MarkedAsAnswerDate": null
  },
  {
    "Id": "1128720",
    "ThreadId": "470704",
    "Html": "Okay we did what you said and now FL Studio is saying this:<br />\n<br />\n&quot;The program can't start because MSVCR100.dll is missing from your computer. Try reinstalling the program to fix this problem.&quot;<br />\n ...<br />\n",
    "PostedDate": "2013-11-25T07:23:54.533-08:00",
    "UserRole": null,
    "MarkedAsAnswerDate": null
  },
  {
    "Id": "1128723",
    "ThreadId": "470704",
    "Html": "Because the VST.NET interop is made in C++ you need to install the Visual C++ Runtime Library.\r<br />\n<br />\n<a href=\"http://search.microsoft.com/en-us/DownloadResults.aspx?q=Microsoft+Visual+C%2B%2B+Redistributable+Package&amp;x=0&amp;y=0\" rel=\"nofollow\">http://search.microsoft.com/en-us/DownloadResults.aspx?q=Microsoft+Visual+C%2B%2B+Redistributable+Package&x=0&y=0</a>\r<br />\n<br />\nSelect the version that matches the VST.NET assemblies you have used (CLR2:VS2008, CLR4:VS2010 / x86,x64).<br />\n",
    "PostedDate": "2013-11-25T07:33:22.297-08:00",
    "UserRole": null,
    "MarkedAsAnswerDate": null
  },
  {
    "Id": "1128724",
    "ThreadId": "470704",
    "Html": "You are missing Visual Studio 2010 Visual C++ runtime redistributable library on your machine.<br />\nEdit: got beat to it by Mark ;)<br />\n",
    "PostedDate": "2013-11-25T07:33:48.59-08:00",
    "UserRole": null,
    "MarkedAsAnswerDate": null
  },
  {
    "Id": "1128725",
    "ThreadId": "470704",
    "Html": "Thank you Yury, appriciate it very much. Don't be discouraged ;-)<br />\n",
    "PostedDate": "2013-11-25T07:44:25.91-08:00",
    "UserRole": null,
    "MarkedAsAnswerDate": null
  },
  {
    "Id": "1129097",
    "ThreadId": "470704",
    "Html": "Hey guys thanks a lot for your help! It's worked and all is good!\r<br />\n<br />\nI would like to ask you, hopefully for the lasttime, for a little bit of guidance. We are planning to create a VST which uses a neuroheadset to read data from a human's brain and then use that to synthesize sound. We already have the headset going and can use it to get the data, what is left is to get the VST to do what it is supposed to. \r<br />\n<br />\nMaybe you could help with that? We were thinking to work on one of the samples, as it would be too hard to start writing from scratch (and we don't have that much time anyway), the Delay sample looks suitable but what do you suggest we should study and use in order to have sound synthesized? Thanks!<br />\n",
    "PostedDate": "2013-11-26T02:13:03.527-08:00",
    "UserRole": null,
    "MarkedAsAnswerDate": null
  },
  {
    "Id": "1129202",
    "ThreadId": "470704",
    "Html": "A 'normal' synthesizer accepts MIDI input and generates an audio output that represents the input. As I understand it your input is going to be a human brain (excellent idea btw!) and generate audio output based on that. \r<br />\n<br />\nThere is no sample that synthesizes sound but perhaps this will help: <a href=\"http://www.codeproject.com/Articles/19618/C-Synth-Toolkit-Part-I\" rel=\"nofollow\">http://www.codeproject.com/Articles/19618/C-Synth-Toolkit-Part-I</a> and <a href=\"http://www.codeproject.com/Articles/19621/C-Synth-Toolkit-Part-II\" rel=\"nofollow\">http://www.codeproject.com/Articles/19621/C-Synth-Toolkit-Part-II</a>.\r<br />\n<br />\nThe Delay sample you plan to use, uses the VST.NET Plugin Framework. The Core Plugin Sample you used to get things working does NOT use this framework. For most using the Framework simplifies the plugin implementation quite a bit. If you don't want to take the extra dll overhead you can choose not to use it, but that also means that you cannot use the Delay sample plugin as a basis. You have to know a lot more detail on the VST plugin-host interaction if you do not use the Framework.\r<br />\n<br />\nNote that there are also Visual Studio project templates that will give you a working Audio (or Midi) plugin on the Visual Studio Gallery (or in the Support folder in the Source Code tab).\r<br />\n<br />\nHope it helps,\r<br />\nMarc\r<br />\n<br />\nPS: please start a new discussion if you have other questions. <br />\n",
    "PostedDate": "2013-11-26T07:21:42.303-08:00",
    "UserRole": null,
    "MarkedAsAnswerDate": null
  },
  {
    "Id": "1129324",
    "ThreadId": "470704",
    "Html": "Maybe you need to think more about what you want/can achieve instead of how, some important questions:<br />\n<ol>\n<li>Does the neuroheadset apparatus runs in realtime?</li>\n<li>Do you need to develop your own synthesizer?</li>\n<li>Do you need to develop your own midi host?</li>\n<li>How do you intend to use your input, paremeter mapping?</li>\n<li>\nGiven the current state of technology, how would this be different than a pseudo-random number generator?<br />\n</li>\n</ol>\nI second the idea to start another thread ;)<br />\n",
    "PostedDate": "2013-11-26T12:59:22.923-08:00",
    "UserRole": null,
    "MarkedAsAnswerDate": null
  }
]