[
  {
    "Id": "167965",
    "ThreadId": "50174",
    "Html": " I read the question in the topic in another wiki page.<br>\r\n<br>\r\nI don't know if it refers to the plugin side of VST.NET or to the host side.<br>\r\n<br>\r\nI'd like to be able to load older plugin in a VST.NET.<br>\r\n<br>\r\nSincerely I'm not sure if I'm going to use it or if I'll wrap some other C++ host code like VstHost. I don't want to spend time thinking of what plug-in I can user or cannot use in a given context. I use several plug-ins that cannot be loaded by VSR.NET at the moment.<br>\r\n<br>\r\nIs it difficult to make VST.NET able to load them?<br>\r\n<br>\r\nThanks.<br>\r\n<br>\r\n",
    "PostedDate": "2009-03-13T16:51:33.01-07:00",
    "UserRole": null,
    "MarkedAsAnswerDate": null
  },
  {
    "Id": "168077",
    "ThreadId": "50174",
    "Html": "Good idea to start this discussion.<br>\r\n<br>\r\nI have not analysed the older methods yet, so I don't know if there are any difficult ones there. But I do know that its a whole bunch of them. So even if each individual method is easy it would mount up to a considerable amount of work as a whole. And if you do it, you would expect to be support for managed Plugins and managed Hosts as well.<br>\r\n<br>\r\nBut I've been working on VST.NET for almost a year now and I'm planning on releasing the 1.0 version very soon and move onto other things. That does not mean that I will abandon VST.NET, it just means I won't be as active with it (I'm still trying to write my uber-Midi-application ;-).<br>\r\n<br>\r\nI've created an issue so people can vote on the matter: <a href=\"http://vstnet.codeplex.com/WorkItem/View.aspx?WorkItemId=3917\">http://vstnet.codeplex.com/WorkItem/View.aspx?WorkItemId=3917</a>. \r\n",
    "PostedDate": "2009-03-14T06:45:18.24-07:00",
    "UserRole": null,
    "MarkedAsAnswerDate": null
  }
]