[
  {
    "Id": "987490",
    "ThreadId": "429764",
    "Html": "\r\n<p>Hi again Marc!</p>\r\n<p>I want to add some visual feedback to my midi mapper VST, and the mappings are displayed in a ListView. &nbsp;However, I'm getting terrible flicker every time I update the ListView.</p>\r\n<p>After a couple of hours Googling, it seems the standard way of solving this in a Visual C# project is to subclass the ListView and setting the&nbsp;DoubleBuffered property, like so:</p>\r\n<p></p>\r\n<div style=\"color:black; background-color:white\">\r\n<pre>\r\n<span style=\"color:blue\">class</span> BufferedListView : ListView\r\n{\r\n       <span style=\"color:blue\">public</span> BufferedListView()\r\n        {\r\n            <span style=\"color:blue\">this</span>.DoubleBuffered = <span style=\"color:blue\">true</span>;\r\n            <span style=\"color:blue\">this</span>.UpdateStyles();\r\n        }\r\n}\r\n</pre>\r\n</div>\r\n<p></p>\r\n<p>When I do this on a standalone C# project it works perfectly. &nbsp;But the same code placed inside a VST.NET project still results in terrible flickering when ever the list items are updated, just like the original class does.</p>\r\n<p>Could there be something in the WinFormsControlWrapper etc.&nbsp;that is interfering with the double buffering window properties?</p>\r\n<p>Thanks, Leif</p>\r\n",
    "PostedDate": "2013-01-16T02:59:50.063-08:00",
    "UserRole": null,
    "MarkedAsAnswerDate": null
  },
  {
    "Id": "987607",
    "ThreadId": "429764",
    "Html": "\r\n<p>The 'DoubleBuffered' property is more of a suggestion to the control than a way to force double buffering in all case.</p>\r\n<p>A manual double buffering in your sub-classed control should yield better results.</p>\r\n<p>Source:&nbsp;<span style=\"font-size:10pt\">http://www.bobpowell.net/doublebuffer.htm</span></p>\r\n<p><span style=\"font-size:10pt\">Example:</span></p>\r\n<p><span style=\"font-size:10pt\"></p>\r\n<div style=\"color:black; background-color:white\">\r\n<pre>    <span style=\"color:blue\">private</span> Bitmap _backBuffer;\r\n   \r\n    <span style=\"color:blue\">protected</span> <span style=\"color:blue\">override</span> <span style=\"color:blue\">void</span> OnPaint(PaintEventArgs e)\r\n    {\r\n      <span style=\"color:blue\">if</span>(_backBuffer==<span style=\"color:blue\">null</span>)\r\n      {\r\n        _backBuffer=<span style=\"color:blue\">new</span> Bitmap(<span style=\"color:blue\">this</span>.ClientSize.Width,<span style=\"color:blue\">this</span>.ClientSize.Height);\r\n      }\r\n      Graphics g=Graphics.FromImage(_backBuffer);\r\n     \r\n      <span style=\"color:green\">//Paint your graphics on g here</span>\r\n     \r\n      g.Dispose();\r\n \r\n      <span style=\"color:green\">//Copy the back buffer to the screen</span>\r\n \r\n      e.Graphics.DrawImageUnscaled(_backBuffer,0,0);\r\n \r\n      <span style=\"color:green\">//base.OnPaint (e); //optional but not recommended</span>\r\n    }\r\n \r\n    <span style=\"color:blue\">protected</span> <span style=\"color:blue\">override</span> <span style=\"color:blue\">void</span> OnPaintBackground(PaintEventArgs pevent)\r\n    {\r\n      <span style=\"color:green\">//Don't allow the background to paint</span>\r\n    }\r\n \r\n    <span style=\"color:blue\">protected</span> <span style=\"color:blue\">override</span> <span style=\"color:blue\">void</span> OnSizeChanged(EventArgs e)\r\n    {\r\n      <span style=\"color:blue\">if</span>(_backBuffer!=<span style=\"color:blue\">null</span>)\r\n      {\r\n        _backBuffer.Dispose();\r\n        _backBuffer=<span style=\"color:blue\">null</span>;\r\n      }\r\n      <span style=\"color:blue\">base</span>.OnSizeChanged (e);\r\n    }\r\n</pre>\r\n</div>\r\n<br>\r\n</span>\r\n<p></p>\r\n",
    "PostedDate": "2013-01-16T07:19:02.27-08:00",
    "UserRole": null,
    "MarkedAsAnswerDate": null
  },
  {
    "Id": "987611",
    "ThreadId": "429764",
    "Html": "\r\n<p>Just a note, when automatic double-buffering with the DoubleBuffered property doesn't work it's often because the window/control has a background image, is using transparency, or a semi-transparent background color.</p>\r\n",
    "PostedDate": "2013-01-16T07:23:26.57-08:00",
    "UserRole": null,
    "MarkedAsAnswerDate": null
  },
  {
    "Id": "987690",
    "ThreadId": "429764",
    "Html": "\r\n<p>The <a href=\"http://vstnet.codeplex.com/SourceControl/changeset/view/71210#994254\">\r\nWinFormsControlWrapper</a> is dead easy. Basically it's only there to attach the Win32 hWnd as the parent of the control.</p>\r\n<p>First of all make absolutely sure you're not calling (related) methods multiple times (not something like Clear list and then add all items again) or set the selected item after each add or try to keep the last added item in view. If you have anything of\r\n that sort of code, comment it out for now. Bring your code back to the bear minimum.</p>\r\n<p>What type of information does your ListView show?</p>\r\n<p>What I'm getting at is that a control is only supposed to be called by the Thread that created it. If you update incoming midi note or related information in that ListView, there is a big change you use the Thread of the Host to make the call to the ListView.\r\n I know that in WPF you get an exception when you do that and I've heard that WinForms isn't that strict.</p>\r\n<p>So use the (WinForms) Control.Invoke (and InvokeRequired) method(s) to post any calls to the UI from within the plugin.</p>\r\n<p>Hope it helps.</p>\r\n",
    "PostedDate": "2013-01-16T09:55:12.017-08:00",
    "UserRole": null,
    "MarkedAsAnswerDate": null
  },
  {
    "Id": "987708",
    "ThreadId": "429764",
    "Html": "\r\n<p>@<a href=\"http://www.codeplex.com/site/users/view/YuryK\">YuryK</a>: There is a background image, but removing it didn't help. &nbsp;Plus even with a background image on the standalone version of my app, I don't get any flicker at all with&nbsp;DoubleBuffered set.\r\n &nbsp;Not using Transparency anywhere, as far as I can tell.</p>\r\n<p>I'll give your example a try, but I'm still fairly new to C# and don't know what I would put in the section &quot;//Paint your graphics on g here&quot; &nbsp;;-)</p>\r\n",
    "PostedDate": "2013-01-16T10:40:55.337-08:00",
    "UserRole": null,
    "MarkedAsAnswerDate": null
  },
  {
    "Id": "987711",
    "ThreadId": "429764",
    "Html": "\r\n<p>@<a href=\"http://www.codeplex.com/site/users/view/obiwanjacobi\">obiwanjacobi</a>: &nbsp;All I'm trying to set is the .BackColor property on my ListView items to indicate when a match is received on incoming MIDI events (although the same issue comes up if\r\n I change text etc.).</p>\r\n<p>At first I was doing this inside ProcessIdle(), but then moved it to a Timer instantiated in the Form's constructor, so that should be the same thread? &nbsp;It didn't help, anyway. &nbsp;(But the same code works fine in a non-VST.NET project).</p>\r\n<p>As for what information it shows, it's based on your MidiMapper example so it should look somewhat familiar ;-) &nbsp; &nbsp;(This is the derived app I asked you about a while back).</p>\r\n<p>Screenshots and the source are here.</p>\r\n<p><a href=\"https://github.com/LeifBloomquist/MIDIMapperX\">https://github.com/LeifBloomquist/MIDIMapperX</a></p>\r\n<p><a href=\"https://github.com/LeifBloomquist/MIDIMapperX/tree/master/Source/SchemaFactor.Vst.MidiMapperX\">https://github.com/LeifBloomquist/MIDIMapperX/tree/master/Source/SchemaFactor.Vst.MidiMapperX</a></p>\r\n<p>This particular commit shows all the wacky ways I was trying to get the flickering to go away, with no luck.</p>\r\n<p>The plugin itself works beautifully, it's just this flicker!</p>\r\n",
    "PostedDate": "2013-01-16T10:49:04.153-08:00",
    "UserRole": null,
    "MarkedAsAnswerDate": null
  },
  {
    "Id": "987716",
    "ThreadId": "429764",
    "Html": "\r\n<p>Have you tried a different host? FL is notorious...&nbsp;</p>\r\n",
    "PostedDate": "2013-01-16T10:55:10.033-08:00",
    "UserRole": null,
    "MarkedAsAnswerDate": null
  },
  {
    "Id": "987726",
    "ThreadId": "429764",
    "Html": "\r\n<p>&lt;Head explodes&gt; &nbsp;You're right - In another host, or if I switch the plugin to &quot;Bridged Mode&quot; in FL, the flicker goes away. &nbsp;I've commented a lot of code out, let me re-enable it to be sure.</p>\r\n<p>There must be a way for me to force the window to draw with buffering though, maybe using the manual method&nbsp;<a href=\"http://www.codeplex.com/site/users/view/YuryK\">YuryK</a>&nbsp;suggested will help. &nbsp;But at least I have a likely workaround, thanks!</p>\r\n",
    "PostedDate": "2013-01-16T11:09:54.38-08:00",
    "UserRole": null,
    "MarkedAsAnswerDate": null
  },
  {
    "Id": "987745",
    "ThreadId": "429764",
    "Html": "\r\n<p>Sorry I meant double buffing the parent container of the listview in addition of double buffering your list view.</p>\r\n<p>I'm not sure if yoour parent container is a UserControl or a Form.</p>\r\n<p>Here is the full example for a manually double buffered Form containing an automatic double buffered list view.</p>\r\n<p>I made it with from a new WindowsForm application wizard, to test just replace the &quot;Program.cs&quot; file created by the wizard.</p>\r\n<p>If you need help for applying it to a UserControl just ask.</p>\r\n<p></p>\r\n<div style=\"color:black; background-color:white\">\r\n<pre><span style=\"color:blue\">using</span> System;\r\n<span style=\"color:blue\">using</span> System.Windows.Forms;\r\n<span style=\"color:blue\">using</span> System.Drawing;\r\n\r\n<span style=\"color:blue\">namespace</span> WindowsFormsApplication1\r\n{\r\n    <span style=\"color:blue\">class</span> BufferedListView : ListView\r\n    {\r\n        <span style=\"color:blue\">public</span> BufferedListView()\r\n        {\r\n            <span style=\"color:blue\">this</span>.DoubleBuffered = <span style=\"color:blue\">true</span>;\r\n            <span style=\"color:blue\">this</span>.UpdateStyles();\r\n        }\r\n    }\r\n\r\n    <span style=\"color:blue\">public</span> <span style=\"color:blue\">partial</span> <span style=\"color:blue\">class</span> DoubleBufferedForm : Form\r\n    {\r\n        <span style=\"color:blue\">public</span> DoubleBufferedForm()\r\n        {\r\n            Controls.Add(<span style=\"color:blue\">new</span> BufferedListView() { Width = ClientSize.Width, Height = ClientSize.Height, BackColor = Color.Red });\r\n        }\r\n\r\n        <span style=\"color:blue\">private</span> Bitmap _backBuffer;\r\n\r\n        <span style=\"color:blue\">protected</span> <span style=\"color:blue\">override</span> <span style=\"color:blue\">void</span> OnPaint(PaintEventArgs e)\r\n        {\r\n            <span style=\"color:blue\">if</span> (_backBuffer == <span style=\"color:blue\">null</span>)\r\n            {\r\n                _backBuffer = <span style=\"color:blue\">new</span> Bitmap(<span style=\"color:blue\">this</span>.ClientSize.Width, <span style=\"color:blue\">this</span>.ClientSize.Height);\r\n            }\r\n\r\n            Graphics g = Graphics.FromImage(_backBuffer);\r\n\r\n            <span style=\"color:green\">//Paint your graphics on g here</span>\r\n\r\n            g.Dispose();\r\n\r\n            <span style=\"color:green\">//Copy the back buffer to the screen</span>\r\n\r\n            e.Graphics.DrawImageUnscaled(_backBuffer, 0, 0);\r\n\r\n            <span style=\"color:green\">//base.OnPaint (e); //optional but not recommended</span>\r\n        }\r\n\r\n        <span style=\"color:blue\">protected</span> <span style=\"color:blue\">override</span> <span style=\"color:blue\">void</span> OnPaintBackground(PaintEventArgs pevent)\r\n        {\r\n            <span style=\"color:green\">//Don't allow the background to paint</span>\r\n        }\r\n\r\n        <span style=\"color:blue\">protected</span> <span style=\"color:blue\">override</span> <span style=\"color:blue\">void</span> OnSizeChanged(EventArgs e)\r\n        {\r\n            <span style=\"color:blue\">if</span> (_backBuffer != <span style=\"color:blue\">null</span>)\r\n            {\r\n                _backBuffer.Dispose();\r\n                _backBuffer = <span style=\"color:blue\">null</span>;\r\n            }\r\n            <span style=\"color:blue\">base</span>.OnSizeChanged(e);\r\n        }\r\n    }\r\n\r\n    <span style=\"color:blue\">static</span> <span style=\"color:blue\">class</span> Program\r\n    {\r\n        [STAThread]\r\n        <span style=\"color:blue\">static</span> <span style=\"color:blue\">void</span> Main()\r\n        {\r\n            Application.EnableVisualStyles();\r\n            Application.SetCompatibleTextRenderingDefault(<span style=\"color:blue\">false</span>);\r\n            Application.Run(<span style=\"color:blue\">new</span> DoubleBufferedForm());\r\n        }\r\n    }\r\n}\r\n\r\n</pre>\r\n</div>\r\n<p></p>\r\n",
    "PostedDate": "2013-01-16T11:43:23.967-08:00",
    "UserRole": null,
    "MarkedAsAnswerDate": null
  },
  {
    "Id": "994956",
    "ThreadId": "429764",
    "Html": "Hi YuryK,\r<br />\n<br />\nThanks for your reply!  The parent container is in fact a UserControl.  I tried changing &quot;DoubleBufferedForm : Form&quot; to &quot; DoubleBufferedUserControl : UserControl&quot; and it compiles and runs OK, but I am still getting terrible flickering.  Is there another change needed?\r<br />\n<br />\nThe source is here, if you're feeling brave:\r<br />\n<br />\n<a href=\"https://github.com/LeifBloomquist/MIDIMapperX\" rel=\"nofollow\">https://github.com/LeifBloomquist/MIDIMapperX</a>\r<br />\n<br />\nThe flickering ListView in question is MapListVw in MidiNoteMapperUI.  MapListVw is a BufferedListView, and MidiNoteMapperUI is a DoubleBufferedUserControl as per your example above.   I believe I changed the relevant designer code to make sure the derived classes are being used instead.  Still no luck.\r<br />\n<br />\nBut if you could have a look at the code or have any other suggestions, I'd be very grateful.<br />\n",
    "PostedDate": "2013-01-31T15:39:25.087-08:00",
    "UserRole": null,
    "MarkedAsAnswerDate": null
  },
  {
    "Id": "995648",
    "ThreadId": "429764",
    "Html": "The code source and project was easy to get up and running but I can't load the plugin in FLStudio :\r<br />\n<img src=\"http://i49.tinypic.com/20tnt3p.jpg\" alt=\"Image\" />\r<br />\n<br />\nI kind of loathe FruityLoops... I just dumped all the files in their folder :\r<br />\nC:\\Program Files (x86)\\Image-Line\\FL Studio 10\\Plugins\\VST\\Jacobi.Vst.Core.dll\r<br />\nC:\\Program Files (x86)\\Image-Line\\FL Studio 10\\Plugins\\VST\\Jacobi.Vst.Framework.dll\r<br />\nC:\\Program Files (x86)\\Image-Line\\FL Studio 10\\Plugins\\VST\\SchemaFactor.Vst.MidiMapperX.dll\r<br />\n<br />\nIt scans all right but the plugin doesn't load, I'm using Windows 7 x64, FLStudio and plugin are 32 bit.\r<br />\nI'm not familiar with making plugins with VST.Net (only hosts), is there any additional step needed like registering Vst.Net in GacUtil needed ?<br />\n",
    "PostedDate": "2013-02-02T13:31:57.737-08:00",
    "UserRole": null,
    "MarkedAsAnswerDate": null
  },
  {
    "Id": "995650",
    "ThreadId": "429764",
    "Html": "OK Nevermind I managed to get it running by salvaging some bootstrapper files from the Binairies directory. I'll see if I can fix the flicker.<br />\n",
    "PostedDate": "2013-02-02T13:47:48.997-08:00",
    "UserRole": null,
    "MarkedAsAnswerDate": null
  },
  {
    "Id": "995654",
    "ThreadId": "429764",
    "Html": "I've been unable to reproduce the Flicker Bug in FLStudio. Are there any specific steps needed to reproduce this behavior?<br />\nI've noticed your controls do not fill the entire UserControl area, so I'd suggest drawing the background in DoubleBufferedUserControl, maybe it will help :<br />\n<pre><code>        protected override void OnPaintBackground(PaintEventArgs pevent)\n        {\n            //Don't allow the background to paint\n            pevent.Graphics.FillRegion(Brushes.Black, new System.Drawing.Region(new Rectangle(0, 0, this.ClientSize.Width, this.ClientSize.Height)));\n        }</code></pre>\n\nI also suggest setting AllPaintingInWmPaint in the BufferedListView class :<br />\n<pre><code>        public BufferedListView()\n        {\n            this.DoubleBuffered = true;\n            SetStyle(ControlStyles.AllPaintingInWmPaint, true); \n            this.UpdateStyles();\n        } </code></pre>\n\n",
    "PostedDate": "2013-02-02T14:04:05.507-08:00",
    "UserRole": null,
    "MarkedAsAnswerDate": null
  },
  {
    "Id": "995665",
    "ThreadId": "429764",
    "Html": "Also, when you need to update many items in a list control, make sure you call BeginUpdate and EndUpdate :<br />\n<pre><code>        private void TimerEventProcessor(Object myObject, EventArgs myEventArgs)\n        {\n            MapListVw.BeginUpdate();\n\n            try\n            {\n                foreach (ListViewItem item in MapListVw.Items)\n                {\n                    byte noteNo = Byte.Parse(item.Name);\n\n                    int green = (int)(_plugin.NoteMap[noteNo].TriggerPulseOn  * 255);\n                    int red   = (int)(_plugin.NoteMap[noteNo].TriggerPulseOff * 255);\n\n                    item.SubItems[0].BackColor = Color.FromArgb(red, green, 0);\n                    _plugin.NoteMap[noteNo].Pulse();\n                }\n            }\n            finally\n            {\n                MapListVw.EndUpdate();\n            }\n        }</code></pre>\n\n",
    "PostedDate": "2013-02-02T15:17:45.833-08:00",
    "UserRole": null,
    "MarkedAsAnswerDate": null
  },
  {
    "Id": "995872",
    "ThreadId": "429764",
    "Html": "The DLLs should go under C:\\Program Files (x86)\\vstPlugins\\ , but as long as you got it to work that's fine.  I have a post-build step in the project to copy and rename the resulting DLL to that folder. (I was using a subfolder MidiMapperX)<br />\n<br />\nTo reproduce the flicker, make sure Bridged Mode is OFF under the Wrapper settings (little gear icon).  Then enter a few dummy mappings and trigger them from the Piano Roll - I can send an .flp if needed.<br />\n<br />\nI tried  BeginUpdate and EndUpdate and it made the flicker dramatically worse.   I think that's more intended for when changing text, all I'm doing is changing the item backgrounds.<br />\n",
    "PostedDate": "2013-02-03T15:33:48.61-08:00",
    "UserRole": null,
    "MarkedAsAnswerDate": null
  }
]