[
  {
    "Id": "598812",
    "ThreadId": "254279",
    "Html": "\r\n<p>Hi,</p>\r\n<p>I am trying to hook up a VST parameter to a control on the GUI using the example provided in the source code. I've got it working so that when you change a parameter in the host it moves a knob in my UI but I can't seem to get it working the other way around.\r\n When I move a knob on my UI it calls this function:</p>\r\n<p>&nbsp;</p>\r\n<p>&nbsp;&nbsp;&nbsp;&nbsp;&nbsp;&nbsp;&nbsp; private void lbKnob_KnobChangeValue(object sender, LBSoft.IndustrialCtrls.Knobs.LBKnobEventArgs e) {<br>\r\n&nbsp;&nbsp;&nbsp;&nbsp;&nbsp;&nbsp;&nbsp;&nbsp;&nbsp;&nbsp;&nbsp; var knob = (LBKnob)sender;<br>\r\n&nbsp;&nbsp;&nbsp;&nbsp;&nbsp;&nbsp;&nbsp;&nbsp;&nbsp;&nbsp;&nbsp; var paramMgr = (VstParameterManager)knob.Tag;<br>\r\n<br>\r\n&nbsp;&nbsp;&nbsp;&nbsp;&nbsp;&nbsp;&nbsp;&nbsp;&nbsp;&nbsp;&nbsp; paramMgr.ActiveParameter.Value = knob.Value;<br>\r\n&nbsp;&nbsp;&nbsp;&nbsp;&nbsp;&nbsp;&nbsp; }</p>\r\n<p>&nbsp;</p>\r\n<p>I can verify that the function is successfully setting the value of the parameter but that value in not reflected in the host. e.g. the parameters sliders in the host don't move. Do you have any idea what could be causing this?</p>\r\n<p>&nbsp;</p>\r\n<p>Thanks</p>\r\n<p>Rob</p>\r\n",
    "PostedDate": "2011-04-17T19:19:02.157-07:00",
    "UserRole": null,
    "MarkedAsAnswerDate": null
  },
  {
    "Id": "598970",
    "ThreadId": "254279",
    "Html": "<p>If you use the latest release binaries you should call the IVstHostCommands10.SetParameterAutomated method after you've changed the parameters value. You can get to this&nbsp;a reference of the IVstHostCommands10 interface&nbsp;by overriding the GetPluginInfo method on the PluginCommandStub object of your plugin. <a href=\"http://vstnet.codeplex.com/SourceControl/changeset/view/57494#192991\">http://vstnet.codeplex.com/SourceControl/changeset/view/57494#192991</a>&nbsp;(its not a virtual but I think you can implement a 'new' one on your object. Pass the IVstHostCommands10 reference to your plugin root object and then to the PluginEditor object and then to your Form.</p>\r\n<p>If you use the latest source code to build VST.NET yourself, get the latest version and use the new VstParameterManager constructor that also takes a reference to the IVstHostAutomation interface and it will call the NotifyParameterValueChanged method for you.</p>\r\n<p>My guess is that this will fix your problem.</p>\r\n<p>Hope it helps.<br />Marc</p>",
    "PostedDate": "2011-04-18T03:39:33.703-07:00",
    "UserRole": null,
    "MarkedAsAnswerDate": null
  },
  {
    "Id": "599220",
    "ThreadId": "254279",
    "Html": "<p>Thanks for the info. I have build the latest source code but I can't figure out how to get an instance of IVstHostAutomation to pass to the VstParameterManager constructor. I noticed that you can get it from VstHostInterfaceManager::GetInstance() but I don't know how to get at VstHostInterfaceManager either. Do I need to implement my own version of IVstHostAutomation?</p>\r\n<p>&nbsp;</p>\r\n<p>thanks</p>\r\n<p>Rob</p>",
    "PostedDate": "2011-04-18T09:41:44.943-07:00",
    "UserRole": null,
    "MarkedAsAnswerDate": null
  },
  {
    "Id": "599232",
    "ThreadId": "254279",
    "Html": "<p>Close, but no cigar! ;-)</p>\n<p><span style=\"color: blue;\">var</span> hostAutomation = _plugin.Host.GetInstance&lt;IVstHostAutomation&gt;();<br /><br />See <a href=\"http://vstnet.codeplex.com/SourceControl/changeset/view/57494#1108762\">http://vstnet.codeplex.com/SourceControl/changeset/view/57494#1108762</a>&nbsp;for an example.</p>\n<p>All IVstHostXxxx interfaces can be acquired this way. You never need to implement the IVstHostXxxx interfaces. The interfaces represent communication a plugin can perform&nbsp;with its host.</p>",
    "PostedDate": "2011-04-18T09:52:46.743-07:00",
    "UserRole": null,
    "MarkedAsAnswerDate": null
  },
  {
    "Id": "599339",
    "ThreadId": "254279",
    "Html": "<p>Glad to hear that I don't need to implement all of the VstHost interfaces :) I still haven't got it working though because _plugin.Host is still null the first time CreateMidiProcessor() is called. The second time CreateMidiProcessor() is called _plugin.Host is no longer null but the MidiProcessor has already been created so the parameters are not reinitialized. Any idea what I'm doing wrong?</p>",
    "PostedDate": "2011-04-18T13:12:57.503-07:00",
    "UserRole": null,
    "MarkedAsAnswerDate": null
  },
  {
    "Id": "599569",
    "ThreadId": "254279",
    "Html": "<p>Hmmm, I see where the problem lies (didn't think of that ;-). It looks like you are not doing anything wrong. <br />The problem is, is that the Framework tries to query your plugin for its capabilities (implemented interfaces) at a time when the Open (that passes in the host command stub) call has not yet been received on the plugin root object (IVstPlugin).</p>\r\n<p>So for now, its probably best to remove the initialization from the constructors and do a lazy initialization. You could override the Open method on the IVstPlugin root object and call initialize(parameters) on all objects that need it.</p>\r\n<p>I will see if I can make an interface and a standard implementation for this. Thanx for the catch! ;-)</p>",
    "PostedDate": "2011-04-18T22:41:37.937-07:00",
    "UserRole": null,
    "MarkedAsAnswerDate": null
  },
  {
    "Id": "599660",
    "ThreadId": "254279",
    "Html": "<p>My current thought is to implement an Opened event on the Plugin base class(es). This way all plugin sub components can subscribe to it as needed.</p>\r\n<p>How does that sound?</p>",
    "PostedDate": "2011-04-19T02:13:46.913-07:00",
    "UserRole": null,
    "MarkedAsAnswerDate": null
  },
  {
    "Id": "599797",
    "ThreadId": "254279",
    "Html": "<p>I tried your suggestion of initializing the parameter managers in the Open() method but the problem with that is that the ActiveParameter never gets initialized. So if I try to use data binding to bind the ActiveParameter's value to something I get an error. And even if I don't do any data binding the host doesn't recognize that there are any parameters.</p>\r\n<p>This also made me wonder what would happen if you use data binding to bind a GUI control to a ParameterManager's ActiveParameter and then the user loaded a new program. Would the knob still be bound to the old (not active) parameter?</p>",
    "PostedDate": "2011-04-19T08:13:51.65-07:00",
    "UserRole": null,
    "MarkedAsAnswerDate": null
  },
  {
    "Id": "599905",
    "ThreadId": "254279",
    "Html": "<p>Ah yes. The plugin info that is published to the host, is created very early in the process and if you don't publish the parameters the host doesn't know you have them.</p>\r\n<p>If you get the latest code and build it you have the option to handle the Opened event on the plugin root base class(es). At that point you can assign the host automation interface reference to the VstParameterManager instances. Initialize the parameters in the ctors as before.</p>\r\n<p>Check out the VS project templates (Support) for an example.</p>\r\n<p>I haven't tested this fully, but I feel confident it will solve the initialization sequence issue.</p>\r\n<p>Please let me know how you're doing.</p>\r\n<p>Thanx,<br />Marc&nbsp;</p>",
    "PostedDate": "2011-04-19T11:05:28.06-07:00",
    "UserRole": null,
    "MarkedAsAnswerDate": null
  },
  {
    "Id": "599907",
    "ThreadId": "254279",
    "Html": "<p>Oh, your second question: The binding should also get a property changed notification on the ActiveParameter property, indicating it should release the old instance and bind to the new.</p>",
    "PostedDate": "2011-04-19T11:07:18.943-07:00",
    "UserRole": null,
    "MarkedAsAnswerDate": null
  },
  {
    "Id": "599918",
    "ThreadId": "254279",
    "Html": "<p>It worked like a charm. Thanks a lot for all the help!</p>",
    "PostedDate": "2011-04-19T11:27:19.017-07:00",
    "UserRole": null,
    "MarkedAsAnswerDate": null
  },
  {
    "Id": "600202",
    "ThreadId": "254279",
    "Html": "<p>Great!</p>\r\n<p>Thanx and also thanks to you. You have helped to make VST.NET a little better ;-)</p>",
    "PostedDate": "2011-04-20T00:15:31.213-07:00",
    "UserRole": null,
    "MarkedAsAnswerDate": null
  }
]