[
  {
    "Id": "29519",
    "Title": "Creating a Host",
    "LatestDate": "2008-06-15T11:38:39.463-07:00"
  },
  {
    "Id": "30097",
    "Title": "Loading Code and Framework assemblies from the VST DLL Folder",
    "LatestDate": "2008-06-23T01:42:32.99-07:00"
  },
  {
    "Id": "30279",
    "Title": "Cross-platform possibilities",
    "LatestDate": "2008-06-25T22:34:53.733-07:00"
  },
  {
    "Id": "31465",
    "Title": "Building a MidiClock Plugin (Help needed)",
    "LatestDate": "2008-07-14T23:31:21.69-07:00"
  },
  {
    "Id": "34604",
    "Title": "Will .NET work for VSTs latency wise???",
    "LatestDate": "2008-09-03T05:59:22.17-07:00"
  },
  {
    "Id": "34825",
    "Title": ".NET 3.5, WPF?",
    "LatestDate": "2008-10-04T07:33:50.517-07:00"
  },
  {
    "Id": "36360",
    "Title": "Can't get sample plugins to work",
    "LatestDate": "2009-01-22T23:46:59.917-08:00"
  },
  {
    "Id": "37337",
    "Title": "catching MidiEvents",
    "LatestDate": "2010-01-21T15:21:02.62-08:00"
  },
  {
    "Id": "38333",
    "Title": "Getting the groove (shuffle) amount",
    "LatestDate": "2008-10-26T06:18:53.517-07:00"
  },
  {
    "Id": "39921",
    "Title": "Calling unmanged VSTs using VST.NET as a buffer",
    "LatestDate": "2008-11-14T01:10:31.597-08:00"
  },
  {
    "Id": "41819",
    "Title": "Creating MIDI effect plugins with VST.NET",
    "LatestDate": "2009-02-13T22:03:44.737-08:00"
  },
  {
    "Id": "41828",
    "Title": "AVG thinks VST.NET contains a virus",
    "LatestDate": "2008-12-09T11:23:57.66-08:00"
  },
  {
    "Id": "43900",
    "Title": "VST.NET Synth",
    "LatestDate": "2009-01-11T03:13:25.603-08:00"
  },
  {
    "Id": "46081",
    "Title": "Non Changing Vendor Name - Simple fix, but this threw me!",
    "LatestDate": "2009-02-03T07:08:09.513-08:00"
  },
  {
    "Id": "47252",
    "Title": "Using the VST.NET on .NET 3.0 or 2.0",
    "LatestDate": "2010-10-21T01:45:34.137-07:00"
  },
  {
    "Id": "47561",
    "Title": "Having a bit of trouble getting started",
    "LatestDate": "2009-02-19T11:40:58.06-08:00"
  },
  {
    "Id": "48099",
    "Title": "Using MEF for the HostFramework",
    "LatestDate": "2009-02-21T10:13:14.573-08:00"
  },
  {
    "Id": "48151",
    "Title": "IExtensible, Interface Management, Threads",
    "LatestDate": "2009-02-22T13:22:38.977-08:00"
  },
  {
    "Id": "48366",
    "Title": "Lowering CPU cycles needed by plugin",
    "LatestDate": "2009-02-24T22:03:55.853-08:00"
  },
  {
    "Id": "48744",
    "Title": "ILMerge",
    "LatestDate": "2009-02-27T23:27:58.01-08:00"
  },
  {
    "Id": "49804",
    "Title": "Handle is not initialized.",
    "LatestDate": "2009-03-13T16:42:14.623-07:00"
  },
  {
    "Id": "49849",
    "Title": "Sample project effects appear grey (unavailable) on adobe audition 1.5",
    "LatestDate": "2009-03-11T05:05:32.917-07:00"
  },
  {
    "Id": "50174",
    "Title": "Do we need support for older methods (VST < 2.4) in VST.NET?",
    "LatestDate": "2009-03-14T06:45:18.24-07:00"
  },
  {
    "Id": "51617",
    "Title": "Doing a Managed Host?",
    "LatestDate": "2009-03-28T13:45:52.36-07:00"
  },
  {
    "Id": "52957",
    "Title": "MIDI / VstEvents in Cubase SX 3",
    "LatestDate": "2009-04-14T00:30:16.503-07:00"
  },
  {
    "Id": "55789",
    "Title": "VST Host Sample throws StackOverflowException",
    "LatestDate": "2009-06-29T12:00:05.56-07:00"
  },
  {
    "Id": "57090",
    "Title": "MidiNoteMapper question",
    "LatestDate": "2009-05-24T04:44:47.22-07:00"
  },
  {
    "Id": "57099",
    "Title": "Midi channels",
    "LatestDate": "2009-05-24T04:43:56.817-07:00"
  },
  {
    "Id": "63485",
    "Title": "Trying MidiNoteMapper",
    "LatestDate": "2009-07-25T23:40:50.113-07:00"
  },
  {
    "Id": "64327",
    "Title": "Creating a VST wrapper",
    "LatestDate": "2009-08-03T22:15:28.657-07:00"
  },
  {
    "Id": "64899",
    "Title": "Midi Note Mapper Usage creates Cubase5 warning and freezes",
    "LatestDate": "2009-08-17T03:21:11.983-07:00"
  },
  {
    "Id": "68096",
    "Title": "Urgent Help--",
    "LatestDate": "2009-09-06T12:57:58.3-07:00"
  },
  {
    "Id": "69059",
    "Title": "Display parameters",
    "LatestDate": "2009-09-24T12:55:50.8-07:00"
  },
  {
    "Id": "69301",
    "Title": "get plugin directory",
    "LatestDate": "2009-09-18T07:57:07.713-07:00"
  },
  {
    "Id": "69530",
    "Title": "Brand new to VST.NET, question about the delay example",
    "LatestDate": "2009-10-02T11:50:06.347-07:00"
  },
  {
    "Id": "72016",
    "Title": "MIDI plugins in FLStudio",
    "LatestDate": "2009-10-20T11:40:44.247-07:00"
  },
  {
    "Id": "72685",
    "Title": "Single C# DLL plugin with .Net 2.0 (and later) - Yes, it is possible",
    "LatestDate": "2009-11-13T09:25:39.627-08:00"
  },
  {
    "Id": "76066",
    "Title": "Midi mapper  in Ableton live",
    "LatestDate": "2010-03-18T16:21:42.937-07:00"
  },
  {
    "Id": "76927",
    "Title": "Newbee on board",
    "LatestDate": "2009-12-03T01:21:19.373-08:00"
  },
  {
    "Id": "77682",
    "Title": "Problem loading sample dll's in Cubase",
    "LatestDate": "2009-12-21T03:38:18.103-08:00"
  },
  {
    "Id": "78934",
    "Title": "VST.NET Hello World Sample",
    "LatestDate": "2010-01-03T03:08:32.94-08:00"
  },
  {
    "Id": "79579",
    "Title": "How to go to a specific position in Audio file ?",
    "LatestDate": "2010-01-03T10:34:24.087-08:00"
  },
  {
    "Id": "79627",
    "Title": "Loading existing unmanaged plugins",
    "LatestDate": "2010-01-10T06:16:35.743-08:00"
  },
  {
    "Id": "79729",
    "Title": "VST plugins .net host",
    "LatestDate": "2010-01-07T02:36:33.543-08:00"
  },
  {
    "Id": "79792",
    "Title": "Unmanaged VSTi does not sound",
    "LatestDate": "2011-04-05T12:01:22.37-07:00"
  },
  {
    "Id": "80184",
    "Title": "Problems with VSTi",
    "LatestDate": "2010-01-10T04:15:52.45-08:00"
  },
  {
    "Id": "80756",
    "Title": "Creating MIDI events manually",
    "LatestDate": "2010-02-14T12:22:56.367-08:00"
  },
  {
    "Id": "204412",
    "Title": "Problems with loading dll's",
    "LatestDate": "2010-03-17T02:20:52.737-07:00"
  },
  {
    "Id": "204796",
    "Title": "\"Getting Started\" project won't load",
    "LatestDate": "2010-03-13T05:46:37.263-08:00"
  },
  {
    "Id": "204851",
    "Title": "Documentation errors?",
    "LatestDate": "2010-03-13T22:51:52.39-08:00"
  },
  {
    "Id": "204854",
    "Title": "AudioProcessor buffer lengths always equal?",
    "LatestDate": "2010-03-14T11:29:28.41-07:00"
  },
  {
    "Id": "204934",
    "Title": "How to load WAV files?",
    "LatestDate": "2010-03-15T07:08:02.903-07:00"
  },
  {
    "Id": "205002",
    "Title": "How to debug?",
    "LatestDate": "2010-03-15T09:26:37.18-07:00"
  },
  {
    "Id": "205316",
    "Title": ".net VST plugins & Cubase",
    "LatestDate": "2010-03-30T23:48:59.433-07:00"
  },
  {
    "Id": "205889",
    "Title": "VST.NET vs NAUDIO (vstaudiobuffer vs pcmstream buffer)",
    "LatestDate": "2010-06-20T13:44:34.143-07:00"
  },
  {
    "Id": "210557",
    "Title": "VST Host Background Processing",
    "LatestDate": "2010-04-28T09:07:43.013-07:00"
  },
  {
    "Id": "210626",
    "Title": "Visual Studio 2005 Help?",
    "LatestDate": "2010-04-26T22:24:47.13-07:00"
  },
  {
    "Id": "211211",
    "Title": "VstParameter as string",
    "LatestDate": "2010-05-04T02:03:09.19-07:00"
  },
  {
    "Id": "213107",
    "Title": "Some VSTi's never provide values",
    "LatestDate": "2010-05-18T22:25:33.543-07:00"
  },
  {
    "Id": "216635",
    "Title": "Process Noise does not produce any sound on Plugin Detail Form",
    "LatestDate": "2010-06-20T21:52:11.433-07:00"
  },
  {
    "Id": "216682",
    "Title": "VST.NET vs NAUDIO (vstaudiobuffer vs pcmstream buffer)   ",
    "LatestDate": "2010-06-22T22:19:42.14-07:00"
  },
  {
    "Id": "217484",
    "Title": "Sample Host App throws BadImageFormatException while loading Jacobi.Vst.Interop assembly",
    "LatestDate": "2010-06-28T23:07:12.023-07:00"
  },
  {
    "Id": "217964",
    "Title": "Problems with VST.NET and Visual C# Express 2010",
    "LatestDate": "2011-08-25T10:00:52.903-07:00"
  },
  {
    "Id": "220433",
    "Title": "Not able to remove AssemblyInfo.General.cpp from Jacobi.Vst.Interop project ",
    "LatestDate": "2010-07-21T09:15:56.273-07:00"
  },
  {
    "Id": "221492",
    "Title": "How to use Jacobi.Vst.Samples.CorePlugin?",
    "LatestDate": "2010-07-30T09:03:48.073-07:00"
  },
  {
    "Id": "221544",
    "Title": "VSTi support by AdobeAudition 3.0",
    "LatestDate": "2010-07-27T14:29:20.707-07:00"
  },
  {
    "Id": "221975",
    "Title": "Audio output doesn't work",
    "LatestDate": "2010-07-31T07:57:51.097-07:00"
  },
  {
    "Id": "223133",
    "Title": "VST.NET 'Hello world\"",
    "LatestDate": "2010-08-12T08:22:09.547-07:00"
  },
  {
    "Id": "224331",
    "Title": "vst plugin",
    "LatestDate": "2010-09-07T03:30:54.983-07:00"
  },
  {
    "Id": "225670",
    "Title": "VST.NET does not play sequential data",
    "LatestDate": "2010-09-01T22:40:29.143-07:00"
  },
  {
    "Id": "227708",
    "Title": "GetProgramNameIndexed",
    "LatestDate": "2010-09-26T02:37:51.823-07:00"
  },
  {
    "Id": "228436",
    "Title": "Can't get it running on Win7 32bit",
    "LatestDate": "2010-10-01T17:15:57.567-07:00"
  },
  {
    "Id": "228692",
    "Title": "Combine NAudio and VST.NET in a host",
    "LatestDate": "2014-03-30T23:25:44.28-07:00"
  },
  {
    "Id": "230884",
    "Title": "parameter count gets changed... how to obtain it?",
    "LatestDate": "2010-10-14T04:55:59.687-07:00"
  },
  {
    "Id": "230887",
    "Title": "Get chunks problem...",
    "LatestDate": "2010-10-14T05:00:52.82-07:00"
  },
  {
    "Id": "230913",
    "Title": "Unexpected hang... unmanaged plugins",
    "LatestDate": "2010-10-15T12:07:06.713-07:00"
  },
  {
    "Id": "231483",
    "Title": "Fl Studio 9 and MidiNoteSampler not working",
    "LatestDate": "2010-10-21T03:13:13.223-07:00"
  },
  {
    "Id": "231776",
    "Title": "Midi, record, ui...",
    "LatestDate": "2010-10-30T00:35:16.09-07:00"
  },
  {
    "Id": "232280",
    "Title": "VST.Net Deployment Requirements on end-user computer",
    "LatestDate": "2010-10-25T22:10:22.443-07:00"
  },
  {
    "Id": "232961",
    "Title": "List other plugins currently loaded in the host",
    "LatestDate": "2010-10-31T11:56:26.273-07:00"
  },
  {
    "Id": "233363",
    "Title": "Strange behaviour Debug/Release",
    "LatestDate": "2010-11-20T12:24:18.833-08:00"
  },
  {
    "Id": "234734",
    "Title": "Compilers: did anyone try SharpDevelop?",
    "LatestDate": "2010-11-17T00:14:06.087-08:00"
  },
  {
    "Id": "234945",
    "Title": "Low performance at host",
    "LatestDate": "2010-11-18T03:40:26.107-08:00"
  },
  {
    "Id": "234954",
    "Title": "vst sampler plugins",
    "LatestDate": "2010-11-22T08:57:07.223-08:00"
  },
  {
    "Id": "234991",
    "Title": "How to switch note off",
    "LatestDate": "2010-11-17T23:07:34.853-08:00"
  },
  {
    "Id": "235099",
    "Title": "VstPluginCategory",
    "LatestDate": "2010-11-22T05:01:24.033-08:00"
  },
  {
    "Id": "235153",
    "Title": "How to check instrument program count?",
    "LatestDate": "2010-11-18T03:39:49.393-08:00"
  },
  {
    "Id": "235577",
    "Title": "Storing Audio samples in an Input Audio Buffer",
    "LatestDate": "2010-11-22T08:51:53.933-08:00"
  },
  {
    "Id": "236244",
    "Title": "Newbie Host Question",
    "LatestDate": "2010-11-28T07:22:00.637-08:00"
  },
  {
    "Id": "239300",
    "Title": "Custom Windows Forms editor window",
    "LatestDate": "2010-12-22T23:28:01.73-08:00"
  },
  {
    "Id": "239547",
    "Title": "Plugin instance reset for each plugin call",
    "LatestDate": "2010-12-25T11:24:52.11-08:00"
  },
  {
    "Id": "239896",
    "Title": "controls refresh & host access via plugin",
    "LatestDate": "2010-12-29T09:05:47.627-08:00"
  },
  {
    "Id": "240044",
    "Title": "WaveStorm by komorra",
    "LatestDate": "2011-01-07T03:07:25.523-08:00"
  },
  {
    "Id": "242189",
    "Title": "How do I get Started",
    "LatestDate": "2011-04-08T03:06:41.97-07:00"
  },
  {
    "Id": "244094",
    "Title": "Using VST.NET for commercial products?",
    "LatestDate": "2011-02-10T23:38:32.32-08:00"
  },
  {
    "Id": "244802",
    "Title": "mac osx",
    "LatestDate": "2011-02-10T01:59:31.023-08:00"
  },
  {
    "Id": "245536",
    "Title": "PluginCommandStub.ProcessEvents real time",
    "LatestDate": "2011-02-20T18:59:04.827-08:00"
  },
  {
    "Id": "246206",
    "Title": "Class for audio output using PortAudioSharp",
    "LatestDate": "2014-12-24T00:40:44.213-08:00"
  },
  {
    "Id": "247867",
    "Title": "Normalized parameter values",
    "LatestDate": "2011-03-01T10:37:17.217-08:00"
  },
  {
    "Id": "247878",
    "Title": "Using Editor Window to set parameters",
    "LatestDate": "2011-03-09T03:23:45.86-08:00"
  },
  {
    "Id": "247943",
    "Title": "Beginner to VST developing a Synth",
    "LatestDate": "2011-04-16T01:22:48.023-07:00"
  },
  {
    "Id": "249531",
    "Title": "vb host?",
    "LatestDate": "2011-03-22T17:14:25.957-07:00"
  },
  {
    "Id": "251157",
    "Title": "Documentation Tab",
    "LatestDate": "2011-03-26T03:38:37.567-07:00"
  },
  {
    "Id": "251305",
    "Title": "Parameter changes from custom editor",
    "LatestDate": "2011-03-27T11:52:05.417-07:00"
  },
  {
    "Id": "252458",
    "Title": "Cannot load Interop",
    "LatestDate": "2011-04-05T10:07:16.757-07:00"
  },
  {
    "Id": "252835",
    "Title": "Add knobs/pots to a VST",
    "LatestDate": "2011-04-06T12:52:24.253-07:00"
  },
  {
    "Id": "253317",
    "Title": "VSTi Audio output sounds rubbish",
    "LatestDate": "2011-04-12T12:54:41.95-07:00"
  },
  {
    "Id": "253324",
    "Title": "Sine Wave Period Clipping",
    "LatestDate": "2011-04-10T15:26:36.543-07:00"
  },
  {
    "Id": "253481",
    "Title": "Instantiating a new VstAudioBuffer",
    "LatestDate": "2011-04-13T12:06:27.533-07:00"
  },
  {
    "Id": "253952",
    "Title": "A VST that just outputs sampledata from an internet stream - where to start ?",
    "LatestDate": "2011-05-11T22:27:15.34-07:00"
  },
  {
    "Id": "254279",
    "Title": "Hooking up parameters to a custom UI",
    "LatestDate": "2011-04-20T00:15:31.213-07:00"
  },
  {
    "Id": "255042",
    "Title": "Creating VST Host - Output sound from plugin is missing half it's effect",
    "LatestDate": "2011-04-29T10:49:51.74-07:00"
  },
  {
    "Id": "257304",
    "Title": "Documentation issue",
    "LatestDate": "2012-04-21T11:29:18.49-07:00"
  },
  {
    "Id": "258269",
    "Title": "Generating Midi",
    "LatestDate": "2012-02-19T22:17:29.067-08:00"
  },
  {
    "Id": "258955",
    "Title": "Plug-in seems not to be VST",
    "LatestDate": "2012-05-10T00:05:53.87-07:00"
  },
  {
    "Id": "259329",
    "Title": "VST.NET Host - Simple way to output Audio/WAV?",
    "LatestDate": "2011-05-30T18:22:02.527-07:00"
  },
  {
    "Id": "259942",
    "Title": "Can't run Jacobi.Vst.Samples.Host.exe",
    "LatestDate": "2011-06-03T02:48:25.39-07:00"
  },
  {
    "Id": "260889",
    "Title": "GetParameterProperties() returns null?",
    "LatestDate": "2011-06-10T04:39:12.677-07:00"
  },
  {
    "Id": "261042",
    "Title": "Procedural Midi VST",
    "LatestDate": "2011-06-13T14:52:52.253-07:00"
  },
  {
    "Id": "273714",
    "Title": "Help with Samples",
    "LatestDate": "2011-09-27T09:25:16.36-07:00"
  },
  {
    "Id": "276733",
    "Title": "Create an application to scan VSTs for info",
    "LatestDate": "2011-10-21T13:01:09.11-07:00"
  },
  {
    "Id": "277114",
    "Title": "No Note-Off events",
    "LatestDate": "2011-10-25T07:22:01.697-07:00"
  },
  {
    "Id": "277218",
    "Title": "Can I use VST.NET with .Net 4.0",
    "LatestDate": "2011-10-30T12:26:22.447-07:00"
  },
  {
    "Id": "277904",
    "Title": "Ableton event repetition",
    "LatestDate": "2011-11-02T10:19:35.613-07:00"
  },
  {
    "Id": "280253",
    "Title": "Code to Load/Save Banks",
    "LatestDate": "2011-12-01T01:12:59.817-08:00"
  },
  {
    "Id": "281497",
    "Title": "Attempted to read or write protected memory",
    "LatestDate": "2012-04-22T14:21:16.107-07:00"
  },
  {
    "Id": "283376",
    "Title": "Active Parameters set to null after plugin loads",
    "LatestDate": "2011-12-21T21:22:11.813-08:00"
  },
  {
    "Id": "284479",
    "Title": "How to manage programs form the plugin",
    "LatestDate": "2017-03-12T21:24:05.66-07:00"
  },
  {
    "Id": "299658",
    "Title": "How can i use VB.NET (Jacobi) .dll within VB6 Environment?",
    "LatestDate": "2012-08-04T15:48:41.45-07:00"
  },
  {
    "Id": "307782",
    "Title": "How to build from source code?",
    "LatestDate": "2012-02-11T14:26:01.84-08:00"
  },
  {
    "Id": "316932",
    "Title": "Samples do not show up in Ableton Live",
    "LatestDate": "2012-03-06T00:46:37.33-08:00"
  },
  {
    "Id": "317857",
    "Title": "How to affect custom UI from Process function?",
    "LatestDate": "2012-02-18T12:09:08.7-08:00"
  },
  {
    "Id": "325064",
    "Title": "Plugin does not respond to MIDI messages",
    "LatestDate": "2012-02-20T10:46:25.413-08:00"
  },
  {
    "Id": "346916",
    "Title": "Syncing drum machine to host.",
    "LatestDate": "2012-03-12T16:17:01.137-07:00"
  },
  {
    "Id": "346954",
    "Title": "Hard starting..please help with understanding VST",
    "LatestDate": "2012-03-18T05:21:41.143-07:00"
  },
  {
    "Id": "347738",
    "Title": "Determine the currently selected program when Editor is opened",
    "LatestDate": "2012-03-08T01:51:06.893-08:00"
  },
  {
    "Id": "350003",
    "Title": "FLstudio problems, how \"catch\" midis from Piano roll",
    "LatestDate": "2012-04-11T01:19:21.97-07:00"
  },
  {
    "Id": "351509",
    "Title": "Visual studio 2011",
    "LatestDate": "2012-04-07T22:40:57.8-07:00"
  },
  {
    "Id": "352298",
    "Title": "Can i use VST.NET to load vst effects and process audio?",
    "LatestDate": "2012-05-03T01:11:51.57-07:00"
  },
  {
    "Id": "352306",
    "Title": "\"Slow\" GUI Update",
    "LatestDate": "2012-04-15T08:51:33.707-07:00"
  },
  {
    "Id": "353056",
    "Title": "noob question...",
    "LatestDate": "2012-04-21T10:47:21.43-07:00"
  },
  {
    "Id": "354182",
    "Title": "Midi events being ignored by the host",
    "LatestDate": "2012-05-09T11:33:19.377-07:00"
  },
  {
    "Id": "354914",
    "Title": "Hanging Notes",
    "LatestDate": "2012-05-28T09:38:29.293-07:00"
  },
  {
    "Id": "355556",
    "Title": "Saving internal plugin state by chunks",
    "LatestDate": "2012-05-14T07:20:31.807-07:00"
  },
  {
    "Id": "359842",
    "Title": "Lowpass FFT filter, please help",
    "LatestDate": "2012-06-18T22:02:13.06-07:00"
  },
  {
    "Id": "360823",
    "Title": "read plugin parameters values from external program",
    "LatestDate": "2012-06-27T09:33:12.843-07:00"
  },
  {
    "Id": "361610",
    "Title": "Hosting VST",
    "LatestDate": "2012-08-18T08:04:58.107-07:00"
  },
  {
    "Id": "373863",
    "Title": "Midi. Delete notes that very close to each other.",
    "LatestDate": "2012-07-29T01:41:10.857-07:00"
  },
  {
    "Id": "389198",
    "Title": "window / GUI editor size behavior",
    "LatestDate": "2012-07-28T01:16:01.303-07:00"
  },
  {
    "Id": "390226",
    "Title": "VST-ID looks different?",
    "LatestDate": "2012-11-24T10:19:26.403-08:00"
  },
  {
    "Id": "395674",
    "Title": "WPF plugin editor = knightmare",
    "LatestDate": "2014-02-11T21:21:34.843-08:00"
  },
  {
    "Id": "397144",
    "Title": "'Database' in VST.NET plugin",
    "LatestDate": "2012-09-27T11:33:17.24-07:00"
  },
  {
    "Id": "399318",
    "Title": "Simple MIDI VST Host Example",
    "LatestDate": "2012-11-06T02:16:15.29-08:00"
  },
  {
    "Id": "401731",
    "Title": "GetTimeInfo",
    "LatestDate": "2012-11-10T14:12:19.633-08:00"
  },
  {
    "Id": "401815",
    "Title": "Do we need VST 3.x support?",
    "LatestDate": "2014-07-09T23:58:54-07:00"
  },
  {
    "Id": "401971",
    "Title": "\"Could not load file or assembly\" error with VST.NET version 1.0 and .NET Framework 4.0",
    "LatestDate": "2012-11-07T22:29:58.96-08:00"
  },
  {
    "Id": "402158",
    "Title": "NullReferenceException in AudioProcessor.cs",
    "LatestDate": "2012-11-07T02:50:12.093-08:00"
  },
  {
    "Id": "402227",
    "Title": "DX VST supported?",
    "LatestDate": "2012-11-07T22:23:50.17-08:00"
  },
  {
    "Id": "402724",
    "Title": "CanDos, Properties and UniquePluginId",
    "LatestDate": "2012-11-10T14:08:19.6-08:00"
  },
  {
    "Id": "402737",
    "Title": "Plugin wrap-around",
    "LatestDate": "2012-11-13T07:29:10.627-08:00"
  },
  {
    "Id": "403345",
    "Title": "Using VST.NET in open source projects?",
    "LatestDate": "2012-11-16T18:54:40.577-08:00"
  },
  {
    "Id": "404296",
    "Title": "Midi Effect plugin only",
    "LatestDate": "2012-11-23T10:24:31.293-08:00"
  },
  {
    "Id": "404501",
    "Title": "Host Program change",
    "LatestDate": "2012-12-06T03:11:22.267-08:00"
  },
  {
    "Id": "429764",
    "Title": "Flickering with ListView in Editor GUI",
    "LatestDate": "2013-02-03T15:33:48.61-08:00"
  },
  {
    "Id": "432123",
    "Title": "Midi In -> Audio Out",
    "LatestDate": "2013-02-07T23:39:47.367-08:00"
  },
  {
    "Id": "436248",
    "Title": "Released my VST.NET powered MIDI Plugin",
    "LatestDate": "2013-03-25T12:08:14.32-07:00"
  },
  {
    "Id": "438043",
    "Title": "Cubase not finding plugin on update ",
    "LatestDate": "2013-03-26T12:06:51.497-07:00"
  },
  {
    "Id": "440382",
    "Title": "Play button",
    "LatestDate": "2013-04-16T10:36:11.437-07:00"
  },
  {
    "Id": "441478",
    "Title": "Error message in Sonar X2",
    "LatestDate": "2013-04-25T00:20:28.26-07:00"
  },
  {
    "Id": "441611",
    "Title": "How To Load Xaml As GUI",
    "LatestDate": "2013-04-26T06:54:58.863-07:00"
  },
  {
    "Id": "441788",
    "Title": "Capturing keyboard input and/or passing it to the host",
    "LatestDate": "2013-05-01T01:23:44.76-07:00"
  },
  {
    "Id": "443155",
    "Title": "MIDI Plugin: Exception under Cubase ",
    "LatestDate": "2013-05-19T11:11:41.4-07:00"
  },
  {
    "Id": "449045",
    "Title": "Force VstParameterManager values to integer",
    "LatestDate": "2013-07-04T22:26:12.973-07:00"
  },
  {
    "Id": "449790",
    "Title": "The ultimate noob",
    "LatestDate": "2013-08-02T23:38:05.91-07:00"
  },
  {
    "Id": "454710",
    "Title": "Build Help Please",
    "LatestDate": "2013-10-17T21:09:20.143-07:00"
  },
  {
    "Id": "454740",
    "Title": "crackling noise with delay",
    "LatestDate": "2013-09-06T14:53:49.7-07:00"
  },
  {
    "Id": "456181",
    "Title": "Hosting VSTi's for playback via 'virtual MIDI'",
    "LatestDate": "2013-09-08T17:50:27.28-07:00"
  },
  {
    "Id": "458826",
    "Title": "VST Audio Processing",
    "LatestDate": "2013-09-25T14:46:12.18-07:00"
  },
  {
    "Id": "465340",
    "Title": "Internal Compiler Error when using compiled DLLs.",
    "LatestDate": "2013-11-04T21:16:28.32-08:00"
  },
  {
    "Id": "468154",
    "Title": "InvalidProgramException: Invalid IL code",
    "LatestDate": "2013-11-12T21:36:16.92-08:00"
  },
  {
    "Id": "470704",
    "Title": "Problem with running the samples",
    "LatestDate": "2013-11-26T12:59:22.923-08:00"
  },
  {
    "Id": "471409",
    "Title": "Using a neuroheadset to work with VST.NET",
    "LatestDate": "2013-11-29T09:50:04.3-08:00"
  },
  {
    "Id": "477991",
    "Title": "Announcement: Modular audio engine with VST.NET",
    "LatestDate": "2013-12-26T06:37:36.263-08:00"
  },
  {
    "Id": "529073",
    "Title": "VST Plugin isn't receiving KeyPress events in FL Studio",
    "LatestDate": "2014-02-09T10:55:22.27-08:00"
  },
  {
    "Id": "529279",
    "Title": "Can I send&return audio from the plugin to other tracks/buses ",
    "LatestDate": "2014-02-06T11:34:33.777-08:00"
  },
  {
    "Id": "531883",
    "Title": "new base VST",
    "LatestDate": "2014-02-25T05:52:54.59-08:00"
  },
  {
    "Id": "531884",
    "Title": "debugging",
    "LatestDate": "2014-02-14T08:50:47.347-08:00"
  },
  {
    "Id": "532070",
    "Title": "Purpose of VstMidiEvent isRealtime constructor parameter?",
    "LatestDate": "2014-02-16T10:54:07.507-08:00"
  },
  {
    "Id": "539108",
    "Title": "Midi out to Host",
    "LatestDate": "2014-03-16T04:25:33.323-07:00"
  },
  {
    "Id": "539682",
    "Title": "Sending Midi pitch bend data to VST plugin",
    "LatestDate": "2014-03-21T07:50:02.73-07:00"
  },
  {
    "Id": "540638",
    "Title": "Problem to load plugin into CUbase 5",
    "LatestDate": "2014-03-31T06:04:59.2-07:00"
  },
  {
    "Id": "540808",
    "Title": "VST Bypass",
    "LatestDate": "2014-04-01T10:06:05.497-07:00"
  },
  {
    "Id": "541925",
    "Title": "The best Plugin Structre for my Plugin and all about developing VSTMatrix plugin ",
    "LatestDate": "2014-06-13T11:43:33.737-07:00"
  },
  {
    "Id": "542195",
    "Title": "Problem run a plugin inside the Host when controls DLl are added into plugin",
    "LatestDate": "2014-04-14T22:33:36.51-07:00"
  },
  {
    "Id": "542358",
    "Title": "alright this will seem ridiculous but...",
    "LatestDate": "2014-04-16T05:33:13.683-07:00"
  },
  {
    "Id": "542579",
    "Title": "Trouble loading templates in to VS 2008",
    "LatestDate": "2014-04-17T22:25:34.517-07:00"
  },
  {
    "Id": "542766",
    "Title": "ProcessReplacing, number of channels?",
    "LatestDate": "2014-04-21T05:23:17.867-07:00"
  },
  {
    "Id": "544000",
    "Title": "VST ProcessReplacing NAudio WaveIn",
    "LatestDate": "2014-05-29T06:46:53.323-07:00"
  },
  {
    "Id": "544255",
    "Title": "VST.NET loading plugin",
    "LatestDate": "2014-05-05T01:12:28.873-07:00"
  },
  {
    "Id": "544693",
    "Title": "Trying to get setup",
    "LatestDate": "2014-05-08T16:52:36.757-07:00"
  },
  {
    "Id": "546402",
    "Title": "Loading a Plugin",
    "LatestDate": "2014-06-05T12:06:50.15-07:00"
  },
  {
    "Id": "546589",
    "Title": "Can't call WCF service",
    "LatestDate": "2014-05-26T06:46:13.69-07:00"
  },
  {
    "Id": "547690",
    "Title": "Jacobi.Vst.Interop.dll Missing in download?",
    "LatestDate": "2014-06-05T11:16:47.127-07:00"
  },
  {
    "Id": "547693",
    "Title": "How to handle MIDI with MidiProcessor",
    "LatestDate": "2014-06-11T05:47:44.9-07:00"
  },
  {
    "Id": "550756",
    "Title": "Plug-in Editor VST Host in .Net doesn't work properly with some plug-ins",
    "LatestDate": "2014-07-07T11:53:17.72-07:00"
  },
  {
    "Id": "554715",
    "Title": "Midi Source vst",
    "LatestDate": "2014-08-04T11:40:37.78-07:00"
  },
  {
    "Id": "557640",
    "Title": "Trying to begin a MIDI project",
    "LatestDate": "2014-08-05T15:23:35.93-07:00"
  },
  {
    "Id": "562195",
    "Title": "VST Host Process MIDI from Plugins",
    "LatestDate": "2014-09-04T14:05:53.047-07:00"
  },
  {
    "Id": "568375",
    "Title": "Plugin failed to load",
    "LatestDate": "2014-10-06T13:05:35.063-07:00"
  },
  {
    "Id": "569012",
    "Title": "TFS code doesn't work",
    "LatestDate": "2014-10-05T05:21:40.743-07:00"
  },
  {
    "Id": "571596",
    "Title": "vst plugins with additional dlls",
    "LatestDate": "2014-11-09T22:51:25.543-08:00"
  },
  {
    "Id": "572398",
    "Title": "Building library from sources",
    "LatestDate": "2014-11-18T09:39:20.063-08:00"
  },
  {
    "Id": "572406",
    "Title": "AudioInputCount equals zero",
    "LatestDate": "2014-11-19T07:15:06.137-08:00"
  },
  {
    "Id": "574100",
    "Title": "Getting samples working",
    "LatestDate": "2015-07-04T00:24:46.163-07:00"
  },
  {
    "Id": "574821",
    "Title": "VstMidiEvent noteLength ignored and play endless",
    "LatestDate": "2014-12-13T12:47:08.677-08:00"
  },
  {
    "Id": "576611",
    "Title": "Some VST Synths do not sound.",
    "LatestDate": "2015-01-06T02:27:10.327-08:00"
  },
  {
    "Id": "579167",
    "Title": "syncing playback with application timer",
    "LatestDate": "2015-02-03T11:27:05.13-08:00"
  },
  {
    "Id": "581521",
    "Title": "Change vst parameters from sequencer?",
    "LatestDate": "2015-02-21T23:57:27.53-08:00"
  },
  {
    "Id": "640932",
    "Title": "VST Instrument with UI Sample",
    "LatestDate": "2015-07-04T00:47:47.703-07:00"
  },
  {
    "Id": "640934",
    "Title": "Can't host a VST in a VST",
    "LatestDate": "2015-07-05T00:07:39.507-07:00"
  },
  {
    "Id": "641176",
    "Title": "Fastest Way To Get Plugin Info",
    "LatestDate": "2015-07-12T00:08:10.537-07:00"
  },
  {
    "Id": "641231",
    "Title": "Free Plugin Management Library",
    "LatestDate": "2015-08-02T00:54:15.81-07:00"
  },
  {
    "Id": "641536",
    "Title": "VstAudioBuffer optimisation",
    "LatestDate": "2015-11-09T00:36:52.527-08:00"
  },
  {
    "Id": "641924",
    "Title": "Unable to install for VS2015",
    "LatestDate": "2015-08-02T00:52:09.743-07:00"
  },
  {
    "Id": "642254",
    "Title": "Shared AppDomain Across Multiple VST Instances?",
    "LatestDate": "2015-08-03T05:17:13.72-07:00"
  },
  {
    "Id": "642256",
    "Title": "Knob",
    "LatestDate": "2015-08-09T22:52:25.327-07:00"
  },
  {
    "Id": "642359",
    "Title": "Universal Apps",
    "LatestDate": "2015-10-30T16:28:32.32-07:00"
  },
  {
    "Id": "642365",
    "Title": "Deploying DLL Dependencies",
    "LatestDate": "2015-09-12T22:08:54.687-07:00"
  },
  {
    "Id": "643752",
    "Title": "Ableton Won't Reload VST",
    "LatestDate": "2015-08-23T15:54:05.863-07:00"
  },
  {
    "Id": "643753",
    "Title": "Saving",
    "LatestDate": "2015-08-29T19:50:43.773-07:00"
  },
  {
    "Id": "644053",
    "Title": "Draw VST Editor in UserControl",
    "LatestDate": "2015-08-23T16:59:03.693-07:00"
  },
  {
    "Id": "645844",
    "Title": "Vst.Core Set & GetChunk",
    "LatestDate": "2015-10-25T00:42:43.213-07:00"
  },
  {
    "Id": "645872",
    "Title": "WPFcontrolwrapper resizing",
    "LatestDate": "2015-10-07T03:04:57.88-07:00"
  },
  {
    "Id": "645893",
    "Title": "Host port access / SysEx to Host",
    "LatestDate": "2015-10-07T11:46:17.127-07:00"
  },
  {
    "Id": "645909",
    "Title": "Audio ",
    "LatestDate": "2015-10-08T23:16:09.987-07:00"
  },
  {
    "Id": "646054",
    "Title": "Multiple VSTs?",
    "LatestDate": "2015-10-10T23:21:21.003-07:00"
  },
  {
    "Id": "646076",
    "Title": "Audio Processing (ProcessReplacing)",
    "LatestDate": "2015-10-18T23:02:38.81-07:00"
  },
  {
    "Id": "646312",
    "Title": "Accepting Keys in WPF",
    "LatestDate": "2015-12-05T23:04:17.897-08:00"
  },
  {
    "Id": "646315",
    "Title": "SetParameterAutomated (Midi Learn)",
    "LatestDate": "2015-11-06T22:35:36.373-08:00"
  },
  {
    "Id": "646316",
    "Title": "Refresh Parameter Count",
    "LatestDate": "2015-11-11T02:44:40.35-08:00"
  },
  {
    "Id": "646345",
    "Title": "CanParameterBeAutomated",
    "LatestDate": "2015-10-28T02:38:05.923-07:00"
  },
  {
    "Id": "646815",
    "Title": "VSTi synth",
    "LatestDate": "2015-11-02T06:43:31.41-08:00"
  },
  {
    "Id": "647005",
    "Title": "No sound when a plugin is on",
    "LatestDate": "2015-11-08T06:27:37.303-08:00"
  },
  {
    "Id": "647095",
    "Title": "DLL Problems",
    "LatestDate": "2015-11-27T23:31:08-08:00"
  },
  {
    "Id": "647590",
    "Title": "Skinnable Control Library",
    "LatestDate": "2015-11-17T16:55:41.517-08:00"
  },
  {
    "Id": "647875",
    "Title": "Transport Events",
    "LatestDate": "2015-12-04T19:46:16.54-08:00"
  },
  {
    "Id": "648446",
    "Title": "Implementing GetTimeInfo Causes Crash",
    "LatestDate": "2015-12-08T12:22:09.6-08:00"
  },
  {
    "Id": "648726",
    "Title": "Understanding Samples",
    "LatestDate": "2015-12-14T17:50:46.437-08:00"
  },
  {
    "Id": "650161",
    "Title": "Plugin load issue in certain hosts",
    "LatestDate": "2016-01-20T17:53:46.423-08:00"
  },
  {
    "Id": "651109",
    "Title": "Release: VST Controls .Net Beta",
    "LatestDate": "2016-02-23T20:19:59.677-08:00"
  },
  {
    "Id": "651521",
    "Title": "VST effect type issue",
    "LatestDate": "2016-02-23T03:03:20.787-08:00"
  },
  {
    "Id": "651534",
    "Title": "Does this work on OSX and Linux?",
    "LatestDate": "2016-02-23T02:57:39.303-08:00"
  },
  {
    "Id": "651544",
    "Title": "VST Unit Testing",
    "LatestDate": "2016-02-25T17:49:34.923-08:00"
  },
  {
    "Id": "652327",
    "Title": "Trying to install the extension...",
    "LatestDate": "2016-11-21T20:38:21.59-08:00"
  },
  {
    "Id": "652692",
    "Title": "Panning",
    "LatestDate": "2016-03-20T16:18:48.703-07:00"
  },
  {
    "Id": "657139",
    "Title": "What happened to samples in the ZIP files?",
    "LatestDate": "2016-08-14T22:36:21.34-07:00"
  },
  {
    "Id": "659065",
    "Title": "Usage in Unity3D",
    "LatestDate": "2017-04-21T05:44:13.573-07:00"
  },
  {
    "Id": "659754",
    "Title": "Unable to load examples",
    "LatestDate": "2017-04-21T05:22:14.07-07:00"
  },
  {
    "Id": "660076",
    "Title": "Certain VSTs not playing sound (memory access violation error)",
    "LatestDate": "2017-04-21T05:41:29.6-07:00"
  },
  {
    "Id": "660422",
    "Title": "VstParameterInfo min / max settings for gain",
    "LatestDate": "2017-04-21T05:33:32.02-07:00"
  },
  {
    "Id": "660732",
    "Title": "How to create an EQ?",
    "LatestDate": "2017-04-21T05:31:22.813-07:00"
  },
  {
    "Id": "661684",
    "Title": "Combining VST.Net and MIDI.Net",
    "LatestDate": "2017-04-21T05:50:13.15-07:00"
  },
  {
    "Id": "662470",
    "Title": "VST Host interop callback exception",
    "LatestDate": "2017-08-16T07:07:11.563-07:00"
  },
  {
    "Id": "662935",
    "Title": "MidiProcessor : Process not being called in Sonar",
    "LatestDate": "2017-05-12T09:05:31.52-07:00"
  },
  {
    "Id": "663092",
    "Title": "One Midi Track/Keyboard (Host) to Multiple other midi tracks",
    "LatestDate": "2017-08-16T07:17:23.89-07:00"
  },
  {
    "Id": "663251",
    "Title": "VST Host Sample not behaving as expecting",
    "LatestDate": "2017-08-16T07:14:16.89-07:00"
  },
  {
    "Id": "663604",
    "Title": "can't find sample sln ",
    "LatestDate": "2017-08-17T07:06:19.903-07:00"
  }
]