[
  {
    "Id": "523734",
    "ThreadId": "235153",
    "Html": "\r\n<p>How to check instrument program count / presets count ? When I calling set preset with number that is out of preset count range - application crashes. Thank's in advance for help.</p>\r\n",
    "PostedDate": "2010-11-18T03:28:20.277-08:00",
    "UserRole": null,
    "MarkedAsAnswerDate": null
  },
  {
    "Id": "523737",
    "ThreadId": "235153",
    "Html": "\r\n<p>The PluginInfo property on the VstPluginContext contains an instance of VstPluginInfo.&nbsp;<a href=\"http://vstnet.codeplex.com/SourceControl/changeset/view/50709#994245\">http://vstnet.codeplex.com/SourceControl/changeset/view/50709#994245</a></p>\r\n<p>This contains a program count and a parameter count.</p>\r\n<p>Note that some plugins have dynamic counts for both these parameters.<br>\r\nThe AcceptPluginInfoData method on the VstPluginContext will load new PluginInfo values if the plugin has updated them. (Note that this does not work yet for managed plugins).</p>\r\n<p>Hope it helps.<br>\r\nMarc</p>\r\n",
    "PostedDate": "2010-11-18T03:39:49.393-08:00",
    "UserRole": null,
    "MarkedAsAnswerDate": null
  }
]