[
  {
    "Id": "522132",
    "ThreadId": "234734",
    "Html": "\r\n<p>Hi people,</p>\r\n<p>My little presentation: I'm vespadj, 27 Italy, a green developer, I know asp, html, lua, js, vb-for-application.<br>\r\nI wrote a good script for vstlua (discontinued) called &quot;midiLooper_multichannel&quot; a complete midi tool for live performance.</p>\r\n<p>I'm trying to understand if I can develop directly a roboust vst to instead of my lua script.</p>\r\n<p>my question:</p>\r\n<p><strong>1. </strong>Did any one already try <strong>SharpDevelop</strong>?<br>\r\nIt's a free .net compiler for .NET and C#, lighter and easy.</p>\r\n<p>during compile retorn an error in coping of file: copy</p>\r\n<p>I think the problem is in the string of PostBuildEvent (Jacobi.Vst.Samples.MidiNoteMapper.csproj)</p>\r\n<p>I just install VS2010 Express but I have some problem during conversion of prj.</p>\r\n<p><strong>2. </strong>What compilers (and version) do you usually use?</p>\r\n<p>thanks, vespadj</p>\r\n",
    "PostedDate": "2010-11-15T06:53:44.283-08:00",
    "UserRole": null,
    "MarkedAsAnswerDate": null
  },
  {
    "Id": "522224",
    "ThreadId": "234734",
    "Html": "\r\n<p>first day with SharpDevelop.</p>\r\n<p>I try to open Jacobi.Vst.Samples.MidiNoteMapper.csproj.</p>\r\n<p>copying jacobi.core and framework to GAC, set reference, change PostBuildEvent string with:</p>\r\n<p>&nbsp;</p>\r\n<p>copy &quot;$(TargetPath)&quot; &quot;$(SolutionDir)<strong>bin\\Debug</strong>\\$(TargetName).net.vstdll&quot;<br>\r\ncopy &quot;$(SolutionDir)<strong>bin\\Debug\\</strong>Jacobi.Vst.Interop.dll&quot; &quot;$(SolutionDir)<strong>bin\\Debug\\</strong>$(TargetName)$(TargetExt)&quot;</p>\r\n<p>Now&nbsp; rebuild works without error or warning,</p>\r\n<p>but I can load the generated Jacobi.Vst.Samples.MidiNoteMapper.dll only on Jacobi.Vst.Samples.Host.exe and not on vsthost.</p>\r\n<p>any suggest?</p>\r\n<p>thank, vespadj</p>\r\n",
    "PostedDate": "2010-11-15T09:08:17.423-08:00",
    "UserRole": null,
    "MarkedAsAnswerDate": null
  },
  {
    "Id": "522510",
    "ThreadId": "234734",
    "Html": "\r\n<p>Do you receive an error? What is the error?</p>\r\n<p>What host do you use to load the plugin?</p>\r\n",
    "PostedDate": "2010-11-15T22:18:29.91-08:00",
    "UserRole": null,
    "MarkedAsAnswerDate": null
  },
  {
    "Id": "522530",
    "ThreadId": "234734",
    "Html": "\r\n<p>None error or warning,</p>\r\n<p>Jacobi.Vst.Samples.Host.exe load it ok, other host can not load vst (vsthost, mu.lab, energtXT demo).</p>\r\n<p>What is the sample you suggest start to compile to test settings ?</p>\r\n<p>thanks, vespadj</p>\r\n",
    "PostedDate": "2010-11-15T23:41:06.12-08:00",
    "UserRole": null,
    "MarkedAsAnswerDate": null
  },
  {
    "Id": "523077",
    "ThreadId": "234734",
    "Html": "\r\n<p>OK! Now I can <strong>correctly compile</strong> with the IDE <strong>SharpDevelop</strong>&nbsp; 3.2.1 (freeware).</p>\r\n<p><strong>Procedure</strong>:</p>\r\n<ol>\r\n<li>copy to GAC files: Jacobi.Vst.Core.dll , Jacobi.Vst.Framework.dll </li><li>open Sample on ShapDevelop, delete reference Jacobi.Vst.Core.dll , Jacobi.Vst.Framework.dll and re-add them as GAC reference\r\n</li><li>copy Jacobi.Vst.Interop.* files to &lt;sample dir&gt;\\bin\\debug\\ </li><li>open Property prj and edit PostBuildEvent with vadid path of your system:\r\n<ul>\r\n<li>copy &quot;$(TargetPath)&quot; &quot;$(SolutionDir)<strong>bin\\Debug</strong>\\$(TargetName).net.vstdll&quot;\r\n</li><li>copy &quot;$(SolutionDir)<strong>bin\\Debug\\</strong>Jacobi.Vst.Interop.dll&quot; &quot;$(SolutionDir)<strong>bin\\Debug\\</strong>$(TargetName)$(TargetExt)&quot;\r\n</li></ul>\r\n</li><li>Re-Build solution </li><li>See error: if there are cycling references, delete it from References and re-build\r\n</li><li>Test vst on vsthost </li></ol>\r\n<p>Tested on Vista sp2 32bit all framework installed (2 to 4), VC&#43;&#43; redistribuitable 2005, 2008</p>\r\n",
    "PostedDate": "2010-11-17T00:14:06.087-08:00",
    "UserRole": null,
    "MarkedAsAnswerDate": null
  }
]