[
  {
    "Id": "444657",
    "ThreadId": "213107",
    "Html": "<p>Hi, this project looks like it will be a godsend to us but we're encountering a problem with it that is similar to something we have already hit while trying to create our own VST host code.</p>\r\n<p>\r\n<p>&nbsp;</p>\r\n</p>\r\n<p>A few of the VST instruments we are using (SoHaSonata, mda ePiano) work fine, while others (Drumatic_3, DVS Guitar) never provide any data when&nbsp;ProcessReplacing is called on them. That is to say, in the following example, buffer will always be filled with 0's no matter the MIDI provided to ProcessEvents earlier.\r\n<p>&nbsp;</p>\r\n</p>\r\n<p>&nbsp;&nbsp;&nbsp;&nbsp;&nbsp;&nbsp;&nbsp; Jacobi.Vst.Interop.Host.VstAudioBufferManager inManager = new VstAudioBufferManager(numOutputs, BlockSize);<br>&nbsp;&nbsp;&nbsp;&nbsp;&nbsp;&nbsp;&nbsp; Jacobi.Vst.Interop.Host.VstAudioBufferManager outManager = new VstAudioBufferManager(numOutputs, BlockSize);<br>&nbsp;&nbsp;&nbsp;&nbsp;&nbsp;&nbsp;&nbsp; Jacobi.Vst.Core.VstAudioBuffer[] buffer = outManager.ToArray();</p>\r\n<p>&nbsp;&nbsp;&nbsp;&nbsp;&nbsp;&nbsp;&nbsp; vst.PluginCommandStub.ProcessReplacing(inManager.ToArray(), buffer);</p>\r\n<p>To me this seems similar to a problem we encountered when writing our own C++ unmanaged host code that we called from C#. When input was provided from an external MIDI keyboard, handled in C# then passed to ProcessEvents, it worked fine, but if a MIDI event was generated in another way (by a button click on screen for example), no sound data was ever generated. This was incredibly wierd, and&nbsp;leads me to beleive that this is some sort of threading/permissons issue, as Drumatic and DVS Guitar write .sem files to the file system while SoHoSonata and ePiano do not. Does this seem like a likely scenario? Any other ideas?</p>\r\n<p>In any case, thanks for the immensely helpful work on VST.NET</p>\r\n<p>&nbsp;</p>",
    "PostedDate": "2010-05-18T19:10:32.547-07:00",
    "UserRole": null,
    "MarkedAsAnswerDate": null
  },
  {
    "Id": "444697",
    "ThreadId": "213107",
    "Html": "<p>Thanks for your kind words.</p>\r\n<p>I am not familiar with these plugins. Is there an exsisting&nbsp;host that does work? Perhaps in that case you could try them in that host using the PluginWrapper sample (download source). This would allow you to see what calls are made from the host&nbsp;to the plugin and visa versa. You could even set a breakpoint in the C# wrapper code.&nbsp;That would also give you the opportunitity to switch on the diagnostics traces in Interop that will print out information on method opcodes dispatched.</p>\r\n<p>Hope it helps.</p>",
    "PostedDate": "2010-05-18T22:15:42.457-07:00",
    "UserRole": null,
    "MarkedAsAnswerDate": null
  },
  {
    "Id": "444700",
    "ThreadId": "213107",
    "Html": "<p>Yes these plugins work in OpenMPT (<a href=\"http://sourceforge.net/projects/modplug/\">http://sourceforge.net/projects/modplug/</a>). And they worked *in most cases* in our previous version without using VST.NET (though VST.NET is much more responsive). There might be something to your suggestion of wrapping one of these instruments in C# wrapper for testing though, and I will look in to that, thanks.</p>",
    "PostedDate": "2010-05-18T22:25:33.543-07:00",
    "UserRole": null,
    "MarkedAsAnswerDate": null
  }
]