[
  {
    "Id": "586890",
    "ThreadId": "251305",
    "Html": "\r\n<p>Hi Marc,<br>\r\nfirst of all, thanks for the brilliant framework - excellent work indeed!<br>\r\nI am trying to set up an audio effect with a custom editor (using Cakewalk Sonar Home Studio as a host). Everything works fine except for automation / parameter persistence.<br>\r\nWithin the change handler of my parameter controls, I tried VstParameterManager.ChangeValue(x) as well as VstParameterManager.ActiveParameter.Value = x, but no automation data are written, and the updated value is not saved on host termination.<br>\r\nWhen using the built-in default host editor instead, everything works as far as UI-generated parameter changes are concerned. Changing the parameter from within a timer elapsed handler does not work either.<br>\r\nOnly if I switch programs back and forth, the changed value will become persistant.<br>\r\nDo you have any hint for me what to try or where to look for a solution?<br>\r\nBest regards,<br>\r\nLutz</p>\r\n",
    "PostedDate": "2011-03-26T06:40:57.193-07:00",
    "UserRole": null,
    "MarkedAsAnswerDate": null
  },
  {
    "Id": "586894",
    "ThreadId": "251305",
    "Html": "<p>Hi Lutz,</p>\r\n<p>First of all VstParameterManager.ChangeValue only changes the value on the manager object itself, not the parameter. The correct call is the VstParameterManager.ActiveParameter.Value property. Indirectly that should also trigger the ChangeValue method (through changed event on the VstParameter itself).<br /><br />The VstParameterManager does not automatically call the IVstHostAutomation.EditParameter and SetParameterAutomated. Oops I see that SetParameterAutomated is not exposed in the Framework (IVstHostAutomation). You can use the VstHostCommandStub on the Host property to access it - you receive the host in IVstPlugin.Open. Meanwhile I will add it ;-)<br /><br />I think that if you call these methods it will work as expected. BUT (disclaimer) I haven't tested this myself (painfully obvisously ;-).&nbsp;<br />BTW: Are you sure you set the CanBeAutomated property on each VstParameterInfo?<br /><br />Give it a try and let me know if it works.<br />Hope it helps,<br />Marc</p>",
    "PostedDate": "2011-03-26T06:46:40.933-07:00",
    "UserRole": null,
    "MarkedAsAnswerDate": null
  },
  {
    "Id": "586898",
    "ThreadId": "251305",
    "Html": "<p>Hi Marc,<br />thanks a lot for the instantaneous response - I will give your proposal a try as soon as possible.<br />Yes, I set CanBeAutomated to 'true'; I guess that's why automation and persistence works fine when using the host's default editor.<br />I have no objections against using the forum - I just did not dare to as I am totally new to the subject. Do you have means to publish this thread belatedly? Please do so, if you like; in that case I would post my results (or further questions) there.<br />Thanks again<br />Lutz</p>",
    "PostedDate": "2011-03-26T06:48:35.03-07:00",
    "UserRole": null,
    "MarkedAsAnswerDate": null
  },
  {
    "Id": "586901",
    "ThreadId": "251305",
    "Html": "<p>Persistance will probably work automatically by the host. You can also implement custom persistence, but if you only have standard programs/parameters you shouldn't have to.</p>\r\n<p>I've checked in the changes. Get the latest source if you want to try it out.</p>\r\n<p>(I think we have now documented our emails ;-)</p>\r\n<p>Marc</p>",
    "PostedDate": "2011-03-26T06:52:01.83-07:00",
    "UserRole": null,
    "MarkedAsAnswerDate": null
  },
  {
    "Id": "586907",
    "ThreadId": "251305",
    "Html": "<p>(BTW - I am not new to programming, I am just new to VST and to using forums... :) )</p>\r\n<p>In the meantime I managed to access the IVstHostAutomation and IVstHostCommandStub instances by calls to IVstHost.GetInstance&lt;T&gt;().</p>\r\n<p>I called EditParameter() and SetParameterAutomated() passing '0' as parameterIndex (there is only one parameter up to now), and - voila - automation and persistance work perfectly now from the custom user interface - great!</p>\r\n<p>What happens, if more than one parameter are involved? Would I index the parameters in the order they have been created? Or can I retrieve a parameter's index somehow from VstParameterManager.ActiveParameter?</p>\r\n<p>Lutz</p>",
    "PostedDate": "2011-03-26T07:03:38.427-07:00",
    "UserRole": null,
    "MarkedAsAnswerDate": null
  },
  {
    "Id": "586916",
    "ThreadId": "251305",
    "Html": "<p>Indexing in the order in which the parameters have been added to the VstProgram's .Parameters collection works fine.</p>\r\n<p>Summary:<br />For full integration (Plugin parameter change, host automation, host persistence) a custom editor parameter control (knob, slider etc.) should initiate the following calls from within its ValueChanged handler:</p>\r\n<ul>\r\n<li>ParameterManager.ActiveParameter.Value = &lt;value&gt;;</li>\r\n<li>IVstHostAutomation.EditParameter(&lt;parameter index within VstProgram.Parameters&gt;);</li>\r\n<li>IVstHostAutomation (or IVstHostCommandStub in previous framework versions) .SetParameterAutomated(&lt;index&gt;, &lt;value&gt;);</li>\r\n</ul>\r\n<p>Lutz</p>",
    "PostedDate": "2011-03-26T08:10:10.377-07:00",
    "UserRole": null,
    "MarkedAsAnswerDate": null
  },
  {
    "Id": "586924",
    "ThreadId": "251305",
    "Html": "<p>- the ValueChanged event handler of the UI control, I presume...</p>\n<p>Dont forget to call Dispose on the return value of EditParameter. The EditParameter call is meant (from what I understand) to be called from the UI: call EditParameter on mouse down and Dispose on the return value on mouse up. Any drag movement the user makes with the mouse (while the button is down)&nbsp;that causes parameter value changes should be called in with SetParameterAutomated. Not sure if the host will call your \"SetParameter\" (VstParameter.Value) in response to the call to SetParameterAutomated, though...</p>\n<p>I designed the VstParameter to get rid of the whole parameter-by-index stuff (used by the native VST interface) . But I never got the host calls to integrate. Perhaps this is a good time to see if we can smooth it a bit...? Perhaps just adding an Index property on the VstParameter object would allow you to pass in VstParameter references to the EditParameter and SetParameterAutomated calls...?</p>",
    "PostedDate": "2011-03-26T08:29:52.033-07:00",
    "UserRole": null,
    "MarkedAsAnswerDate": null
  },
  {
    "Id": "586935",
    "ThreadId": "251305",
    "Html": "<p>With my host (Cakewalk Sonar Home Studio), EditParameter returns a null object, so I cannot call Dispose().<br />If skip the call to EditParameter() (or BeginEdit()/EndEdit()), automation and persistence are still fully functional.<br />The behaviour may be different with other hosts??</p>\r\n<p>For the Sonar host, I can confirm, that SetParameterAutomated does not trigger any PropertyChanged event on the corresponding ParameterManager;<br />setting ParameterManager.ActiveParameter.Value is obviously required.</p>\r\n<p>As the UI control event handler needs the ActiveParameter anyway, it would of course be nice if it could be passed to SetParameterAutomated with the VstParameter instance \"knowing\" its index and its updated value; the new signatures would then be SetParameterAutomated(VstParameter parameter) and EditParameter(VstParameter parameter)??</p>",
    "PostedDate": "2011-03-26T09:39:08.703-07:00",
    "UserRole": null,
    "MarkedAsAnswerDate": null
  },
  {
    "Id": "586951",
    "ThreadId": "251305",
    "Html": "<p>If EditParameter returns null, it means the host does not support it. Indeed for other hosts it might return a non-null value. So I would check and call Dispose if return value is non-null.</p>\r\n<p>Your suggestions is exactly what I was thinking about. ;-)</p>\r\n<p>I will get to work on it ;-)</p>",
    "PostedDate": "2011-03-26T10:33:08.807-07:00",
    "UserRole": null,
    "MarkedAsAnswerDate": null
  },
  {
    "Id": "586993",
    "ThreadId": "251305",
    "Html": "<p>I've checked in the changes. Please check it out and let me know if this works for you.</p>\r\n<p>VstParameter now has an Index property. It is a calculated property value (IndexOf on the collection) in order to simplify maintenance when inserting parameters.</p>\r\n<p>EditParameter has been renamed to BeginEditParameter and SetParameterAutomated has been renamed to NotifyParameterValueChange and both take a VstParameter instance. For NotifyParameterValueChanged the idea is that you set the new value on the VstParameter and supply that to the method to notify the host.</p>",
    "PostedDate": "2011-03-26T12:49:28.157-07:00",
    "UserRole": null,
    "MarkedAsAnswerDate": null
  },
  {
    "Id": "587149",
    "ThreadId": "251305",
    "Html": "<p>Sounds great!</p>\r\n<p>Unfortunately I am neither set up for VS2008 nor for Subversion - so I currently cannot participate/contribute on source code / source control level.</p>\r\n<p>BTW: I opened and \"issue\" that may be relevant for a lot of users depending on which Types their plugin assembly contains: ManagedPluginFactory.LocateTypeByInterface may cause an exeption, if the Type.FullName property is &lt;null&gt;, which - strange enough - may happen.</p>",
    "PostedDate": "2011-03-27T05:22:10.28-07:00",
    "UserRole": null,
    "MarkedAsAnswerDate": null
  },
  {
    "Id": "587227",
    "ThreadId": "251305",
    "Html": "<p>You can just download the sources in a zip. VS2008 is another matter. if you use VS2010 it will upgrade for you (but you will run on .NET 4.0) if it is VS2005 you have to rebuild the project files...</p>\r\n<p>Thanx for&nbsp;submitting the issue. Its through feedback like this that everybody benifits and the stability of VST.NET increases. Thanx!</p>",
    "PostedDate": "2011-03-27T11:37:07.31-07:00",
    "UserRole": null,
    "MarkedAsAnswerDate": null
  },
  {
    "Id": "587235",
    "ThreadId": "251305",
    "Html": "<p>Just updated the source. Drop me an email at obiwanjacobi at hotmail dot com and I'll send you the compiled dlls in a zip. ;-)</p>",
    "PostedDate": "2011-03-27T11:52:05.417-07:00",
    "UserRole": null,
    "MarkedAsAnswerDate": null
  }
]