[
  {
    "Id": "1434892",
    "ThreadId": "641536",
    "Html": "I've been profiling a bit and the property indexer showed up on top:<br />\n<pre><code>/// &lt;summary&gt;\n/// Gets or sets (see remarks) the sample value at &lt;paramref name=&quot;index&quot;/&gt;.\n/// &lt;/summary&gt;\n/// &lt;param name=&quot;index&quot;&gt;A zer-based index into the buffer.&lt;/param&gt;\n/// &lt;returns&gt;Returns the sample value.&lt;/returns&gt;\n/// &lt;remarks&gt;The setter will cause an exception when &lt;see cref=&quot;CanWrite&quot;/&gt; is false.&lt;/remarks&gt;\n/// &lt;exception cref=&quot;ArgumentOutOfRangeException&quot;&gt;Thrown when the specified &lt;paramref name=&quot;index&quot;/&gt; was not greater \n/// or equal to zero or it was greater or equal to &lt;see cref=&quot;SampleCount&quot;/&gt;.&lt;/exception&gt;\n/// &lt;exception cref=&quot;InvalidOperationException&quot;&gt;Thrown when the setter was used on a read-only buffer (&lt;see cref=&quot;CanWrite&quot;/&gt; is false).&lt;/exception&gt;\npublic float this[int index]\n{\n    get\n    {\n        Throw.IfArgumentNotInRange(index, 0, SampleCount - 1, &quot;index&quot;);\n\n        unsafe\n        {\n            return Buffer[index];\n        }\n    }\n    set\n    {\n        if (!CanWrite) throw new InvalidOperationException(Properties.Resources.VstAudioBuffer_BufferNotWritable);\n        Throw.IfArgumentNotInRange(index, 0, SampleCount - 1, &quot;index&quot;);\n\n        unsafe\n        {\n            Buffer[index] = value;\n        }\n    }\n}</code></pre>\n\nI cooked up this reflection incantation to get a pointer to the private buffer.<br />\n<pre><code>System.Reflection.FieldInfo field = typeof(VstAudioBuffer).GetField(&quot;&lt;Buffer&gt;k__BackingField&quot;, System.Reflection.BindingFlags.Instance | System.Reflection.BindingFlags.NonPublic);\nfloat* a = (float*)System.Reflection.Pointer.Unbox(field.GetValue(mixOutputBuffers[i]));</code></pre>\n\nSubsequently I just write directly to the pointer in unsafe block.\r<br />\nWhat are your thoughts about it?<br />\n",
    "PostedDate": "2015-07-18T09:03:06.36-07:00",
    "UserRole": null,
    "MarkedAsAnswerDate": null
  },
  {
    "Id": "1435942",
    "ThreadId": "641536",
    "Html": "Are you having performance problems?\r<br />\n<br />\nI don't really see any issue with using unsafe code in this context, but of course the question must be asked: is this necessary? Are you dong very complex audio operations?<br />\n",
    "PostedDate": "2015-07-25T01:52:17.473-07:00",
    "UserRole": null,
    "MarkedAsAnswerDate": null
  },
  {
    "Id": "1435944",
    "ThreadId": "641536",
    "Html": "I'm currently having a problem with crackling audio, and I'm wondering if it's a performance problem...\r<br />\n<br />\nThe CPU doesn't spike but I think I've eliminated every other possibility...<br />\n",
    "PostedDate": "2015-07-25T01:58:53.353-07:00",
    "UserRole": null,
    "MarkedAsAnswerDate": null
  },
  {
    "Id": "1435945",
    "ThreadId": "641536",
    "Html": "<pre><code>This method seems to be causing a problems. It's a very inefficient way to copy an array of buffers but I wouldn't think it would cause my very fast CPU to not keep up.\n\n        private static VstAudioBuffer[] Copy(List&lt;VstAudioBuffer[]&gt; buffers, int bufferCount, int bufferSize)\n        {\n            using (interophost.VstAudioBufferManager outputMgr = new interophost.VstAudioBufferManager(bufferCount, bufferSize))\n            {\n                var outputBuffer = outputMgr.ToArray();\n\n                foreach (var buffer in buffers)\n                {\n                    for (int i = 0; i &lt; bufferCount; i++)\n                    {\n                        for (int n = 0; n &lt; bufferSize; n++)\n                        {\n                            outputBuffer[i][n] = buffer[i][n];\n                        }\n                    }\n                }\n\n                return outputBuffer;\n            }\n        }</code></pre>\n\n",
    "PostedDate": "2015-07-25T02:09:28.297-07:00",
    "UserRole": null,
    "MarkedAsAnswerDate": null
  },
  {
    "Id": "1435955",
    "ThreadId": "641536",
    "Html": "Hi Kruddler, \r<br />\n<br />\nYeah intermittent crackling is probably a sign you couldn't fill the audio buffer fast enough in the audio card callback. The most important optimization I made was to register the audio thread with MMCSS. In my case most of the time was spent in the mixing operations. Writing to them with pointer arithmetic makes a measurable difference. The release build is getting usable but I still get crackling in debug builds.<br />\n",
    "PostedDate": "2015-07-25T05:41:08.143-07:00",
    "UserRole": null,
    "MarkedAsAnswerDate": null
  },
  {
    "Id": "1435956",
    "ThreadId": "641536",
    "Html": "The speed of your CPU is one factor, availability of the CPU is another. Ideally you'd have one CPU core spinning waiting to execute your audio callback as soon as needed. Let's say you have 50ms to get out of audio callback. The thread scheduler notices the callback event and waits 30ms before handing control. Now you only have 20ms to do the job. One way to alleviate this kind of problem is having more latency with larger buffer count. This eliminates the thread scheduling overhead. Another way is to register the thread with MMCSS which guarantees faster scheduling if a core is available. I'd like the bottleneck to be the VST ProcessReplacing in my host. That makes sense since that's where the heavy DSP takes place.<br />\n",
    "PostedDate": "2015-07-25T05:56:45.25-07:00",
    "UserRole": null,
    "MarkedAsAnswerDate": null
  },
  {
    "Id": "1435960",
    "ThreadId": "641536",
    "Html": "<blockquote>\nThis method seems to be causing a problems. It's a very inefficient way to copy an array of buffers but I wouldn't think it would cause my very fast CPU to not keep up.<br />\n</blockquote>\n<ul>\n<li>This method also relies heavily on the method I mentioned in the first post. When you execute this:</li>\n</ul>\n<pre><code>outputBuffer[i][n] = buffer[i][n];</code></pre>\n\nYou are in fact executing the indexer property overload for the [ ] operator:<br />\n<pre><code>public float this[int index] { ... }</code></pre>\n\nMultiply this by number of VST, number of channels, number of samples and number of mixing operations and you spend a whole lot of time in the indexer. Much more efficient to write sequentially to optimize the pipelined output of the CPU:<br />\n<pre><code>// Where buffers are type of float*[]\nunsafe\n{\n   for (int i = 0; i &lt; channels; i++)\n      for (int j = 0; j &lt; bufferCount; j++)\n         outputBuffer[i][j] = buffer[i][j];\n}</code></pre>\n\nOne thing I worried about was memory relocation though. Is this a problem and does the fixed keyword can 'fix' it, I don't know.<br />\n",
    "PostedDate": "2015-07-25T07:20:54.5-07:00",
    "UserRole": null,
    "MarkedAsAnswerDate": null
  },
  {
    "Id": "1435986",
    "ThreadId": "641536",
    "Html": "Thanks again Yury!\r<br />\n<br />\nI don't work in the unsafe world very often, but this may be what I need to get over the hump. I'll post my results soon.\r<br />\n<br />\nGood timing that you're working in the same area right now.<br />\n",
    "PostedDate": "2015-07-25T17:25:54.187-07:00",
    "UserRole": null,
    "MarkedAsAnswerDate": null
  },
  {
    "Id": "1436092",
    "ThreadId": "641536",
    "Html": "I'm working on a modular synth. Just the other day, processing was a huge issue but I've gotten over the humps now.\r<br />\n<br />\n2 Big things!\r<br />\n<br />\n1) While using the indexer property probably was using up CPU, I found that my major problem was creating buffers in a loop. I was calling this code:<br />\n<pre><code>                var outputMgr = new interophost.VstAudioBufferManager(channelCount, sampleCount);\n                var outputBuffer = outputMgr.ToArray();</code></pre>\n\nThat was massively expensive, so now, I create an array of working buffers at startup, and never recreate the array of buffers until I need more.\r<br />\n<br />\n2) Parallel Processing!\r<br />\n<br />\nOne of the issues anyone in .Net will face is that by default you will be working on the same thread as the UI, and that processing is done in serial by default. But, In my case, because I am running the ProcessReplacing method on many synths at once, I can take full advantage of the many cores I have. <br />\n<pre><code>        public static void ProcessInputs(VstAudioBuffer[] inputAudioBuffers, List&lt;IAudioElement&gt; inputElements, VstAudioBuffer[][] workingBuffers)\n        {\n            Parallel.ForEach&lt;IAudioElement&gt;(inputElements, currentInput =&gt;\n            {\n                currentInput.ProcessReplacing(inputAudioBuffers, workingBuffers[inputElements.IndexOf(currentInput)]);\n            });\n        }</code></pre>\n\nUnfortunately, this caused an error to occur in some other code. This here was erroring:<br />\n<pre><code>        public VstTimeInfo GetTimeInfo(VstTimeInfoFlags filterFlags)\n        {\n            return _HostCmdStub.GetTimeInfo(filterFlags);\n        }</code></pre>\n\nMaybe Marc never planned for parallel programming?\r<br />\n<br />\nBut, anyway, my code still works when I comment out the line:<br />\n<pre><code>        public VstTimeInfo GetTimeInfo(VstTimeInfoFlags filterFlags)\n        {\n            return null;\n        }</code></pre>\n\nThe moral of the story?\r<br />\n<br />\nDon't create buffers in a loop, and use parallel programming!<br />\n",
    "PostedDate": "2015-07-27T03:53:08.23-07:00",
    "UserRole": null,
    "MarkedAsAnswerDate": null
  },
  {
    "Id": "1436096",
    "ThreadId": "641536",
    "Html": "Thanks to some ideas from Yury, this is my summing (audio mixing) code:<br />\n<pre><code>    public static void Sum(VstAudioBuffer[][] sourceBuffers, int channelCount, int sampleSize, ref VstAudioBuffer[] summedAudioBuffer)\n    {\n        unsafe\n        {\n            for (int i = 0; i &lt; channelCount; i++)\n                for (int n = 0; n &lt; sampleSize; n++)\n                {\n                    float value = 0;\n\n                    for (int x = 0; x &lt; sourceBuffers.Length; x++)                      \n                        value += sourceBuffers[x][i][n];\n\n                    summedAudioBuffer[i][n] = value;\n                }\n\n        }\n    }\n</code></pre>\n\nYury, would using the code you posted above help to speed this up?<br />\n<pre><code>System.Reflection.FieldInfo field = typeof(VstAudioBuffer).GetField(&quot;&lt;Buffer&gt;k__BackingField&quot;, System.Reflection.BindingFlags.Instance | System.Reflection.BindingFlags.NonPublic);\nfloat* a = (float*)System.Reflection.Pointer.Unbox(field.GetValue(mixOutputBuffers[i]));</code></pre>\n\n",
    "PostedDate": "2015-07-27T04:10:30.137-07:00",
    "UserRole": null,
    "MarkedAsAnswerDate": null
  },
  {
    "Id": "1436097",
    "ThreadId": "641536",
    "Html": "I'm considering leaving the code like this...\r<br />\n<br />\nI'm not sure if this would be useful or not, but I figure that if the CPU is busy with something like UI, it would push the work to a different core. IS this reasonable?<br />\n<pre><code>\n        public static void Sum(VstAudioBuffer[][] sourceBuffers, int channelCount, int sampleSize, VstAudioBuffer[] summedAudioBuffer)\n        {\n            Parallel.Invoke\n            (\n                () =&gt;\n                {\n                    unsafe\n                    {\n                        for (int i = 0; i &lt; channelCount; i++)\n                            for (int n = 0; n &lt; sampleSize; n++)\n                            {\n                                float value = 0;\n\n                                for (int x = 0; x &lt; sourceBuffers.Length; x++)\n                                    value += sourceBuffers[x][i][n];\n\n                                summedAudioBuffer[i][n] = value;\n                            }\n\n                    }\n                }\n            );\n        }</code></pre>\n\n",
    "PostedDate": "2015-07-27T04:28:21.64-07:00",
    "UserRole": null,
    "MarkedAsAnswerDate": null
  },
  {
    "Id": "1436137",
    "ThreadId": "641536",
    "Html": "<blockquote>\nYury, would using the code you posted above help to speed this up?<br />\n</blockquote>\n<ul>\n<li>\nYes, the idea is to hoist the Buffer private variable out of VstAudioBuffer and cast it to something like float* or float*[]. After use that pointer instead of VstAudioBuffer. If you're interested I can post complete code later.<br />\n</li>\n</ul>\n<blockquote>\nMaybe Marc never planned for parallel programming? <br />\n</blockquote>\n<ul>\n<li>\nVst.Net isn't thread safe. If you're working in a multithreaded context (like I do) I'd avise to wrap every call to Vst.Net DLL in a lock. It's usual to have non thread-safe library because the caller is able to make better locking decisions.<br />\n</li>\n</ul>\nYou definitely don't want to do audio processing on the main thread (UI). On the other hand I have doubts about parallel processing for audio in .Net. The overhead to setup, synchronize and tear down parallel processing might be higher than the cost of executing ProcessReplacing in series. In my experience the Parallel library seems better suited for long running task. One thing worth checking out is the priority of the threads spawned by the Parallel library, one high-priority thread could be faster than 5 normal priority threads running in parallel.<br />\n<blockquote>\nI'm not sure if this would be useful or not, but I figure that if the CPU is busy with something like UI, it would push the work to a different core. IS this reasonable?<br />\n</blockquote>\n<ul>\n<li>\nYes this would likely be scheduled to another core just like a regular high-prioirty thread but the cost of frequently spawning new threads might hurt in the long run.<br />\n</li>\n</ul>\nHere's my approach to thread management:<br />\n<ul>\n<li>Find out your entry point for audio processing, in my case it's the audio callback.</li>\n<li>Make sure you create/initialize that callback in a new thread, a regular thread will do but I recommend boosting priority with MMCSS.</li>\n<li>Push events to that thread to initialize other audio processing tasks such as a VST plugins.</li>\n<li>\nWhen the callback executes, you should already be in the context of that new thread<br />\n</li>\n</ul>\nOpen VisualStudio Debug-&gt;Windows-&gt;Threads and verify that the current thread is not the UI thread in the audio processing path.<br />\n<br />\nThe end result is a normal priority thread for the UI and a high-priority thread for the audio.<br />\n",
    "PostedDate": "2015-07-27T07:51:09.22-07:00",
    "UserRole": null,
    "MarkedAsAnswerDate": null
  },
  {
    "Id": "1436224",
    "ThreadId": "641536",
    "Html": "This should give you a better idea of the direct buffer access trick:<br />\n<pre><code>public unsafe sealed class VstHost\n{\n        float*[] directBuffers;\n        int channelCount;\n        int sampleCount;\n        [...]\n\n        // Call this only once before processing audio, reflection is an expensive operation\n        unsafe void Init()\n        {\n            VstAudioBufferManager vstAudioBufferManager = new VstAudioBufferManager(channelCount, sampleCount);\n            VstAudioBuffer[] vstAudioBuffer = vstAudioBufferManager.ToArray();\n\n            directBuffers = new float*[channelCount];\n\n            System.Reflection.FieldInfo field = typeof(VstAudioBuffer).GetField(&quot;&lt;Buffer&gt;k__BackingField&quot;, \n                                                                                System.Reflection.BindingFlags.Instance | \n                                                                                System.Reflection.BindingFlags.NonPublic);\n\n            for (int i = 0; i &lt; channelCount; i++)\n                directBuffers[i] = (float*)System.Reflection.Pointer.Unbox(field.GetValue(vstAudioBuffer[i]));\n        }\n\n        // Perform DSP on the direct buffer instead of vstAudioBuffer\n        // Direct buffer points to the private member vstAudioBuffer.Buffer \n        unsafe void ChangeVolume(float volume)\n        {\n            for (int i = 0; i &lt; channelCount; i++)\n                for (int j = 0; j &lt; sampleCount; j++)\n                    directBuffers[i][j] *= volume;\n        }\n}\n</code></pre>\n\n",
    "PostedDate": "2015-07-27T17:39:04.877-07:00",
    "UserRole": null,
    "MarkedAsAnswerDate": null
  },
  {
    "Id": "1436227",
    "ThreadId": "641536",
    "Html": "Here's a relevant screenshot from the debugger in the audio processing path of my host:<br />\n<img src=\"http://i61.tinypic.com/333g3kw.png\" alt=\"Image\" /><br />\n<br />\nProcess explorer by Mark Russinovich is another good tool to check your threads behavior:<br />\n<img src=\"http://i61.tinypic.com/acc47r.png\" alt=\"Image\" /><br />\n",
    "PostedDate": "2015-07-27T18:28:19.27-07:00",
    "UserRole": null,
    "MarkedAsAnswerDate": null
  },
  {
    "Id": "1436893",
    "ThreadId": "641536",
    "Html": "Hi Guys (I'm back)<br />\n<br />\nA few words on the VstAudioBuffer.<br />\n<br />\nThe VstAudioBufferManager manages an continuous piece of unmanaged (pinned) memory for the Managed Host. The idea is to use a static instance of the manager in your host application. All buffers you need should come from this one manager. So if you need additional (temp) buffers for other purposes, include them in the count you pass into the ctor. If you need buffers of different sizes - see if you can you can use larger size buffers or worst case - allocate another manager for that size. But keep the count of managers low.<br />\n<br />\nAlso allocate all your buffers up front. Do NOT allocate (large) memory blocks during processing. Using the VstAudioBufferManager as a temp tool to copy is NOT recommended at all!<br />\n<br />\nThe VstAudioBuffer instances that a manager owns, all point to their own little piece (size) in the continuous memory block. Internally the VstAudioBuffer is noting more than a pointer to the raw sample buffer. For a managed plugin this raw pointer is provided by the host and for a managed host the VstAudioBufferManager takes care of that for you. The thinking is that this is the most performant way to interface an unmanaged pointer to managed code (thank god C# allows this).<br />\n<br />\nThe public methods of the VstAudioBuffer only expose members that allow safe access to the underlying unmanaged/unsafe memory buffer. But there is a IDirectBufferAccess32/64 interface that the VstAudioBuffer implements that exposes the internal raw pointer. <br />\n<a href=\"http://vstnet.codeplex.com/SourceControl/latest#Source/Code/Jacobi.Vst.Core/IDirectBufferAccess.cs\" rel=\"nofollow\">http://vstnet.codeplex.com/SourceControl/latest#Source/Code/Jacobi.Vst.Core/IDirectBufferAccess.cs</a> <br />\nUse that (instead of reflection ;-) to gain access to the raw buffer. Note that YOU are responsible for not overrunning the buffer size! Perhaps implement buffer access logic with the safe public methods in your code to check for correct function and #ifdef the unsafe implementation to get the speed you need. That way you know that if your code is working in the safe-mode - any bugs will have to be caused by your unsafe pointer manipultion code.<br />\n<br />\nThe VstAudioBuffer.Copy method is an example of how to use the unmanaged pointer. <a href=\"http://vstnet.codeplex.com/SourceControl/latest#Source/Code/Jacobi.Vst.Core/VstAudioBuffer.cs\" rel=\"nofollow\">http://vstnet.codeplex.com/SourceControl/latest#Source/Code/Jacobi.Vst.Core/VstAudioBuffer.cs</a><br />\n<br />\nHope it helps.<br />\nMarc<br />\n",
    "PostedDate": "2015-08-02T00:41:52.417-07:00",
    "UserRole": null,
    "MarkedAsAnswerDate": null
  },
  {
    "Id": "1436921",
    "ThreadId": "641536",
    "Html": "Thanks Marc didn't notice that the buffer was accessible through an interface. I'm glad to get rid of Reflection :)<br />\n <br />\nWould this be better ?<br />\n<pre><code>int nbInputs = 2;\nint nbOutputs = 2;\n\nfloat*[] inputsDirectBuffer = new float*[nbInputs];\nfloat*[] outputsDirectBuffer = new float*[nbOutputs];\n\nVstAudioBuffer[] inputsVstAudioBuffer = new VstAudioBuffer[nbInputs];\nVstAudioBuffer[] outputsVstAudioBuffer = new VstAudioBuffer[nbOutputs];\n\nVstAudioBufferManager vstAudioBufferManager = new VstAudioBufferManager(nbInputs + nbOutputs, blockSize);\nIEnumerator bufferEnumerator = vstAudioBufferManager.GetEnumerator();\nbufferEnumerator.MoveNext();\n\nfor (int i = 0; i &lt; nbInputs; i++)\n{\n    inputsVstAudioBuffer[i] = (VstAudioBuffer)bufferEnumerator.Current;\n    inputsDirectBuffer[i] = ((IDirectBufferAccess32)inputsVstAudioBuffer[i]).Buffer;\n    bufferEnumerator.MoveNext();\n}\n\nfor (int i = 0; i &lt; nbOutputs; i++)\n{\n    outputsVstAudioBuffer[i] = (VstAudioBuffer)bufferEnumerator.Current;\n    outputsDirectBuffer[i] = ((IDirectBufferAccess32)outputsVstAudioBuffer[i]).Buffer;\n    bufferEnumerator.MoveNext();\n}</code></pre>\n\n",
    "PostedDate": "2015-08-02T11:26:48.547-07:00",
    "UserRole": null,
    "MarkedAsAnswerDate": null
  },
  {
    "Id": "1436936",
    "ThreadId": "641536",
    "Html": "Thanks to the both of you!\r<br />\n<br />\nI've been focusing on a different part of the app, but this discussion is a treasure of trove of useful information!\r<br />\n<br />\nI will look in to implementing this stuff when time permits.<br />\n",
    "PostedDate": "2015-08-02T16:01:28.743-07:00",
    "UserRole": null,
    "MarkedAsAnswerDate": null
  },
  {
    "Id": "1436967",
    "ThreadId": "641536",
    "Html": "@Yury: perhaps a class that contains the VstAudioBuffer and raw float* pair (and a Count?) would be a nice way to keep them together. <br />\n<pre><code>public class MyAudioBufferInfo\n{\n    public float* Raw {get;}\n    public int Count {get;}\n    public VstAudioBuffer Buffer {get;}\n}</code></pre>\n\nAlso, I would not re-assign the VstAudioBuffer array elements like that - I would prefer to use a List&lt;MyAudioBufferInfo&gt; - but its not wrong...<br />\n<br />\nOh, there was also a discussion on Parallel / multi threading / locking. What Yury said was bang on: VST.NET is NOT thread safe because those decisions have to be made by your implementation. Any locks VST..NET would add - would hurt some scenario. Note that loading VST.NET plugins MUST be single threaded. So don't do any fancy stuff (parallel directory scanning etc) when scanning / loading Plugins.<br />\n<br />\n[2c]<br />\nMarc<br />\n",
    "PostedDate": "2015-08-03T00:16:10.39-07:00",
    "UserRole": null,
    "MarkedAsAnswerDate": null
  },
  {
    "Id": "1449605",
    "ThreadId": "641536",
    "Html": "Guys, I'm resurrecting this thread. Using this interface has helped a lot. The accessors Jacobi.Vst.Core.VstAudioBuffer.set_Itemand Jacobi.Vst.Core.VstAudioBuffer.get_Item are taking up a lot less of the exclusive samples in the profiler. I'm getting a lot less crackling. However, I still get a little crackling. Am I using the code correctly? Any other tips here?<br />\n<pre><code>\n        public static void Sum(VstAudioBuffer[][] sourceBuffers, int channelCount, int sampleSize, VstAudioBuffer[] summedAudioBuffer)\n        {\n            //TODO: Are these safe to declare here? Will they get overwritten by each other?\n            IDirectBufferAccess32 summedAudioBufferAsIDirectBufferAccess32 = null;\n            IDirectBufferAccess32 sourceBufferAsIDirectBufferAccess32 = null;\n\n            Parallel.Invoke\n            (\n                () =&gt;\n                {\n                    unsafe\n                    {\n                        for (int i = 0; i &lt; channelCount; i++)\n                        {\n\n                            for (int n = 0; n &lt; sampleSize; n++)\n                            {\n                                summedAudioBufferAsIDirectBufferAccess32 = summedAudioBuffer[i];\n                                summedAudioBufferAsIDirectBufferAccess32.Buffer[n] = 0;\n\n                                for (int x = 0; x &lt; sourceBuffers.Length; x++)\n                                {\n                                    sourceBufferAsIDirectBufferAccess32 = sourceBuffers[x][i];\n                                    summedAudioBufferAsIDirectBufferAccess32.Buffer[n] += sourceBufferAsIDirectBufferAccess32.Buffer[n];\n                                }\n                            }\n                        }\n                    }\n                }\n            );\n        }</code></pre>\n\nAnd<br />\n<pre><code>        public static void ProcessInputs(VstAudioBuffer[] inputAudioBuffers, ObservableCollection&lt;IAudioElement&gt; inputElements, VstAudioBuffer[][] workingBuffers)\n        {\n            //TODO: Are these safe to declare here? Will they get overwritten by each other?\n            IDirectBufferAccess32 workingBuffer = null;\n\n            Parallel.ForEach&lt;IAudioElement&gt;(inputElements, currentInput =&gt;\n            {\n                unsafe\n                {\n                    var index = inputElements.IndexOf(currentInput);\n                    currentInput.ProcessReplacing(inputAudioBuffers, workingBuffers[index]);\n\n                    for (int i = 0; i &lt; workingBuffers[index].Length; i++)\n                    {\n                        for (int n = 0; n &lt; workingBuffers[index][i].SampleCount; n++)\n                        {\n                            workingBuffer = workingBuffers[index][i];\n                            workingBuffer.Buffer[n] *= inputElements[index].Gain;\n                        }\n                    }\n                }\n            });\n        }</code></pre>\n\n",
    "PostedDate": "2015-10-24T18:54:44.14-07:00",
    "UserRole": null,
    "MarkedAsAnswerDate": null
  },
  {
    "Id": "1449615",
    "ThreadId": "641536",
    "Html": "I've had a bit of a frustrating day. I've been optimizing like a mofo. According to the profiler, what I am doing is making the code more efficient because I'm reducing the amount of exclusive % of time in my methods. But, I'm still getting crackling. Here's one of my methods that has been further optimized. I removed parallel processing because I think it was causing more performance loss than it was gaining.<br />\n<pre><code>        public static void ProcessInputs(VstAudioBuffer[] inputAudioBuffers, ObservableCollection&lt;IAudioElement&gt; inputElements, VstAudioBuffer[][] workingBuffers)\n        {\n            //TODO: Are these safe to declare here? Will they get overwritten by each other?\n            IDirectBufferAccess32 workingBuffer = null;\n\n            unsafe\n            {\n                int index = 0;\n                var inputElementsEnumerator = inputElements.GetEnumerator();\n                while (inputElementsEnumerator.MoveNext())\n                {\n                    var currentInput = inputElementsEnumerator.Current;\n\n                    currentInput.ProcessReplacing(inputAudioBuffers, workingBuffers[index]);\n\n                    for (int i = 0; i &lt; workingBuffers[index].Length; i++)\n                    {\n                        for (int n = 0; n &lt; workingBuffers[index][i].SampleCount; n++)\n                        {\n                            workingBuffer = workingBuffers[index][i];\n                            workingBuffer.Buffer[n] *= inputElements[index].Gain;\n                        }\n                    }\n\n                    index++;\n                }\n            }\n        }</code></pre>\n\nThe question I'm really left with, is how do I know that the crackling is because of performance? Actually, I'm really starting to doubt that it is, because I can load up several instances of VSTs, sum them, and it doesn't crackle. But, as soon as I mix a signal with an effect on it (the delay), with a dry signal, it starts crackling. Note sure how to start diagnosing the problem.<br />\n",
    "PostedDate": "2015-10-24T23:17:07.773-07:00",
    "UserRole": null,
    "MarkedAsAnswerDate": null
  },
  {
    "Id": "1449617",
    "ThreadId": "641536",
    "Html": "I tested by putting 5 delays in serial which I would expect to cause some performance degradation, but actually no. No crackling. So I'm starting to wonder where else the problem could be. The summing algorithm seems to work fine when I mix two VSTs together. But, not 1 affected, and 1 not affected.<br />\n",
    "PostedDate": "2015-10-24T23:32:07.737-07:00",
    "UserRole": null,
    "MarkedAsAnswerDate": null
  },
  {
    "Id": "1449618",
    "ThreadId": "641536",
    "Html": "I think I've proved my point.\r<br />\n<br />\nHere is the routing that works:\r<br />\n<a href=\"https://onedrive.live.com/redir?resid=47321C0630B57E1D!5322&amp;authkey=!AI7k4B_tAwEYQwY&amp;v=3&amp;ithint=photo%2cpng\" rel=\"nofollow\">https://onedrive.live.com/redir?resid=47321C0630B57E1D!5322&authkey=!AI7k4B_tAwEYQwY&v=3&ithint=photo%2cpng</a>\r<br />\n<br />\nAnd this is what causes crackling (FM8-&gt;Output)\r<br />\n<a href=\"https://onedrive.live.com/redir?resid=47321C0630B57E1D!5322&amp;authkey=!AI7k4B_tAwEYQwY&amp;v=3&amp;ithint=photo%2cpng\" rel=\"nofollow\">https://onedrive.live.com/redir?resid=47321C0630B57E1D!5322&authkey=!AI7k4B_tAwEYQwY&v=3&ithint=photo%2cpng</a>\r<br />\n<br />\nThis isn't a performance problem...<br />\n",
    "PostedDate": "2015-10-24T23:39:52.83-07:00",
    "UserRole": null,
    "MarkedAsAnswerDate": null
  },
  {
    "Id": "1450038",
    "ThreadId": "641536",
    "Html": "Why are you not using foreach? The GetEnumerator-while(MoveNext)-Current is exactly what foreach does....\r<br />\n<br />\nFor the rest of the code: I am not sure what you're trying to do here (but then I never written a host)...?<br />\n",
    "PostedDate": "2015-10-28T07:52:38.413-07:00",
    "UserRole": null,
    "MarkedAsAnswerDate": null
  },
  {
    "Id": "1450086",
    "ThreadId": "641536",
    "Html": "<blockquote>\nThe question I'm really left with, is how do I know that the crackling is because of performance?<br />\n</blockquote>\n<ul>\n<li>\nFirst make sure you are running optimized release build in release mode. Simplify/comment out the DSP code to do the most minimal working processing (ex: just copy input to output, switch to mono, skip the gain stage etc..). When you get to a state where the DSP is good, work your way back by adding little bits at a time and testing along the way. <br />\n</li>\n</ul>\nIn my experience there are two cause to crackling:<br />\n<ol>\n<li>Insufficient time to fill the buffers, in this case the fix is to increase the latency block size.</li>\n<li>\nPartially filled buffers, in this case you need to review the DSP algorhitmn to make sure you fill the buffers completely.<br />\n</li>\n</ol>\nBoth scenario will cause crackling because they lead to gaps in the audio buffer used by the audio interface.<br />\n",
    "PostedDate": "2015-10-28T10:19:16.267-07:00",
    "UserRole": null,
    "MarkedAsAnswerDate": null
  },
  {
    "Id": "1450088",
    "ThreadId": "641536",
    "Html": "Not the cause of your problem but I think you can hoist out an assignation from the nested loop<br />\n<pre><code>                    for (int i = 0; i &lt; workingBuffers[index].Length; i++)\n                    {\n                            // Moved from inner block\n                            workingBuffer = workingBuffers[index][i];\n\n                            for (int n = 0; n &lt; workingBuffers[index][i].SampleCount; n++)\n                                 workingBuffer.Buffer[n] *= inputElements[index].Gain;\n                    }</code></pre>\n\nDon't see nothing obviously wrong here. Maybe the cause is in:<br />\ncurrentInput.ProcessReplacing(inputAudioBuffers, workingBuffers[index]);<br />\n<br />\nMy guess is that 'VstAudioBuffer[] inputAudioBuffers' has holes in it.<br />\nAfter all processing is done, check out inputAudioBuffers and outputAudioBuffers while audio should be playing.<br />\nIf you find a huge bunch of zeros when it's supposed to be playing then you have holes in the signal.<br />\n",
    "PostedDate": "2015-10-28T10:32:14.51-07:00",
    "UserRole": null,
    "MarkedAsAnswerDate": null
  },
  {
    "Id": "1450185",
    "ThreadId": "641536",
    "Html": "<strong>obiwanjacobi wrote:</strong><br />\n<blockquote>\nWhy are you not using foreach? The GetEnumerator-while(MoveNext)-Current is exactly what foreach does....<br />\n</blockquote>\n<ul>\n<li>\nMaybe because I used it to iterate in my previous code example? <br />\nMy rationale behind it is pretty weak if not pedantic. The past have shown that ForEach implementation is not exactly contractual (see iterator variable hoisting). Avoiding the sugar syntax in some critical execution path is an attempt to avoid breaking changes in the code generation done by future C# compilers. I tend to avoid 'sugary' syntax in the DSP code. What I write is what I get... well kind of but we can help the compiler a little bit and hope :D<br />\n</li>\n</ul>\nLooking back at it, I used it because I wanted to reuse the iterator in two unnested loops like this:<br />\nvar enumeratorInputOutput = x.GetEnumerator();<br />\nForEach Input Get Next enumeratorInputOutput <br />\nForEach Output Get Next enumeratorInputOutput <br />\n",
    "PostedDate": "2015-10-28T17:04:23.64-07:00",
    "UserRole": null,
    "MarkedAsAnswerDate": null
  },
  {
    "Id": "1450534",
    "ThreadId": "641536",
    "Html": "Haha. Yes, Yury - I did copy your code there. I was just experimenting to see what that pattern would look like. I wasn't sure if it was a performance booster or not. I guess now I understand.\r<br />\n<br />\nAnyway, this was never a performance problem in the first place. I've just diverted the thread accidentally. It turns out that I was outputting from a VST to 2 different things, so ProcessReplacing was getting called twice on the VST within the 1 frame. \r<br />\n<br />\nI would really like for it to be possible to output to 2 things at once in my synth. I guess I'll have to figure out a way to make a copy of the buffer for multiple outputs.<br />\n",
    "PostedDate": "2015-10-30T16:35:32.397-07:00",
    "UserRole": null,
    "MarkedAsAnswerDate": null
  },
  {
    "Id": "1450787",
    "ThreadId": "641536",
    "Html": "A modular host routing can get messy so it's worth taking time to have a generic routing algorithm. <br />\nIt's a computer science 101 problem so there's probably a documented optimal solution but I haven't bothered researching it.<br />\n<br />\nHere's my take on it, I'd like to know how I could improve it if you have ideas.<br />\nEach plugin with audio inputs can act as a mixer so it needs it's own intermediate mixing buffer.<br />\n<br />\nBefore starting playback I order all modules in a tree structure starting from the final outputs (audio card, wave recorder...). I convert this tree to a linear structure (List) starting left to right bottom to top. Say each item of the tree at level 5 first, then level 4 etc.. up to the last item (audio card) at level 0.<br />\n<br />\nEach item in that list is a module tree node with pointers to it's input and output modules. When playback starts I iterate sequentially on the modules list. I call ProcessReplacing on each module using it's intermediate mixing buffer as input buffer. The ProcessReplacing output buffer is a temporary buffer if there are multiple outputs. After processing I mix/copy the temporary buffer in the intermediate mixing buffer of the tree node outputs modules. When there is only one output I skip the temporary buffer as an optimization and call ProcessReplacing with intermediate buffer as input and output. Kind of hard to explain... hope you get the idea.<br />\n",
    "PostedDate": "2015-11-03T17:53:10.423-08:00",
    "UserRole": null,
    "MarkedAsAnswerDate": null
  },
  {
    "Id": "1450854",
    "ThreadId": "641536",
    "Html": "I don't think you need an intermediate mixing buffer...<br />\nSome hosts even pass the same buffers for input and outputs for the plugin. That does mean the plugin must not reread any input samples it has written outputs samples for, but for most plugins this seems to work fine. To be safe you could use a double buffer and switch/swap them for every other plugin.<br />\n<br />\nBut in essence just pass the output buffers as input buffers to the next plugin...<br />\n<br />\n[2c]<br />\n",
    "PostedDate": "2015-11-04T05:27:27.263-08:00",
    "UserRole": null,
    "MarkedAsAnswerDate": null
  },
  {
    "Id": "1450918",
    "ThreadId": "641536",
    "Html": "<blockquote>\nI don't think you need an intermediate mixing buffer...<br />\n</blockquote>\n<ul>\n<li>\nThat's interesting. By intermediate mixing buffer I mean that to do generic mixing without calling ProcessReplacing twice on the same plugin I think I need more then 2 buffers overall. I see how using only 2 buffers is possible if you have a completely linear mixing process. But since in a modular host the user is able to route plugins in any arbitrary fashion (non linear) I fail to see how I can achieve the same results for every routing possible.<br />\n</li>\n</ul>\nLet's say you have only an input and an output buffer to work with so we must reuse that for each plugin ProcessReplacing call.\r<br />\nGiven the following tree, how would you process the modules?\r<br />\n<img src=\"http://i66.tinypic.com/f35o2q.png\" alt=\"Image\" />\r<br />\n<br />\nLet's try the left to right bottom to top route:<br />\n<ul>\n<li>Process module #3, input is empty, output contains #3</li>\n<li>Process module #4, input is empty, output contains #4 overwriting #3 output</li>\n<li>\nWhen it's time to process module #0 we have lost ouput #3 buffer<br />\n</li>\n</ul>\nLet's try another route:<br />\n<ul>\n<li>Process module #4 #5 #6, input are empty, output is a mix of #4 #5 #6</li>\n<li>\nWhen it's time to process module #2 we have lost output of #6<br />\n</li>\n</ul>\nMy approach is simply to put mixing buffers in each node. Even using tricks like passing the same buffer as input/output it seems that eventually I'll run into complex trees that can't be tackled by using only 2 buffers and not calling ProcessReplacing multiple times on the same plugin. I've never been too good in these kind of mathematical (graph?) problems. Perhaps there's something obvious I'm missing. Even then, it seems that an alternative algorithm without mixing buffers would be substantially more complicated. The logic behind my use of intermediate buffers is that the DSP pressure is on the CPU instead of memory so caching the results in memory is better than calling ProcessReplacing each time and discarding the results.<br />\n",
    "PostedDate": "2015-11-04T13:08:26.833-08:00",
    "UserRole": null,
    "MarkedAsAnswerDate": null
  },
  {
    "Id": "1450962",
    "ThreadId": "641536",
    "Html": "Ok allowing a graph complicates things. I was assuming effects/midi plugin chains and mixing only occurs when adding to a bus. <br />\n<br />\nBut as a rule you should not have to call a plugin's ProcessReplacing multiple times. You start at the beginning (0?) and process that first. That output goes to 1, 2 and 3 as input. The connection from the input (or is its output?) of 3 to (the output of?) 1 is a mixing action. You can view mixing as a system plugin with variable inputs. This allows you to have one engine that simply works on ProcessReplacing calls. That output (of the mix) is then uses as input for 4, 5 and 6. And so on.<br />\n<br />\nSo you always start at the beginning and can call a plugin's ProcessReplacing when ALL its inputs have been processed. When for instance the output of 1 is routed to the inputs of 4, 5 and 6 - you obviously reuse that buffer content. You should prescan the graph to determine the largest number of buffers you will need and pre-allocate those before the audio engine starts. If you want to keep things simple, you allocate a buffer for each node in the graph (times the number of channels).<br />\n<br />\nDisclaimer: this is all theory in my head. I have never actually built something like this...<br />\n",
    "PostedDate": "2015-11-04T23:42:04.06-08:00",
    "UserRole": null,
    "MarkedAsAnswerDate": null
  },
  {
    "Id": "1451051",
    "ThreadId": "641536",
    "Html": "<blockquote>\nOk allowing a graph complicates things.  I was assuming effects/midi plugin chains and mixing only occurs when adding to a bus. <br />\n</blockquote>\n<ul>\n<li>\nYeah that's a major selling point of modular hosts. Younger people who have not worked in a formal studio environment find it easier to route everything to everything instead of learning bus systems. The only thing they don't get is the way digital audio handles feedback. I decided to block feedback paths in my host, it won't allow you to create a feedback path in the graph. The only alternative I see is to include a delay in the DSP to prevent an infinite loop and the implementation effort doesn't seem worth it.<br />\n</li>\n</ul>\nThe graph was actually upside down where the final output (0) is a the top but I get your point. I did combine mixing with the buffer copy operation. Haven't thought of it as a separate ProcessReplacing operation. That could have made the code much simpler for a little bit of overhead.<br />\n<blockquote>\n. You should prescan the graph to determine the largest number of buffers you will need and pre-allocate those before the audio engine starts. If you want to keep things simple, you allocate a buffer for each node in the graph (times the number of channels).<br />\n</blockquote>\n<ul>\n<li>\nThat's exactly the optimization I'm missing at the moment as each node has it's own buffer. When no mixing is needed I skip using that buffer but it is still allocated. Thankfully I have not noticed memory pressure in the profiler as it is, probably because most of the application code is static and memory pre-allocated.<br />\n</li>\n</ul>\nThanks for your input.<br />\n",
    "PostedDate": "2015-11-05T09:48:17.173-08:00",
    "UserRole": null,
    "MarkedAsAnswerDate": null
  },
  {
    "Id": "1451082",
    "ThreadId": "641536",
    "Html": "I think I've made this sound more complicated than it actually is.<br />\n<br />\nYes, my synth uses a graph (or nexus) system for processing. It's very simple. Each element has a ProcessReplacing method (as part of the interface) which is exactly the same as the Vst.Net ProcessReplacing method. Then, in turn, each element has a set of inputs. These inputs are visually displayed as lines on the UI. When ProcessReplacing is called, it subsequently calls ProcessReplacing on all of its inputs, and they in turn call their inputs. If there are multiple inputs, mixing is necessary. If there is only 1 input, no mixing is necessary. People like to call mixing &quot;Summing&quot; because you are adding the amplitude together. That's why I called my method &quot;Sum&quot;. I posted it earlier.<br />\n<br />\nActually what Obiwan has described in his last post is pretty much exactly what my synth does.<br />\n<br />\nThe problem I was having was that an instance of FM8 was the input on two different elements, so ProcessReplacing was getting called on that twice. I supposed that some VSTs might actually handle that scenario. But, FM8 doesn't. So, I've just got to keep a copy of the buffer so if a second element asks for the input from FM8, it just gives it a copy of the copy. Shouldn't be a problem to code up. But, if it is, I'll just stop users from being able to do it.<br />\n<br />\n<em>You should prescan the graph to determine the largest number of buffers you will need and pre-allocate those before the audio engine starts. If you want to keep things simple, you allocate a buffer for each node in the graph (times the number of channels). That's exactly the optimization I'm missing at the moment as each node has it's own buffer. When no mixing is needed I skip using that buffer but it is still allocated. Thankfully I have not noticed memory pressure in the profiler as it is, probably because most of the application code is static and memory pre-allocated.</em><br />\n<br />\nActually, what I've done is keep a set of buffers for each element. They don't ever get refreshed until the buffer size changes. That's uncommon so it doesn't affect performance I don't think. I don't think there's really a need to prescan for the largest number of buffers every time. It sounds like I'm doing what Yury is doing.<br />\n",
    "PostedDate": "2015-11-05T13:48:12.807-08:00",
    "UserRole": null,
    "MarkedAsAnswerDate": null
  },
  {
    "Id": "1451085",
    "ThreadId": "641536",
    "Html": "Yeah seems like we all agree on the same thing. To keep off-topic, Kuddler how would you deal with feedback in the audio path? I think hosts like Reaktor allows it and adds some internal delay to processing or some audio fade out to get out of the infinite loop. I'm still split on this issue I'd like to implement it but haven't done because it's pretty hard to implement and I doubt there's really a practical need for it.<br />\n",
    "PostedDate": "2015-11-05T14:21:21.143-08:00",
    "UserRole": null,
    "MarkedAsAnswerDate": null
  },
  {
    "Id": "1451370",
    "ThreadId": "641536",
    "Html": "Yury, I totally agree. I've thought about this a fair bit. For completeness sake it would be good to allow for a feedback loop, but under normal circumstances it will not be useful for most users. So, I'm going to just validate against it for now.\r<br />\n<br />\nSaying that, I think I will eventually invent some kind of Max Depth variable that stop processing after it has fed back through itself say 4 or 5 times. I think it would be a fun feature for users to be able to set up a string of effects in serial, and then feed that back on itself. It would create very unpredictable results and that's what I'm all about.<br />\n",
    "PostedDate": "2015-11-09T00:36:52.527-08:00",
    "UserRole": null,
    "MarkedAsAnswerDate": null
  }
]