[
  {
    "Id": "564278",
    "ThreadId": "245536",
    "Html": "<p>Hi,</p>\n<p>Great work obiwanjacobi this has project been very useful, but I am currently having a problem wuth the _plugin.PluginCommandStub.ProcessEvents method that I'd like some feedback on.</p>\n<p><strong>OPTION A<br /></strong>Essentially when played in 'real time' (pushing midi events through as they are received from a keyboard) it is not playing all the notes that should be heard - specifically it is missing notes that are parts of a chord. So if pass through C4, E4 and G4 sometimes you only hear one of the notes.</p>\n<p>All note-on and note-off messages are being passed to the process events function individually as follows:</p>\n<p>&nbsp;evt = new Jacobi.Vst.Core.VstMidiEvent(0, 0, 0, new byte[] { 144, (byte)e.Message.Data1, velocity }, 0, 0);<br />&nbsp;_plugin.PluginCommandStub.ProcessEvents(new VstMidiEvent[] { evt });</p>\n<p>I have run debugging code in this method and&nbsp;all events&nbsp;are hitting this part of the code.</p>\n<p><strong>OPTION B</strong><br />However, if I group the events over a short space of time (determined by the buffer)&nbsp;in a VstMidiEvent array when they are received from the keyboard and then pass the whole array to the VST instrument at the same time as requesting the next bytes from the instrument, I do hear all of the notes, but this is slightly reducing the sound quality.</p>\n<p>This works as follows:</p>\n<p>FOR EACH ON/OFF MIDI EVENT HEARD (in 'real time'):<br />evt = new Jacobi.Vst.Core.VstMidiEvent(0, 0, 0, new byte[] { 144, (byte)e.Message.Data1, velocity }, 0, 0);<br />lock (midiEvents)<br />{<br />&nbsp;midiEvents.Add(evt);<br />}</p>\n<p>THEN AT THE SAME TIME AS REQUESTING THE AUDIO:<br />lock (midiEvents)<br />{<br />&nbsp;&nbsp;&nbsp; _plugin.PluginCommandStub.ProcessEvents((VstMidiEvent[])midiEvents.ToArray(typeof(VstMidiEvent)));&nbsp;&nbsp;&nbsp;&nbsp;&nbsp;&nbsp;&nbsp;&nbsp;&nbsp;&nbsp; <br />&nbsp;&nbsp;&nbsp; midiEvents.Clear();<br />}<br />float[] vstData = AudioHelper.getVSTAudio(_plugin, inManager, outManager);</p>\n<p><br />IDEALLY<br />I would ideally like the first option to work as it should produce slightly smoother playback. Please could you let me know if there is an issue with passing through individual events in 'real time' to the ProcessEvents method or if it should work smoothly and there is something I am missing?</p>\n<p>Thanks :)</p>",
    "PostedDate": "2011-02-10T16:17:15.787-08:00",
    "UserRole": null,
    "MarkedAsAnswerDate": null
  },
  {
    "Id": "564407",
    "ThreadId": "245536",
    "Html": "<p>Thanx!</p>\r\n<p>So you're building a VST Host application and you want to pass a plugin some midi events, right.</p>\r\n<p>Well, from what I understand the idea of ProcessEvents is that it is called right before calling Process (audio). I think all plugins are build on the premise.<br />So I can understand that plugins do not handle multiple calls to ProcessEvents very smoothly - they're probably not designed to handle that.</p>\r\n<p>The idea is that an instrument receives the midi information just before it is asked to render the audio for those events - for the specific time slice (audiobuffer) that is being 'played'. So in a real-time scenario you -as a host- have to collect all midi events and push them in small batches for the current time slice using ProcessEvents. Directly after that you call Process to render the audio.</p>\r\n<p>That is how I understand the VST specs. Because rendering audio is always in batches (size of audio-buffer) the midi events have to match it. For better performance you could try to use smaller buffers - assuming you are able to provide and process them fast enough...</p>\r\n<p>Hope it helps.<br />Marc</p>",
    "PostedDate": "2011-02-10T22:35:35.16-08:00",
    "UserRole": null,
    "MarkedAsAnswerDate": null
  },
  {
    "Id": "564410",
    "ThreadId": "245536",
    "Html": "<p>I have read somewhere that some plugins, (including reaktor specifically) expect the host to buffer all midi events and send them with processEvents just before callling processReplacing. To increase plugin compatibility, even if you don't have any midi event buffered you should still call processEvents just before calling processReplacing. What's your audio latency? I think buffering events with a 512 samples latency should provide pretty smooth playback.</p>",
    "PostedDate": "2011-02-10T22:43:12.773-08:00",
    "UserRole": null,
    "MarkedAsAnswerDate": null
  },
  {
    "Id": "564411",
    "ThreadId": "245536",
    "Html": "<p>Well, it seems odd to me to call processEvents on a plugin that doesn't support midi..???</p>\r\n<p>Perhaps you should ask this question on kvraudio forum? There a lot of devs there that have more experience that me ;-).</p>",
    "PostedDate": "2011-02-10T22:48:39.197-08:00",
    "UserRole": null,
    "MarkedAsAnswerDate": null
  },
  {
    "Id": "564962",
    "ThreadId": "245536",
    "Html": "<p>Just to clarify, I was not suggesting sending midi event to a plugin who doesn't support them. I meant that if a plugin supports midi event (CanDo) it might help to send an empty/dummy midi message before calling processReplacing if you don't have real midi event scheduled. The reason is that some plugins do some operations in processEvents that helps processReplacing run smoothly.</p>",
    "PostedDate": "2011-02-11T16:22:37.963-08:00",
    "UserRole": null,
    "MarkedAsAnswerDate": null
  },
  {
    "Id": "569397",
    "ThreadId": "245536",
    "Html": "<p>Thanks for your responses to this. I've now reverted it back to grouping the midi events and requesting the audio at the same time. It's working well and we can work with buffer sizes etc for tweaking.</p>",
    "PostedDate": "2011-02-20T18:59:04.827-08:00",
    "UserRole": null,
    "MarkedAsAnswerDate": null
  }
]