[
  {
    "Id": "231599",
    "ThreadId": "68096",
    "Html": "<p>I am trying to develop my own plugin......i am realy clueless.......There are twao ways of creating a plugin...using the framework or through core......i realy dont get the difference.....if someone could please help me out.........</p>",
    "PostedDate": "2009-09-06T10:11:17.733-07:00",
    "UserRole": null,
    "MarkedAsAnswerDate": null
  },
  {
    "Id": "231627",
    "ThreadId": "68096",
    "Html": "<p>VST.NET transfers calls from the native C++ VST interface to the managed &nbsp;IVstPluginCommandStub interface methods. This managed interface contains all the methods that can be called by a Host for a VST 2.4 plugin. This is what is called core level. You just get a managed version of all the VST methods. Thats it. Checkout the core plugin sample and notice the implementation of the IVstPluginCommandStub interface.</p>\r\n<p>On top of this core level, VST.NET offers a framework for plugin development. This framework provides an implementation of the IVstPluginCommandStub interface which routes its calls to a number of (framework defined) interfaces. These framework interfaces provide the plugin developer with a clear structure and grouping for all these &quot;core&quot; methods. For each feature you wish to implement in your plugin, a dedicated interface is defined. The framework also provides you a number of base classes that implement some common functionality used by almost all plugins, but these are optional to use. Check out the Delay (audio effect), Midi Note Mapper (Midi in/out) and Midi Note Sampler (Audio recording in/out, Midi in) samples.</p>\r\n<p>If you're just starting out and have no VST knowledge the framework might be the place to start. Be sure to look at the samples and take one as a starting point that is most appropriate for the type of plugin you wish to create.</p>\r\n<p>If you have existing audio and/or midi classes you wish to hook up to the VST standard, perhaps the IVstPluginCommandStub core interface is a better starting point.</p>\r\n<p>In any case make sure you download the documentation (.chm) and read the VST.NET blog posts at <a href=\"http://obiwanjacobi.blogspot.com/\">http://obiwanjacobi.blogspot.com/</a>.</p>\r\n<p>Hope it helps.<br>Marc Jacobi</p>",
    "PostedDate": "2009-09-06T12:57:58.3-07:00",
    "UserRole": null,
    "MarkedAsAnswerDate": null
  }
]