[
  {
    "Id": "1448871",
    "ThreadId": "646315",
    "Html": "I'm a little fuzzy on how the IVstHostCommandStub interface works. I do know that when a parameter is changed in one of my hosted VSTs, the SetParameterAutomated method is called on my host object. This allows me to get the parameter by index and I will know the value that the parameter has been changed to. However, I don't know what VST I am host actually caused this to happen...\r<br />\n<br />\nA bit confused.<br />\n",
    "PostedDate": "2015-10-16T17:32:58.233-07:00",
    "UserRole": null,
    "MarkedAsAnswerDate": null
  },
  {
    "Id": "1449933",
    "ThreadId": "646315",
    "Html": "I am uncertain what you are actually asking. Are you writing a host or a plugin? \r<br />\n<br />\nFrom the plugin's perspective it simply notifies the host that a value for a parameter has changed. Many hosts keep copies of these plugin parameters and this is how things stay in sync.\r<br />\n<br />\nFrom a host's perspective you should use this to keep your data in sync. A plugin's parameter value can change in so many ways - some of them are triggered by the host (think of parameter automation or host generated UI) - these are usually communicated to the plugin by calling SetParameter() - and some of these changes are triggered by the plugin itself. This is just a way for the plugin to let the host know of such a change.\r<br />\n<br />\nDid I get it? ;-)<br />\n",
    "PostedDate": "2015-10-28T01:58:50.577-07:00",
    "UserRole": null,
    "MarkedAsAnswerDate": null
  },
  {
    "Id": "1450178",
    "ThreadId": "646315",
    "Html": "I know what you mean. It was probably one of the first questions I asked here because I felt like my solution was sketchy. That's because it looks like I piggy backed on an internal structure of the Vst.Net framework to store my unique Id.\r<br />\n<br />\nHere's the relevant interface, I store the Id using 'Set' and retrieve it using 'Find' methods.<br />\n<pre><code>using System;\nusing System.ComponentModel;\n\nusing Jacobi.Vst.Core.Plugin;\n\nnamespace Jacobi.Vst.Core.Host\n{\n    /// &lt;summary&gt;\n    /// The IVstPluginContext interface represents the Plugin Context interface that is shared to other objects.\n    /// &lt;/summary&gt;\n    public interface IVstPluginContext : INotifyPropertyChanged\n    {\n        /// &lt;summary&gt;\n        /// Sets a context property identified by &lt;paramref name=&quot;keyName&quot;/&gt; to a new &lt;paramref name=&quot;value&quot;/&gt;.\n        /// &lt;/summary&gt;\n        /// &lt;typeparam name=&quot;T&quot;&gt;Inferred, no need to specify it explicitly.&lt;/typeparam&gt;\n        /// &lt;param name=&quot;keyName&quot;&gt;The unique identification of the context property.&lt;/param&gt;\n        /// &lt;param name=&quot;value&quot;&gt;The new value to store in the context for the context property.&lt;/param&gt;\n        /// &lt;remarks&gt;The &lt;see cref=&quot;INotifyPropertyChanged.PropertyChanged&quot;/&gt; event is raised when the property value is overwritten.\n        /// If the property did not exist yet, it is created but no event is raised.&lt;/remarks&gt;\n        void Set&lt;T&gt;(string keyName, T value);\n\n        /// &lt;summary&gt;\n        /// Retrieves the value of a context property identified by &lt;paramref name=&quot;keyName&quot;/&gt;.\n        /// &lt;/summary&gt;\n        /// &lt;typeparam name=&quot;T&quot;&gt;Specifies the data type of the context property identified by &lt;paramref name=&quot;keyName&quot;/&gt;.&lt;/typeparam&gt;\n        /// &lt;param name=&quot;keyName&quot;&gt;The unique identification of the context property.&lt;/param&gt;\n        /// &lt;returns&gt;Returns null if the property was not found.&lt;/returns&gt;\n        T Find&lt;T&gt;(string keyName);\n\n        /// &lt;summary&gt;\n        /// Removes the property identified by &lt;paramref name=&quot;keyName&quot;/&gt; from the context.\n        /// &lt;/summary&gt;\n        /// &lt;param name=&quot;keyName&quot;&gt;The unique identification of the context property.&lt;/param&gt;\n        void Remove(string keyName);\n\n        /// &lt;summary&gt;\n        /// Removes the property identified by &lt;paramref name=&quot;keyName&quot;/&gt; from the context and\n        /// calls &lt;see cref=&quot;IDisposable.Dispose&quot;/&gt; if the data 'value' implements it.\n        /// &lt;/summary&gt;\n        /// &lt;param name=&quot;keyName&quot;&gt;The unique identification of the context property.&lt;/param&gt;\n        void Delete(string keyName);\n\n        /// &lt;summary&gt;\n        /// Gets a reference to the HostCommandStub.\n        /// &lt;/summary&gt;\n        IVstHostCommandStub HostCommandStub { get; }\n\n        /// &lt;summary&gt;\n        /// Gets a reference to the PluginCommandStub.\n        /// &lt;/summary&gt;\n        IVstPluginCommandStub PluginCommandStub { get; }\n\n        /// &lt;summary&gt;\n        /// Gets a reference to the plug information.\n        /// &lt;/summary&gt;\n        VstPluginInfo PluginInfo { get; set; }\n\n        /// &lt;summary&gt;\n        /// Promotes the plugin information published in the &lt;b&gt;AEffect&lt;/b&gt; structure to the &lt;see cref=&quot;PluginInfo&quot;/&gt; property.\n        /// &lt;/summary&gt;\n        /// &lt;param name=&quot;raiseEvents&quot;&gt;When true the &lt;see cref=&quot;INotifyPropertyChanged.PropertyChanged&quot;/&gt; event is raised for\n        /// each property that has changed.\n        /// The property names of the &lt;see cref=&quot;VstPluginInfo&quot;/&gt; class are prefixed with 'PluginInfo.'.&lt;/param&gt;\n        void AcceptPluginInfoData(bool raiseEvents);\n    }\n}</code></pre>\n\nI assign my Guid to each plugin on creation.<br />\n<pre><code>// Create plugin context and set unique id\nGuid yourUniqueId = Guid.NewGuid();\nVstPluginContext vstPluginContext = VstPluginContext.Create(pluginPath, host);\nvstPluginContext.Set&lt;Guid&gt;(&quot;Id&quot;, yourUniqueId);</code></pre>\n\nIn the HostCommandStub implementation (plugin host class) you implement this property if it's not there already.<br />\n<pre><code>public IVstPluginContext PluginContext { get; set; }</code></pre>\n\nIn each plugin callback (EditorIdle, ProcessEvents etc...) fetch back the Id from the property.<br />\n<pre><code>public void SetParameterAutomated(int index, float value)\n{\n   Guid yourUniqueId = PluginContext.Find&lt;Guid&gt;(&quot;Id&quot;);\n}</code></pre>\n\nThis has worked good so far, with proper locking ;)<br />\n",
    "PostedDate": "2015-10-28T16:36:23.67-07:00",
    "UserRole": null,
    "MarkedAsAnswerDate": null
  },
  {
    "Id": "1450530",
    "ThreadId": "646315",
    "Html": "<em>Marc: I am uncertain what you are actually asking. Are you writing a host or a plugin?</em> \r<br />\n<br />\nMy synth is both. It's a VST that hosts VSTs. The issue is that SetParameterAutomated is fired when one of the VSTs I am hosting's parameter changes. This is a good thing, but I don't know which VST's parameter has changed.\r<br />\n<br />\nYury: your code looks bang on! However, for some reason, the PluginContext getters and setters are never getting hit. I put a breakpoint on the get, and the set, but they are never called. Could this be a DAW specific thing? Could it be that some DAWs call the setter, and some don't? Anyway, still stuck...\r<br />\n<br />\nPS: What would be really is if the IVstPluginContext interface itself had an event which fires when its parameters are changed. <br />\n",
    "PostedDate": "2015-10-30T16:08:24.997-07:00",
    "UserRole": null,
    "MarkedAsAnswerDate": null
  },
  {
    "Id": "1450779",
    "ThreadId": "646315",
    "Html": "Not sure I understand what you mean. When the host creates the plugin the object returned is the PluginContext. When the plugin calls back what is the reference value of PluginContext? Is it null?<br />\n",
    "PostedDate": "2015-11-03T17:19:14.293-08:00",
    "UserRole": null,
    "MarkedAsAnswerDate": null
  },
  {
    "Id": "1450782",
    "ThreadId": "646315",
    "Html": "<blockquote>\nPS: What would be really is if the IVstPluginContext interface itself had an event which fires when its parameters are changed. <br />\n</blockquote>\n<ul>\n<li>If you're talking about Vst parameters then it is the SetParameterAutomated method.</li>\n<li>If you're talking about a generic callback method you could shoehorn that functionality in PluginContext too.</li>\n</ul>\n",
    "PostedDate": "2015-11-03T17:22:47.593-08:00",
    "UserRole": null,
    "MarkedAsAnswerDate": null
  },
  {
    "Id": "1450786",
    "ThreadId": "646315",
    "Html": "<em>When the plugin calls back what is the reference value of PluginContext? Is it null?</em><br />\n<br />\nYes. The setter gets called once, and the value is null. This might be an Ableton specific problem...<br />\n<br />\n<em>PS: I was wrong in my previous post. The setter is getting called, it's just getting a value of null.</em><br />\n",
    "PostedDate": "2015-11-03T17:44:07.887-08:00",
    "UserRole": null,
    "MarkedAsAnswerDate": null
  },
  {
    "Id": "1450789",
    "ThreadId": "646315",
    "Html": "That's weird, are you sure you put the code in the class impementing the IVstHostCommandStub?\r<br />\n<br />\nThis is not related to Ableton or other host. It's Vst.Net that calls the setter, here's the IVstHostCommandStub interface:<br />\n<pre><code>namespace Jacobi.Vst.Core.Host\n{\n    /// &lt;summary&gt;\n    /// The IVstHostCommandStub interface is implemented by the command stub for handling \n    /// incoming Host commands from the Plugin at the interop assembly.\n    /// &lt;/summary&gt;\n    /// &lt;remarks&gt;The interface derives from &lt;see cref=&quot;IVstHostCommands20&quot;/&gt;.&lt;/remarks&gt;\n    public interface IVstHostCommandStub : IVstHostCommands20\n    {\n        /// &lt;summary&gt;\n        /// Gets or sets the plugin context this instance is part of.\n        /// &lt;/summary&gt;\n        IVstPluginContext PluginContext { get; set; }\n    }\n}</code></pre>\n\n",
    "PostedDate": "2015-11-03T18:25:08.667-08:00",
    "UserRole": null,
    "MarkedAsAnswerDate": null
  },
  {
    "Id": "1450791",
    "ThreadId": "646315",
    "Html": "I believe the code who calls the setter is in VstHostCommandAdapter.cs\r<br />\n<br />\nI'm sure Marc's comments will ring a bell to you:<br />\n<pre><code>        /// &lt;summary&gt;\n        /// This call is forwarded to the &lt;see cref=&quot;Jacobi.Vst.Core.Host.IVstHostCommandStub&quot;/&gt; implementation.\n        /// &lt;/summary&gt;\n        /// &lt;param name=&quot;pluginInfo&quot;&gt;Passed with the forwarded call.&lt;/param&gt;\n        /// &lt;returns&gt;Returns the value returned from the forwarded call.&lt;/returns&gt;\n        public bool UpdatePluginInfo(Plugin.VstPluginInfo pluginInfo)\n        {\n            _hostCmdStub.PluginContext.PluginInfo = pluginInfo;\n\n            return true;\n        }</code></pre>\n\n",
    "PostedDate": "2015-11-03T18:26:36.903-08:00",
    "UserRole": null,
    "MarkedAsAnswerDate": null
  },
  {
    "Id": "1450862",
    "ThreadId": "646315",
    "Html": "@Kruddler: SetParameterAutomated has an index that identifies the parameter. The order of parameters in a plugin cannot change - ever. If you create a unique HostCommandStub instance for each plugin you manage you should be able to track it down...\r<br />\n<br />\n@Yury: I made the properties in the IVstPluginContext for the Host developer to use (I only use it to store the file path I believe). So you're not piggybagin' - you're using it as intended. and you don't have to restrict yourself to native/simple/value types. You can put references to your classes in there as well.<br />\n<blockquote>\nthe PluginContext getters and setters are never<br />\n</blockquote>\nNot sure what you're going for here... what getters and setters are you talking about specifically?<br />\n",
    "PostedDate": "2015-11-04T06:03:07.663-08:00",
    "UserRole": null,
    "MarkedAsAnswerDate": null
  },
  {
    "Id": "1450920",
    "ThreadId": "646315",
    "Html": "He's talking about the PluginContext property. It's value is null when he wants to use it in the host plugin stub implementation. I'm fairly sure this property is assigned by Vst.Net and fail to see what  issue is causing it to be null in his use case since it's working fine by itself here.<br />\n",
    "PostedDate": "2015-11-04T13:13:15.607-08:00",
    "UserRole": null,
    "MarkedAsAnswerDate": null
  },
  {
    "Id": "1450964",
    "ThreadId": "646315",
    "Html": "Yeah, we have to see some code in order to help more, I think...\r<br />\nShow us how you load/open plugins and how you manage the HostCommandStub's you pass them...<br />\n",
    "PostedDate": "2015-11-04T23:46:13.927-08:00",
    "UserRole": null,
    "MarkedAsAnswerDate": null
  },
  {
    "Id": "1451063",
    "ThreadId": "646315",
    "Html": "<em>Yury: &quot;That's weird, are you sure you put the code in the class impementing the IVstHostCommandStub? &quot;</em>\r<br />\n<br />\nYes. Here's a chopped down version:<br />\n<pre><code>    public class MySynthHostCommandStubAdapter : host.IVstHostCommandStub, IDisposable\n    {\n\n        private IVstHostCommandStub _HostCmdStub;\n        private host.IVstPluginContext _VstPluginContext;\n\n        public void SetParameterAutomated(int index, float value)\n        {\n            if (_HostCmdStub == null)\n            {\n                return;\n            }\n\n            _HostCmdStub.SetParameterAutomated(index, value);\n\n            if (ParamsChanged != null)\n            {\n                ParamsChanged(this, new ParamsChangedEventArgs { Index = index, Value = value });\n            }\n        }\n\n        public host.IVstPluginContext PluginContext\n        {\n            get\n            {\n                return _VstPluginContext;\n            }\n            set\n            {\n                _VstPluginContext = value;\n            }\n        }\n    }</code></pre>\n\n<em>Obiwan:SetParameterAutomated has an index that identifies the parameter.</em>\r<br />\n<br />\nUmderstood. It's not the index, it's the plugin which I don't know about.\r<br />\n<br />\n<em>If you create a unique HostCommandStub instance for each plugin you manage you should be able to track it down...</em> \r<br />\n<br />\nHow do I do that? Currently, I'm just creating a plugin context when I create an instance of a plugin inside my app (which is a VST):<br />\n<pre><code>        private interophost.VstPluginContext CreateVstPluginContext(string dllPath)\n        {\n            return interophost.VstPluginContext.Create(dllPath, hostStub);\n        }</code></pre>\n\nJust to give you some context. My synth is a VST. I am hosting it inside Ableton. My synth creates many instances of other VSTs inside my synth. I keep those plugin contexts in a static list. What I want to capture is when a user opens up the editor for one of those plugins and twiddles a knob. What I would expect would be that the plugin context for that VST would raise an event that I could capture to know what is going on. Instead, the host's &quot;SetParametersAutomated&quot; method is called. That tells me the param index and the value, but it doesn't tell me which one of my plugins caused the event to fire.\r<br />\n<br />\nObiwan sounds dead right when he says &quot;If you create a unique HostCommandStub instance for each plugin you manage you should be able to track it down&quot;, but I don't know how to do that.<br />\n",
    "PostedDate": "2015-11-05T11:47:17.29-08:00",
    "UserRole": null,
    "MarkedAsAnswerDate": null
  },
  {
    "Id": "1451064",
    "ThreadId": "646315",
    "Html": "Lastly, this is how my host stub is created:<br />\n<pre><code>        public VstPluginInfo GetPluginInfo(IVstHostCommandStub dawHost)\n        {\n            HostStub = new MySynthHostCommandStubAdapter(dawHost);\n        }</code></pre>\n\n",
    "PostedDate": "2015-11-05T11:48:55.54-08:00",
    "UserRole": null,
    "MarkedAsAnswerDate": null
  },
  {
    "Id": "1451066",
    "ThreadId": "646315",
    "Html": "Essentially what I am trying to achieve is midi learn.<br />\n",
    "PostedDate": "2015-11-05T11:51:14.693-08:00",
    "UserRole": null,
    "MarkedAsAnswerDate": null
  },
  {
    "Id": "1451078",
    "ThreadId": "646315",
    "Html": "Loading/opening a VST plugin (managed or unmanaged):<br />\n<ul>\n<li>Create a class that implements IVstHostCommandStub.</li>\n<li>Call VstPluginContext.Create passing in the path to the plugin to load and a reference to an IVstHostCommandStub (your class).</li>\n<li>\nVstPluginContext.Create returns the VstPluginContext that contains a reference to the plugin just opened, its plugin-info and your host-command-stub. Thus tying everything together.<br />\n</li>\n</ul>\nJust create a new instance of the class that implements the IVstHostCommandStub interface for each VstPluginContext.Create call you do. Then only that one plugin will call into the Host over that specific instance.<br />\n<br />\nFor a very simple sample, look at the Host sample code (OpenPlugin method)<br />\n<a href=\"http://vstnet.codeplex.com/SourceControl/latest#Source/Samples/Jacobi.Vst.Samples.Host/MainForm.cs\" rel=\"nofollow\">http://vstnet.codeplex.com/SourceControl/latest#Source/Samples/Jacobi.Vst.Samples.Host/MainForm.cs</a><br />\n<br />\nI don't see how/why you would need an adapter...?<br />\n<br />\nHope it makes sense.<br />\nMarc<br />\n",
    "PostedDate": "2015-11-05T13:35:23.627-08:00",
    "UserRole": null,
    "MarkedAsAnswerDate": null
  },
  {
    "Id": "1451084",
    "ThreadId": "646315",
    "Html": "Yeah needs one stub per plugin. Maybe that's the only reason why PluginContext is null in your use case.<br />\n<pre><code>HostCommandStub host = new HostCommandStub(this);\nVstPluginContext ctx = VstPluginContext.Create(pluginPath, host);\nctx.Set&lt;Guid&gt;(&quot;Id&quot;, id);</code></pre>\n\n",
    "PostedDate": "2015-11-05T14:12:36.997-08:00",
    "UserRole": null,
    "MarkedAsAnswerDate": null
  },
  {
    "Id": "1451230",
    "ThreadId": "646315",
    "Html": "Thanks guys! This is all sorted now which is a major step forward for me. \r<br />\n<br />\nThis is what had confused me. <br />\n<pre><code>        public VstPluginInfo GetPluginInfo(IVstHostCommandStub dawHost)\n        {\n        }</code></pre>\n\nThis method passes in an object. I assume (as you can tell by the name of the parameter) that this variables is an interface between my Vst, and the DAW. Perhaps I'm correct about this?\r<br />\n<br />\nAnyway, I got confused, and was using this variable to create plugin contexts like this. I thought that this was necessary for some reason.<br />\n<pre><code> return interophost.VstPluginContext.Create(dllPath, dawHost);</code></pre>\n\nSo, regardless of which Vst was calling SetParametersAutomated, it was ending up in the same host interface. I've fixed this now by creating a new implementation of the interface and passing it in to every new plugin context.<br />\n<pre><code>            var host = new VstInstanceHost();\n            return interophost.VstPluginContext.Create(dllPath, host);</code></pre>\n\nFor the record though, and I know this is probably done for a reason, I'm not really a fan of this pattern. I still feel that the plugin context should be raising events, and shouldn't really need this external host interface unless you want to specify it. I realize that this has probably been done for performance, but in my app, I have to do all this just to listen to the event:<br />\n<ul>\n<li>Wrap the interface which is cumbersome in and of itself. I don't really need this object.</li>\n<li>Raise an event from the implemented interface</li>\n<li>\nAnd, due to the design of my framework, then re-raise that event at a higher level so that other code can listen to the event.<br />\n</li>\n</ul>\nBut, I'm still very glad that I finally got it working. Thanks very much for the help to both of you.<br />\n",
    "PostedDate": "2015-11-06T16:50:47.397-08:00",
    "UserRole": null,
    "MarkedAsAnswerDate": null
  },
  {
    "Id": "1451236",
    "ThreadId": "646315",
    "Html": "The stub contains the callback methods, EditorIdle, SetParameterAutomated... that's the event handlers I use. From there you are on your own. I do lock and operate directly on global static variables in there. I find the object handy because it handles low level stuff like dispose.<br />\n",
    "PostedDate": "2015-11-06T21:14:42.54-08:00",
    "UserRole": null,
    "MarkedAsAnswerDate": null
  },
  {
    "Id": "1451240",
    "ThreadId": "646315",
    "Html": "<blockquote>\nThis method passes in an object. I assume (as you can tell by the name of the parameter) that this variables is an interface between my Vst, and the DAW. Perhaps I'm correct about this? <br />\n</blockquote>\n<ul>\n<li>\nYes correct.<br />\n</li>\n</ul>\nThe VstPluginContext is just a collection of stuff that belongs together for one plugin instance. The IVstHostCommandStub interface (or the instance of the class that implements it) is what receives the calls from the plugin to its host. When you write a host - you implement this interface. The reason these are not events is because there are several implementations for this interface in VST.NET. It also allows you to intercept (debug/trace) or redirect any traffic. It's way more versatile. Finally, a virtual method performs a little better than an event+handler.\r<br />\n<br />\nAnyway, if you want events, create a class that implements the IVstHostCommandStub interface and exposes events for each method/scenario. <br />\n",
    "PostedDate": "2015-11-06T22:35:36.373-08:00",
    "UserRole": null,
    "MarkedAsAnswerDate": null
  }
]