[
  {
    "Id": "1433818",
    "ThreadId": "641176",
    "Html": "Just wondering what the fastest way to iterate through plugins would be...\r<br />\n<br />\nI need to get information, particularly whether the plugin is an effect, or an instrument.\r<br />\n<br />\nIs there an approach that can just do a once over pass on the plugins without loading them up, or should I load each plugin up, gather then information in an XML file, and then dispose of all the plugins in order to create a repository of plugins?<br />\n",
    "PostedDate": "2015-07-09T13:49:03.327-07:00",
    "UserRole": null,
    "MarkedAsAnswerDate": null
  },
  {
    "Id": "1433832",
    "ThreadId": "641176",
    "Html": "My approach is to run some heuristics to determine if I'm dealing with a 32 or 64 bit library, oddly detecting the architecture of a dll with 100% certainty is a difficult problem. After that I load the plugin and query it's properties. If loading fails then I consider it's not a valid plugin. The only reliable definition of an effect is a plugin that takes audio inputs. That includes instruments who behave as effects. I find the definition between the two to be largely semantic because they share the same structure and operate just the same. I wouldn't recommend disposing all the plugins at once because loading a library takes up quite a bit of memory. You should load one plugin at a time gather the info in a structure then immediately dispose of the plugin. If you're looking for high performance I'd recommend to keep that loop as tight as possible. After that you can serialize your structure to xml. I can't think of any reliable way to read metadata from a vst plugin dll without loading the dll. The metadata isn't sitting in the data section at a predefined offset. It's usually hardcoded inside the functions so the only way to get that information is to load the method table, locate the function and call it.<br />\n",
    "PostedDate": "2015-07-09T16:22:58.293-07:00",
    "UserRole": null,
    "MarkedAsAnswerDate": null
  },
  {
    "Id": "1433833",
    "ThreadId": "641176",
    "Html": "As a side note scanning the hard drive for plugins is likely to be the performance bottleneck in your scenario. Haven't tried Windows 10 but I'm inclined to believe their file system caching and indexing services are still lagging  behind the competition and there's little you can do to speed up the directory file listing process.<br />\n",
    "PostedDate": "2015-07-09T16:42:05.967-07:00",
    "UserRole": null,
    "MarkedAsAnswerDate": null
  },
  {
    "Id": "1433837",
    "ThreadId": "641176",
    "Html": "That hard drive scanning scenario got me thinking. I don't do that in my host because I think the process is very slow, innefective and buggy. If I were to implement it, I would first spawn it in a separate process because scanning many unknown dll has a big chance of crashing your main application process. I'd put more heuristics to eliminate common vendors dll by checking the library manifest metadata first. Some quick research should identify big offenders like microsoft, oracle, adobe etc.. There's more techniques that could be applied to determine if a dll is unlikely to be a vst plugin.<br />\n",
    "PostedDate": "2015-07-09T16:53:42.8-07:00",
    "UserRole": null,
    "MarkedAsAnswerDate": null
  },
  {
    "Id": "1433970",
    "ThreadId": "641176",
    "Html": "Thanks Yury!\r<br />\n<br />\nThis is all excellent advice. I think you've answered my fundamental problem.\r<br />\n<br />\nOf course, the user experience should be fast and bug free, so I think the only way is to build a database of plugins in 1 painful step, and then only use valid plugins from that database afterwards. I will start coding!<br />\n",
    "PostedDate": "2015-07-10T17:13:50.02-07:00",
    "UserRole": null,
    "MarkedAsAnswerDate": null
  },
  {
    "Id": "1433974",
    "ThreadId": "641176",
    "Html": "I think you might have the problem backward.\r<br />\n<br />\nFirst you need to identify which drive to target, local, network, share, cd-rom, floppy. After that ignore windows directory using proper API and scan for architecture if running on a 64 bit machine and ignore common vendor manifest. Only after that I'd go for scanning the plugin.<br />\n<pre><code>public static bool GetPluginInfo(String pluginPath, out String pluginName, out String company, out String category, out int audioInputCount)\n{\n    bool infoLoaded = false;\n    VstPluginContext plugin = null;\n    pluginName = company = category = String.Empty;\n    audioInputCount = 0;\n\n    try\n    {\n        PresetHostCommandStub hostCmdStub = new PresetHostCommandStub();\n        plugin = VstPluginContext.Create(pluginPath, hostCmdStub);\n        plugin.PluginCommandStub.Open();\n        pluginName = plugin.PluginCommandStub.GetEffectName();\n        company = plugin.PluginCommandStub.GetVendorString();\n        category = Convert.ToString(plugin.PluginCommandStub.GetCategory(), CultureInfo.InvariantCulture);\n        audioInputCount = plugin.PluginInfo.AudioInputCount;\n        infoLoaded = true;\n    }\n    catch (Exception)\n    {\n    }\n    finally\n    {\n        if (plugin != null)\n            plugin.Dispose();\n    }\n\n    return infoLoaded;\n}\n\nprivate enum MachineType : ushort\n{\n    IMAGE_FILE_MACHINE_UNKNOWN = 0x0,\n    IMAGE_FILE_MACHINE_AMD64 = 0x8664,\n    IMAGE_FILE_MACHINE_I386 = 0x14c,\n    IMAGE_FILE_MACHINE_IA64 = 0x200\n}\n\n// Returns true if the dll is 64-bit, false if 32-bit, and null if unknown\npublic static bool? UnmanagedDllIs64Bit(string dllPath)\n{\n    try\n    {\n        switch (GetDllMachineType(dllPath))\n        {\n            case MachineType.IMAGE_FILE_MACHINE_AMD64:\n            case MachineType.IMAGE_FILE_MACHINE_IA64:\n                return true;\n            case MachineType.IMAGE_FILE_MACHINE_I386:\n                return false;\n            default:\n                return null;\n        }\n    }\n    catch (Exception)\n    {\n        return null;\n    }\n}\n\nprivate static MachineType GetDllMachineType(string dllPath)\n{\n    MachineType machineType = MachineType.IMAGE_FILE_MACHINE_UNKNOWN;\n\n    //see http://www.microsoft.com/whdc/system/platform/firmware/PECOFF.mspx\n    //offset to PE header is always at 0x3C\n    //PE header starts with &quot;PE\\0\\0&quot; =  0x50 0x45 0x00 0x00\n    //followed by 2-byte machine type field (see document above for enum)\n    using (FileStream fs = new FileStream(dllPath, FileMode.Open, FileAccess.Read))\n    using (BinaryReader br = new BinaryReader(fs))\n    {\n        fs.Seek(0x3c, SeekOrigin.Begin);\n        Int32 peOffset = br.ReadInt32();\n        fs.Seek(peOffset, SeekOrigin.Begin);\n        UInt32 peHead = br.ReadUInt32();\n\n        if (peHead == 0x00004550) // &quot;PE\\0\\0&quot;, little-endian\n            machineType = (MachineType)br.ReadUInt16();\n    }\n\n    return machineType;\n}</code></pre>\n\n",
    "PostedDate": "2015-07-10T18:28:14.53-07:00",
    "UserRole": null,
    "MarkedAsAnswerDate": null
  },
  {
    "Id": "1434029",
    "ThreadId": "641176",
    "Html": "Hey Yury. This code will come in handy in the long run - especially the code for checking the DLL bit type.\r<br />\n<br />\nBut, at the end of that, the user has to select their VST folder anyway - or can I get that from the registry? So, it's really just a matter of scanning that folder, and handling the exceptions that come up. It will only do a full scan once, and then update scans after that which won't be too bad. Maybe occasionally a repair scan, but your strategy is good.<br />\n",
    "PostedDate": "2015-07-11T17:46:58.473-07:00",
    "UserRole": null,
    "MarkedAsAnswerDate": null
  },
  {
    "Id": "1434031",
    "ThreadId": "641176",
    "Html": "Could be anywhere but the following are common defaults values of installers:\r<br />\nC:\\Program Files\\Steinberg\\Vstplugins\\\r<br />\nC:\\Program Files (x86)\\Steinberg\\Vstplugins\\<br />\n",
    "PostedDate": "2015-07-11T17:53:29.53-07:00",
    "UserRole": null,
    "MarkedAsAnswerDate": null
  },
  {
    "Id": "1434037",
    "ThreadId": "641176",
    "Html": "Thanks Yury. Your code was a big help. I am attaching my library. This library will allow you to scan a given folder and give you information about the plugins. It also gives you its progress as it is working, and will serialise everything to XML for you so you can reload it later. I've tested this today, and it works well.\r<br />\n<br />\n<a href=\"https://onedrive.live.com/redir?resid=47321C0630B57E1D!4941&amp;authkey=!AFNCnDLB0-2R-WQ&amp;ithint=file%2c7z\" rel=\"nofollow\">https://onedrive.live.com/redir?resid=47321C0630B57E1D!4941&authkey=!AFNCnDLB0-2R-WQ&ithint=file%2c7z</a><br />\n",
    "PostedDate": "2015-07-12T00:08:10.537-07:00",
    "UserRole": null,
    "MarkedAsAnswerDate": null
  }
]