[
  {
    "Id": "1466200",
    "ThreadId": "652327",
    "Html": "Hello,\r<br />\ni am trying to install the vst.net extension under VB.NET express 2010, but i cannot find that in the extension manager online search and i don't know how to install it manually.\r<br />\nHow to solve?\r<br />\n<br />\nThanks<br />\n",
    "PostedDate": "2016-03-09T02:32:53.983-08:00",
    "UserRole": null,
    "MarkedAsAnswerDate": null
  },
  {
    "Id": "1466206",
    "ThreadId": "652327",
    "Html": "I am sorry, but I don't understand what you're saying. Could you please tell us exactly what you have done?<br />\n<ul>\n<li>What are trying to accomplish? </li>\n<li>Do you want to develop plugins? </li>\n<li>\nHow did you download/install VST.NET?\r<br />\netc.<br />\n</li>\n</ul>\nThanx.<br />\n",
    "PostedDate": "2016-03-09T02:41:00.74-08:00",
    "UserRole": null,
    "MarkedAsAnswerDate": null
  },
  {
    "Id": "1466207",
    "ThreadId": "652327",
    "Html": "Hello, \r<br />\nIn the documentation is written to try to install vst.net from the extension manager, but in my vb.net 2010 it does not find the extension online.\r<br />\nSo i tried to download the vst.net zip file but i was wondering how to &quot;add&quot; it in vb.net and if there is any documentation or tutorial.\r<br />\nI hope it clarifies if not please tell me :)\r<br />\n<br />\nThanks<br />\n",
    "PostedDate": "2016-03-09T02:45:15.16-08:00",
    "UserRole": null,
    "MarkedAsAnswerDate": null
  },
  {
    "Id": "1466213",
    "ThreadId": "652327",
    "Html": "Hello,\r<br />\nI am sorry, I was writing from my phone and I wasn't clear enough.\r<br />\nSo:<br />\n<ul>\n<li>Yes, I want to write plugins</li>\n<li>I am trying to install vst.net, but I don't know how to do it, since in my VB.NET express 2010 extension manager it is not possible to find the vst.net extension</li>\n<li>\nI am searching for beginner tutorials, if there are any<br />\n</li>\n</ul>\nThanks very much.<br />\n",
    "PostedDate": "2016-03-09T03:07:21.743-08:00",
    "UserRole": null,
    "MarkedAsAnswerDate": null
  },
  {
    "Id": "1466215",
    "ThreadId": "652327",
    "Html": "Ah, ok - got it.\r<br />\n<br />\nThe VST.NET binaries are available from nuget in <a href=\"https://www.nuget.org/packages/VST.NET.x86\" rel=\"nofollow\">32 bit</a> and <a href=\"https://www.nuget.org/packages/VST.NET.x64\" rel=\"nofollow\">64 bit</a>.\r<br />\n<br />\nIf you just download the <a href=\"https://vstnet.codeplex.com/releases\" rel=\"nofollow\">binaries from codeplex</a> then you just unpack the zip in a location of your choice on your file system and reference those assemblies in you project. Always a good idea to copy in the actual 3rd party dependencies (assemblies) into your project (solution) folder.\r<br />\n<br />\nThere are 3 assemblies that make VST.NET that's it. If you have those in your project (no matter how you've installed them) then you're good to go.\r<br />\n<br />\nFYI: There are also a <a href=\"https://vstnet.codeplex.com/SourceControl/latest#Source/Samples/Jacobi.Vst.Samples.Delay.VB/FxTestPlugin.vb\" rel=\"nofollow\">VB sample plugins in the source tab</a>.\r<br />\n<br />\nThere is a Visual Studio <a href=\"https://visualstudiogallery.msdn.microsoft.com/0fc1a140-269e-4f55-888a-c30577add35a\" rel=\"nofollow\">C# project template package</a> available from the Visual Studio gallery. This allows you to get started quickly with a new project and features a working effect and midi plugin. Maybe you can convert the C# project to VB?\r<br />\n<br />\nHope it helps.<br />\n",
    "PostedDate": "2016-03-09T03:10:35.34-08:00",
    "UserRole": null,
    "MarkedAsAnswerDate": "2016-03-09T03:42:07.78-08:00"
  },
  {
    "Id": "1466217",
    "ThreadId": "652327",
    "Html": "<strong>obiwanjacobi wrote:</strong><br />\n<blockquote>\nAh, ok - got it.<br />\n<br />\nThe VST.NET binaries are available from nuget in <a href=\"https://www.nuget.org/packages/VST.NET.x86\" rel=\"nofollow\">32 bit</a> and <a href=\"https://www.nuget.org/packages/VST.NET.x64\" rel=\"nofollow\">64 bit</a>.<br />\n<br />\nIf you just download the <a href=\"https://vstnet.codeplex.com/releases\" rel=\"nofollow\">binaries from codeplex</a> then you just unpack the zip in a location of your choice on your file system and reference those assemblies in you project. Always a good idea to copy in the actual 3rd party dependencies (assemblies) into your project (solution) folder.<br />\n<br />\nThere are 3 assemblies that make VST.NET that's it. If you have those in your project (no matter how you've installed them) then you're good to go.<br />\n<br />\nFYI: There are also a <a href=\"https://vstnet.codeplex.com/SourceControl/latest#Source/Samples/Jacobi.Vst.Samples.Delay.VB/FxTestPlugin.vb\" rel=\"nofollow\">VB sample plugins in the source tab</a>.<br />\n<br />\nThere is a Visual Studio <a href=\"https://visualstudiogallery.msdn.microsoft.com/0fc1a140-269e-4f55-888a-c30577add35a\" rel=\"nofollow\">C# project template package</a> available from the Visual Studio gallery. This allows you to get started quickly with a new project and features a working effect and midi plugin. Maybe you can convert the C# project to VB?<br />\n<br />\nHope it helps.<br />\n</blockquote>\nthanks :)<br />\n",
    "PostedDate": "2016-03-09T03:42:18.387-08:00",
    "UserRole": null,
    "MarkedAsAnswerDate": null
  },
  {
    "Id": "1487458",
    "ThreadId": "652327",
    "Html": "Got simmilar propblem. i'm trying to convert samples from ASIO4ALL driver. events propertys says that i've int32lsb samples format. could any body give me an examlpe how do i convert this to format common in VST(as in understand its doubles in range of -1.0..1.0) using jacobi ocnverters?  <br />\n",
    "PostedDate": "2016-11-06T12:35:10.18-08:00",
    "UserRole": null,
    "MarkedAsAnswerDate": null
  },
  {
    "Id": "1488248",
    "ThreadId": "652327",
    "Html": "You need to convert the ranges. If your original value is in the range of [0, Int32.MaxValue] after conversion it should sit between [-1.0d, 1.0d]. There's usually more to it than that. Int32lsb doesn't give much information about your source samples. It isn't even a native type in .Net framework. You should be looking for an interleaved float/double/integer array that has to be converted to a multi-dimension float/double array in Vst.Net. I have a couple post on this forum on how to do it for NAudio and PortAudio.<br />\n",
    "PostedDate": "2016-11-17T17:23:03.777-08:00",
    "UserRole": null,
    "MarkedAsAnswerDate": null
  },
  {
    "Id": "1488277",
    "ThreadId": "652327",
    "Html": "I'm sorry that I'm late to react. Codeplex had some problems with notification email and I only just saw Yuri's answer.\r<br />\n<br />\nPerhaps this sample download may be of use?\r<br />\n<a href=\"https://vstnet.codeplex.com/releases/view/122820\" rel=\"nofollow\">https://vstnet.codeplex.com/releases/view/122820</a>\r<br />\n<br />\nHope it helps.<br />\n",
    "PostedDate": "2016-11-17T23:43:40.48-08:00",
    "UserRole": null,
    "MarkedAsAnswerDate": null
  },
  {
    "Id": "1488514",
    "ThreadId": "652327",
    "Html": "Just to be clear, you won't find a ready made function for your specific use case in an existing library.\r<br />\n<br />\nIf you are using NAudio these thread should get you started:\r<br />\n<a href=\"https://vstnet.codeplex.com/discussions/228692\" rel=\"nofollow\">https://vstnet.codeplex.com/discussions/228692</a>\r<br />\n<a href=\"https://vstnet.codeplex.com/discussions/544000\" rel=\"nofollow\">https://vstnet.codeplex.com/discussions/544000</a>\r<br />\n<br />\nComplete example for PortAudio:\r<br />\n<a href=\"https://vstnet.codeplex.com/discussions/246206\" rel=\"nofollow\">https://vstnet.codeplex.com/discussions/246206</a><br />\n",
    "PostedDate": "2016-11-21T20:38:21.59-08:00",
    "UserRole": null,
    "MarkedAsAnswerDate": null
  }
]