[
  {
    "Id": "1208364",
    "ThreadId": "531883",
    "Html": "I built a harness bare VST that does nothing so I can test if Sonar picks it up and shows it in the VST list. After telling sonar to look in the folder with my compiled VST DLL it does not recognize it. Any idea why?<br />\n",
    "PostedDate": "2014-02-14T06:09:31.01-08:00",
    "UserRole": null,
    "MarkedAsAnswerDate": null
  },
  {
    "Id": "1208458",
    "ThreadId": "531883",
    "Html": "Lets first try to get one of the VST.NET sample plugins to load.\r<br />\nPut the plugin and VST.NET dlls in one folder and point to the [plugin-name].dll to open it in the DAW.\r<br />\n<br />\nThe dlls are:\r<br />\n[plugin-name].dll (this is Jacobi.Vst.Interop renamed to represent your plugin).\r<br />\n[plugin-name].net.vstdll (this is your managed assembly)\r<br />\nJacobi.Vst.Core.dll\r<br />\nJacobi.Vst.Framework.dll\r<br />\n<br />\nOnce you have successfully opened one of the sample plugins, we can try to get your own plugin to work.\r<br />\n<br />\nHope it helps,\r<br />\nMarc<br />\n",
    "PostedDate": "2014-02-14T08:44:08.987-08:00",
    "UserRole": null,
    "MarkedAsAnswerDate": null
  },
  {
    "Id": "1208565",
    "ThreadId": "531883",
    "Html": "Ah.. I must have missed the &quot;Jacobi.Vst.Interop.dll&quot; since it wasn't in the AnyCPU folder. Just noticed that there is one in the x64 and one in the x86 folders of the &quot;VST.NET RTM.zip&quot;. Which one should I use if compiling for AnyCPU? <br />\n",
    "PostedDate": "2014-02-14T13:45:20.68-08:00",
    "UserRole": null,
    "MarkedAsAnswerDate": null
  },
  {
    "Id": "1208669",
    "ThreadId": "531883",
    "Html": "The Jacobi.Vst.Interop is the first assembly to load and determines what CLR flavor is used (CLR2 or CLR4). In that respect it is important to choose the one that suites your project. (probably CLR4 if you use VS2010 or higher). \r<br />\n<br />\nThe x86/x64 are the 32/64 bit versions. Normally with .net you hardly ever need to worry about 32/64 bit because you code is compiled to IL. But because the Jacobi.Vst.Interop assembly is a hybrid of managed and unmanaged C++ code it becomes important. If you have  a 64 bit host - choose the 64 bit assembly, otherwise 32 bit is fine.\r<br />\n<br />\nHope it helps.\r<br />\nMarc<br />\n",
    "PostedDate": "2014-02-15T00:24:28.537-08:00",
    "UserRole": null,
    "MarkedAsAnswerDate": null
  },
  {
    "Id": "1208698",
    "ThreadId": "531883",
    "Html": "I am running Win 7 64 bit with Sonar. I compiled the Source\\Samples\\Jacobi.Vst.Samples.Delay.VB project and renamed it &quot;test.net.vstdll&quot;. Copied it to the VST folder along with the &quot;..core.dll&quot; and &quot;..framework.dll&quot;. I also used the interop from Code\\CLR4\\x86\\Release\\ and placed it in the same folder renamed as &quot;test.dll&quot;. Opened Sonar and I get an error during the &quot;scanning test.dll&quot; phase:<br />\n<br />\n<img src=\"http://perecli.com/Download/error.png\" alt=\"Image\" /><br />\n",
    "PostedDate": "2014-02-15T03:12:42.023-08:00",
    "UserRole": null,
    "MarkedAsAnswerDate": null
  },
  {
    "Id": "1208722",
    "ThreadId": "531883",
    "Html": "&quot;An attempt was made to load an assembly from a network location which would have caused the assembly to be sandboxed in previous versions of the .NET Framework. [..]&quot;<br />\n<br />\nLooks to me like the folder your loading from is not local on your PC...?<br />\n<br />\nFor now the solution seems to be to make a local folder on your PC - also check the security properties of the folder and make sure the current user has access.<br />\n<br />\nI will look into enabling loading from remote sources (as the error describes).<br />\n<br />\nEDIT: ah you may also want to check the file properties of the Jacobi.Vst.* dlls. Make sure you &quot;Unblock&quot; them!<br />\n",
    "PostedDate": "2014-02-15T05:28:22.907-08:00",
    "UserRole": null,
    "MarkedAsAnswerDate": null
  },
  {
    "Id": "1209238",
    "ThreadId": "531883",
    "Html": "All the files are local. In fact they are on my desktop. I did &quot;Unblock&quot; them though. They were blocked as you had suspected. The above error is gone, however I now get a different error while SONAR X3 is scanning form my plugin. The error is:\r<br />\n<br />\n<img src=\"http://perecli.com/download/error2.png\" alt=\"Image\" /><br />\n",
    "PostedDate": "2014-02-16T23:02:00.5-08:00",
    "UserRole": null,
    "MarkedAsAnswerDate": null
  },
  {
    "Id": "1209276",
    "ThreadId": "531883",
    "Html": "What plugin are you trying to load?\r<br />\n<br />\nAttach the debugger and post the call stack so we can see what VST.NET method was called...\r<br />\n<br />\nThanx,\r<br />\nMarc<br />\n",
    "PostedDate": "2014-02-17T00:38:58.46-08:00",
    "UserRole": null,
    "MarkedAsAnswerDate": null
  },
  {
    "Id": "1209526",
    "ThreadId": "531883",
    "Html": "The crash window is from FXTeleport which is used to deal with non local files Vst.<br />\n",
    "PostedDate": "2014-02-17T09:46:03.75-08:00",
    "UserRole": null,
    "MarkedAsAnswerDate": null
  },
  {
    "Id": "1209694",
    "ThreadId": "531883",
    "Html": "YuryK, all the VST dlls are in a folder on the desktop, so nothing is non local.<br />\n",
    "PostedDate": "2014-02-17T22:32:51.517-08:00",
    "UserRole": null,
    "MarkedAsAnswerDate": null
  },
  {
    "Id": "1209697",
    "ThreadId": "531883",
    "Html": "obiwanjacobi, I am using the sample plugin &quot;Jacobi.Vst.Samples.Delay.VB&quot;, but I tried the others including my own bare one and all cause the same exception. How do you propose I attach the debugger to the SONAR VST scanner when the app crashes the moment SONAR starts no allowing me to have a chance to attach to it. Has anyone got one of these VSTs to work with SONAR X3 successfully? Maybe there is a compatibility issue.\r<br />\n<br />\nSONAR does its VST scan immediately when it starts up. After the crash its VST scanning component freezes in memory and is stuck until the process is killed from the task manager.<br />\n",
    "PostedDate": "2014-02-17T22:50:54.483-08:00",
    "UserRole": null,
    "MarkedAsAnswerDate": null
  },
  {
    "Id": "1209698",
    "ThreadId": "531883",
    "Html": "Try specifying the (sonar).exe as a startup program in your debug tab of the VS project settings...<br />\n",
    "PostedDate": "2014-02-17T22:54:38.32-08:00",
    "UserRole": null,
    "MarkedAsAnswerDate": null
  },
  {
    "Id": "1209709",
    "ThreadId": "531883",
    "Html": "Just saying if you have a crash window from Teleport Server (FXTeleport), you might want to investigate what this third party software does.<br />\n",
    "PostedDate": "2014-02-17T23:43:38-08:00",
    "UserRole": null,
    "MarkedAsAnswerDate": null
  },
  {
    "Id": "1213941",
    "ThreadId": "531883",
    "Html": "Used the &quot;CLR4\\x64\\Release&quot; DLLs and now I get no crash. Sonar claims it found the new VST but I don't see it in its PlugIns list. There are three categories: Audio FX, Midi FX, Instruments, and Rewire. Where and how should I see it listed if I defined my plugin like this? : <br />\n<pre><code>Friend Class Plugin\n    Inherits VstPluginWithInterfaceManagerBase\n\n    Public Sub New()\n        MyBase.New(&quot;MIDI Staff Plugin&quot;, New VstProductInfo(&quot;MIDI Staff Plugin&quot;, &quot;ACME Systems&quot;, 1000), VstPluginCategory.Analysis, VstPluginCapabilities.None, 0, 902936407)\n    End Sub\n\n    Protected Overrides Function CreateMidiProcessor(instance As IVstMidiProcessor) As IVstMidiProcessor\n        If instance Is Nothing Then Return New MidiProcessor(Me)\n        Return instance\n    End Function\n\n    Protected Overrides Function CreateEditor(instance As IVstPluginEditor) As IVstPluginEditor\n        If instance Is Nothing Then Return New PluginEditor(Me)\n        Return instance\n    End Function\n\n    Public ReadOnly Property ChannelCount() As Integer\n        Get\n            Dim objHostMidiProcessor As IVstMidiProcessor = Nothing\n            If Me.Host IsNot Nothing Then objHostMidiProcessor = Me.Host.GetInstance(Of IVstMidiProcessor)()\n            If objHostMidiProcessor IsNot Nothing Then Return objHostMidiProcessor.ChannelCount\n            Return 0\n        End Get\n    End Property\n\nEnd Class</code></pre>\n\n",
    "PostedDate": "2014-02-24T11:43:23.317-08:00",
    "UserRole": null,
    "MarkedAsAnswerDate": null
  },
  {
    "Id": "1214291",
    "ThreadId": "531883",
    "Html": "Under the covers of VST.NET the VST interface communicates the plugin capabilities using some flags and 'CanDo's. The VST.NET Framework looks at the implementation of the plugin - what interfaces are supported - and some extra flags (VstPluginCapabilities) to automatically communicate these capabilities.\r<br />\n<br />\nI don't know how Sonar interprets Audio Fx, Midi Fx, and instruments - but I suspect that <br />\n<ul>\n<li>Audio Fx are plugins that support the IVstPluginAudioProcessor (I/O), </li>\n<li>Midi Fx are plugins that support IVstMidiSource (output) and the IVstPluginMidiProcessor (input) and </li>\n<li>\nInstrument Fx are plugins that receive Midi input and output audio (synth). \r<br />\nRewire is a different concept/standard not related to VST.<br />\n</li>\n</ul>\nLooking at you code you only implement a Midi output (IVstMidiSource) - My guess is that this confuses Sonar...?\r<br />\nTry also implementing the IVstPluginMidiProcessor - if only a dummy implementation...\r<br />\n<br />\nHope it helps,\r<br />\nMarc<br />\n",
    "PostedDate": "2014-02-25T00:34:31.367-08:00",
    "UserRole": null,
    "MarkedAsAnswerDate": null
  },
  {
    "Id": "1214479",
    "ThreadId": "531883",
    "Html": "Actually it is quite the opposite. I am only implementing IVstMidiProcessor and not IVstMidiSource. The purpose of my VST is to show notes on a score sheet as they are being played so I only need to read MIDI not output it. Here is the MidiProcessor class implementation:<br />\n<pre><code>Class MidiProcessor\n    Implements IVstMidiProcessor\n\n    Private _objPlugin As Plugin\n\n    Public Sub New(objPlugin As Plugin)\n        _objPlugin = objPlugin\n    End Sub\n\n    Public ReadOnly Property ChannelCount() As Integer Implements IVstMidiProcessor.ChannelCount\n        Get\n            Return _objPlugin.ChannelCount\n        End Get\n    End Property\n\n    Public Sub Process(objEvents As VstEventCollection) Implements IVstMidiProcessor.Process\n        For Each objEvent As VstEvent In objEvents.Where(Function(e) e.EventType = VstEventTypes.MidiEvent)\n            Dim objMidiEvent As VstMidiEvent = objEvent\n            If (objMidiEvent.Data(0) And &amp;HF0) = &amp;H80 OrElse (objMidiEvent.Data(0) And &amp;HF0) = &amp;H90 Then\n                'capture MIDI events here\n            End If\n        Next\n    End Sub\n\nEnd Class</code></pre>\n\n",
    "PostedDate": "2014-02-25T05:14:03.697-08:00",
    "UserRole": null,
    "MarkedAsAnswerDate": null
  },
  {
    "Id": "1214521",
    "ThreadId": "531883",
    "Html": "Ah, you're right of course.\r<br />\n<br />\nI would suggest you implement a dummy IVstPluginAudioProcessor - that will work for most hosts out there. There are some sample plugins that do that also.\r<br />\n<br />\n[2c]<br />\n",
    "PostedDate": "2014-02-25T05:52:54.59-08:00",
    "UserRole": null,
    "MarkedAsAnswerDate": null
  }
]