[
  {
    "Id": "615294",
    "ThreadId": "258269",
    "Html": "<p>Hi,</p>\n<p>I am working on a midi plugin that will generate midi data (like an LFO). I was hoping to get some advice on how to structure my plugin and also how to set and send VstEvents.</p>\n<p>&nbsp;</p>\n<p>So my idea was to have a separate thread for the LFO's that would call IVstMidiProcessor::Process() every x milliseconds and send out the status of all the LFOs. Would this work or would it make more sense to only call IVstMidiProcessor::Process() from my  midi processor. Also I'm not sure how to calculate the deltaFrames for a generated VstMidiEvent.</p>\n<p>&nbsp;</p>\n<p>Ideally the LFOs would be able to sync up with the tempo of the host and the start of a bar when the host is playing. It looks like the VstTimeInfo class would help me do this. Should I just use the PpqPosition to get the current position in a bar or is  there a more accurate way of doing this? The BarStartPosition, CycleEndPosition and CycleStartPosition are always 0 for me but maybe this is just because I have been testing in VstHost. I am a little confused about how to get VstTimeInfo. In particular what  is the point of the VstTimeInfoFlags parameter in IVstHostSequencer::GetTime(). I tried calling this with each VstTimeInfoFlag but they all returned the exact same VstTimeInfo.</p>\n<p>&nbsp;</p>\n<p>Thanks</p>\n<p>Rob</p>",
    "PostedDate": "2011-05-19T08:44:51.21-07:00",
    "UserRole": null,
    "MarkedAsAnswerDate": null
  },
  {
    "Id": "615679",
    "ThreadId": "258269",
    "Html": "<p>Hi Rob,</p>\r\n<p>I would not use a seperate thread unless you have to do a lot of calculating to get the correct midi events. To my knowledge the Host determines what 'time' it is and would probably not like you calling back into it for processing these midi events you generate on a seperate thread. So even if you decide to spawn another thread for the generation algorithm, I would still synchronize sending the actual events on the Process call on either the AudioProcessor or the MidiProcessor.</p>\r\n<p>The deltaFrames property of an event offsets the (start) timing of the event from the start of the current processing cycle. So if the slices in the processing cycle are say 4048 frames, deltaFrames allows you to position a midi event within that time-'space' (0-4047). If deltaFrames is zero the event is played at the start of the slice that is currently processed.&nbsp;The higher the&nbsp;deltaFrames value is the 'later'&nbsp;the midi event&nbsp;is played.</p>\r\n<p>The GetTime method implements a sort of handshake mechanism. The parameter you supply when you call the method indicates the types of time info you would like to have returned. When the function returns the VstTimeInfo contains the flags of the types of time info that were actually supplied by the host.</p>\r\n<p>Check out the latest checkin I've done: it is a sample implementation of how you should call GetTime within your plugin. &nbsp;<a href=\"http://vstnet.codeplex.com/SourceControl/changeset/view/57910#1108753\">http://vstnet.codeplex.com/SourceControl/changeset/view/57910#1108753</a></p>\r\n<p>Basically it means you only call GetTime once a cycle.</p>\r\n<p>I remember seeing a discussion on kvraudio's forum on how to calculate bar positions and tempo etc. I cannot help you there (not without doing the research myself). <a href=\"http://www.kvraudio.com/forum/viewforum.php?f=33\">http://www.kvraudio.com/forum/viewforum.php?f=33</a></p>\r\n<p>Hope it helps,<br />Marc</p>",
    "PostedDate": "2011-05-19T22:22:34.827-07:00",
    "UserRole": null,
    "MarkedAsAnswerDate": null
  },
  {
    "Id": "616426",
    "ThreadId": "258269",
    "Html": "<p>Thanks a lot for the info! I think I can figure it out from here. Also if anyone else is interested I think this is the post on kvraudio that Marc was referring to: <a href=\"http://www.kvraudio.com/forum/viewtopic.php?t=270213\" target=\"_blank\">http://www.kvraudio.com/forum/viewtopic.php?t=270213</a></p>\r\n<p>&nbsp;</p>\r\n<p>Thanks again,</p>\r\n<p>Rob</p>",
    "PostedDate": "2011-05-22T10:20:29.5-07:00",
    "UserRole": null,
    "MarkedAsAnswerDate": null
  },
  {
    "Id": "780119",
    "ThreadId": "258269",
    "Html": "<p>Hi obiwan and robcheese!</p>\n<p>I have some trouble with implementing MIDI generation to my VST effect.</p>\n<p>I have studied MidiNoteSampler and MidiNoteMapper sample projects, and all I could find in VSTNET documentation. I have visited&nbsp;<a href=\"http://home.roadrunner.com/~jgglatt/\">http://home.roadrunner.com/~jgglatt/</a>&nbsp;website to learn about MIDI commands but  still I can't make my effect to send MIDI commands to host.</p>\n<p>As far as I figured out:</p>\n<ul>\n<li>I added&nbsp;IVstMidiProcessor CreateMidiProcessor(...) ,&nbsp;IVstPluginMidiSource CreateMidiSource(...) and&nbsp;MidiProcessor MidiProcessor&nbsp;to my Plugin.cs file </li>\n<li>Added MidiProcessor.cs file from template MidiPlugin and figured out that I have to add events to VstEventCollection CurrentEvents; </li>\n<li>To my AudioProcessor's Process() function I added this: </li>\n</ul>\n<p>&nbsp;</p>\n<div style=\"color: black; background-color: white;\">\n<pre><span style=\"color: blue;\">  <span style=\"white-space: pre;\">\t</span>if</span> (_plugin.MidiProcessor.SyncWithAudioProcessor)\n            {\n                _plugin.MidiProcessor.AddDummyEvent();\n                _plugin.MidiProcessor.ProcessCurrentEvents();\n            }\n</pre>\n</div>\n<p>&nbsp;</p>\n<ul>\n<li><span style=\"white-space: pre;\">Implemented AddDummyEvent() like this:</span> </li>\n</ul>\n<div style=\"color: black; background-color: white;\">\n<pre style=\"white-space: pre;\"><span style=\"color: blue;\">        public</span> <span style=\"color: blue;\">void</span> AddDummyEvent()\n            {\n                <span style=\"color: blue;\">byte</span>[] b = <span style=\"color: blue;\">new</span> <span style=\"color: blue;\">byte</span>[4];\n                b[0] = 0x80;\n                b[1] = 60;\n                b[2] = 100;\n                VstEvent[] evs = <span style=\"color: blue;\">new</span> VstEvent[1];\n                evs[0] = <span style=\"color: blue;\">new</span> VstMidiEvent(0, 0, 0, b, 0, 0);\n                VstEventCollection ev = <span style=\"color: blue;\">new</span> VstEventCollection(evs);\n                CurrentEvents = ev;\n            }</pre>\n<ul>\n</ul>\n</div>\n<li>This should turn on middle C at volume 100 every time the ProcessCurrentEvents() is called (so that mean's pretty often </li>\n<p>What I don't understand is this comment before CreateMidiSource in Plugin.cs:</p>\n<div style=\"color: black; background-color: white;\">\n<pre><span style=\"color: gray;\">///</span> <span style=\"color: gray;\">&lt;summary&gt;</span>\n<span style=\"color: gray;\">///</span><span style=\"color: green;\"> Implement this when you output midi events to the host.</span>\n<span style=\"color: gray;\">///</span> <span style=\"color: gray;\">&lt;/summary&gt;</span></pre>\n</div>\n<p>I copied it from MidiPlugin template and as far as I see, I think it should work.</p>\n<p>When I test my plugin (its in FL Studio 10) I &nbsp;have to assign an output MIDI port in my plugin and assign an input MIDI port to other VSTi synth. I'm doing it but it's not working.</p>\n<p>I think I didn't understand something so I'm asking you for some help.</p>\n<p>Also my implementation of AddDummyEvent() seems to be bad. It must be more easy way to add MIDI event to output events for host.</p>\n<p>All what I want is to automaticly \"press\" and \"release\" MIDI notes.</p>",
    "PostedDate": "2012-02-19T08:40:15.92-08:00",
    "UserRole": null,
    "MarkedAsAnswerDate": null
  },
  {
    "Id": "780443",
    "ThreadId": "258269",
    "Html": "<p>At a first glance the only thing that stands out to me is that your using the status byte of a note off message not a note on message. Try switching it to 0x90.</p>\r\n<p>CreateMidiSource just needs to return the instance of your midi processor.</p>",
    "PostedDate": "2012-02-19T10:06:26.63-08:00",
    "UserRole": null,
    "MarkedAsAnswerDate": null
  },
  {
    "Id": "780585",
    "ThreadId": "258269",
    "Html": "<p>The IVstPluginMidiSource interface contains a property ChannelCount that is (possibly) used by the host. Implementing it also signals to the VST.NET Framework that you will output (source) midi events. The framework will communicate this to the host (flags). So it is key that you implement (a reference to) it and return it from the CreateMidiSource method.</p>\r\n<p>All the CreateXxxx methods on the (VstPluginWith)InterfaceManagerBase class are called when that specific interface is requested for the first time. It is up to you to return an implementation of that interface. If you implement multiple interfaces on one object (which is perfectly fine) you just return the same object reference for the interfaces it implements.</p>\r\n<p>Like Rob already indicted the Note on will probably yield better results. You might also think of using a counter (int) to let some Process calls pass before sending another midi event. I would suggest you'd write code that sends a (dummy) note on, waits for a couple of Process calls then sends the note off for that note - then waits again then sends a note on and so on etc.</p>\r\n<p>TIP: You can use the VstEventCollection in CurrentEvents to manage the events. Call the Clear method to remove all (old) events and use Add to add to the list of events. It is a good idea to keep the number (and size) of the memory allocations during processing to a minimum - and you're newing up 2 objects you can do without. Note that the VstEventCollection constructor that takes the array marks the collection as read only. It is meant to wrap incoming events - which you cannot change.</p>\r\n<p>Hope it hepls,<br />Marc&nbsp;</p>",
    "PostedDate": "2012-02-19T10:44:36.81-08:00",
    "UserRole": null,
    "MarkedAsAnswerDate": null
  },
  {
    "Id": "780747",
    "ThreadId": "258269",
    "Html": "<p>Thank you for your replies obiwan and robcheese!</p>\n<p>Fell bit stupid about that note-off command.. but take look at this:&nbsp;<a href=\"http://253.ccarh.org/handout/midiprotocol/\">http://253.ccarh.org/handout/midiprotocol/</a></p>\n<p>Right at the beginning there stays noteON for 128 decimal that is 0x80... and on the jgglatt's website there is correct. I was checking these two websites and when I was implementing my dummy note-on function, I was currently looking on the website i just  linked.</p>\n<p>And for the VstEventCollection CurrentEvents: I tired to use this but i got \"read only\"&nbsp;exception when i tried to invoke .Add method.</p>\n<p>Now I'm implementing changes to your advices. I will tell you if it worked.</p>\n<p>&nbsp;</p>\n<p>Edit.</p>\n<p>It works..... Thank you guys :)</p>\n<p>&nbsp;</p>\n<p>Edit 2.</p>\n<p>I still can't figure out how to deal with CurrentEvents.</p>\n<p>Even when I fire CurrentEvents.Clear(); I get an exception that this is read only :(</p>",
    "PostedDate": "2012-02-19T11:26:54.76-08:00",
    "UserRole": null,
    "MarkedAsAnswerDate": null
  },
  {
    "Id": "783223",
    "ThreadId": "258269",
    "Html": "<p>Are you still creating new VstEventCollections and passing an array to the constructor? If so try just adding to and clearing the exsisting one instead.</p>\r\n<p>&nbsp;</p>\r\n<p>Rob</p>",
    "PostedDate": "2012-02-19T22:17:29.067-08:00",
    "UserRole": null,
    "MarkedAsAnswerDate": null
  }
]