[
  {
    "Id": "1448872",
    "ThreadId": "646316",
    "Html": "At some point the DAW will call GetPluginInfo() on my VST. How do I get it to call it again so I can tell it that there are new parameters? Is there some other way to tell the DAW that my VST has changed its params?<br />\n",
    "PostedDate": "2015-10-16T18:42:11.473-07:00",
    "UserRole": null,
    "MarkedAsAnswerDate": null
  },
  {
    "Id": "1448981",
    "ThreadId": "646316",
    "Html": "<strong>Kruddler wrote:</strong><br />\n<blockquote>\nAt some point the DAW will call GetPluginInfo() on my VST. How do I get it to call it again so I can tell it that there are new parameters? Is there some other way to tell the DAW that my VST has changed its params?<br />\n</blockquote>\nHi,\r<br />\nIf you declare your VSTPlugInfo instance outside of GetPluginInfo, and let GetPluginInfo set the info when it is initially called, then you can reset your VSTPlugInfo instance properties (for example, _pluginInfo.ParameterCount), but then you have to call _hostStub.UpdatePluginInfo(_pluginInfo). \r<br />\n<br />\nAt least that has worked for me so far :-)\r<br />\n<br />\nCheers,<br />\n",
    "PostedDate": "2015-10-18T22:55:44.303-07:00",
    "UserRole": null,
    "MarkedAsAnswerDate": null
  },
  {
    "Id": "1449599",
    "ThreadId": "646316",
    "Html": "Hey Msav, thanks heaps for the idea.\r<br />\n<br />\nI've implemented that strategy and of course, it seems like this would be thew way to go. You would think that _hostStub.UpdatePluginInfo(_pluginInfo) would force the host to refresh the info right? Well, it doesn't seem to in Ableton. I debugged my code, and I'm definitely setting the number of parameters to 1 from 0. I.e. I incremented PluginInfo.ParameterCount but, Ableton never calls GetParameterLabel(int index), GetParameterDisplay(int index), or GetParameterName(int index). So, I'm left wondering if there is something else I need to do...<br />\n",
    "PostedDate": "2015-10-24T17:22:06.01-07:00",
    "UserRole": null,
    "MarkedAsAnswerDate": null
  },
  {
    "Id": "1449619",
    "ThreadId": "646316",
    "Html": "<strong>Kruddler wrote:</strong><br />\n<blockquote>\nHey Msav, thanks heaps for the idea.<br />\n<br />\nI've implemented that strategy and of course, it seems like this would be thew way to go. You would think that _hostStub.UpdatePluginInfo(_pluginInfo) would force the host to refresh the info right? Well, it doesn't seem to in Ableton. I debugged my code, and I'm definitely setting the number of parameters to 1 from 0. I.e. I incremented PluginInfo.ParameterCount but, Ableton never calls GetParameterLabel(int index), GetParameterDisplay(int index), or GetParameterName(int index). So, I'm left wondering if there is something else I need to do...<br />\n</blockquote>\nInteresting you should mention that :-)\r<br />\nI'm finding my host (Acoustica Mixcraft) doesn't seem to call GetParameterLabel/Display/Name either. :(\r<br />\nEither that or Im not doing something right.\r<br />\n<br />\nCalling UpdatePluginInfo definitely changes the properties associated with the instance of _pluginInfo because I can report the new Parameter count, but the above Functions/Subs for me never seem to get called...<br />\n",
    "PostedDate": "2015-10-25T00:27:44.7-07:00",
    "UserRole": null,
    "MarkedAsAnswerDate": null
  },
  {
    "Id": "1449906",
    "ThreadId": "646316",
    "Html": "Yeah, I'm left wondering if Ableton cares that I've called UpdatePluginInfo() ...\r<br />\n<br />\nI'm not sure how to test if Ableton has actually received the message to do the update, or if there is something else I need to call on the host.<br />\n",
    "PostedDate": "2015-10-27T17:26:32.993-07:00",
    "UserRole": null,
    "MarkedAsAnswerDate": null
  },
  {
    "Id": "1449943",
    "ThreadId": "646316",
    "Html": "The UpdatePluginInfo updates the C++ structure that is passed from the plugin to the host at startup, with values from the passed VstPluginInfo object. It also calls IOChanged on the host to give it a kick so to speak.<br />\n<br />\nWhether or not these updated values are actually picked up at runtime is dependent on how the host is implemented. Some keep (a reference to) that structure around, others seem to copy over the values into their own data structures - these will not notice updates.<br />\n<br />\nAnother strategy may be to pre-allocate a number of parameters and re-assign these from 'NotUsed' to 'InUse' whenever you need more parameters... (Note that you can derive from VstParameter to maintain more info)<br />\n<br />\n[2c]<br />\n",
    "PostedDate": "2015-10-28T02:44:28.937-07:00",
    "UserRole": null,
    "MarkedAsAnswerDate": null
  },
  {
    "Id": "1450531",
    "ThreadId": "646316",
    "Html": "It seems as though Ableton simply does not care that VST.Net is sending an IOChanged message. That's a shame but I'll try our other strategy.\r<br />\n<br />\nIf I were to pre-allocate a number of parameters. How do I set an individual parameter to &quot;NotUsed&quot; or &quot;InUse&quot;? Can I do this through the normal IVstPluginCommandStub interface? Bare in mind that I'm not using the VstParameterManager. I'm building my own manager for this stuff because of the complex routing that I am trying to implement.<br />\n",
    "PostedDate": "2015-10-30T16:15:56.43-07:00",
    "UserRole": null,
    "MarkedAsAnswerDate": null
  },
  {
    "Id": "1450851",
    "ThreadId": "646316",
    "Html": "NotUsed/InUse is not something defined in VST. It is simply a tag you use in your own code to know what parameters to take into account.\r<br />\nThe VST host will always see all parameters - and the user may try to change/automate  them...<br />\n",
    "PostedDate": "2015-11-04T05:00:45.9-08:00",
    "UserRole": null,
    "MarkedAsAnswerDate": null
  },
  {
    "Id": "1451065",
    "ThreadId": "646316",
    "Html": "Hmmm... Unfortunately, that's not really a solution. \r<br />\n<br />\nOther synths like Reaktor are able to add an remove parameters seamlessly in Ableton. That's the functionality I need to recreate. Perhaps I'm doing something wrong?<br />\n",
    "PostedDate": "2015-11-05T11:50:29.22-08:00",
    "UserRole": null,
    "MarkedAsAnswerDate": null
  },
  {
    "Id": "1451076",
    "ThreadId": "646316",
    "Html": "Are these plugins affiliated with the host manufacturer? If so, they might be using hidden (non-VST 2.4) interfaces...<br />\n",
    "PostedDate": "2015-11-05T13:23:40.73-08:00",
    "UserRole": null,
    "MarkedAsAnswerDate": null
  },
  {
    "Id": "1451077",
    "ThreadId": "646316",
    "Html": "No not at all. The host is Ableton, and the synth is Reaktor. Reaktor is by Native Instruments. Reaktor is somewhat similar to my synth in design. It is a modular synth and parameters are added and removed during the usage of the VST. I don't know if they are doing any kind of trickery. \r<br />\n<br />\nYou have given me an idea though. Perhaps I can hope Reaktor, and see if it is calling UpdatePluginInfo in order to tell my host that the parameters have changed...\r<br />\nUnfortunately, my synth always crashes when I try to load Reaktor as a plugin.<br />\n",
    "PostedDate": "2015-11-05T13:35:05.89-08:00",
    "UserRole": null,
    "MarkedAsAnswerDate": null
  },
  {
    "Id": "1451081",
    "ThreadId": "646316",
    "Html": "You could also try the VST.NET WrapperPlugin sample? <a href=\"http://vstnet.codeplex.com/SourceControl/latest#Source/Samples/Jacobi.Vst.Samples.WrapperPlugin/PluginCommandStubAdapter.cs\" rel=\"nofollow\">http://vstnet.codeplex.com/SourceControl/latest#Source/Samples/Jacobi.Vst.Samples.WrapperPlugin/PluginCommandStubAdapter.cs</a>\r<br />\n<br />\nIt doesn't do much but you can turn on VST.NET tracing to see what calls are made.\r<br />\n<br />\nIf you attach a debugger to the host and then load your plugin and then load the Reaktor plugin (that is how it works right?), you should be able to see what the problem is.<br />\n",
    "PostedDate": "2015-11-05T13:47:53.37-08:00",
    "UserRole": null,
    "MarkedAsAnswerDate": null
  },
  {
    "Id": "1451373",
    "ThreadId": "646316",
    "Html": "I'm really struggling with this.\r<br />\n<br />\nThe interface Jacobi.Vst.Core.Host.IVstHostCommandStub does not have the method UpdatePluginInfo. So, how is Reaktor supposed to let me know that the number of parameters has changed? Which method should I be looking at?\r<br />\n<br />\nOr, should I be constantly polling the number of parameters with GetPluginInfo?<br />\n",
    "PostedDate": "2015-11-09T01:06:49.61-08:00",
    "UserRole": null,
    "MarkedAsAnswerDate": null
  },
  {
    "Id": "1451380",
    "ThreadId": "646316",
    "Html": "Have you found out what methods are getting called?\r<br />\n<br />\nThere is no way for the plugin to communicate that it has updated its plugin info - other than the UpdateIO host method.\r<br />\nYou can poll by calling AcceptPluginInfoData on the VstPluginContext (optionally raising events)...<br />\n",
    "PostedDate": "2015-11-09T01:42:08.01-08:00",
    "UserRole": null,
    "MarkedAsAnswerDate": null
  },
  {
    "Id": "1451383",
    "ThreadId": "646316",
    "Html": "<em>Have you found out what methods are getting called?</em> \r<br />\n<br />\nI'm looking in to it...\r<br />\n<br />\n<em>There is no way for the plugin to communicate that it has updated its plugin info - other than the UpdateIO host method</em>\r<br />\n<br />\nWhere can I find that? Do you mean the IoChanged changed method? I am calling that.<br />\n",
    "PostedDate": "2015-11-09T02:02:40.42-08:00",
    "UserRole": null,
    "MarkedAsAnswerDate": null
  },
  {
    "Id": "1451385",
    "ThreadId": "646316",
    "Html": "Reaktor calls:\r<br />\nUpdateDisplay when it is changing patches\r<br />\nSetParametersAutomated when I twiddle a knob\r<br />\nIt doesn't call IoChanged<br />\n",
    "PostedDate": "2015-11-09T02:09:03.543-08:00",
    "UserRole": null,
    "MarkedAsAnswerDate": null
  },
  {
    "Id": "1451386",
    "ThreadId": "646316",
    "Html": "I am calling SetParametersAutomated on the host, but it never calls back to ask for \r<br />\n<br />\nGetParameterLabel\r<br />\nGetParameterDisplay\r<br />\nGetParameterName<br />\n",
    "PostedDate": "2015-11-09T02:10:33.17-08:00",
    "UserRole": null,
    "MarkedAsAnswerDate": null
  },
  {
    "Id": "1451387",
    "ThreadId": "646316",
    "Html": "BTW: I have found that Reaktor starts with 1000 parameters and never changes, so I guess Ableton waits for one of those to change before it displays the parameter as automated.<br />\n",
    "PostedDate": "2015-11-09T02:11:23.717-08:00",
    "UserRole": null,
    "MarkedAsAnswerDate": null
  },
  {
    "Id": "1451390",
    "ThreadId": "646316",
    "Html": "Once again, I go to bed unfulfilled...\r<br />\n<br />\nOh well! Getting closer I suspect. At least I got over the other humps today.<br />\n",
    "PostedDate": "2015-11-09T02:19:30.393-08:00",
    "UserRole": null,
    "MarkedAsAnswerDate": null
  },
  {
    "Id": "1451394",
    "ThreadId": "646316",
    "Html": "Sorry, yes IOChanged().\r<br />\n<br />\nLet me get this straight: Your plugin hosts Reaktor and want to pass on the changes in Reaktor? \r<br />\nAnd you are calling IOChanged on your plugin's host?\r<br />\n<br />\nI keep getting confused... <br />\n",
    "PostedDate": "2015-11-09T02:44:38.867-08:00",
    "UserRole": null,
    "MarkedAsAnswerDate": null
  },
  {
    "Id": "1451397",
    "ThreadId": "646316",
    "Html": "At this point, I'd be happy if ableton would just accept that my plug in has a parameter and it asked me what that parameter is called so it could be displayed in ableton. \r<br />\n<br />\nAt some point I got it half working. I.e. The parameter name showed up in ableton. But since then - nothing! <br />\n",
    "PostedDate": "2015-11-09T02:58:45.41-08:00",
    "UserRole": null,
    "MarkedAsAnswerDate": null
  },
  {
    "Id": "1451398",
    "ThreadId": "646316",
    "Html": "But to answer your question Yes! I would like to route automation from ableton in to my synth and then route that to the instance of reaktor in my synth. <br />\n",
    "PostedDate": "2015-11-09T03:01:01.473-08:00",
    "UserRole": null,
    "MarkedAsAnswerDate": null
  },
  {
    "Id": "1451400",
    "ThreadId": "646316",
    "Html": "So your'plugin republishes all parameters of all plugins you host yourself.\r<br />\n<br />\nHmmm, Parameters should be relatively simpel. I always find that isolating the problem in a separate test project that only focuses on the one issue resolves this type of thing quickly. I would suggest you through together a skeleton plugin that focuses on publishing parameters and get that working first...<br />\n",
    "PostedDate": "2015-11-09T03:25:32.987-08:00",
    "UserRole": null,
    "MarkedAsAnswerDate": null
  },
  {
    "Id": "1451471",
    "ThreadId": "646316",
    "Html": "I'm not republishing every parameter. Actually, I've stripped it back to 1 parameter. I just want ableton to recognize 1 parameter and send me automation for it. I will try isolating the problem in a new app. Which sample would be the best for doing this?  Ps: it doesn't have to host a vst. Getting parameters from the vst is not my issue right now.  <br />\n",
    "PostedDate": "2015-11-09T11:40:13.413-08:00",
    "UserRole": null,
    "MarkedAsAnswerDate": null
  },
  {
    "Id": "1451540",
    "ThreadId": "646316",
    "Html": "You could try to load the Delay sample plugin. It has parameters - but it is build with Framework. Still should demonstrate the concept quite well...<br />\n",
    "PostedDate": "2015-11-10T00:57:58.413-08:00",
    "UserRole": null,
    "MarkedAsAnswerDate": null
  },
  {
    "Id": "1451548",
    "ThreadId": "646316",
    "Html": "I've had a look through this before, but I can't really figure out how this works. I think I'd have to dig deep in to the framework to understand how it works.\r<br />\n<br />\nOff the top of your head, what call do you think I should be calling on the host to tell it I have a parameter for it to automate?<br />\n",
    "PostedDate": "2015-11-10T02:30:06.337-08:00",
    "UserRole": null,
    "MarkedAsAnswerDate": null
  },
  {
    "Id": "1451550",
    "ThreadId": "646316",
    "Html": "As a plugin respond to GetParameter, SetParameter, CanParameterBeAutomated (optional: GetParameterLabel, GetParameterDisplay, GetParameterName, String2Parameter)<br />\nBut most of all set a non-zero value in VstPluginInfo.ParameterCount <br />\n<br />\nWhen the plugin changes a value of one of its parameters (internally) then you should call SetParameterAutomated on the host.<br />\n<br />\nThat's it.<br />\n",
    "PostedDate": "2015-11-10T02:48:06.503-08:00",
    "UserRole": null,
    "MarkedAsAnswerDate": null
  },
  {
    "Id": "1451551",
    "ThreadId": "646316",
    "Html": "Yep. I'm convinced that I'm doing the right things. It's all very straight forward. For some reason, my Host Ableton is just not getting my messages.\r<br />\n<br />\nI tried this as a test (I grabbed it from a sample):<br />\n<pre><code>            VstFileSelect fileSelect = new VstFileSelect();\n            fileSelect.Command = VstFileSelectCommand.FileLoad;\n            fileSelect.FileTypes = new VstFileType[2];\n            fileSelect.FileTypes[0] = new VstFileType();\n            fileSelect.FileTypes[0].Name = &quot;Text Files&quot;;\n            fileSelect.FileTypes[0].Extension = &quot;txt&quot;;\n            fileSelect.FileTypes[1] = new VstFileType();\n            fileSelect.FileTypes[1].Name = &quot;All Files&quot;;\n            fileSelect.FileTypes[1].Extension = &quot;*&quot;;\n            fileSelect.Title = &quot;Select a file&quot;;\n\n            if (_MySynthPluginStub.HostStubAdapter.OpenFileSelector(fileSelect))\n            {\n            }</code></pre>\n\nNo file dialog is displayed. I think there's something wrong with my host object.<br />\n",
    "PostedDate": "2015-11-10T02:52:10.887-08:00",
    "UserRole": null,
    "MarkedAsAnswerDate": null
  },
  {
    "Id": "1451554",
    "ThreadId": "646316",
    "Html": "Did you check the Host's CanDo 'OpenFileSelector' ??<br />\n<br />\nAnd what's that HostStubAdapter?<br />\n",
    "PostedDate": "2015-11-10T02:55:23.073-08:00",
    "UserRole": null,
    "MarkedAsAnswerDate": null
  },
  {
    "Id": "1451633",
    "ThreadId": "646316",
    "Html": "Some more pieces of the puzzle...<br />\n<br />\nI forgot to mention this, but at some point, I'm not sure when, this VS error started coming up when I start Ableton from the debugger:<br />\n<br />\nException thrown at 0x74A137F3 (rpcrt4.dll) in Ableton Live 9 Suite.exe: 0xC0000005: Access violation reading location 0x00000002.<br />\n<br />\n<em>Did you check the Host's CanDo 'OpenFileSelector' ??</em><br />\n<br />\nI checked, and I get &quot;Unknown&quot;.<br />\n<br />\n<em>what's that HostStubAdapter?</em><br />\n<br />\nI get this from the GetPluginInfo method of my plugin stub. I'm not doing anything funny. It's just the raw object that gets passed in. It's of type Jacobi.Vst.Core.Plugin.VstPluginInfo Like this:<br />\n<pre><code>        public plugin.VstPluginInfo GetPluginInfo(plugin.IVstHostCommandStub hostCmdStub)\n        {\n            try\n            {\n                _HostStubAdapter = hostCmdStub;\n\n                System.Diagnostics.Debug.WriteLine(hostCmdStub.GetProductString());\n                System.Diagnostics.Debug.WriteLine(hostCmdStub.GetCurrentPluginID());\n                System.Diagnostics.Debug.WriteLine(hostCmdStub.GetVersion());\n\n                //TODO: Unhard code this \n                var uiDLLName = &quot;MySynth.WPF.dll&quot;;\n                GetEditorControl(uiDLLName);\n\n                UpdatePluginInfo();\n                return GetPluginInfo();\n            }\n            catch (Exception ex)\n            {\n                return null;\n            }\n        }</code></pre>\n\nHere's the debug output BTW:<br />\n<br />\nLive<br />\n1234<br />\n2400<br />\n<br />\nThis is my UpdatePluginInfo method. Although this doesn't change throughout the lifespan <br />\n<pre><code>        public void UpdatePluginInfo()\n        {\n            _PluginInfo = new plugin.VstPluginInfo();\n            _PluginInfo.AudioInputCount = 2;\n            _PluginInfo.AudioOutputCount = 2;\n            _PluginInfo.ProgramCount = 1;\n            _PluginInfo.Flags = VstPluginFlags.HasEditor | VstPluginFlags.CanReplacing | VstPluginFlags.IsSynth | VstPluginFlags.ProgramChunks;\n            _PluginInfo.PluginID = 1234;\n            _PluginInfo.PluginVersion = 1;\n            _PluginInfo.ParameterCount = 1000;\n\n        }</code></pre>\n\n",
    "PostedDate": "2015-11-10T11:50:37.807-08:00",
    "UserRole": null,
    "MarkedAsAnswerDate": null
  },
  {
    "Id": "1451699",
    "ThreadId": "646316",
    "Html": "I've got the sample Jacobi.Vst.Samples.WrapperPlugin.Clr4 working. It's perfect. It maps parameters directly. Now,I've just gotta figure out what it's doing differently.<br />\n",
    "PostedDate": "2015-11-11T00:35:20.013-08:00",
    "UserRole": null,
    "MarkedAsAnswerDate": null
  },
  {
    "Id": "1451707",
    "ThreadId": "646316",
    "Html": "Great.\r<br />\n<br />\nI still have a feeling you're doing something 'wrong' in your startup/bootstrap code -how you link up the objects-  but I cannot put my finger on it.\r<br />\n<br />\nPerhaps you can look at the way the Framework implemented the PluginCommandStub - it may give you an idea of what is different.\r<br />\n<a href=\"http://vstnet.codeplex.com/SourceControl/latest#Source/Code/Jacobi.Vst.Framework/Plugin/StdPluginCommandStub.cs\" rel=\"nofollow\">http://vstnet.codeplex.com/SourceControl/latest#Source/Code/Jacobi.Vst.Framework/Plugin/StdPluginCommandStub.cs</a>\r<br />\n<br />\nThis class is created when the plugin is loaded. The derived class (of the actual plugin) implements CreatePluginInstance where it news up an instance of the plugins &quot;root class&quot;. The other methods just translate between the raw VST spec and the Framework - those may not be very interesting to you. You may want to check out: GetPluginInfo (at the top) and CreatePluginInfo (at the bottom). \r<br />\n<br />\nGetPluginInfo basically just collects all necessary objects needed for a working plugin: the Plugin root class (CreatePluginInstance), it wraps the IVstHostCommandStub for the plugin to talk back to the host and it creates the PluginInfo based on the capabilities of the plugin (root class) (CreatePluginInfo). Note that the VstPluginContext used here (Framework) is NOT the same you use when loading a plugin (Interop).<br />\n",
    "PostedDate": "2015-11-11T01:39:53.79-08:00",
    "UserRole": null,
    "MarkedAsAnswerDate": null
  },
  {
    "Id": "1451712",
    "ThreadId": "646316",
    "Html": "AHHHH!!!!\r<br />\n<br />\nI got it working, and then I changed the code and now it's not working again, and I don't know what I did!!! I didn't check in my change.\r<br />\n<br />\nThat's what Git is there for!!!! Ahhhh.<br />\n",
    "PostedDate": "2015-11-11T02:14:07.667-08:00",
    "UserRole": null,
    "MarkedAsAnswerDate": null
  },
  {
    "Id": "1451718",
    "ThreadId": "646316",
    "Html": "OK. I got it working to a certain extent.\r<br />\n<br />\nGod knows how...\r<br />\n<br />\nSo, it seems that Ableton doesn't like it when you say you have 1000 parameters. I don't know why. Reaktor does is it...\r<br />\n<br />\nBut, the thing was that it was working all this time. It just doesn't work after loading a patch. I was testing on a project I was already loading. When I create a new instance of the synth without pre-loading a patch, it works fine. So, I'll have to figure out what is happening during the &quot;SetChunk&quot; process that makes it stop working. \r<br />\n<br />\nAlso, it lists all my parameters 0-8, even though I only want to display 1.\r<br />\n<br />\nThe good news is that Ableton now automates my hosted Vsts, and My synth can automate the parameters in Ableton so a great step forward at least.\r<br />\n<br />\nI'll keep at it...<br />\n",
    "PostedDate": "2015-11-11T02:44:40.35-08:00",
    "UserRole": null,
    "MarkedAsAnswerDate": null
  }
]