[
  {
    "Id": "1441412",
    "ThreadId": "644053",
    "Html": "I've been opening VST editors in a popup. However, I'd like to open the editor in my existing UI. There's probably some issues around real estate, but I'd like to try to get that right. The problem I'm facing is that I can't get the window handle from a standard WPF panel. Here is my popup code:\r<br />\n<br />\nNote: The equivalent code for getting the Window Handle returns null when the control inherits from Canvas.<br />\n<pre><code>using System;\nusing System.ComponentModel;\nusing System.Windows;\nusing System.Windows.Interop;\nusing host = Jacobi.Vst.Core.Host;\nusing interophost = Jacobi.Vst.Interop.Host;\n\nnamespace MySynth\n{\n    /// &lt;summary&gt;\n    /// Interaction logic for PluginPopup.xaml\n    /// &lt;/summary&gt;\n    public partial class PluginPopup : Window\n    {\n        #region Events\n        public event EventHandler ParametersLoaded;\n        #endregion\n\n        #region Fields\n        private interophost.VstPluginContext _ExternalVstContext;\n        private ParameterInfoDictionary _PluginParameters = new ParameterInfoDictionary();\n        #endregion\n\n        #region Constructor\n        [System.Diagnostics.CodeAnalysis.SuppressMessage(&quot;Microsoft.Naming&quot;, &quot;CA1704:IdentifiersShouldBeSpelledCorrectly&quot;, MessageId = &quot;Vst&quot;)]\n        public PluginPopup( interophost.VstPluginContext externalVstContext)\n        {\n            _ExternalVstContext = externalVstContext;\n            InitializeComponent();\n        }\n        #endregion\n\n        #region Overrides\n        protected override void OnClosing(CancelEventArgs e)\n        {\n            _ExternalVstContext.PluginCommandStub.EditorClose();\n            base.OnClosing(e);\n        }\n\n        #endregion\n\n        #region Public Properties\n        public host.IVstPluginCommandStub PluginCommandStub\n        {\n            get\n            {\n                return _ExternalVstContext.PluginCommandStub;\n            }\n        }\n\n        [System.Diagnostics.CodeAnalysis.SuppressMessage(&quot;Microsoft.Naming&quot;, &quot;CA1704:IdentifiersShouldBeSpelledCorrectly&quot;, MessageId = &quot;Vst&quot;)]\n        public host.IVstPluginContext ExternalVstContext\n        {\n            get\n            {\n                return _ExternalVstContext;\n            }\n        }\n\n        private IntPtr WindowHandle\n        {\n            get\n            {\n                var source = PresentationSource.FromVisual(this) as HwndSource;\n                return source.Handle;\n            }\n        }\n\n        public ParameterInfoDictionary PluginParameters\n        {\n            get\n            {\n                return _PluginParameters;\n            }\n        }\n        #endregion\n\n        #region Public Methods\n        public void OpenEditor()\n        {\n            System.Drawing.Rectangle wndRect;\n\n            if (_ExternalVstContext.PluginCommandStub.EditorGetRect(out wndRect))\n            {\n                _ExternalVstContext.PluginCommandStub.EditorOpen(WindowHandle);\n            }\n\n            GetParameters();\n\n            if (ParametersLoaded != null)\n            {\n                ParametersLoaded(this, new EventArgs());\n            }\n\n            Show();\n        }\n        #endregion\n\n        #region Private Methods\n        private void GetParameters()\n        {\n            //Iterate through all parameters for the VST\n            for (int i = 0; i &lt; _ExternalVstContext.PluginCommandStub.PluginContext.PluginInfo.ParameterCount; i++)\n            {\n                var name = _ExternalVstContext.PluginCommandStub.GetParameterName(i);\n\n                if (PluginParameters.ContainsKey(name))\n                {\n                    //Ignore dupes?\n                    continue;\n                }\n\n                PluginParameters.Add(name, new ParameterInfo\n                {\n                    Name = name,\n                    Label = _ExternalVstContext.PluginCommandStub.GetParameterLabel(i),\n                    Display = _ExternalVstContext.PluginCommandStub.GetParameterDisplay(i),\n                    Index = i,\n                    ParameterProperties = _ExternalVstContext.PluginCommandStub.GetParameterProperties(i)\n                }\n                );\n            }\n        }\n        #endregion\n    }\n}\n</code></pre>\n\n",
    "PostedDate": "2015-08-22T16:08:39.693-07:00",
    "UserRole": null,
    "MarkedAsAnswerDate": null
  },
  {
    "Id": "1441414",
    "ThreadId": "644053",
    "Html": "Specifically, this line returns null for Canvas, or UserControl...<br />\n<pre><code>var source = PresentationSource.FromVisual(this) as HwndSource;</code></pre>\n\n",
    "PostedDate": "2015-08-22T16:11:28.94-07:00",
    "UserRole": null,
    "MarkedAsAnswerDate": null
  },
  {
    "Id": "1441418",
    "ThreadId": "644053",
    "Html": "Well, I guess that really, what I am asking is not so much how to get the window handle of the UserControl - I guess I need to use the Window Handle of the parent Window - not the UserControl.\r<br />\n<br />\nI guess what I really need to be asking is, how do I draw the editor at a particular set of offsets within the Window?<br />\n",
    "PostedDate": "2015-08-22T16:31:02.823-07:00",
    "UserRole": null,
    "MarkedAsAnswerDate": null
  },
  {
    "Id": "1441435",
    "ThreadId": "644053",
    "Html": "I have also seen:\r<br />\nnew WindowInteropHelper(this).Handle\r<br />\n<br />\n[2c]\r<br />\nMarc<br />\n",
    "PostedDate": "2015-08-22T23:19:00.613-07:00",
    "UserRole": null,
    "MarkedAsAnswerDate": null
  },
  {
    "Id": "1441464",
    "ThreadId": "644053",
    "Html": "I don't think this is gonna work smoothly. Windows are a special case in WPF rendering pipeline, other controls needs to comply with the visual/logical trees interfaces. I'm using a Windows Form Panel inside a WindowsFormsHost control. The WindowsFormsHost supports much of the features of a WPF user control.<br />\n",
    "PostedDate": "2015-08-23T09:29:13.747-07:00",
    "UserRole": null,
    "MarkedAsAnswerDate": null
  },
  {
    "Id": "1441532",
    "ThreadId": "644053",
    "Html": "Right! That's a great trick. I'll try it.\r<br />\nHave you found that this works well for you Yury? \r<br />\nDoco here: <a href=\"https://msdn.microsoft.com/en-us/library/system.windows.forms.integration.windowsformshost(v=vs.110).aspx\" rel=\"nofollow\">https://msdn.microsoft.com/en-us/library/system.windows.forms.integration.windowsformshost(v=vs.110).aspx</a>\r<br />\n<br />\nThanks Marc. I have a feeling that that code does the same thing as the code I posted. My guess is that a UserControl doesn't actually have it's own window handle now that I understand things better. But, I will try it nonetheless!<br />\n",
    "PostedDate": "2015-08-23T15:52:05.073-07:00",
    "UserRole": null,
    "MarkedAsAnswerDate": null
  },
  {
    "Id": "1441538",
    "ThreadId": "644053",
    "Html": "Yeah it works draw using a Windows.Forms.Panel handle. Put that panel inside WindowsFormsHost control. WPF doesn't treat each control as a HWND with proper message pump but WinForms does.<br />\n",
    "PostedDate": "2015-08-23T16:55:31.52-07:00",
    "UserRole": null,
    "MarkedAsAnswerDate": null
  },
  {
    "Id": "1441540",
    "ThreadId": "644053",
    "Html": "and remember to call host idle periodically too ;)<br />\n",
    "PostedDate": "2015-08-23T16:59:03.693-07:00",
    "UserRole": null,
    "MarkedAsAnswerDate": null
  }
]