[
  {
    "Id": "1440733",
    "ThreadId": "643752",
    "Html": "I suddenly have a problem on loading Ableton projects where MySynth is a part of the project. If I load a project with MySynth in it, I get the error:\r<br />\n<br />\nVST &quot;MySynth&quot;: The VST Plug-in could not be found.\r<br />\n<br />\nYet, if I delete the plug-in, and then double click on it, it successfully creates the plugin. It's not a problem in the instantiation of the plugin - it's just something that Ableton is complaining about. What do I do?<br />\n",
    "PostedDate": "2015-08-15T23:50:25.677-07:00",
    "UserRole": null,
    "MarkedAsAnswerDate": null
  },
  {
    "Id": "1441376",
    "ThreadId": "643752",
    "Html": "Could be a lot of things - most of them probably Ableton-specific ;-)\r<br />\n<br />\nI would guess that the persisted plugin data in the song/project you're loading is not compatible any more with the current plugin version...?\r<br />\nTry to recreate the current plugin version in your project.\r<br />\n<br />\nHope it helps,\r<br />\nMarc<br />\n",
    "PostedDate": "2015-08-21T23:06:33.347-07:00",
    "UserRole": null,
    "MarkedAsAnswerDate": null
  },
  {
    "Id": "1441411",
    "ThreadId": "643752",
    "Html": "In the end, I found out that it was to do with the PluginInformation that I was returning on GetPluginInfo. I haven't figured out exactly what the problem was, but I think it's something about the plugin ID. Ableton seems to be sensitive about this stuff for some reason. Anyway, here works fine:<br />\n<pre><code>                GlobalVariables.PluginInfo = new VstPluginInfo();\n                GlobalVariables.PluginInfo.AudioInputCount = 2;\n                GlobalVariables.PluginInfo.AudioOutputCount = 2;\n                GlobalVariables.PluginInfo.ProgramCount = 1;\n                GlobalVariables.PluginInfo.Flags = VstPluginFlags.HasEditor | VstPluginFlags.CanReplacing | VstPluginFlags.IsSynth | VstPluginFlags.ProgramChunks;\n                GlobalVariables.PluginInfo.PluginID = 1234;\n                GlobalVariables.PluginInfo.PluginVersion = 1;\n                GlobalVariables.PluginInfo.ParameterCount = 8;</code></pre>\n\n",
    "PostedDate": "2015-08-22T16:05:01.92-07:00",
    "UserRole": null,
    "MarkedAsAnswerDate": null
  },
  {
    "Id": "1441436",
    "ThreadId": "643752",
    "Html": "The plugin Id is the unique identification of your plugin. So if you change it, the host thinks its a different plugin and cannot find it.\r<br />\nAlways keep that Id the same for the entire lifetime of the plugin (once released). If you release new versions of your plugin - keep it the same. That way you can implement backwards compatibility with your older versions.\r<br />\n<br />\n[2c]\r<br />\nMarc<br />\n",
    "PostedDate": "2015-08-22T23:22:11.7-07:00",
    "UserRole": null,
    "MarkedAsAnswerDate": null
  },
  {
    "Id": "1441533",
    "ThreadId": "643752",
    "Html": "No worries!\r<br />\n<br />\nActually, that's a great piece of information seeing that I will have to be able to uniquely identify synths, and be able to check if a given computer has a valid version of the synth installed.<br />\n",
    "PostedDate": "2015-08-23T15:54:05.863-07:00",
    "UserRole": null,
    "MarkedAsAnswerDate": null
  }
]