[
  {
    "Id": "937540",
    "ThreadId": "402158",
    "Html": "\r\n<p>Hi&nbsp;Obiwanjacobi,</p>\r\n<p>&nbsp; I have just generated a plugin based on&nbsp;VstNetAudioPlugin template in&nbsp;Visual Studio 2012. I changed only the&nbsp;UniquePluginId in Plugin.cs. After that i was able to compile the project. Everything seems to be ok but i cannot load it in\r\n a host, i tried with Ableton and with the sample host as well. The sample host says the error happens at line #37 in AudioProcessor.cs.</p>\r\n<p>from&nbsp;AudioProcessor.cs:</p>\r\n<p style=\"padding-left:30px\">/// &lt;summary&gt; &nbsp; &nbsp; &nbsp;&nbsp;<br>\r\n/// Default constructor.&nbsp; &nbsp; &nbsp; &nbsp; <br>\r\n/// &lt;/summary&gt;&nbsp; &nbsp; &nbsp; &nbsp; <br>\r\npublic AudioProcessor(Plugin plugin) : base(AudioInputCount, AudioOutputCount, InitialTailSize)&nbsp; &nbsp; &nbsp; &nbsp;\r\n<br>\r\n{<br>\r\n&nbsp; &nbsp; &nbsp; &nbsp; &nbsp; &nbsp; _plugin = plugin;<br>\r\n&nbsp; &nbsp; &nbsp; &nbsp; &nbsp; &nbsp; <strong>_sequencer = _plugin.Host.GetInstance&lt;IVstHostSequencer&gt;(); // this is line #37</strong></p>\r\n<p style=\"padding-left:30px\">&nbsp; &nbsp; &nbsp; &nbsp; &nbsp; &nbsp; // TODO: We use one delay object to process two audio channels.<br>\r\n&nbsp; &nbsp; &nbsp; &nbsp; &nbsp; &nbsp; // Typically you would use dedicated DSP objects for each channel.<br>\r\n&nbsp; &nbsp; &nbsp; &nbsp; &nbsp; &nbsp; Delay = new Delay(plugin);<br>\r\n&nbsp; &nbsp; &nbsp; &nbsp; &nbsp; &nbsp; // TODO: change this to your specific needs.<br>\r\n&nbsp; &nbsp; &nbsp; &nbsp; &nbsp; &nbsp; _defaultTimeInfoFlags = VstTimeInfoFlags.ClockValid;<br>\r\n}</p>\r\n<p>...here <strong>_plugin.Host</strong> is null, i do not know why. :(</p>\r\n<p>Could you please help me with this?</p>\r\n<p>Thanks in advance,<br>\r\nPatiati&nbsp;</p>\r\n",
    "PostedDate": "2012-11-06T14:00:12.367-08:00",
    "UserRole": null,
    "MarkedAsAnswerDate": null
  },
  {
    "Id": "937720",
    "ThreadId": "402158",
    "Html": "<p>I think I put an old vs-template project in the current release. Big oops! Sorry about that.<br />I will take down the file untill I have that sorted out.&nbsp;</p>\r\n<p>Refer to the source code for the VS-templates to fix it.<br /><a href=\"http://vstnet.codeplex.com/SourceControl/changeset/view/70713#1108753\">http://vstnet.codeplex.com/SourceControl/changeset/view/70713#1108753</a></p>\r\n<p><a href=\"http://vstnet.codeplex.com/SourceControl/changeset/view/70713#1108753\"></a>&nbsp;I am very sorry for the screw up.&nbsp;</p>\r\n<p>If you need any further assistance please do not hesitate to post your questions here.</p>\r\n<p>Marc</p>",
    "PostedDate": "2012-11-07T00:21:11.483-08:00",
    "UserRole": null,
    "MarkedAsAnswerDate": null
  },
  {
    "Id": "937779",
    "ThreadId": "402158",
    "Html": "<p>I've updated the VS templates download. Should be ok now.</p>",
    "PostedDate": "2012-11-07T01:46:00-08:00",
    "UserRole": null,
    "MarkedAsAnswerDate": null
  },
  {
    "Id": "937820",
    "ThreadId": "402158",
    "Html": "<p>Thanks for the really quick answer, i will check again this evening.&nbsp;:)</p>",
    "PostedDate": "2012-11-07T02:50:12.093-08:00",
    "UserRole": null,
    "MarkedAsAnswerDate": null
  }
]