[
  {
    "Id": "235764",
    "ThreadId": "69301",
    "Html": "<p>i cant found where i can take plugin directory, i need it for reading config file for my plugin. if is plugin loaded and when i use io.file i found directory for the host.</p>\r\n<p>thank you for answer&nbsp;</p>",
    "PostedDate": "2009-09-17T13:59:33.003-07:00",
    "UserRole": null,
    "MarkedAsAnswerDate": null
  },
  {
    "Id": "235906",
    "ThreadId": "69301",
    "Html": "<p>I assume you are using the VST.NET plugin framework.</p>\r\n<p>Call GetInstance&lt;IVstHostShell&gt; on the&nbsp;IVstHost reference that was passed to the plugin when Open was called.</p>\r\n<p>On this interface there is a BaseDirectory property. That should give you the plugins root (or base) directory.</p>\r\n<p>Hope it helps,<br>Marc</p>",
    "PostedDate": "2009-09-18T00:00:05.28-07:00",
    "UserRole": null,
    "MarkedAsAnswerDate": null
  },
  {
    "Id": "236060",
    "ThreadId": "69301",
    "Html": "<p>thank you veru much, it work...</p>",
    "PostedDate": "2009-09-18T07:57:07.713-07:00",
    "UserRole": null,
    "MarkedAsAnswerDate": null
  }
]