[
  {
    "Id": "1293696",
    "ThreadId": "562195",
    "Html": "Hello,\r<br />\n<br />\nI'm back and still working on my own VST Host and it's actually coming along quite nicely. Now i stumbled over a &quot;probably small&quot; problem and i couldn't find a solution anywhere. I want to synchronize the BPM of a Looper Plugin with some effect plugins. So I need to process the MIDI Clock event i figured but i can't figure out how to get any kind of event from a Plugin.\r<br />\nI have all the Plugins as VstPluginContext but even after looking through there methods (also then ones from PluginCommandStub and HostCommandStub) i couldn't find any suitable one.\r<br />\n<br />\nCan someone help me and tell me how to capture MIDI events from a plugin as a VST Host?\r<br />\n<br />\nBest Regards,\r<br />\nMariusR<br />\n",
    "PostedDate": "2014-08-26T14:10:56.7-07:00",
    "UserRole": null,
    "MarkedAsAnswerDate": null
  },
  {
    "Id": "1293765",
    "ThreadId": "562195",
    "Html": "oh yeah I can help with this one<br />\nThe plugin calls into Vst.Net GetTimeInfo in the IVstHostCommandStub impementation.<br />\nThat's where you set the tempo for the plugin.<br />\n<pre><code>private VstTimeInfo vstTimeInfo = new VstTimeInfo();\nprivate double tempo = 120d;\n\npublic Jacobi.Vst.Core.VstTimeInfo GetTimeInfo(Jacobi.Vst.Core.VstTimeInfoFlags filterFlags)\n{            \n    vstTimeInfo.Tempo = tempo;\n    return vstTimeInfo;\n}\n</code></pre>\n\nUsusally you'll have to set other properties for this to work.<br />\nThese are the one I've figured out so far:<br />\n<pre><code>public Jacobi.Vst.Core.VstTimeInfo GetTimeInfo(Jacobi.Vst.Core.VstTimeInfoFlags filterFlags)\n{            \n    vstTimeInfo.SamplePosition = AudioParameters.SamplePlayed;\n    vstTimeInfo.SampleRate = AudioParameters.SampleRate;\n    vstTimeInfo.Tempo = tempo;\n    vstTimeInfo.PpqPosition = (vstTimeInfo.SamplePosition / vstTimeInfo.SampleRate) * (vstTimeInfo.Tempo / 60.0);\n    vstTimeInfo.NanoSeconds = 0.0;\n    vstTimeInfo.BarStartPosition = 0.0;\n    vstTimeInfo.CycleStartPosition = 0.0;\n    vstTimeInfo.CycleEndPosition = 0.0;\n    vstTimeInfo.TimeSignatureNumerator = 4;\n    vstTimeInfo.TimeSignatureDenominator = 4;\n    vstTimeInfo.SmpteOffset = 0;\n    vstTimeInfo.SmpteFrameRate = new Jacobi.Vst.Core.VstSmpteFrameRate();\n    vstTimeInfo.SamplesToNearestClock = 0;\n    vstTimeInfo.Flags = VstTimeInfoFlags.TempoValid &amp; \n                        VstTimeInfoFlags.PpqPositionValid;\n\n    if (RunActions.GlobalPlayState == PlayState.Play)\n        vstTimeInfo.Flags |= VstTimeInfoFlags.TransportPlaying;\n\n    return vstTimeInfo;\n}</code></pre>\n\n",
    "PostedDate": "2014-08-26T19:15:50.937-07:00",
    "UserRole": null,
    "MarkedAsAnswerDate": null
  },
  {
    "Id": "1294041",
    "ThreadId": "562195",
    "Html": "Thank you YuryK for your answer but i'm actually not asking about how to SET the Tempo but more on how to RETRIEVE it. More specifically I'm trying to listen to the MIDI clock event which (I assume...i don't know yet for sure) is send by the plugin to the host.<br />\n",
    "PostedDate": "2014-08-27T12:33:52.523-07:00",
    "UserRole": null,
    "MarkedAsAnswerDate": null
  },
  {
    "Id": "1294281",
    "ThreadId": "562195",
    "Html": "Hey Yury,\r<br />\n<br />\ni have come to a point where i seem to need exactly what you're describing in this thread and the other one your posted a while ago. I want to sync a plugin to my Host, especially its tempo.  I already set the Tempo in GetPluginInfo and also tried your version of the necessary parameters but the plugin does not seem accept this. It works when i use the plugin in one of the many already made VST Hosts (like e.g. &quot;VST Host&quot; which i use for most of my testing). I also don't know how i would go about changing the tempo at runtime...\r<br />\n(Btw. i don't know what AudioParameters includes in your sample code so i replaced for example SamplePosition with 0.0 .\r<br />\n<br />\nRegards,\r<br />\nMarius R<br />\n",
    "PostedDate": "2014-08-28T06:42:01.93-07:00",
    "UserRole": null,
    "MarkedAsAnswerDate": null
  },
  {
    "Id": "1294287",
    "ThreadId": "562195",
    "Html": "PS. I also tried to send MIDI clock pulses<br />\n<pre><code>byte[] middat = new byte[] { 248 };\nVstMidiEvent midiev = new VstMidiEvent(0, 0, 0, middat, 0, 0);\nVstEvent[] evarr = new VstEvent[] { midiev };\nmyplugincontext.PluginCommandStub.ProcessEvents(evarr);</code></pre>\n\nmanually but this also didn't do anything.<br />\n",
    "PostedDate": "2014-08-28T07:04:18.34-07:00",
    "UserRole": null,
    "MarkedAsAnswerDate": null
  },
  {
    "Id": "1294302",
    "ThreadId": "562195",
    "Html": "<blockquote>\nThank you YuryK for your answer but i'm actually not asking about how to SET the Tempo but more on how to RETRIEVE it. More specifically I'm trying to listen to the MIDI clock event which (I assume...i don't know yet for sure) is send by the plugin to the host.<br />\n</blockquote>\nThis is not allowed in Vst Spec. The host sets the tempo and transport controls, no interface exists that allows plugins to control the host. This is an often asked question but there is no support for that in Vst 2.x.<br />\n<br />\nThe best you could do is ask the developper of the plugin to implement tempo, SamplePosition, PPQ parameters as standard Vst plugin parameter and push them with fake automation or implement some kind of BPM detection in the host (lousy solution).<br />\n",
    "PostedDate": "2014-08-28T07:57:16.043-07:00",
    "UserRole": null,
    "MarkedAsAnswerDate": null
  },
  {
    "Id": "1294307",
    "ThreadId": "562195",
    "Html": "<blockquote>\n(Btw. i don't know what AudioParameters includes in your sample code so i replaced for example SamplePosition with 0.0 .<br />\n</blockquote>\nThat is most likely your problem. sequencers plugins I tested required the SamplePosition, SampleRate, PpqPosition and Tempo in order to sync.<br />\nSamplePosition is the total number of samples passed to the audio card buffer in my host.<br />\nSome trickier plugins might need BarStartPosition, CycleStartPosition, CycleEndPosition to work but I had difficulty finding a plugin that supports these fields and figuring out the maths required for this.<br />\n<br />\nI suggest you try out a few step sequencers to see what works instead of focusing on a single plugin.<br />\nI believe all plugins ignore Midi clock messages and rely solely on the VstTimeInfo structure for tempo sync.<br />\n",
    "PostedDate": "2014-08-28T08:09:42.607-07:00",
    "UserRole": null,
    "MarkedAsAnswerDate": null
  },
  {
    "Id": "1294350",
    "ThreadId": "562195",
    "Html": "<blockquote>\nThis is not allowed in Vst Spec. The host sets the tempo and transport controls, no interface exists that allows plugins to control the host. This is an often asked question but there is no support for that in Vst 2.x.<br />\n</blockquote>\nOh ok thank you this answers that question. I don't actually need it anyways i can calculate it myself &quot;manually&quot;.<br />\n<blockquote>\nThat is most likely your problem. sequencers plugins I tested required the SamplePosition, SampleRate, PpqPosition and Tempo in order to sync.<br />\nSamplePosition is the total number of samples passed to the audio card buffer in my host.<br />\nSome trickier plugins might need BarStartPosition, CycleStartPosition, CycleEndPosition to work but I had difficulty finding a plugin that supports these fields and figuring out the maths required for this.<br />\n<br />\nI suggest you try out a few step sequencers to see what works instead of focusing on a single plugin.<br />\nI believe all plugins ignore Midi clock messages and rely solely on the VstTimeInfo structure for tempo sync.<br />\n</blockquote>\nIs GetTimeInfo called periodically by the plugin then? Can i then just do like vstTimeInfo.SamplePosition = somevariable; and then do somevariable += buffer.SampleCount everytime I process a new buffer to the plugin?\r<br />\nAlso can i change the tempo the same way so do vstTimeInfo.Tempo = tempovariable; and do tempovariable = 140.0 e.g. at Runtime and it will automatically sync it to the plugin?\r<br />\nAnother question (you see i'm still fairly new to the hole Midi, VST, Audio thing) what is PpqPosition?\r<br />\nProblem is that i pretty much need exactly this Plugin in (GLoop) to work as i require a simple Looper. I might try a simple step sequencer though if it won't work at all with this plugin.\r<br />\nOkay so no MIDI clock then.\r<br />\nThank you again for your help :)<br />\n",
    "PostedDate": "2014-08-28T09:51:16.653-07:00",
    "UserRole": null,
    "MarkedAsAnswerDate": null
  },
  {
    "Id": "1294354",
    "ThreadId": "562195",
    "Html": "To answer one of my own question:<br />\n<blockquote>\nAlso can i change the tempo the same way so do vstTimeInfo.Tempo = tempovariable; and do tempovariable = 140.0 e.g. at Runtime and it will automatically sync it to the plugin? <br />\n</blockquote>\nit seems like doing the vstTimeInfo.Tempo = tempovariable - way works as one of my other integrated plugins (the effects plugin turnado) seems to respond accurately when i change the variable.<br />\n",
    "PostedDate": "2014-08-28T10:12:38.693-07:00",
    "UserRole": null,
    "MarkedAsAnswerDate": null
  },
  {
    "Id": "1294367",
    "ThreadId": "562195",
    "Html": "<blockquote>\nIs GetTimeInfo called periodically by the plugin then? <br />\n</blockquote>\n<ul>\n<li>\nYes it is called when the plugin needs it and seems to perform just fine.<br />\n</li>\n</ul>\n<blockquote>\nCan i then just do like vstTimeInfo.SamplePosition = somevariable; and then do somevariable += buffer.SampleCount everytime I process a new buffer to the plugin? <br />\n</blockquote>\n<ul>\n<li>\nThat's what I do but I use the sample count of the global buffer output that goes to the audio card when it inquires a new block instead, that's to ensure each plugins share the same SamplePosition.<br />\n</li>\n</ul>\n<blockquote>\nAlso can i change the tempo the same way so do vstTimeInfo.Tempo = tempovariable; and do tempovariable = 140.0 e.g. at Runtime and it will automatically sync it to the plugin? <br />\n</blockquote>\n<ul>\n<li>\nYes it will change the next time the plugins inquire VstTimeInfo structure. My host is geared towards real-time tempo changes and tempo changes are picked up by the plugins in real-time.<br />\n</li>\n</ul>\n<blockquote>\nAnother question (you see i'm still fairly new to the hole Midi, VST, Audio thing) what is PpqPosition? <br />\n</blockquote>\n<ul>\n<li>\nPulses per quarter note position for whatever that means... I read it as SamplePosition divided by SampleRate multiplied by beat per second.<br />\n</li>\n</ul>\n<blockquote>\nProblem is that i pretty much need exactly this Plugin in (GLoop) to work as i require a simple Looper. I might try a simple step sequencer though if it won't work at all with this plugin. <br />\n</blockquote>\n<ul>\n<li>\nIt's hard to know the problem you're facing if you focus on a single plugin. You can get all fields right but it might occur this particular plugin needs BarStartPosition, CycleStartPosition, CycleEndPosition in addition of SamplePosition, SampleRate, PpqPosition and Tempo for instance. By getting the tempo sync working with a few freeware step sequencers you can ascertain the work so far and focus on more complex fields.<br />\n</li>\n</ul>\nThis Sync technique works only for:<br />\nVstTimeInfoFlags.TempoValid and  VstTimeInfoFlags.PpqPositionValid<br />\n",
    "PostedDate": "2014-08-28T10:51:09.227-07:00",
    "UserRole": null,
    "MarkedAsAnswerDate": null
  },
  {
    "Id": "1299223",
    "ThreadId": "562195",
    "Html": "Thanks again YuryK for your detailed input and sorry for not replying for quite a while. \r<br />\nNow after a lot of trial and error i managed to get it working just by adding:<br />\n<pre><code>            vstTimeInfo.Flags = filterFlags;</code></pre>\n\nin\r<br />\npublic Jacobi.Vst.Core.VstTimeInfo GetTimeInfo(Jacobi.Vst.Core.VstTimeInfoFlags filterFlags)\r<br />\n<br />\nand it works even in GLoop. I personally don't really know why it works but i'm quite happy that it does :D<br />\n",
    "PostedDate": "2014-09-04T12:53:51.187-07:00",
    "UserRole": null,
    "MarkedAsAnswerDate": null
  },
  {
    "Id": "1299245",
    "ThreadId": "562195",
    "Html": "Great.<br />\n<br />\nIf you're talking about the flags, it's quite simple but a little bit dangerous.<br />\n<br />\nWhen the plugin calls, it specifies which VstTimeInfo properties it needs in filterFlags.<br />\nYou then set the value of each VstTimeInfo properties required and specify the value of the properties you have filled with a valid value in the Flags attribute.<br />\n<br />\nI used only three flags even if the plugins specify it wants more in the filterFlags parameter :<br />\n<pre><code>vstTimeInfo.Flags = VstTimeInfoFlags.TempoValid &amp; VstTimeInfoFlags.PpqPositionValid;\n\n    if (RunActions.GlobalPlayState == PlayState.Play)\n        vstTimeInfo.Flags |= VstTimeInfoFlags.TransportPlaying;</code></pre>\n\nBy doing vstTimeInfo.Flags = filterFlags you are telling the plugin you have set valid values for every field it required, which might be false.<br />\n<br />\nFor example these fields are invalid:<br />\n<pre><code>    vstTimeInfo.NanoSeconds = 0.0;\n    vstTimeInfo.BarStartPosition = 0.0;\n    vstTimeInfo.CycleStartPosition = 0.0;\n    vstTimeInfo.CycleEndPosition = 0.0;\n    vstTimeInfo.SamplesToNearestClock = 0;\n</code></pre>\n\nIf the plugin requested CyclePosition in filterFlags and you pass filterFlag as is to the Flag attribute you are telling the plugin you have provided valid values for CycleStartPosition and CycleEndPosisiton (which is not the case, a constant 0 is invalid).<br />\n<br />\nBy not passing the CyclePosition flag to the plugin even if requested, the plugin will have a way to know it shouldn't use the CycleStartPosition and CycleEndPosisiton values.<br />\n",
    "PostedDate": "2014-09-04T14:05:53.047-07:00",
    "UserRole": null,
    "MarkedAsAnswerDate": null
  }
]