[
  {
    "Id": "527751",
    "ThreadId": "236244",
    "Html": "\r\n<p>I am not writing a plug-in.&nbsp; I want to extract some plug-in info from existing VST dlls, and I thought I saw I can use vst.net also to implement a host?</p>\r\n<p>I simply want to load/open a vst, and get it's properties.&nbsp; Is there a simple example of this?&nbsp; I am not certain which class to use to do this.</p>\r\n<p>&nbsp;</p>\r\n<p>Thanks!</p>\r\n<p>Leor</p>\r\n",
    "PostedDate": "2010-11-27T15:07:45.493-08:00",
    "UserRole": null,
    "MarkedAsAnswerDate": null
  },
  {
    "Id": "527846",
    "ThreadId": "236244",
    "Html": "\r\n<p>Yes there is a sample of a simple managed host.</p>\r\n<p><a href=\"http://vstnet.codeplex.com/SourceControl/changeset/view/50709#345328\">http://vstnet.codeplex.com/SourceControl/changeset/view/50709#345328</a></p>\r\n<p>Hope it helps.<br>\r\nMarc,</p>\r\n",
    "PostedDate": "2010-11-28T03:02:40.623-08:00",
    "UserRole": null,
    "MarkedAsAnswerDate": null
  },
  {
    "Id": "527878",
    "ThreadId": "236244",
    "Html": "\r\n<div>\r\n<p><span style=\"font-size:11.0pt; font-family:\">Thank you!</span></p>\r\n<p><span style=\"font-size:11.0pt; font-family:\"></span></p>\r\n<div>\r\n<div style=\"border:none; border-top:solid #B5C4DF 1.0pt; padding:3.0pt 0in 0in 0in\">\r\n<p><b><span style=\"font-size:10.0pt; font-family:\">From:</span></b><span style=\"font-size:10.0pt; font-family:\"> obiwanjacobi [mailto:notifications@codeplex.com]\r\n<br>\r\n<b>Sent:</b> Sunday, November 28, 2010 6:03 AM<br>\r\n<b>To:</b> nobody102@gmail.com<br>\r\n<b>Subject:</b> Re: Newbie Host Question [vstnet:236244]</span></p>\r\n</div>\r\n</div>\r\n<p></p>\r\n<p><span style=\"font-size:9.0pt; font-family:\">From: obiwanjacobi</span></p>\r\n<div id=\"x_x_ThreadNotificationPostBody\" style=\"margin-bottom:24.0pt\">\r\n<p><span style=\"font-size:9.0pt; font-family:\">Yes there is a sample of a simple managed host.</span></p>\r\n<p><span style=\"font-size:9.0pt; font-family:\"><a href=\"http://vstnet.codeplex.com/SourceControl/changeset/view/50709#345328\">http://vstnet.codeplex.com/SourceControl/changeset/view/50709#345328</a></span></p>\r\n<p><span style=\"font-size:9.0pt; font-family:\">Hope it helps.<br>\r\nMarc,</span></p>\r\n</div>\r\n<div id=\"x_x_ThreadNotificationFooter\" style=\"border:none; border-top:solid #CCCCCC 1.0pt; padding:0in 0in 0in 0in\">\r\n<p><span style=\"font-size:9.0pt; font-family:\">Read the <a href=\"http://vstnet.codeplex.com/Thread/View.aspx?ThreadId=236244&ANCHOR#Post527846\">\r\nfull discussion online</a>.</span></p>\r\n<p><span style=\"font-size:9.0pt; font-family:\">To add a post to this discussion, reply to this email (<a href=\"mailto:vstnet@discussions.codeplex.com@discussions.codeplex.com?subject=[vstnet:236244]\">vstnet@discussions.codeplex.com@discussions.codeplex.com</a>)</span></p>\r\n<p><span style=\"font-size:9.0pt; font-family:\">To start a new discussion for this project, email\r\n<a href=\"mailto:vstnet@discussions.codeplex.com@discussions.codeplex.com\">vstnet@discussions.codeplex.com@discussions.codeplex.com</a></span></p>\r\n<p><span style=\"font-size:9.0pt; font-family:\">You are receiving this email because you subscribed to this discussion on CodePlex. You can\r\n<a href=\"https://vstnet.codeplex.com/discussions/236244/unsubscribe/\">unsubscribe</a> on CodePlex.com.</span></p>\r\n<p><span style=\"font-size:9.0pt; font-family:\">Please note: Images and attachments will be removed from emails. Any posts to this discussion will also be available online at CodePlex.com</span></p>\r\n</div>\r\n</div>\r\n",
    "PostedDate": "2010-11-28T07:22:00.637-08:00",
    "UserRole": null,
    "MarkedAsAnswerDate": null
  }
]