[
  {
    "Id": "913088",
    "ThreadId": "395674",
    "Html": "\r\n<p>I tried to make a simple VST with a WPF gui, all from scratch, without using VST.NET and I'm stuck on a horrible keyboard issue (in cubase): the keyboard is not properly redirected to the WPF window. I found this: http://blogs.techsmith.com/inside-techsmith/keyboard-input-in-mfcwpf-inter/#.UFS29FHWr3U</p>\r\n<p>the trick is to respond to DLGC_WANTALLKEYS to WM_GETDLGCODE</p>\r\n<p>and null out HACCEL.</p>\r\n<p>Actually, I tried only the first step (WM_GETDLGCODE) and my gui receive the keyboard BUT all cubase shortcut grab the keyboard before my GUI. I will try the HACCEL stuff ... when I'll understand it :-)</p>\r\n<p>your WpfControlWrapper use HwndSourceParameters like I expected, but what about keyboard ? Does theses stuff are used in VST.NET ?</p>\r\n<p>&nbsp;</p>\r\n<p>&nbsp;</p>\r\n",
    "PostedDate": "2012-09-15T11:32:43.743-07:00",
    "UserRole": null,
    "MarkedAsAnswerDate": null
  },
  {
    "Id": "913216",
    "ThreadId": "395674",
    "Html": "<p>The WPF gui is part of a sample and its not part of \"official\" VST.NET release.</p>\r\n<p>I never tested that code in Cubase. My main test host is VstHost by Hermann Seib.</p>\r\n<p>You might try other Host applications for reference. Also note that there are two methods on the editor interface that have to do with key. I never used them (needed to use them) but you might want to check out if Cubase is calling those.</p>\r\n<p>Hope it helps,<br />Marc</p>",
    "PostedDate": "2012-09-16T04:43:40.753-07:00",
    "UserRole": null,
    "MarkedAsAnswerDate": null
  },
  {
    "Id": "913283",
    "ThreadId": "395674",
    "Html": "<p>I'm pretty sure it has nothing to do with cubase. it is a WPF issue. The test app from blogs.techsmith.com</p>\r\n<p>reproduce perfectly the bug. the native MFC app use shortcuts and they are handled before the WPF GUI.</p>",
    "PostedDate": "2012-09-16T12:01:43.35-07:00",
    "UserRole": null,
    "MarkedAsAnswerDate": null
  },
  {
    "Id": "1084620",
    "ThreadId": "395674",
    "Html": "Did anybody find a working solution for the MFC issues? It would be nice if you could post a sample here.<br />\n",
    "PostedDate": "2013-08-25T04:59:18.687-07:00",
    "UserRole": null,
    "MarkedAsAnswerDate": null
  },
  {
    "Id": "1207110",
    "ThreadId": "395674",
    "Html": "Just ran into this problem in Reaper; trying to figure out how to handle it. If anyone out there has pointers (or the aforementioned sample)...<br />\n",
    "PostedDate": "2014-02-11T21:21:34.843-08:00",
    "UserRole": null,
    "MarkedAsAnswerDate": null
  }
]