[
  {
    "Id": "1452479",
    "ThreadId": "647590",
    "Html": "I'm guessing that many Vst developers out there would have come across this.<br />\n<br />\nIs there a good control library out there that's skinnable? <br />\n<br />\nI'd really like to be able to get graphic artists to design knobs, faders, etc. etc. but most of the controls I've come across are all tied to styling within the UI platform.<br />\n<br />\nSome control toolkits are Telerik, Infragistics, Actipro, and so on. But, are any of these skinnable? <br />\n<br />\nHere's an example of the stuff I want to be able to do.<br />\n<a href=\"http://www.vstskins.com/\" rel=\"nofollow\">http://www.vstskins.com/</a><br />\n<br />\nPS: I'm still not sure if I will be using WPF, or UWP. It was hard enough to find a single WPF knob on the web that works let alone a skinnable one.<br />\n",
    "PostedDate": "2015-11-15T20:47:42.53-08:00",
    "UserRole": null,
    "MarkedAsAnswerDate": null
  },
  {
    "Id": "1452643",
    "ThreadId": "647590",
    "Html": "<blockquote>\nmost of the controls I've come across are all tied to styling within the UI platform.<br />\n</blockquote>\n<ul>\n<li>\nHow could it not be the case? My understanding is that most if not all plugins are created using VSTGUI (free and craptacular) or JUCE (commercial and meh). I get the idea that VstSkins is a theme repository but what is the file formats of these themes? Aren't they VSTGUI and JUCE theme files? Besides VSTGUI, JUCE and QT there isn't many choice for cross platform GUI libraries.<br />\n</li>\n</ul>\n<blockquote>\nSome control toolkits are Telerik, Infragistics, Actipro, and so on. But, are any of these skinnable? <br />\n</blockquote>\n<ul>\n<li>Sure, at least for Telerik and Infragistics I know they have a WinForms theme system and a WPF XAML system for theme support. You'll find it great for switching between preset themes like Office 2K Blue/WinClassics and for some custom color choices. These controls from big vendors are meant to be localizable, accessible and customizable by the user through the operating system so you shouldn't expect the same photoshop approach to UI that JUCE does. As far as I'm concerned I have written a lot of controls in code behind without XAML so I just built my custom theming system on top of it. That would seem like a huge undertaking but WPF makes it very easy to build custom controls in code behind by composition of many simpler controls into a more complex one.</li>\n</ul>\n",
    "PostedDate": "2015-11-16T16:34:05.627-08:00",
    "UserRole": null,
    "MarkedAsAnswerDate": null
  },
  {
    "Id": "1452645",
    "ThreadId": "647590",
    "Html": "<blockquote>\nSome control toolkits are Telerik, Infragistics, Actipro, and so on. But, are any of these skinnable? <br />\n</blockquote>\n<ul>\n<li>I should add that standard WPF Windows controls are themable pretty much the same way as Telerik and Infragistics. You just have to get the style for the control, most of them are available if you dig around a little bit.</li>\n</ul>\n",
    "PostedDate": "2015-11-16T16:40:50.557-08:00",
    "UserRole": null,
    "MarkedAsAnswerDate": null
  },
  {
    "Id": "1452646",
    "ThreadId": "647590",
    "Html": "<blockquote>\nIt was hard enough to find a single WPF knob on the web that works let alone a skinnable one.<br />\n</blockquote>\n<ul>\n<li>lol I can feel your pain. Remember CodeProject.com is your enemy ;)</li>\n</ul>\n",
    "PostedDate": "2015-11-16T16:43:58.317-08:00",
    "UserRole": null,
    "MarkedAsAnswerDate": null
  },
  {
    "Id": "1452653",
    "ThreadId": "647590",
    "Html": "Yury, I'm a  bit confused. I would love to use VSTGUI. It looks perfect! It's exactly what I want. But that's a C++ library. How would I leverage that in WPF, or UWP for that matter?<br />\n<br />\n<em>Telerik and Infragistics I know they have a WinForms theme system and a WPF XAML system for theme support.</em><br />\n<br />\nI don't think I'm looking for a &quot;themed&quot; set of controls. When I hear the word &quot;theme&quot;, I think Xaml based styling and perhaps templating. I need something that's as simple as replacing a bitmap image like VSTGUI. Or, if you know of a good tutorial on templating a WPF control with images...<br />\n<br />\nI have done a bit of templating in Silverlight, but none of that would really allow me to easily do what I want to do without writing shitloads of Xaml and overriding the core functionality of the Sivlerlight/WPF controls.<br />\n<br />\n<em>I just built my custom theming system on top of it. That would seem like a huge undertaking but WPF makes it very easy to build custom controls in code behind by composition of many simpler controls into a more complex one.</em> <br />\n<br />\nI have been tossing around the idea of building my own controls, but it seems like massive overkill! I'm focused on synthesis, not controls. Surely, someone out there would have wanted to build something like this in the past. If not, it's going to be a matter of building something like VSTGUI for WPF/UWP.<br />\n<blockquote>\n<blockquote>\n•lol I can feel your pain. Remember CodeProject.com is your enemy ;) <br />\n</blockquote>\n</blockquote>\nHalf the issue is that Microsoft have chopped and changed their technologies like diapers. Someone builds some cool stuff on a platform, and next week Microsoft says &quot;Ah, too bad, that shit's going in the bin next week&quot;. So what's the incentive for someone to build something cool?<br />\n",
    "PostedDate": "2015-11-16T18:06:49.457-08:00",
    "UserRole": null,
    "MarkedAsAnswerDate": null
  },
  {
    "Id": "1452661",
    "ThreadId": "647590",
    "Html": "The core issue with bitmap based GUI is that they perform poorly on high pixel density screens. I believe the way of the future is in GPU powered vector graphics. Whatever the technology it needs to provide that to render efficient 2D graphics. XAML is slow and a mess when bindings are involved... but it is a totally optional part of WPF. I'd contrast XAML with HTML/CSS which is an even bigger mess. A designer will not code, that is a failed concept. Otherwise WPF is silky smooth without any double buffering trickery and has amazing high level functionality. If I were to adopt a new technology, I'd have to find alternatives for my base WPF classes like 'border', 'grid', 'textbox', 'scrollviewer', 'path'... I wouldn't need to find a new knob control for instance.<br />\n",
    "PostedDate": "2015-11-16T18:48:15.407-08:00",
    "UserRole": null,
    "MarkedAsAnswerDate": null
  },
  {
    "Id": "1452696",
    "ThreadId": "647590",
    "Html": "WPF is the ultimate skinning and styling machine that is out there IMHO.\r<br />\n So if you have a knob that works it should be fairly easy to put another picture on it...\r<br />\n<br />\nBut you have to dig into the xaml...<br />\n",
    "PostedDate": "2015-11-16T22:09:28.29-08:00",
    "UserRole": null,
    "MarkedAsAnswerDate": null
  },
  {
    "Id": "1452700",
    "ThreadId": "647590",
    "Html": "While skinning existing WPF controls, or creating new ones would of course be possible, it's no trivial matter at all. I'd rather pay someone else to do this work for me. I sure don't have enough time to do it.<br />\n",
    "PostedDate": "2015-11-16T23:03:33.84-08:00",
    "UserRole": null,
    "MarkedAsAnswerDate": null
  },
  {
    "Id": "1452710",
    "ThreadId": "647590",
    "Html": "Actually, I say this with all seriousness, I'd pay to have these controls built! Make me an offer!<br />\n",
    "PostedDate": "2015-11-17T01:12:25.697-08:00",
    "UserRole": null,
    "MarkedAsAnswerDate": null
  },
  {
    "Id": "1452712",
    "ThreadId": "647590",
    "Html": "Sorry, no time ;-)\r<br />\n<br />\nIn my limited experience I was able to make skinned controls with Blend and VS (and some samples from the internet) for an LCARS (Star Trek UI) project I was working on... It is definitely a learning curve but it is doable and very rewarding -and next time you wont be intimidated to try it again...<br />\n",
    "PostedDate": "2015-11-17T01:26:05.943-08:00",
    "UserRole": null,
    "MarkedAsAnswerDate": null
  },
  {
    "Id": "1452859",
    "ThreadId": "647590",
    "Html": "Just for the record, I thought I'd give templating a go with the simplest of controls - Checkbox. So, I grabbed an example template from here: <a href=\"https://msdn.microsoft.com/library/ms752319(v=vs.100).aspx\" rel=\"nofollow\">https://msdn.microsoft.com/library/ms752319(v=vs.100).aspx</a>. I've previously done this before in Silverlight, so it's not particularly new to me. But, after an hour of playing around, I couldn't get the images to display correctly. \r<br />\n<br />\nThe conclusion that I came to was that it would be far easier to create a control from scratch that I could write with code rather than trying to play with WPF's StoryBoard system, and manipulating properties with animation. The fact of the matter is that VSTs need to be skinned with images. If you download some skins from vst skins, you can see exactly how commercial VSTs are skinned. It's very simple. It seems that many of the controls (for example, dials and gauges), are literally just a collection of images with the needle or whatever at different angles. This is how its done in the VST world. Trying to achieve this with existing WPF controls would be perilous.\r<br />\n<br />\n<a href=\"https://www.google.com.au/url?sa=t&amp;rct=j&amp;q=&amp;esrc=s&amp;source=web&amp;cd=1&amp;cad=rja&amp;uact=8&amp;sqi=2&amp;ved=0CBsQFjAAahUKEwiLsKTvt5jJAhUjH6YKHZJ1BHw&amp;url=http%3A%2F%2Fwww.vstskins.com%2F&amp;usg=AFQjCNEa61bMTsodnXKj_I7kBoGigWTBKg&amp;bvm=bv.107763241,d.dGY\" rel=\"nofollow\">https://www.google.com.au/url?sa=t&rct=j&q=&esrc=s&source=web&cd=1&cad=rja&uact=8&sqi=2&ved=0CBsQFjAAahUKEwiLsKTvt5jJAhUjH6YKHZJ1BHw&url=http%3A%2F%2Fwww.vstskins.com%2F&usg=AFQjCNEa61bMTsodnXKj_I7kBoGigWTBKg&bvm=bv.107763241,d.dGY</a><br />\n",
    "PostedDate": "2015-11-17T13:51:45.007-08:00",
    "UserRole": null,
    "MarkedAsAnswerDate": null
  },
  {
    "Id": "1452862",
    "ThreadId": "647590",
    "Html": "<blockquote>\nThe conclusion that I came to was that it would be far easier to create a control from scratch that I could write with code rather than trying to play with WPF's StoryBoard system, and manipulating properties with animation.<br />\n</blockquote>\n<ul>\n<li>\nPretty much the same conclusion I came to.<br />\n</li>\n</ul>\n<blockquote>\nTrying to achieve this with existing WPF controls would be perilous.<br />\n</blockquote>\n<ul>\n<li>I believe I'd still be far easier than with something like GDI or DirectX. An existing WPF control doesn't need to be a full template. For instance BitmapImage is a WPF control. You could derive a class from that, handle the events like mouse clicks and use mouse capture to create a simple button.</li>\n</ul>\n",
    "PostedDate": "2015-11-17T14:18:44.137-08:00",
    "UserRole": null,
    "MarkedAsAnswerDate": null
  },
  {
    "Id": "1452863",
    "ThreadId": "647590",
    "Html": "Yes. Of course this is possible, but I'd be recreating all the controls from scratch. It would take months.<br />\n",
    "PostedDate": "2015-11-17T14:21:24.95-08:00",
    "UserRole": null,
    "MarkedAsAnswerDate": null
  },
  {
    "Id": "1452881",
    "ThreadId": "647590",
    "Html": "<blockquote>\nYes. Of course this is possible, but I'd be recreating all the controls from scratch. It would take months.<br />\n</blockquote>\n<ul>\n<li>\nWell maybe I'll consider your other solution especially since it falls into my area of expertise. What are the specific controls you need? Knob, slider, button, push button and image; would that be sufficient? Do you need any kind of keyboard support for these controls? Do you need to set the properties of the control (value, min, max...) inside XAML? Could you provide a complete set of images for theming and a simple mock up of the end product? <br />\n</li>\n</ul>\n<blockquote>\nActually, I say this with all seriousness, I'd pay to have these controls built! Make me an offer! <br />\n</blockquote>\n<ul>\n<li>It obviously depends on requirements. Could take days or a week, that ain't cheap in my book. Although it would be easy to work incrementally one control at a time. You can send me a private message through CodePlex if you want to discuss about it.</li>\n</ul>\n",
    "PostedDate": "2015-11-17T16:40:02.667-08:00",
    "UserRole": null,
    "MarkedAsAnswerDate": null
  },
  {
    "Id": "1452883",
    "ThreadId": "647590",
    "Html": "Awesome!\r<br />\n<br />\nI'll put together a proposal and send it to you soon.<br />\n",
    "PostedDate": "2015-11-17T16:55:41.517-08:00",
    "UserRole": null,
    "MarkedAsAnswerDate": null
  }
]