[
  {
    "Id": "687487",
    "ThreadId": "276733",
    "Html": "\r\n<p>I need an application to Scan vst and populate/update my database.</p>\r\n<p>I already create an application that manages and searches from the xml database (actually made by JUCE/PluginHost)</p>\r\n<p>I'm evaluating what do and I wanna ask you:</p>\r\n<p>- It does possible <strong>scan </strong>one vst.dll and for <strong>getting information</strong>? There is an already write function ?</p>\r\n<p>- if not, the application (that I'll develop) how much will be harder? less of 200 lines of code or more then 500 ?</p>\r\n<p>- There are already know problems?</p>\r\n<p>thanks, Vespa</p>\r\n",
    "PostedDate": "2011-10-21T08:31:37.107-07:00",
    "UserRole": null,
    "MarkedAsAnswerDate": null
  },
  {
    "Id": "687639",
    "ThreadId": "276733",
    "Html": "<p>Hi Vespa,</p>\r\n<p>If you take a look at the Host Code Sample you will probably find the code you need to read the properties of a VST plugin.</p>\r\n<p><a href=\"http://vstnet.codeplex.com/SourceControl/changeset/view/57910#345328\">http://vstnet.codeplex.com/SourceControl/changeset/view/57910#345328</a></p>\r\n<p>You can open a VST plugin using the (Jacobi.Vst.Interop.Host)VstPluginContext class' static Create method. On the VstPluginContext instance that is returned you can access the PluginInfo and PluginCommandStub properties to access the actual plugin.</p>\r\n<p>Hope it helps,</p>\r\n<p>Marc</p>",
    "PostedDate": "2011-10-21T13:01:09.11-07:00",
    "UserRole": null,
    "MarkedAsAnswerDate": null
  }
]