[
  {
    "Id": "435473",
    "ThreadId": "210557",
    "Html": "<p>Hi All,</p>\r\n<p>wonder if someone can help.&nbsp; I have a VST plugin that I use with adobe audition.&nbsp; When the GU is loaded the processes in the GU automatically run.&nbsp; For example animation of buttons run and text changes.&nbsp; I have written a vb.net vst host app which is working great, loads the vst and I can set parameters and read parameters,&nbsp; just what I need.&nbsp; However the Plugin as some automated events which don't appear to work using the VST.NET framework or am I doing something wrong?</p>\r\n<p>The only way I can update the VST plugin is to manually call the plugin.updatedisplay</p>\r\n<p>Hope someone can help.&nbsp; Cheers</p>\r\n<p>&nbsp;</p>\r\n<p>Duncan</p>",
    "PostedDate": "2010-04-26T06:11:39.99-07:00",
    "UserRole": null,
    "MarkedAsAnswerDate": null
  },
  {
    "Id": "435587",
    "ThreadId": "210557",
    "Html": "<p>Are you calling the Idle method every now and then...?</p>",
    "PostedDate": "2010-04-26T10:16:59.593-07:00",
    "UserRole": null,
    "MarkedAsAnswerDate": null
  },
  {
    "Id": "435744",
    "ThreadId": "210557",
    "Html": "<p>No, Do I have to?&nbsp; I will try that now.</p>\r\n<p>&nbsp;</p>",
    "PostedDate": "2010-04-26T18:23:36.393-07:00",
    "UserRole": null,
    "MarkedAsAnswerDate": null
  },
  {
    "Id": "435746",
    "ThreadId": "210557",
    "Html": "<p>tried this, does not help.&nbsp; I don't know if i am explaining myself correctly.&nbsp; Basically I have a control on the VST - When I switch it on, the control is animated and slides up and down.&nbsp; When I switch it on using the vst framework to host nothing happens.&nbsp; It's like I need to enable background processing or somthing but I have not figured out what.</p>\r\n<p>&nbsp;</p>",
    "PostedDate": "2010-04-26T18:46:50.16-07:00",
    "UserRole": null,
    "MarkedAsAnswerDate": null
  },
  {
    "Id": "435780",
    "ThreadId": "210557",
    "Html": "<p>You could try to find out what calls are made to the plugin (in another host) by using the PluginWrapper sample and switching on diagnostics. Perhaps that will shed some light on how these animations are driven/triggered?</p>\r\n<p>The PluginWrapper sample (see source code, not in the release yet) allows you to load any VST plugin and intercept all calls to&nbsp;and from it. By placing a host config file (for instance cubase.exe.config) next to the host and enabling diagnostic trace you can view all call that are made. You can even set breakpoints in the PluginWrapper sample code to inspect values in more detail.</p>\r\n<p>Hope it helps.</p>",
    "PostedDate": "2010-04-26T22:32:45.8-07:00",
    "UserRole": null,
    "MarkedAsAnswerDate": null
  },
  {
    "Id": "436258",
    "ThreadId": "210557",
    "Html": "<p>thanks - downloaded pluginwrapper code however there appears to be missing files.&nbsp; Have i got the latest version.</p>",
    "PostedDate": "2010-04-27T18:28:43.053-07:00",
    "UserRole": null,
    "MarkedAsAnswerDate": null
  },
  {
    "Id": "436529",
    "ThreadId": "210557",
    "Html": "<p>i am missing the following file</p>\r\n<p>Error&nbsp;1&nbsp;Source file 'C:\\Users\\_AssemblyInfo\\AssemblyInfo.General.cs' could not be opened ('Unspecified error ')&nbsp;Jacobi.Vst.Core</p>",
    "PostedDate": "2010-04-28T06:43:53.9-07:00",
    "UserRole": null,
    "MarkedAsAnswerDate": null
  },
  {
    "Id": "436602",
    "ThreadId": "210557",
    "Html": "I will correct it.\r\n\r\nFor now you can simply remove the file.\r\n\r\nThanx.",
    "PostedDate": "2010-04-28T09:07:43.013-07:00",
    "UserRole": null,
    "MarkedAsAnswerDate": null
  }
]