[
  {
    "Id": "748460",
    "ThreadId": "299658",
    "Html": "\r\n<p>Hello,</p>\r\n<p>i am a Newbie in programming languages like c#, c&#43;&#43;, .NET and my native language is german. So please be regardful with my bad english and my newbie knowledge about programming. I startet years ago programming with basic (visual basic 6, blitz basic, power\r\n basic and similar). So my basic knowledge is very small. I make music and i want to understand the vst-technolgy. From Steinberg i received some sdk and documentation for VST-Developing. Well, it&acute;s nice but for me very hard to understand. It&acute;s\r\n in c&#43;&#43;. My english isn&acute;t good enough to understand the documentation perfectly. I found the VST.NET and the great &quot;JACOBI.dll&quot;. Well, great work! It&acute;s in .NET but not for VB6. So i have another problem. I installed vb2008 and wrote some &quot;small&quot;\r\n software. VB.NET is more similar to VB6 than c&#43;&#43; or other programming languages. So i tried to create a small &quot;VST-Reader&quot;. In VB6 (Visual Basic Classic) some things easier. I create a new project, add some references (.dll), read the german documentation,\r\n start with some declarations and use the .dll. This can be done in a few seconds. Easy as should be. So, i am a Newbie and i thought it&acute;s in VB.NET also easy. I startet a new project and added some References (Jacobi.dll). I made some declaration and\r\n want to have directly access to some .dll or functions within the .dll. Well, it doesn&acute;t work. Maybe i misunderstood the &quot;documentation&quot; and i missed some VB.NET Examples. Well, within the documentation i found some methods, functions and also some &quot;short&quot;\r\n examples, but not a full short code for VB.NET. Maybe my english, my programming knowledge and understaning aren&acute;t good enough to understand this. So i need some help, please.</p>\r\n<p>The only thing i want is to scan a .dll (VST) and receive the uniqueID. I want a small programm. So i have a few questions about that:</p>\r\n<p>My first thought was: I use VB.NET (VB2008), add some References (JACOBI.dll) and usw some functions. But how i can use the GetUniqueID() Function?</p>\r\n<p>I tried this: (Add References =&gt;Jacobi.VST.Core, Jacobi.VST.Framework, Jacobi.VST.Interop)</p>\r\n<p>I created a new form and a CommandButton. After that i want to do some easy logical steps. Maybe i thought it was logical^^</p>\r\n<p>Within the COMMAND_Click Event i wrote some code like</p>\r\n<p>Dim s As Jacobi.Vst.Core.VstPatchChunkInfo<br>\r\nMsgBox s.PluginID(&quot;C:\\VST Test Reverb.dll&quot;)</p>\r\n<p>So, i made a reference to Jacobi.VST.Core.dll and want to use the function &quot;PlugInID&quot;. I must use the plugin path, because the function don&acute;t know which plugin-id should be received from plugin xyz. But my code doesn&acute;t work. That was a easy thought\r\n but it seems to be very false. After that i tried something like this: (Also in the command_click Event</p>\r\n<p>Dim s As Jacobi.Vst.Core.IVstHostCommands10<br>\r\nMsgBox(s.GetCurrentPluginID(&quot;C:\\VST Reverb.dll&quot;))</p>\r\n<p>Well, that doesn&acute;t work too.</p>\r\n<p>I tried to read the &quot;Documentation&quot; again, but i really don&acute;t understand &quot;how&quot; i can use a small function. My second thought (GetCurrentPLuginId) seems to be correct, because &quot;GET&quot; describes that something will be received. But nothing happened. Only\r\n errors. So i don&acute;t know how i can solve this problem.</p>\r\n<p>And i want to use some .dll in VB6. I tried it, but it doesn&acute;t work. So i use google and found out, that VB6 use &quot;COM&quot; and can&acute;t use some NET.dll.</p>\r\n<p>If someone activate &quot;register for com interops&quot; within the &quot;project properties&quot; and &quot;build&quot; tab, the .dll can used within VB6-Environment. And i have read something about &quot;Regasm.exe&quot; and some &quot;Typelibs&quot;. Also from an GUID ID. But these things to complicated\r\n for me at the moment.</p>\r\n<p>&nbsp;</p>\r\n<p>So, i need some help, please:</p>\r\n<p>Where can i find a small code example and description for VB.NET (Only read the VST PlugInID). Just easy and small. Not 32446237 lines of code. And where i can find the Jacobi.VST.Core.dll, Jacobi.VST.Framework.dll and Jacobi.VST.Interop.dll with &quot;build\r\n options&quot; (register for com interops) and .tlb for VB6?</p>\r\n<p>I used some .dll within vb6, wrote some declarations and use easy functions. Also i tried a easy NET.dll within VB.NET. It&acute;s perfect, but i don&acute;t understand the Jacobi.dll and how i use it. Also i don&acute;t understand the documentation.</p>\r\n<p>&nbsp;</p>\r\n<p>So, please help me and give some important information oder code examples. Within the Documentation a loft of examples, but c&#43;&#43;.</p>\r\n<p>And explain please, where my false thought are and why my code didn&acute;t work.</p>\r\n<p>&nbsp;</p>\r\n<p>Sorry for my bad english</p>\r\n<p>&nbsp;</p>\r\n<p>Thank you very much for assistance</p>\r\n<p>&nbsp;</p>\r\n<p>Thomas</p>\r\n",
    "PostedDate": "2012-02-09T06:07:34.283-08:00",
    "UserRole": null,
    "MarkedAsAnswerDate": null
  },
  {
    "Id": "756818",
    "ThreadId": "299658",
    "Html": "<p>If you take a look at the Host sample you might find the code that you need. See also the OpenPlugin method in&nbsp;<a href=\"http://vstnet.codeplex.com/SourceControl/changeset/view/63261#345328\">http://vstnet.codeplex.com/SourceControl/changeset/view/63261#345328</a>.</p>\r\n<p>You can use the (Jacobi.Vst.Interop.Host.) PluginContext.Create method to load a plugin. The method takes 2 parameters, a file path of the plugin dll and an implementation of a command stub that is used by the plugin to communicate with the host application.</p>\r\n<p>The return value - through the&nbsp;PluginCommandStub property -&nbsp;can be used to communicate with the plugin.</p>\r\n<p>VST.NET has not been designed with COM compatibility in mind, so you have to use VB.NET and not VB6.</p>\r\n<p>Good luck, hope it helps.</p>",
    "PostedDate": "2012-02-11T03:48:09.21-08:00",
    "UserRole": null,
    "MarkedAsAnswerDate": null
  },
  {
    "Id": "895613",
    "ThreadId": "299658",
    "Html": "<p>@obiwanjacobi</p>\r\n<p>&nbsp;</p>\r\n<p>Thank you very much for your reply. Now i have VS2008Pro installed and understand something better. Within the VS2008 Express Edition Environment i had some problems. Now it&acute;s allright.</p>\r\n<p>&nbsp;</p>\r\n<p>Thanks</p>",
    "PostedDate": "2012-08-04T15:48:41.45-07:00",
    "UserRole": null,
    "MarkedAsAnswerDate": null
  }
]