[
  {
    "Id": "462009",
    "ThreadId": "217964",
    "Html": "I'm trying to write a simple VST host using VS C# Express 2010. I don't own the full studio because it's a bit pricey -- I'm trying to get away with just using the free Express editions. I realize that's asking for trouble, but I'm trying for it anyway!<p>\r\n\r\nHere's what I did:<p>\r\n\r\n1) Created a new project which referenced the Release versions of the Core, Framework, and Interop binaries available for download from the site.<br>\r\n2) Copied a bunch of code from the VST host sample (specifically, the OpenPlugin function, the HostCmdStub_PluginCalled function, and the entirety of HostCommandStub.cs). I was hoping to just load a plugin as a first step.<p>\r\n\r\n\r\nWhen running the application, I get the following error:<p>\r\n\r\n\r\nMixed mode assembly is built against version 'v2.0.50727' of the runtime and cannot be loaded in the 4.0 runtime without additional configuration information.<p>\r\n\r\n\r\nThis seems self-explanatory (ish). It would appear as if the dlls were built against an older version of the .NET framework. I'd guess VS2008 because that seems to be what's recommended. This implied to me that I would need to rebuild the Core, Framework, and Interop dlls from source.<p>\r\n\r\n\r\nThis was an immediate problem because the source code solution contains references to multiple types of projects (.csproj, .vcproj). The Express edition won't allow me to open a single solution containing multiple types of projects - I can load the Interop vcproj into Visual C++ Express 2010 and the Core and Framework into Visual C# 2010, but I can't load both at once. After some wrangling, I created two separate solutions -- one for the C# stuff and another for the C++ Interop. I was able to successfully compile the Core and Framework dlls. I couldn't seem to get a Debug build to go, but that's the least of my worries right now.<p>\r\n\r\n\r\nSo then I moved on to Interop. When I try to build the project I get literally thousands of errors. It seems like it's not properly recognizing the required Core and Framework stuff. Here's the first error I receive:<p>\r\n\r\n\r\n... vst.net\\code\\jacobi.vst.interop\\plugin\\HostCommandStub.h(11): error C3083: 'Core': the symbol to the left of a '::' must be a type<p>\r\n\r\n\r\nThat implies to me that it's not recognizing the namespaces exposed in the Core and Framework dlls. I tried to add the following using statements to include those references in the C++ project:<p>\r\n\r\n\r\n#using &lt;Jacobi.Vst.Core.dll&gt;<br>\r\n#using &lt;Jacobi.Vst.Framework.dll&gt;<p>\r\n\r\n\r\nDepending on where I place the using statements, I get different errors. I tried placing them just below #include &lt;stddef.h&gt; in stdafx.h hoping that would apply it across the files.  I get the error:<p>\r\n\r\n\r\n... vst.net\\code\\jacobi.vst.interop\\stdafx.h(15): fatal error C1190: managed targeted code requires a '/clr' option<p>\r\n\r\n\r\nNow I checked the project settings, and /clr is turned on already, so this error makes no sense to me. That's where I'm stuck -- trying to build the Interop dll to reference in my actual project so that I don't get the version mismatch. Phew! <p>\r\n\r\n\r\nIf you stuck with me all this way, do you have any suggestions?!<p>\r\n\r\n\r\nThanks in advance for any help you can provide!<p>",
    "PostedDate": "2010-06-30T23:01:26.507-07:00",
    "UserRole": null,
    "MarkedAsAnswerDate": null
  },
  {
    "Id": "462064",
    "ThreadId": "217964",
    "Html": "<p>I dont have VS2010 C++ Express available as I write this, but you can try to find a tab in the project properties of the C++ project where the (managed) references are listed. My guess is that it cannot find the references listed there (Jacobi.Vst.Core and System assemblies etc.). Perhaps you can re-add the Jacobi.Vst.Core reference and point it to your own (VS2010/4.0) version?</p>\r\n<p>From what I know, the problem is that mixed/hybrid assemblies (Interop contains both native C++ and managed C++) are automatically loaded into the newest CLR on the machine. Apperently the new 4.0 CLR is not quite compatible with the 2.0 version that is targeted by the Interop assembly. Not sure if you can fix this with the standard &lt;runtime&gt; conifg in your app...??</p>\r\n<p>Hope it helps.<br>Marc</p>\r\n<p>BTW: The code in the VstHost sample is not production code ;-). Its fine to get a handle on how things work, but its a simplification on what a real host has to implement.</p>",
    "PostedDate": "2010-07-01T02:31:04.953-07:00",
    "UserRole": null,
    "MarkedAsAnswerDate": null
  },
  {
    "Id": "663348",
    "ThreadId": "217964",
    "Html": "<p>FYI I was having the same issue using pre-built Vst.Net binaries with VS2010 Pro, it's not a problem with Visual Studio Express:</p>\r\n<p><em>Mixed mode assembly is built against version 'v2.0.50727' of the runtime and cannot be loaded in the 4.0 runtime without additional configuration information.</em></p>\r\n<p>Marc, you're quite right it can be fixed using .Net configuration. I fixed it by adding a .config file to my startup project with the same name as the executable plus .config (e.g. \"MyApp.exe.config\"), setting it's properties to 'Copy if newer' (or 'Copy always') and adding the following to the XML under &lt;configuration&gt;:\r\n<div style=\"color: black; background-color: white;\">\r\n<pre>  <span style=\"color: blue;\">&lt;</span><span style=\"color: #a31515;\">startup</span> <span style=\"color: red;\">useLegacyV2RuntimeActivationPolicy</span><span style=\"color: blue;\">=</span><span style=\"color: black;\">\"</span><span style=\"color: blue;\">true</span><span style=\"color: black;\">\"</span> <span style=\"color: blue;\">&gt;</span>\r\n  <span style=\"color: blue;\">&lt;/</span><span style=\"color: #a31515;\">startup</span><span style=\"color: blue;\">&gt;</span>\r\n</pre>\r\n</div>\r\n</p>\r\n<p>This was based on MSDN info:</p>\r\n<p><a href=\"http://msdn.microsoft.com/en-us/library/bbx34a2h.aspx\">http://msdn.microsoft.com/en-us/library/bbx34a2h.aspx</a></p>\r\n<p><a href=\"http://msdn.microsoft.com/en-us/library/1xtk877y.aspx\">http://msdn.microsoft.com/en-us/library/1xtk877y.aspx</a></p>\r\n<p>Seems to be working so far, I have successfully created a plugin context at runtime. Hope this helps other VS2010 users who want to link against public binaries of Vst.Net and don't want to have to compile source.</p>\r\n<p>Regards,</p>\r\n<p>Adam</p>",
    "PostedDate": "2011-08-25T10:00:52.903-07:00",
    "UserRole": null,
    "MarkedAsAnswerDate": null
  }
]