[
  {
    "Id": "1329028",
    "ThreadId": "574100",
    "Html": "Hi!\r<br />\n<br />\nThis project looks like a brilliant idea, and I thought creating a bit of an arpeggiator would be a good exercise.<br />\n\r<br />\nI've been having a poke around trying to get one of the samples running.  In the <a href=\"https://vstnet.codeplex.com/SourceControl/latest#Source/Samples/Jacobi.Vst.StereoMelter/UI/PluginEditorView.Designer.cs\" rel=\"nofollow\">https://vstnet.codeplex.com/SourceControl/latest#Source/Samples/Jacobi.Vst.StereoMelter/UI/PluginEditorView.Designer.cs</a> file there seem to be no controls, although the code file refers to various ones like label1, trackbar1 etc.  Is there another copy of the file?  I figured I could recreate controls with those names, but what they were called etc would be fun to work out :)\r<br />\n<br />\nThe other samples didn't seem to want to load - I put the various DLL's into FL studio's VST folder (I wasnt sure if the wrapper DLL or the others were consumable by the host, but they all said there was a loading problem).  Any tips welcome...\r<br />\n<br />\nAnyway, well done! <br />\n",
    "PostedDate": "2014-12-05T01:42:06.947-08:00",
    "UserRole": null,
    "MarkedAsAnswerDate": null
  },
  {
    "Id": "1329052",
    "ThreadId": "574100",
    "Html": "The Melter sample is still under construction. Don't use it.\r<br />\n<br />\nMake sure you have the correct platform (32/64 bits) dll's. Match the host's - not the OS. If that doen't work, post the error message (Ctrl+Shift+C).\r<br />\n<br />\nTake a look at the MidiMapper sample - it works with Midi in- and out. Sounds like that is what you will be needing.\r<br />\n<br />\nHope it helps,\r<br />\nMarc<br />\n",
    "PostedDate": "2014-12-05T02:43:03.083-08:00",
    "UserRole": null,
    "MarkedAsAnswerDate": null
  },
  {
    "Id": "1329063",
    "ThreadId": "574100",
    "Html": "Thanks for that.  I've checked they are both 32 bit.  Unfortunately FL is not specific about what went wrong with the plugin.  I'll keep digging around.  Cheers<br />\n",
    "PostedDate": "2014-12-05T03:29:56.663-08:00",
    "UserRole": null,
    "MarkedAsAnswerDate": null
  },
  {
    "Id": "1329146",
    "ThreadId": "574100",
    "Html": "Tell me the steps that you have taken to load the sample plugins. Perhaps I can tell you what you're forgetting/doing wrong...<br />\n<ul>\n<li>Make sure you use the CLR4 sample binaries from VST.NET 1.1 download. Requires .NET 4.0 or higher.</li>\n<li>\nAlso make sure you have the VS2012 VC CRT package installed <a href=\"http://www.microsoft.com/en-us/download/details.aspx?id=30679\" rel=\"nofollow\">http://www.microsoft.com/en-us/download/details.aspx?id=30679</a> (see also description in download page)<br />\n</li>\n</ul>\nI assume FL can handle a separate folder for each plugin...<br />\n<ul>\n<li>Create a Folder under the location FL scans for plugins</li>\n<li>Copy in the Jacobi.Vst.Core and Jacobi.Vst.Framework dlls</li>\n<li>\nCopy in the two files that always make up a VST.NET plugin for the sample you wish to test<br />\n<ul>\n<li>the .dll (that is just a renamed copy of Jacobi.Vst.Interop.dll)</li>\n<li>\nthe .net.vstdll that is the managed dll (renamed to a different extension)<br />\n</li>\n</ul>\n</li>\n</ul>\nHope it helps,<br />\nMarc<br />\n",
    "PostedDate": "2014-12-05T07:43:05.673-08:00",
    "UserRole": null,
    "MarkedAsAnswerDate": null
  },
  {
    "Id": "1433078",
    "ThreadId": "574100",
    "Html": "Marc,<br />\n<br />\nThanks so much for building this framework. It looks amazing. However, I am also struggling to get the samples working. This is what I've done.<br />\n<ul>\n<li>Download the source from here</li>\n<li>Open samples solution in VS 2015 (RC) Source\\Samples (CL4) .</li>\n<li>Remove missing files from the projects that were stopping compilation (AssemblyInfo.General.cs - These are missing from the source)</li>\n<li>Build for x86 (all good so far)</li>\n<li>I then copy the compiled DLLs for the Delay sample to a folder in the 32 bit VST path that Ableton expects it to be in. <br />\nImage: <br />\n<a href=\"https://onedrive.live.com/redir?resid=47321C0630B57E1D!4851&amp;authkey=!ADoqO-iOpTtH2JU&amp;v=3&amp;ithint=photo%2cpng\" rel=\"nofollow\">https://onedrive.live.com/redir?resid=47321C0630B57E1D!4851&authkey=!ADoqO-iOpTtH2JU&v=3&ithint=photo%2cpng</a></li>\n<li>\nI open Ableton, and get an error message.<br />\nImage:<br />\n<a href=\"https://onedrive.live.com/redir?resid=47321C0630B57E1D!4852&amp;authkey=!AKSNIMQFEhzK2_8&amp;ithint=file%2cpng\" rel=\"nofollow\">https://onedrive.live.com/redir?resid=47321C0630B57E1D!4852&authkey=!AKSNIMQFEhzK2_8&ithint=file%2cpng</a><br />\n</li>\n</ul>\n<em>•Copy in the two files that always make up a VST.NET plugin for the sample you wish to test<br />\n◦the .dll (that is just a renamed copy of Jacobi.Vst.Interop.dll) <br />\n◦the .net.vstdll that is the managed dll (renamed to a different extension)</em><br />\n<br />\nI know that it's something to do with renaming DLLs, but I don't quite follow...<br />\n",
    "PostedDate": "2015-07-03T19:49:00.107-07:00",
    "UserRole": null,
    "MarkedAsAnswerDate": null
  },
  {
    "Id": "1433079",
    "ThreadId": "574100",
    "Html": "Fuck yeah! I got the Delay plugin working. It's really simple. Here's a picture of the files needed:\r<br />\n<br />\nLink\r<br />\n<a href=\"https://onedrive.live.com/redir?resid=47321C0630B57E1D!4853&amp;authkey=!AIK2fYF5bc_3c1Q&amp;ithint=file%2cpng\" rel=\"nofollow\">https://onedrive.live.com/redir?resid=47321C0630B57E1D!4853&authkey=!AIK2fYF5bc_3c1Q&ithint=file%2cpng</a>\r<br />\n<br />\nThe only trick to this is is that \r<br />\nJacobi.Vst.Samples.Delay.dll is actually just Jacobi.Vst.Interop.dll renamed.\r<br />\n<br />\nNow to write some plugins!<br />\n",
    "PostedDate": "2015-07-03T20:13:06.88-07:00",
    "UserRole": null,
    "MarkedAsAnswerDate": null
  },
  {
    "Id": "1433089",
    "ThreadId": "574100",
    "Html": "I love it when users go from I don't follow to its real simple... ;-)<br />\n",
    "PostedDate": "2015-07-04T00:24:46.163-07:00",
    "UserRole": null,
    "MarkedAsAnswerDate": null
  }
]