[
  {
    "Id": "945909",
    "ThreadId": "404296",
    "Html": "\r\n<p>Hi Marc and the VST&nbsp;gang,</p>\r\n<p>I've basically fried my brain with my project - which is working well but I've left a few 'issues' hanging.</p>\r\n<p>My&nbsp;plugin is a midi receiver only - I'm managing the midi output internally myself - as it's a wrapper for my synth Roland module.</p>\r\n<p>At the moment my MidiProcessor is called from the AudioProcessor but obviously I don't really want to process the audio buffers at all. If I initilaise AudioProcess with 0 input and outputs, it's process method never gets called (which is good) but then\r\n I don't get to call the MidiProcessor ProcessCurrentEvents.</p>\r\n<p>Is there any easy alternative before I go digging ?</p>\r\n<p>Kind regards</p>\r\n<p>Adrian</p>\r\n",
    "PostedDate": "2012-11-22T17:12:47.443-08:00",
    "UserRole": null,
    "MarkedAsAnswerDate": null
  },
  {
    "Id": "945960",
    "ThreadId": "404296",
    "Html": "\r\n<p>Hi Adrian,</p>\r\n<p>The frying of ones brain is a pretty serious matter ... :-P</p>\r\n<p>&quot;In theory&quot; you should not need an AudioPorcessor to begin with, BUT not all hosts are capable of handling midi only plugins - they assume audio. That is the reason why the MidiNoteMapper sample has an AudioProcessor - to work in as many hosts as possible.\r\n If you set the inputs and outputs of the AudioProcessor to 2 and simply let the base class handle the process (implements a bypass or thru) you WILL get called.</p>\r\n<p>Depending on the range of hosts you are targeting you could try to use only the MidiProcessor (simply return null from the CreateAudioProcessor method on the Plugin root class to temporarily remove the AudioProcessor) and call the ProcessCurrentEvents from\r\n the Process method on the MidiProcessor.</p>\r\n<p>Also realize that outputting Midi yourself inside the plugin requires a midi driver that is capable of serving multiple clients. Usually the DAW that hosts your plugin opens all Midi ports and holds on to them. If you run your plugin on a machine with a\r\n Midi driver that is not multi-client, your call to open the midi out port will fail.</p>\r\n<p>On the other hand not many hosts process ALL Midi (thinking sysex) correctly in or out...</p>\r\n<p>Hope it helps,<br>\r\nMarc&nbsp;</p>\r\n",
    "PostedDate": "2012-11-22T22:21:10.56-08:00",
    "UserRole": null,
    "MarkedAsAnswerDate": null
  },
  {
    "Id": "946024",
    "ThreadId": "404296",
    "Html": "\r\n<p>Thanks Marc,</p>\r\n<p>indeed; there just aren't enough hours in a lifetime :)</p>\r\n<p>Yes, my approach is a little strange but sys-ex is a big part of my plugin. I could (should maybe) have gone with a standalone as this is partly an editor / patch&nbsp;manager&nbsp;but it's also an attempt to turn Roland modules into a live configurable instrument\r\n using a midi controller. I had some initial success with routing midi back to the host, but once I started to expand my host list it all became flaky and unreliable (much to the distain of some of my user 'base'). So I borrowed another hero's work - Les Sanford's\r\n Midi toolkit. As long as the user is aware that their DAW can't lock the module midi port everything seems alright.</p>\r\n<p>I'll see what happens with nulling the Audioprocessor but I imagine it'll work with some DAWs but not all; fingers crossed. It's a pain that host implementations are not&nbsp;&#65279;all equal.</p>\r\n<p>I've tested with Ableton, Sonar 8 and X1, Cubase, VSTHost (of course)&nbsp;and an old version Protools - all good so far. It looks hideous (I'm no graphic designer; it's all windows controls) but its working pretty well. Lots more to do but it's enough to take\r\n back to the Roland groups and re-interest them -&nbsp;hopefully. It might mean that some of them can upgrade from Windows 95 / XP&nbsp;and still edit their modules :)</p>\r\n<p>Kind regards and thanks again for your input and help,</p>\r\n<p>Adrian</p>\r\n",
    "PostedDate": "2012-11-23T01:08:43.41-08:00",
    "UserRole": null,
    "MarkedAsAnswerDate": null
  },
  {
    "Id": "946042",
    "ThreadId": "404296",
    "Html": "\r\n<p>Do you have a link? I have a stack of Roland modules as well :-)</p>\r\n<p>I also have been meaning to to write a (generic) patch editor - so many ideas, so little time :-P</p>\r\n<p>I'd be very interested to see your plugin and to know how it works.</p>\r\n",
    "PostedDate": "2012-11-23T02:02:42.607-08:00",
    "UserRole": null,
    "MarkedAsAnswerDate": null
  },
  {
    "Id": "946184",
    "ThreadId": "404296",
    "Html": "\r\n<p>Surely, the group is at <a href=\"http://launch.groups.yahoo.com/group/RolandJavelin/\">\r\nhttp://launch.groups.yahoo.com/group/RolandJavelin/</a>&nbsp;although I'm only just ramping it up again, come on in if you're brave enough.</p>\r\n<p>I&nbsp;think there is a waffle-full video for the MidiRouter Vst&nbsp;- which is&nbsp;a&nbsp;precursor to the full&nbsp;plugin. I'll be plopping up another video over the coming weeks and I'll definitely be rolling out an 'alpha' for the Javelin plugin.</p>\r\n<p>It's not primarily generic although it is mostly database driven and it is only dealing with binary strings. It's alright until you give it to another human ! I have broken things out into layers and MEF is in play for the data so....</p>\r\n<p>I have to say I'm a little nervous about giving you access; this being my first plugin - and indeed first public project - so it's a bit like singing Heroes for David Bowie.</p>\r\n<p>And I can't sing :)</p>\r\n<p>Many thanks Marc</p>\r\n<p>Adrian</p>\r\n",
    "PostedDate": "2012-11-23T09:25:31.797-08:00",
    "UserRole": null,
    "MarkedAsAnswerDate": null
  },
  {
    "Id": "946199",
    "ThreadId": "404296",
    "Html": "\r\n<p>Ah, don't sweat it. Like in any 'performance': the audience doesn't hear all the imperfections you hear :-P</p>\r\n<p>I've tried to join, but there was an error. Will try later again. Also watched your video - can't wait to see what it has evolved into.</p>\r\n",
    "PostedDate": "2012-11-23T10:24:31.293-08:00",
    "UserRole": null,
    "MarkedAsAnswerDate": null
  }
]