[
  {
    "Id": "826846",
    "ThreadId": "353056",
    "Html": "\r\n<p>Hello, i'm totally new to vst.net and my programming skills are from years ago in c.. i decided to start from new on in c#.</p>\r\n<p>after some little apps i did in c# i must say that it's very comfortable..btw</p>\r\n<p>as i'm new to visual studio express 2010, i would like to try out the template-projects... but i'm running into a problem there. i can't compile them, because i don't know where to put the vst.net 09 files... in the &quot;how to use&quot; it's written to copy 2 dll\r\n files into the windows assambly, but i can't copy there anything..how do i set the paths in visual studio to the vst.net files?</p>\r\n<p>&nbsp;</p>\r\n<p>help would be nice</p>\r\n<p>&nbsp;</p>\r\n<p>kind regards</p>\r\n<p>carsten</p>\r\n",
    "PostedDate": "2012-04-21T07:48:42.997-07:00",
    "UserRole": null,
    "MarkedAsAnswerDate": null
  },
  {
    "Id": "826859",
    "ThreadId": "353056",
    "Html": "<p>sorry for the first message.. i found out what i was looking for... :-)</p>",
    "PostedDate": "2012-04-21T08:33:21.64-07:00",
    "UserRole": null,
    "MarkedAsAnswerDate": null
  },
  {
    "Id": "826874",
    "ThreadId": "353056",
    "Html": "<p>well , with the compiled version of the template delay i always get always a SystemBadImageFormatException... the assembly is created by a runtime which is newer than the current one .. etc..</p>\r\n<p>does someone know that problem ?</p>",
    "PostedDate": "2012-04-21T10:03:42.083-07:00",
    "UserRole": null,
    "MarkedAsAnswerDate": null
  },
  {
    "Id": "826885",
    "ThreadId": "353056",
    "Html": "<p>That exception usually indicates a mismatch between x64 an x86 or Clr2 and Clr4. Try setting your project settings to use .NET framework 2.0. That should fix it.</p>\r\n<p>&nbsp;</p>\r\n<p>Hope it helps,<br />Marc&nbsp;</p>",
    "PostedDate": "2012-04-21T10:38:23.07-07:00",
    "UserRole": null,
    "MarkedAsAnswerDate": null
  },
  {
    "Id": "826887",
    "ThreadId": "353056",
    "Html": "<p>wohooo.... great thanx... that was the prob :-)))</p>",
    "PostedDate": "2012-04-21T10:47:21.43-07:00",
    "UserRole": null,
    "MarkedAsAnswerDate": null
  }
]