[
  {
    "Id": "1013656",
    "ThreadId": "436248",
    "Html": "I've been working on a VST.NET powered MIDI Utility/Creativity plugin for the last two years and finally released the Beta version. \r<br />\n<br />\nThanks a million Marc for making VST.NET and for all the help you've given me whenever I got stuck!! This was my first .Net project so without VST.NET I'd probably still be tracking down memory leaks and seg faults.\r<br />\n<br />\nIf anyone has a chance to check it out I'd love to get some feedback. \r<br />\n<a href=\"http://code.google.com/p/midi-shape-shifter/\" rel=\"nofollow\">MIDI Shape Shifter</a>\r<br />\n<br />\nBetter yet if anyone is looking for a project to contribute to then let me know.\r<br />\n<br />\n<img src=\"https://dl.dropbox.com/u/20066539/Images/MSS/MSS-Screenshot.png\" alt=\"Image\" /><br />\n",
    "PostedDate": "2013-03-11T21:06:17.197-07:00",
    "UserRole": null,
    "MarkedAsAnswerDate": null
  },
  {
    "Id": "1013696",
    "ThreadId": "436248",
    "Html": "Congrats. Looks excellent! Hope I can find the time to give it a spin.<br />\n",
    "PostedDate": "2013-03-11T23:21:15.007-07:00",
    "UserRole": null,
    "MarkedAsAnswerDate": null
  },
  {
    "Id": "1020738",
    "ThreadId": "436248",
    "Html": "Hi, it does but I have a question - in Cubase it shows up as an Instrument not an effect or midi plugin, is this right?\r<br />\n<br />\nThe reason I ask is that I have just started developing a VST.NET plugin and have found no way of getting Cubase to see it is a midi plugin.  What you set VstPluginCategory to changes nothing<br />\n",
    "PostedDate": "2013-03-25T09:57:33.337-07:00",
    "UserRole": null,
    "MarkedAsAnswerDate": null
  },
  {
    "Id": "1020751",
    "ThreadId": "436248",
    "Html": "&lt;edit&gt; double post<br />\n<br />\nFurther experimentation allows me to load the plugin as an instrument and then route the midi out of that into another track but really I would like the plugin to be an effect that can be inserted on any track<br />\n",
    "PostedDate": "2013-03-25T10:16:41.7-07:00",
    "UserRole": null,
    "MarkedAsAnswerDate": null
  },
  {
    "Id": "1020764",
    "ThreadId": "436248",
    "Html": "Yeah, Cubase is notoriously difficult with Midi plugins. You should be ok in most others hosts though...<br />\n",
    "PostedDate": "2013-03-25T10:40:18.693-07:00",
    "UserRole": null,
    "MarkedAsAnswerDate": null
  },
  {
    "Id": "1020787",
    "ThreadId": "436248",
    "Html": "From what I understand VST midi effects are a part of the VST spec that almost no host supports. So most MIDI &quot;effects&quot; you'll find are really instruments that just don't touch the audio. This is why the sample MIDI plugins that come with VST.NET have a DummyAudioHandler class.<br />\n",
    "PostedDate": "2013-03-25T11:17:56.323-07:00",
    "UserRole": null,
    "MarkedAsAnswerDate": null
  },
  {
    "Id": "1020814",
    "ThreadId": "436248",
    "Html": "Thanks obi - yes I have done a bit more exploring and Cubase is a pain - which is a real pain as it is the host I use!\r<br />\n<br />\nrobcheese- your right but you cannot insert VTS.NET midi plugins into a channel in Cubase. It does not seem to matter if it has audio out or not (I tested with and without and with and without effect and synth flags). So in the case of Cubase the VST.NET sample midi plugs may as well not have audio output. \r<br />\n<br />\nMy only explanation is that it seems as soon as you say your plugin supports midi out Cubase makes it into an instrument irrespective of the flags or anything else.<br />\n",
    "PostedDate": "2013-03-25T11:56:39.96-07:00",
    "UserRole": null,
    "MarkedAsAnswerDate": null
  },
  {
    "Id": "1020819",
    "ThreadId": "436248",
    "Html": "I think Cubase uses the VST Module Architecture (SDK) for Midi plugins. It's a bit dumb in my opinion because VST2 has all the ingredients to get this working and that is how other hosts do it and that is why nobody supports it. This Module Architecture is also the basis for the new VST3 SDK. It's not a bad design, it's just stupid that Cubase does not accept a normal VST2 plugin as a midi plugin.<br />\n",
    "PostedDate": "2013-03-25T12:08:14.32-07:00",
    "UserRole": null,
    "MarkedAsAnswerDate": null
  }
]