[
  {
    "Id": "1450388",
    "ThreadId": "646815",
    "Html": "Hi, experimenting again here :-)\r<br />\nThis is really great, thanks to the VST.Core/Interop dlls provided here I can do something I never thought possible - fiddle with creating VSTs in the only programming language I know (VB.NET :-)\r<br />\n<br />\nsetting VstPluginFlags.IsSynth opens up another avenue to produce a VSTi instrument which is pretty cool.\r<br />\nAs to my question, long story short, I've found that you can take a stream of audio samples (from wav sample files, for example) and just feed the 2-byte L/R values to the ProcessReplacing outputs (converting them to 0-1.0 values), looping them so that your host plays them with midi on/off events gotten from ProcessEvents.  Also, if you skip samples in your loop, calculated based on the Midi note code from the host, also obtained from ProcessEvents, your samples will play higher or lower matching your midi notes.  Perfect.\r<br />\n<br />\nExcept for one thing.  I find that feeding the sample values to both channels produces mono output.  Specifically, feeding to outputs(0) (0 presumably being the left channel) works, but not outputs(1)!  Feeding to outputs(1) gives silence.  I thought I might not be getting the samples right, but no matter what else I feed to outputs(1) I get silence - Im missing something aren't i...\r<br />\n<br />\nI have set both input/output (inputs also, just to be sure):\r<br />\n  _pluginInfo.AudioInputCount = 2\r<br />\n  _pluginInfo.AudioOutputCount = 2\r<br />\n<br />\nDo you have do something with the SpeakerArrangement also?  (Tried that with no success so far.)\r<br />\n<br />\nCheers,<br />\n",
    "PostedDate": "2015-10-29T20:47:15.807-07:00",
    "UserRole": null,
    "MarkedAsAnswerDate": null
  },
  {
    "Id": "1450435",
    "ThreadId": "646815",
    "Html": "First I would strongly suggest you try the Framework (again ;-). It really does make things simpler. Check out the MidiNoteSampler plugin (C#) for something similar you're trying to accomplish. There is also a VB.NET version of the Delay (effect) plugin.\r<br />\n<br />\nSetting the synth flag and Outputs to 2 should work. You should not need SpeakerArrangements - something that is almost never used and I am not quite sure how that was intended.\r<br />\n<br />\nYour not using the code that was in the Core sample are you? That was flawed as we saw earlier...<br />\n",
    "PostedDate": "2015-10-30T04:37:50.3-07:00",
    "UserRole": null,
    "MarkedAsAnswerDate": null
  },
  {
    "Id": "1450516",
    "ThreadId": "646815",
    "Html": "I think  you got the basic's down. Could this be a audio routing issue in your host?<br />\n",
    "PostedDate": "2015-10-30T14:03:51.15-07:00",
    "UserRole": null,
    "MarkedAsAnswerDate": null
  },
  {
    "Id": "1450543",
    "ThreadId": "646815",
    "Html": "<strong>obiwanjacobi wrote:</strong><br />\n<blockquote>\nFirst I would strongly suggest you try the Framework (again ;-). It really does make things simpler. Check out the MidiNoteSampler plugin (C#) for something similar you're trying to accomplish. There is also a VB.NET version of the Delay (effect) plugin.<br />\n<br />\nSetting the synth flag and Outputs to 2 should work. You should not need SpeakerArrangements - something that is almost never used and I am not quite sure how that was intended.<br />\n<br />\nYour not using the code that was in the Core sample are you? That was flawed as we saw earlier...<br />\n</blockquote>\nYes... well :-)<br />\nActually, after my first project of imported code I kind of got into exploring the Functions and Subs exposed by VST.Core to see what can be done...  but eventually I expect I will try out the Framework!  The one less .dll is also a plus incidentally!<br />\n(by the way is there some way the three 3 dlls can be embedded as one compilation? I remember reading something about that somewhere.  Maybe not possible).<br />\n<br />\nI have actually loaded the MidiNoteSampler, which appears properly as a VSTi in my host.  I understand you are supposed to press once to record, but since it loads on a midi track (not as an audio effect), where does the audio come from?  (I get nothing...)<br />\n<br />\n(In my test VSTi, I select pre-recorded wav samples from a combobox, for use as the synth sound.)<br />\n![Image:<a href=\"http://postimg.org/image/3q66sxge9/\" rel=\"nofollow\">http://postimg.org/image/3q66sxge9/</a> ]<br />\nTo actually sample, I had to make a non-synth effect VST that could be loaded on an audio track to extract sounds, but apparently MidiNoteSampler works differently...<br />\n<br />\nI completely discarded the Core sample code in ProcessReplacing and use this: (VB, sorry :-)<br />\n<pre><code>Private PressedMidiNote As Integer \nPrivate MidiKeyCode As Integer = 69 'Temporary, A4 as reference\nPrivate CurrentSampNo, FreqFactor As Double, NOTEON As Boolean\n\nPublic Sub ProcessReplacing(inputs As VstAudioBuffer(), outputs As VstAudioBuffer()) Implements IVstPluginCommandsBase.ProcessReplacing\n\n'outputs.Length is 2 for stereo, 1 for mono\nIf LoadedSamples.Count = 0 Then Exit Sub\n\nFreqFactor = 2 ^ ((PressedMidiNote - MidiKeyCode) / 12)\n\nIf NOTEON Then\n  For sampleno As Integer = 0 To inputs(0).SampleCount - 1\n    outputs(0)(sampleno) = LoadedSamples(Int(CurrentSampNo))\n    outputs(1)(sampleno) = LoadedSamples(Int(CurrentSampNo) + 1)\n    CurrentSampNo += (FreqFactor * 2) : If Int(CurrentSampNo) &gt; LoadedSamples.Count - 2 Then CurrentSampNo = 0\n  Next sampleno\nEnd If\n\nEnd Sub</code></pre>\n\nI hope the above makes sense.  Just calculating the new note frequency based on semi-tones of 2 to the 1/12 power, and skipping (or extending) samples in the loop based on that.<br />\nBut the above produces mono output.<br />\nI get no audio for outputs(1)!<br />\nEven if i comment out outputs(0) completely, and send everything to outputs(1), I get no audio.  Stumped :-(<br />\n",
    "PostedDate": "2015-10-30T22:11:56.207-07:00",
    "UserRole": null,
    "MarkedAsAnswerDate": null
  },
  {
    "Id": "1450544",
    "ThreadId": "646815",
    "Html": "<strong>YuryK wrote:</strong><br />\n<blockquote>\nI think  you got the basic's down. Could this be a audio routing issue in your host?<br />\n</blockquote>\nI don't know...  perhaps\r<br />\nBut my effect (audio) VSTs are properly sending audio to both channels.\r<br />\nIt's just the synth that doesn't @@<br />\n",
    "PostedDate": "2015-10-30T23:01:57.567-07:00",
    "UserRole": null,
    "MarkedAsAnswerDate": null
  },
  {
    "Id": "1450678",
    "ThreadId": "646815",
    "Html": "Some hosts are very picky about what plugins should report (audio/midi) and in what type of track they are allowed to be placed and what data is given to the plugin. The MidiNoteSampler was written for a host that puts no constraints on the plugin - I used VstHost.\r<br />\n<br />\nMono-plugin on a stereo track? Just guessing here....\r<br />\nDid you try on a different host?\r<br />\n<br />\nPS: For some reason I'm not getting any email notifications anymore....?<br />\n",
    "PostedDate": "2015-11-02T06:43:31.41-08:00",
    "UserRole": null,
    "MarkedAsAnswerDate": null
  }
]