[
  {
    "Id": "1447368",
    "ThreadId": "645893",
    "Html": "Hey Vst-ers. I hope that everyone is well....\r<br />\n<br />\nI have a couple of questions in the same ballpark, I wonder if anything rings a bell with anyone?\r<br />\n<br />\nI've still fiddling around with my vst based SysEx editors. I have a vst midi-source which can fire channel-midi back to a host using the _plugin.Host.GetInstance&lt;IVstMidiProcessor&gt;() interface and calling Process with an event collection. \r<br />\n<br />\nQuestion 1 Is - Should SysEx be processed by the host if I pass it back in the same collection ? Channel midi goes to an external synth ok when I create a midi track and route my vst output to the correct midi port. It doesn't seem to work at all and I'm not even sure if it is possible.\r<br />\n<br />\nQuestion 2 - I've seen some professional plugins that 'Appear' to get a list of midi ports from a host and 'Seem' to be able to use them from within the plugin - I.e. piggybacking messages directly to an external device for instance. I can't see how this is possible from within the framework but I'm only starting to scratch the surface. Does this sound at all plausible ? I suppose you could site a service in between the port and host and interact with this (as a workaround).\r<br />\n<br />\nMany thanks for the continued support and for making all of this possible.\r<br />\n<br />\nAdrian<br />\n",
    "PostedDate": "2015-10-06T17:04:12.7-07:00",
    "UserRole": null,
    "MarkedAsAnswerDate": null
  },
  {
    "Id": "1447386",
    "ThreadId": "645893",
    "Html": "1) Most hosts have an option to block sys-ex from being processed - which is usually on by default. Check for that. Unless you have other midi plugins on that channel I would expect that any midi should go the the midi port assigned to that track. But this is very host-dependent. So check the manual/docs or ask online on their support forum.\r<br />\n<br />\n2) I think they just open all the available midi ports on the PC and detect the ports that can't be opened because 'someone else' has it open already. Of course there is a backdoor in VST2.4 (and 3.x as well I think) where there can be undocumented plugin&lt;-&gt;host communication (not supported by VST.NET). This allows a vendor of a host to supply plugins that will do things that is not possible with normal VST plugins.\r<br />\n<br />\nAs you're fiddling with midi: did you see my MIDI.NET project? ;-)\r<br />\n<a href=\"http://midinet.codeplex.com/\" rel=\"nofollow\">http://midinet.codeplex.com/</a>\r<br />\n<br />\nHope it helps,\r<br />\nMarc<br />\n",
    "PostedDate": "2015-10-06T23:54:27.41-07:00",
    "UserRole": null,
    "MarkedAsAnswerDate": null
  },
  {
    "Id": "1447423",
    "ThreadId": "645893",
    "Html": "Hey cheers Marc,\r<br />\n<br />\nfor your prompt and helpful response.\r<br />\n<br />\nYes I do wish that there was a development version of a pro host out there - a wasted wish I know :) I'll have to try and interpret the actual output from the midi port to see if anything is happening, I wonder if something like Midi Yoke would help with this....\r<br />\n<br />\nI'll check out the DAW forum for Ableton and see how Bitwig or VstHost responds.\r<br />\n<br />\nAnd yes I thought the use of host ports looked a bit - undocumented. I'll have to try and get a demo of one of these to see what they actually do...\r<br />\n<br />\nIf my adventure with SysEx and vst fails (for the moment) I'll definitely be looking for a midi solution and Midi.Net is at the top.\r<br />\n<br />\np.s.\r<br />\n<br />\nWhere is the best place to review Vst documentation - I have the SDKs for 2.3, 2.4 and 3.x but the help there seems to be sketchy at best - is there a forum that you are aware of ?\r<br />\n<br />\nAnyway,\r<br />\n<br />\nmany thanks as always...\r<br />\n<br />\nAdrian<br />\n",
    "PostedDate": "2015-10-07T04:00:40.08-07:00",
    "UserRole": null,
    "MarkedAsAnswerDate": null
  },
  {
    "Id": "1447427",
    "ThreadId": "645893",
    "Html": "Yes Midi Yoke (never used it) or LoopBe1 (<a href=\"http://www.nerds.de/en/loopbe1.html\" rel=\"nofollow\">http://www.nerds.de/en/loopbe1.html</a>) can help you route the host (virtual) output to a (virtual) input of say MidiOx. That will allow you to unravel the Midi messages the host puts out.\r<br />\n<br />\nJah, the VST docs are notorious (bad). I know steinberg has a newsgroup /  email list you can subscribe to to ask questions. Also kvraudio (.com) is an excellent forum on everything audio and VST.<br />\n",
    "PostedDate": "2015-10-07T04:43:46.893-07:00",
    "UserRole": null,
    "MarkedAsAnswerDate": null
  },
  {
    "Id": "1447510",
    "ThreadId": "645893",
    "Html": "LoopBe it is, thanks Marc.<br />\n",
    "PostedDate": "2015-10-07T11:46:17.127-07:00",
    "UserRole": null,
    "MarkedAsAnswerDate": null
  }
]