[
  {
    "Id": "166841",
    "ThreadId": "49849",
    "Html": "Hi,<br>\r\n<br>\r\nI'm having troubles using the vst.net effects in Adobe Audition 1.5 - I've compiled the projects, moved the relevant dll's to audition's effects library and started audition.<br>\r\nI did see the effects in the effects list (after refreshing it), but once I opened a wav file (to try the delay effect on), the effect(s) turned grey and unusable.<br>\r\n<br>\r\nWhat am I doing wrong?<br>\r\nThanks in advance!\r\n",
    "PostedDate": "2009-03-11T04:09:53.087-07:00",
    "UserRole": null,
    "MarkedAsAnswerDate": null
  },
  {
    "Id": "166859",
    "ThreadId": "49849",
    "Html": "I am sorry but I have no experience with Adobe Audition 1.5. You could try to attach a debugger to the exe and only load one plugin (say the delay) and set a break point on it...<br>\r\n<br>\r\nGood luck,<br>\r\nMarc Jacobi\r\n",
    "PostedDate": "2009-03-11T05:05:32.917-07:00",
    "UserRole": null,
    "MarkedAsAnswerDate": null
  }
]