[
  {
    "Id": "1448867",
    "ThreadId": "646312",
    "Html": "I'm not sure if this is a common problem or not, but common WPF controls like TextBox don't accept key strokes. I can copy and paste text in to the TextBoxes, but it won't accept the keyboard events. It's as though Ableton is intercepting the key events and using them solely for emulating the musical keyboard or whatever. Any tricks here? Is there anything I can do? Quite stuck on this.<br />\n",
    "PostedDate": "2015-10-16T15:51:49.12-07:00",
    "UserRole": null,
    "MarkedAsAnswerDate": null
  },
  {
    "Id": "1449601",
    "ThreadId": "646312",
    "Html": "Still stuck on this one...<br />\n",
    "PostedDate": "2015-10-24T17:28:05.803-07:00",
    "UserRole": null,
    "MarkedAsAnswerDate": null
  },
  {
    "Id": "1449622",
    "ThreadId": "646312",
    "Html": "<strong>Kruddler wrote:</strong><br />\n<blockquote>\nI'm not sure if this is a common problem or not, but common WPF controls like TextBox don't accept key strokes. I can copy and paste text in to the TextBoxes, but it won't accept the keyboard events. It's as though Ableton is intercepting the key events and using them solely for emulating the musical keyboard or whatever. Any tricks here? Is there anything I can do? Quite stuck on this.<br />\n</blockquote>\nIf you're programming with VST.Core (I haven't used the Framework yet), did you return True in the EditorKeyDown and EditorKeyUp functions?  Otherwise, no key input is handled...<br />\n",
    "PostedDate": "2015-10-25T00:48:12.593-07:00",
    "UserRole": null,
    "MarkedAsAnswerDate": null
  },
  {
    "Id": "1449892",
    "ThreadId": "646312",
    "Html": "Have you tried intercepting keystrokes on your main container panel? If it works at that level than it could be a keyboard control focus problem within WPF. <br />\n",
    "PostedDate": "2015-10-27T15:43:41.733-07:00",
    "UserRole": null,
    "MarkedAsAnswerDate": null
  },
  {
    "Id": "1450529",
    "ThreadId": "646312",
    "Html": "Thanks for pointing this out Msav and Yury. These methods might help me.<br />\n<br />\nWell, I can confirm that I am able to intercept key strokes in the EditorKeyDown method. It was set to return false, but I set it to return true. Still the result is the same. My WPF controls are not accepting any input. <br />\n<br />\nI'm hoping that I don't have to call SendKeys at the Windows API level or something similar to get this to work...<br />\n<br />\nI don't understand why Ableton is gobbling up the keys and not passing them to WPF. Are you saying that you don't have this problem Yury? Is there something special you've done to route key down events in to your app?<br />\n",
    "PostedDate": "2015-10-30T15:44:20.45-07:00",
    "UserRole": null,
    "MarkedAsAnswerDate": null
  },
  {
    "Id": "1452448",
    "ThreadId": "646312",
    "Html": "From Yury:\r<br />\n<br />\n<em>To put it simply WPF doesn't expose a traditional WIN32 message pump and controls do not exhibit the standard behavior expected from controls that derived from the window class (HWND every control is a Window concept)</em>\r<br />\n<br />\nHow do you think I would get around this?<br />\n",
    "PostedDate": "2015-11-15T14:07:38.367-08:00",
    "UserRole": null,
    "MarkedAsAnswerDate": null
  },
  {
    "Id": "1452641",
    "ThreadId": "646312",
    "Html": "It depends on your implementation. If you could provide a minimal host reproducing the issue that would help greatly. A quick test you can make is to create and show a modal or modeless dialog window in your plugin EditorOpen. Put a control accepting keyboard events in there and see if it works. If that's the case, it probably means  there's a problem with the HwndSource interop of the WPF message pump. When you created a WPF window in your plugin the HwndSource is the WPF window instead of the plugin window inside the host and the pump should work correctly. To resolve your issue, you want the plugin window inside the host to be sharing it's message pump with WPF and you'll need to set up explicit keyboard interop between the two message pumps.<br />\n<br />\nMy guess is that you're using a HwndHost instead of a WinFormsHost. If that's the case then the following applies. Unlike WinFormsHost, HwndHost doesn't provide implicit keyboard interop. You'll need to specify HwndSource, override (hook) into the Win32 message pump (WndProc), use something like ThreadFilterMessage to intercept the messages, transform the LPARAM and WPARAM of the WIN32 message if needed and use the ComponentDispatcher to send them through the WPF pipeline (SendKeys not need ;)<br />\n<br />\n You should find information on how to do this on the page I linked in the other thread:<br />\n<a href=\"https://msdn.microsoft.com/library/aa348549(v=vs.100).aspx\" rel=\"nofollow\">https://msdn.microsoft.com/library/aa348549(v=vs.100).aspx</a><br />\n<br />\nThere might be another solution but it is pretty much equivalent to using a HwndHost and bolting on the parts that are in WinFormsHost.<br />\nYou'd be looking at methods like ElementHost.EnableModelessKeyboardInterop and ComponentDispatcher.RaiseThreadMessage to explicity enable interop on the HwndHost.<br />\n",
    "PostedDate": "2015-11-16T16:10:58.433-08:00",
    "UserRole": null,
    "MarkedAsAnswerDate": null
  },
  {
    "Id": "1452649",
    "ThreadId": "646312",
    "Html": "I think you've given me a lot to investigate there! Thankyou very much. If I can't resolve it using this, I'll create a sample and upload it.<br />\n",
    "PostedDate": "2015-11-16T17:42:56.893-08:00",
    "UserRole": null,
    "MarkedAsAnswerDate": null
  },
  {
    "Id": "1452651",
    "ThreadId": "646312",
    "Html": "After thinking a while about it, there is another likely scenario from the page I linked to:<br />\nA message that goes to the keyboard sink might not be sent to the HWND if you added hooks for that message by using the AddHook method. The message might have been handled at the message pump level directly and not submitted to the DispatchMessage function.<br />\n<br />\nFrom your point of view you haven't used keyboard hooks but Vst.Net might have been. In that case you'd still need to hook explicitely the message pump for keyboard events that have been swallowed by a hook in one of your API.<br />\n",
    "PostedDate": "2015-11-16T17:44:42.56-08:00",
    "UserRole": null,
    "MarkedAsAnswerDate": null
  },
  {
    "Id": "1452654",
    "ThreadId": "646312",
    "Html": "<blockquote>\nI think you've given me a lot to investigate there<br />\n</blockquote>\n<ul>\n<li>I'd suggest you just go with creating a modeless and a modal dialog with a control that accept keyboard messages and see how it goes. I have no idea of the technical limitation behind. I can only speculate that it has to do with interop performance tradeoff or with event bubbling implementation details that exploit WIN32 behaviors. Having keyboard working in a focused modal WPF window would explain something about the message pump.</li>\n</ul>\n",
    "PostedDate": "2015-11-16T18:08:30.817-08:00",
    "UserRole": null,
    "MarkedAsAnswerDate": null
  },
  {
    "Id": "1454746",
    "ThreadId": "646312",
    "Html": "Problem solved!!!\r<br />\n<br />\nThe problem was that the window style was set to WS_CHILD. I don't know why, but this was causing the issue. Once I removed this, the problem went away.\r<br />\n<br />\nObiwan, I got this code from WpfControlWrapper in the project Jacobi.Vst.Samples.CorePlugin. I'd suggest that this might be wrong and causing the same issue if other people use this code. I hadn't changed the code, but you can see it here:<br />\n<pre><code>        public void Open(IntPtr hWnd)\n        {\n            _instance = new T();\n            _instance.Width = _width;\n            _instance.Height = _height;\n\n            HwndSourceParameters hwndParams = new HwndSourceParameters(&quot;VST.NET Wpf Editor&quot;);\n            hwndParams.ParentWindow = hWnd;\n            hwndParams.Height = _height;\n            hwndParams.Width = _width;\n            hwndParams.WindowStyle = 0x10000000|0x40000000; // WS_VISIBLE|WS_CHILD\n            \n            _hwndSource = new HwndSource(hwndParams);\n            _hwndSource.RootVisual = _instance;\n        }</code></pre>\n\nI actually removed the Windows Style completely and now there is no issue! Yes! Another hurdle jumped over.<br />\n",
    "PostedDate": "2015-12-05T19:26:20.207-08:00",
    "UserRole": null,
    "MarkedAsAnswerDate": null
  },
  {
    "Id": "1454747",
    "ThreadId": "646312",
    "Html": "Ah, but unfortunately, now there is another white window behind the scenes....\r<br />\n<br />\nI'll have to figure out what to do about that. But, lastly, my window is now properly resizable which is another great win!<br />\n",
    "PostedDate": "2015-12-05T19:28:20.78-08:00",
    "UserRole": null,
    "MarkedAsAnswerDate": null
  },
  {
    "Id": "1454748",
    "ThreadId": "646312",
    "Html": "Unfortunately, this is what the extra window looks like now:\r<br />\n<br />\n<img src=\"https://dl.dropboxusercontent.com/u/79781769/Images/ExtraWindow.png\" alt=\"Image\" /><br />\n",
    "PostedDate": "2015-12-05T19:37:22.057-08:00",
    "UserRole": null,
    "MarkedAsAnswerDate": null
  },
  {
    "Id": "1454753",
    "ThreadId": "646312",
    "Html": "This discussion has been copied to a work item. Click <a href=\"https://vstnet.codeplex.com/workitem/11034\" rel=\"nofollow\">here</a> to go to the work item and continue the discussion.<br />\n",
    "PostedDate": "2015-12-05T22:56:27.423-08:00",
    "UserRole": null,
    "MarkedAsAnswerDate": null
  },
  {
    "Id": "1454754",
    "ThreadId": "646312",
    "Html": "I have made a note for the WS_CHILD windows style. Thanx!\r<br />\n<br />\nCould there be a problem in the size of the window for your plugin that you're reporting back? You know, the the rect?<br />\n",
    "PostedDate": "2015-12-05T22:58:14.503-08:00",
    "UserRole": null,
    "MarkedAsAnswerDate": null
  },
  {
    "Id": "1454755",
    "ThreadId": "646312",
    "Html": "Do you mean, too big, or too small? Nah. It's the size I want it to be. At least on startup.\r<br />\n<br />\nThe problem is basically that if you set the style to WS_CHILD, the window works properly - i.e. there is no blank second window, but the window doesn't accept key downs. If you don't set the WS_CHILD style, key downs work fine, but you get that blank window sitting behind the editor.<br />\n",
    "PostedDate": "2015-12-05T23:04:17.897-08:00",
    "UserRole": null,
    "MarkedAsAnswerDate": null
  }
]