[
  {
    "Id": "276950",
    "ThreadId": "80756",
    "Html": "<p>Somebody could tell me how to use the VstMidiEvent class?</p>\r\n<p>I want to create midi notes by code to send them to a VSTi, but I don't know how to use the VstMidiEvent type (I don't understand its contructor arguments), please I need a small example about creating midi notes to send them via ProcessEvents to the VSTi... please help me!</p>\r\n<p>Thank you.</p>",
    "PostedDate": "2010-01-13T20:00:10.873-08:00",
    "UserRole": null,
    "MarkedAsAnswerDate": null
  },
  {
    "Id": "277055",
    "ThreadId": "80756",
    "Html": "<p>Important to note is that the VstMidiEvent class is immutable. That means you cannot change property values once an instance is constructed. When a plugin outputs midi events it syncs up with the audio processing cycles (ProcessReplacing). So each time ProcessReplacing is called you can output all midi events that should play in that 'slice'. Gather the midi events in an instance of the VstEventCollection class. It does not matter when you fill the collection, though.</p>\r\n<p>deltaFrames - the number of sample frames that preceed the start of the midi event.</p>\r\n<p>noteLength - the length of the note played. As I understand it, this is only set when receiving events from the host and the host is playing a track - no during real-time midi event handling. Leave zero for outputting events.</p>\r\n<p>noteOffset - the offset in sample frames into the note (cryptic, don't know what it means exactly). Also only set by the host. Leave zero for outputing events.</p>\r\n<p>midiData[4] - the actual midi data of the event. Refer to the midi specifications for more details. Here's an unofficial online midi spec: <a href=\"http://home.roadrunner.com/~jgglatt\">http://home.</a><em style=\"font-weight:bold;font-style:normal\"><a href=\"http://home.roadrunner.com/~jgglatt\">roadrunner</a></em><a href=\"http://home.roadrunner.com/~jgglatt\">.com/~jgglatt</a></p>\r\n<p>detune - used for micro tuning -63 / +64 for cents. You can leave this zero.</p>\r\n<p>noteOffVelocity - A value between 0 - 127 that indicates the velocity at which the note was released. Also only used by the host. Leave zero for outputting events.</p>\r\n<p>So to recap: you only need deltaFrames to indicate the time at which the midi event should occur (calculate using the SampleRate) and the midiData[] that contains the actual midi bytes of the midi event. Start with that and leave all the other fields zero.</p>\r\n<p>You can refer to the MidiNoteMapper sample plugin to see how to output Midi events.</p>",
    "PostedDate": "2010-01-14T02:30:00.69-08:00",
    "UserRole": null,
    "MarkedAsAnswerDate": null
  },
  {
    "Id": "277410",
    "ThreadId": "80756",
    "Html": "<p>Thank you for the reply, but I'm trying to develop a Host Application, so I need to generate at least one MIDI event (simulating a C4 note played in a keyboard for 2 seconds with a 127 of velocity for example) to send it to&nbsp;any VSTi plugin loaded. This could be the beginning for creating a visual keyboard :)</p>\r\n<p>I used the next code in the ASIO thread:</p>\r\n<p style=\"padding-left:30px\">VstEventCollection vMidiEvents = new VstEventCollection();<br>VstMidiEvent vMidiNote = new VstMidiEvent(0, 100, 100, new byte[] { 60, 100 }, 0, 110);<br>vMidiEvents.Add(vMidiNote);</p>\r\n<p style=\"padding-left:30px\">this.PluginContext.PluginCommandStub.StartProcess();&nbsp;&nbsp;&nbsp;&nbsp;&nbsp;&nbsp;&nbsp;&nbsp;&nbsp;&nbsp;&nbsp; <br>this.PluginContext.PluginCommandStub.ProcessEvents(vMidiEvents.ToArray());<br>this.PluginContext.PluginCommandStub.ProcessReplacing(inputBuffers, outputBuffers);&nbsp;&nbsp;&nbsp;&nbsp;&nbsp;&nbsp;&nbsp;&nbsp;&nbsp;&nbsp;&nbsp; <br>this.PluginContext.PluginCommandStub.StopProcess();&nbsp;</p>\r\n<p>But I get&nbsp;an exception when calling&nbsp;the method ProcessReplacing &quot;AccessViolationException was unhandled: Attempted to read or write protected memory. This is often an indication that other memory is corrupt&quot;</p>\r\n<p>Maybe the problem is in the values of the contructor arguments.... Could you help me please?</p>\r\n<p>Sorry for the inconvenience.</p>",
    "PostedDate": "2010-01-14T17:50:17.41-08:00",
    "UserRole": null,
    "MarkedAsAnswerDate": null
  },
  {
    "Id": "278362",
    "ThreadId": "80756",
    "Html": "<p>Are you sure you send the correct midi data?</p>\r\n<p>Note-on on channel 1 = 144 (90 Hex)</p>\r\n<p>Middle C = 60</p>\r\n<p>Velocity = 100</p>\r\n<p>So I think you need to use these values for the midi data passed into the event constructor { 144, 60, 100 }.</p>\r\n<p>Hope it helps.</p>\r\n<p>PS: this will produce a sticking note (one that never stops)</p>",
    "PostedDate": "2010-01-17T22:45:25.683-08:00",
    "UserRole": null,
    "MarkedAsAnswerDate": null
  },
  {
    "Id": "278583",
    "ThreadId": "80756",
    "Html": "<p>Hello Marc, I corrected the values of the constructor, but after pressing the button &quot;SendMidiNote&quot; my program stops with an AccessViolationException.</p>\r\n<p>This is the code I'm using now:</p>\r\n<p>&nbsp;&nbsp;&nbsp;&nbsp;&nbsp;&nbsp;&nbsp;VstEventCollection vMidiEvents = new VstEventCollection(); // private field</p>\r\n<p>&nbsp;&nbsp;&nbsp;&nbsp;&nbsp;&nbsp;&nbsp; // ASIO event handler to update the output<br>&nbsp;&nbsp;&nbsp;&nbsp;&nbsp;&nbsp;&nbsp; void driver_BufferUpdate(object sender, EventArgs e)<br>&nbsp;&nbsp;&nbsp;&nbsp;&nbsp;&nbsp;&nbsp; {&nbsp;&nbsp;&nbsp;&nbsp;&nbsp;&nbsp;&nbsp;&nbsp;&nbsp;&nbsp;&nbsp; <br>&nbsp;&nbsp;&nbsp;&nbsp;&nbsp;&nbsp;&nbsp;&nbsp;&nbsp;&nbsp;&nbsp; if (vMidiEvents.Count &gt; 0 &amp;&amp; this.PluginContext.PluginCommandStub.CanDo(&quot;receiveVstMidiEvent&quot;) &gt;= 0)<br>&nbsp;&nbsp;&nbsp;&nbsp;&nbsp;&nbsp;&nbsp;&nbsp;&nbsp;&nbsp;&nbsp; {<br>&nbsp;&nbsp;&nbsp;&nbsp;&nbsp;&nbsp;&nbsp;&nbsp;&nbsp;&nbsp;&nbsp;&nbsp;&nbsp;&nbsp;&nbsp; this.PluginContext.PluginCommandStub.ProcessEvents(vMidiEvents.ToArray());<br>&nbsp;&nbsp;&nbsp;&nbsp;&nbsp;&nbsp;&nbsp;&nbsp;&nbsp;&nbsp;&nbsp;&nbsp;&nbsp;&nbsp;&nbsp; //vMidiEvents.Clear();<br>&nbsp;&nbsp;&nbsp;&nbsp;&nbsp;&nbsp;&nbsp;&nbsp;&nbsp;&nbsp;&nbsp; }</p>\r\n<p>&nbsp;&nbsp;&nbsp;&nbsp;&nbsp;&nbsp;&nbsp;&nbsp;&nbsp;&nbsp;&nbsp; this.PluginContext.PluginCommandStub.StartProcess();<br>&nbsp;&nbsp;&nbsp;&nbsp;&nbsp;&nbsp;&nbsp;&nbsp;&nbsp;&nbsp;&nbsp; this.PluginContext.PluginCommandStub.ProcessReplacing(inputBuffers, outputBuffers);<br>&nbsp;&nbsp;&nbsp;&nbsp;&nbsp;&nbsp;&nbsp;&nbsp;&nbsp;&nbsp;&nbsp; this.PluginContext.PluginCommandStub.StopProcess();<br>&nbsp;&nbsp;&nbsp;&nbsp;&nbsp;&nbsp;&nbsp;&nbsp;&nbsp;&nbsp;&nbsp; <br>&nbsp;&nbsp;&nbsp;&nbsp;&nbsp;&nbsp;&nbsp;&nbsp;&nbsp;&nbsp;&nbsp; for (int index = 0; index &lt; leftOutput.BufferSize; index++)<br>&nbsp;&nbsp;&nbsp;&nbsp;&nbsp;&nbsp;&nbsp;&nbsp;&nbsp;&nbsp;&nbsp; {<br>&nbsp;&nbsp;&nbsp;&nbsp;&nbsp;&nbsp;&nbsp;&nbsp;&nbsp;&nbsp;&nbsp;&nbsp;&nbsp;&nbsp;&nbsp; leftOutput[index] = outputBuffers[0][index];<br>&nbsp;&nbsp;&nbsp;&nbsp;&nbsp;&nbsp;&nbsp;&nbsp;&nbsp;&nbsp;&nbsp;&nbsp;&nbsp;&nbsp;&nbsp; rightOutput[index] = outputBuffers[1][index];<br>&nbsp;&nbsp;&nbsp;&nbsp;&nbsp;&nbsp;&nbsp;&nbsp;&nbsp;&nbsp;&nbsp; }<br>&nbsp;&nbsp;&nbsp;&nbsp;&nbsp;&nbsp;&nbsp; }</p>\r\n<p>This code works fine, after loading a VSTi I can play some notes in the keyboard of the plugin and it works because&nbsp;no MIDI event has been processed, but then I press the button &quot;Create MIDI Event&quot;:</p>\r\n<p>&nbsp;&nbsp;&nbsp;&nbsp;&nbsp;&nbsp;&nbsp; private void btnCreateMidiEvent_Click(object sender, RoutedEventArgs e)<br>&nbsp;&nbsp;&nbsp;&nbsp;&nbsp;&nbsp;&nbsp; {&nbsp;&nbsp;&nbsp;&nbsp;&nbsp;&nbsp;&nbsp;&nbsp;&nbsp;&nbsp;&nbsp; <br>&nbsp;&nbsp;&nbsp;&nbsp;&nbsp;&nbsp;&nbsp;&nbsp;&nbsp;&nbsp; VstEventCollection vMidiEvents = new VstEventCollection();<br>&nbsp;&nbsp;&nbsp;&nbsp;&nbsp;&nbsp;&nbsp;&nbsp;&nbsp;&nbsp; VstEvent vstEvent = new VstMidiEvent(0, 0, 0, new byte[] { 144, 64, 100}, 0, 0);&nbsp;&nbsp;&nbsp;&nbsp;&nbsp;&nbsp;&nbsp;&nbsp;&nbsp;&nbsp;&nbsp;&nbsp;&nbsp;&nbsp;&nbsp; <br>&nbsp;&nbsp;&nbsp;&nbsp;&nbsp;&nbsp;&nbsp;&nbsp;&nbsp;&nbsp; vMidiEvents.Add(vstEvent);<br>&nbsp;&nbsp;&nbsp;&nbsp;&nbsp;&nbsp;&nbsp; }</p>\r\n<p>This code executes without errors, but an AccessViolationException is raised on the &quot;this.PluginContext.PluginCommandStub.ProcessReplacing(inputBuffers, outputBuffers);&quot; line. I did a debug an step into over that line and the exception is raised in&nbsp;the red&nbsp;line:</p>\r\n<p>&nbsp;&nbsp;&nbsp;&nbsp;&nbsp;&nbsp; // VstPluginCommandStub.h File</p>\r\n<p>&nbsp;&nbsp;&nbsp;&nbsp;&nbsp;&nbsp; void CallProcess32(float** inputs, float** outputs, ::VstInt32 sampleFrames)<br>&nbsp;&nbsp;&nbsp;&nbsp;&nbsp;&nbsp; {<br>&nbsp;&nbsp;&nbsp;&nbsp;&nbsp;&nbsp;&nbsp;&nbsp;&nbsp; if(_pEffect &amp;&amp; _pEffect-&gt;processReplacing)<br>&nbsp;&nbsp;&nbsp;&nbsp;&nbsp;&nbsp;&nbsp;&nbsp;&nbsp; {<br>&nbsp;&nbsp;&nbsp;&nbsp;&nbsp;&nbsp;&nbsp;&nbsp;&nbsp;&nbsp;&nbsp;&nbsp; _traceCtx-&gt;WriteProcess(_pEffect-&gt;numInputs, _pEffect-&gt;numOutputs, sampleFrames, sampleFrames);</p>\r\n<p>&nbsp;&nbsp;&nbsp;&nbsp;&nbsp;&nbsp;&nbsp;&nbsp;&nbsp;&nbsp;&nbsp;&nbsp; <span style=\"color:#ff0000\">_pEffect-&gt;processReplacing(_pEffect, inputs, outputs, sampleFrames);<br></span>&nbsp;&nbsp;&nbsp;&nbsp;&nbsp;&nbsp;&nbsp;&nbsp;&nbsp; }<br>&nbsp;&nbsp;&nbsp;&nbsp;&nbsp;&nbsp; }</p>\r\n<p>Please help me one more time, I don't know why this line raises the AccessViolationException when I create a MIDI Event.</p>\r\n<p>Thank you in advance..... (sorry by the size of this post)</p>",
    "PostedDate": "2010-01-18T10:07:49.033-08:00",
    "UserRole": null,
    "MarkedAsAnswerDate": null
  },
  {
    "Id": "278835",
    "ThreadId": "80756",
    "Html": "<p>The btnCreateMidiEvent_Click method uses a local instance of the MidiEventCollection. So no events will end up in the private class member field that is used during processing..???</p>",
    "PostedDate": "2010-01-19T00:53:28.147-08:00",
    "UserRole": null,
    "MarkedAsAnswerDate": null
  },
  {
    "Id": "278891",
    "ThreadId": "80756",
    "Html": "<p>Sorry, I made a mistake when copying the code from visual studio --&gt; note pad --&gt; here, (it was necessary to remove the text format)&nbsp;, the event handler is this:</p>\r\n<p>&nbsp;&nbsp;&nbsp;&nbsp;&nbsp;&nbsp;&nbsp; private void btnCreateMidiEvent_Click(object sender, RoutedEventArgs e)<br>&nbsp;&nbsp;&nbsp;&nbsp;&nbsp;&nbsp;&nbsp; {&nbsp;&nbsp;&nbsp;&nbsp;&nbsp;&nbsp;&nbsp;&nbsp;&nbsp;&nbsp;&nbsp;&nbsp;<br>&nbsp;&nbsp;&nbsp;&nbsp;&nbsp;&nbsp;&nbsp;&nbsp;&nbsp;&nbsp; VstEvent vstEvent = new VstMidiEvent(0, 0, 0, new byte[] { 144, 64, 100}, 0, 0);&nbsp;&nbsp;&nbsp;&nbsp;&nbsp;&nbsp;&nbsp;&nbsp;&nbsp;&nbsp;&nbsp;&nbsp;&nbsp;&nbsp;&nbsp; <br>&nbsp;&nbsp;&nbsp;&nbsp;&nbsp;&nbsp;&nbsp;&nbsp;&nbsp;&nbsp; vMidiEvents.Add(vstEvent);<br>&nbsp;&nbsp;&nbsp;&nbsp;&nbsp;&nbsp;&nbsp; }</p>\r\n<p>So, the event is added to the private class field, I'm using the vstnet-33227 source code version and the execution stoped here: <span style=\"color:#ff0000\">_pEffect-&gt;processReplacing(_pEffect, inputs, outputs, sampleFrames);<br></span></p>\r\n<p>I'm not using an effect, I'm using a VSTi synth, please help me.</p>\r\n<p>Thany you in advance.</p>",
    "PostedDate": "2010-01-19T04:35:57.05-08:00",
    "UserRole": null,
    "MarkedAsAnswerDate": null
  },
  {
    "Id": "278924",
    "ThreadId": "80756",
    "Html": "<p>Its hard to see from a distance what is going wrong here.</p>\r\n<p>A couple of things that I notice and might help (or might not ;-)</p>\r\n<ul>\r\n<li>In the ASIO callback StartProcessing and StopProcessing is called&nbsp;repeatedly. I don't thing this is how these calls were meant. Refer to the object interaction diagrams in the VST 2.4 SDK documentation for more information (turn on/turn off). My understanding is that these methods are called when your (host) audio engine (the code that pushed audio data through plugins and to the soundcard) is started or stopped.</li>\r\n<li>Depending on how often the ASIO callback is called, it will pass a Midi event in each cycle. So I would call that Clear method on the VstMidiEventCollection (now commented out).</li>\r\n<li>Repeatedly calling CanDo is also sub-optimal (you can use the VstPluginContext to store these values so you don't hit the plugin each time you need it. But I doubt that this is the cause of your problems.</li>\r\n</ul>\r\n<p>Are you testing this with that minimal drum plugin?</p>\r\n<p>If you want you can send me your code (or post it here if you want to) so I can take a look at it.</p>\r\n<p>Hope it helps.</p>",
    "PostedDate": "2010-01-19T05:35:57.083-08:00",
    "UserRole": null,
    "MarkedAsAnswerDate": null
  },
  {
    "Id": "279273",
    "ThreadId": "80756",
    "Html": "<p>Hello Marc,&nbsp;I don't know how to attach&nbsp;a file&nbsp;here, so I sent&nbsp;you a mail with my attached code.<br>&nbsp;<br>I tested my&nbsp;application with a very basic VSTi plugin and it works fine!!!&nbsp;yes, the exception does not raise,&nbsp;&nbsp;but when I load ColossusVST.dll or Kontakt3.dll (bigger plugins) the&nbsp;AccessViolationException is raised because of ProcessEvents() method :(&nbsp;</p>\r\n<p>With minimal drum plugin I have the same problem after calling ProcessEvents.<br>&nbsp;<br>&nbsp;<br>Thank you in advance.</p>\r\n<p>PS: Thank you for the 3 corrections, I fixed my code but the problem persists</p>",
    "PostedDate": "2010-01-19T19:28:13.977-08:00",
    "UserRole": null,
    "MarkedAsAnswerDate": null
  },
  {
    "Id": "284845",
    "ThreadId": "80756",
    "Html": "<p>Hello obiwanjacobi, sorry to bother you. Could you tell me if you get&nbsp;the mail with my source code about this problem?</p>\r\n<p>Thank you.</p>",
    "PostedDate": "2010-02-02T09:30:42.55-08:00",
    "UserRole": null,
    "MarkedAsAnswerDate": null
  },
  {
    "Id": "285134",
    "ThreadId": "80756",
    "Html": "<p>Hi Hugo,</p>\r\n<p>I did receive your email and even looked at the source code. I briefly tried some plugins but could not find any problems.&nbsp;Unfortunately&nbsp;my time has been limited since then. I am planning to give it another try, but I cannot promise you when that will be.</p>\r\n<p>Sorry.</p>",
    "PostedDate": "2010-02-02T22:23:45.183-08:00",
    "UserRole": null,
    "MarkedAsAnswerDate": null
  },
  {
    "Id": "285282",
    "ThreadId": "80756",
    "Html": "<p>Hello Marc, I understand, you must be a very busy man and for that I am very grateful that you have reviewed my code. If someday you can return to review it, test with Minimal Drum plugin or any Native Instruments plugin,&nbsp;I have the same problem after calling ProcessEvents.</p>\r\n<p>Thank you.</p>",
    "PostedDate": "2010-02-03T06:18:52.687-08:00",
    "UserRole": null,
    "MarkedAsAnswerDate": null
  },
  {
    "Id": "289831",
    "ThreadId": "80756",
    "Html": "<p>Hi Marc, I found the source of my AccessViolationException exception when trying to send MIDI events to VST plugin, the problem&nbsp;was in the commented lines:</p>\r\n<p>System::Boolean VstPluginCommandStub::ProcessEvents(array&lt;Jacobi::Vst::Core::VstEvent^&gt;^ events)<br>{<br>&nbsp;::VstEvents* pEvents = TypeConverter::AllocUnmanagedEvents(events);<br>&nbsp;<br>&nbsp;/*try<br>&nbsp;{<br>&nbsp;&nbsp;return (CallDispatch(effProcessEvents, 0, 0, pEvents, 0) != 0);<br>&nbsp;}<br>&nbsp;finally<br>&nbsp;{<br>&nbsp;&nbsp;TypeConverter::DeleteUnmanagedEvents(pEvents);<br>&nbsp;}*/</p>\r\n<p>&nbsp;return (CallDispatch(effProcessEvents, 0, 0, pEvents, 0) != 0);<br>&nbsp;TypeConverter::DeleteUnmanagedEvents(pEvents);<br>}</p>\r\n<p>For some reason (I don't know why) when using try/finally block in the ProcessEvents method, throws an AccessViolationException in&nbsp;the ProcessReplacing method, so I commented that block of code and I copied those two lines at the end of the method without the try/finally block and my application works perfectly :D</p>\r\n<p>Thanks for spending your time checking my source code.</p>\r\n<p>P.S. In the future I will be&nbsp;bothering you with other questions... sorry :)</p>",
    "PostedDate": "2010-02-11T12:32:44.097-08:00",
    "UserRole": null,
    "MarkedAsAnswerDate": null
  },
  {
    "Id": "289982",
    "ThreadId": "80756",
    "Html": "<p>Strange...??</p>\r\n<p>Thanks for posting your findings. Problem with your solution is that it now leaks (unmanaged) memory. The cleanup method (DeleteUnmanagedEvents) will never be called because its after the return statement. You could change the code to something like:</p>\r\n<p>System::Boolean success = (CallDispatch(effProcessEvents, 0, 0, pEvents, 0) != 0);<br>TypeConverter::DeleteUnmanagedEvents(pEvents);<br>return success;<br><br>Let me know if the problem re-occurs with this code. Then its a bug in the DeleteUnmanagedEvents method...</p>",
    "PostedDate": "2010-02-11T22:06:02.82-08:00",
    "UserRole": null,
    "MarkedAsAnswerDate": null
  },
  {
    "Id": "289983",
    "ThreadId": "80756",
    "Html": "This discussion has been copied to a work item. Click <a href=\"http://vstnet.codeplex.com/WorkItem/View.aspx?WorkItemId=6018\">here</a> to go to the work item and continue the discussion.",
    "PostedDate": "2010-02-11T22:09:10.82-08:00",
    "UserRole": null,
    "MarkedAsAnswerDate": null
  },
  {
    "Id": "290436",
    "ThreadId": "80756",
    "Html": "<p>Hi Hugo,</p>\r\n<p>Could you download the latest source code?</p>\r\n<p>I've fixed the DeleteUnmanagedEvents method but was not able to test it.</p>\r\n<p>Could you give it a go?</p>\r\n<p>Thanx,<br>Marc</p>",
    "PostedDate": "2010-02-13T05:00:57.63-08:00",
    "UserRole": null,
    "MarkedAsAnswerDate": null
  },
  {
    "Id": "290483",
    "ThreadId": "80756",
    "Html": "<p>Hi Marc, I tested the latest source code but unfortunately the problem persists due to DeleteUnmanagedEvents method.</p>\r\n<p>This are the steps describing the process that takes to AccessViolationException:</p>\r\n<p>1. Load any pluggin (from Native Instruments or EastWest).</p>\r\n<p>2. Enable ASIO event handler driver_BufferUpdate, in this place are the next important lines of code:</p>\r\n<p><strong>this.PluginContext.PluginCommandStub.ProcessEvents(vMidiEvents.ToArray());<br>this.PluginContext.PluginCommandStub.ProcessReplacing(inputBuffers, outputBuffers);&nbsp;&nbsp;&nbsp;&nbsp;&nbsp;&nbsp;&nbsp;&nbsp;&nbsp;&nbsp;&nbsp;&nbsp;&nbsp;&nbsp;&nbsp; <br>vMidiEvents.Clear();</strong></p>\r\n<p>the first time these lines are executed, the vMidiEvents collection is&nbsp;empty, so no MIDI event was generated yet.</p>\r\n<p>3. So, firstly the&nbsp;<strong>this.PluginContext.PluginCommandStub.ProcessEvents(vMidiEvents.ToArray());&nbsp;</strong>&nbsp;line is executed, and the <strong>DeleteUnmanagedEvents</strong> method&nbsp;is executed too, but the execution doesn't go into the <strong>for</strong> statement because there is no MIDI events yet, so it just executes the <strong>delete[] pEvents; </strong>line.</p>\r\n<p>4. The exception is not raised yet, but then the second line is executed <strong>this.PluginContext.PluginCommandStub.ProcessReplacing(inputBuffers, outputBuffers);</strong> in this point is where the exception happens :(</p>\r\n<p>Marc, thanks a lot for your help.</p>",
    "PostedDate": "2010-02-13T09:21:38.897-08:00",
    "UserRole": null,
    "MarkedAsAnswerDate": null
  },
  {
    "Id": "290598",
    "ThreadId": "80756",
    "Html": "<p>I cannot find any fault in the DeleteUnmanagedEvents code. I've also done some more testing with your host code and the minimal plugin. I can reproduce the problem.</p>\r\n<p>So this can only mean one thing: The lifetime of the (Midi)Events has to span beyond the call to ProcessEvents. And it makes sense that a plugin processes midi events on the (audio) Process(Replacing) call.</p>\r\n<p>So I have to find a way to make these events live longer and still not cause a memory leak.</p>\r\n<p>Thanx for persuing this with me (and having the patience ;-)!</p>",
    "PostedDate": "2010-02-14T02:18:03.59-08:00",
    "UserRole": null,
    "MarkedAsAnswerDate": null
  },
  {
    "Id": "290604",
    "ThreadId": "80756",
    "Html": "<p>I have checked in some new code (Interop) which seems to work with your host code and the minimal plugin.</p>\r\n<p>Let me know if you have any other troubles.</p>\r\n<p>BTW: Could you take a look at the comments I placed on the request for a Host Framework (Issues tab). I ask for more specific information on what such a framework should do. I am currently examining a plugin audio/midi processing engine -for I figured that would be the hardest to get right- but you may want/mean something else.</p>\r\n<p>Thanx.</p>",
    "PostedDate": "2010-02-14T02:46:32.517-08:00",
    "UserRole": null,
    "MarkedAsAnswerDate": null
  },
  {
    "Id": "290650",
    "ThreadId": "80756",
    "Html": "<p>Hi Marc, I tested your latest source code and now it works perfectly with any pluggin, thank you a lot! :)</p>\r\n<p>About Host Framework,&nbsp;I was focused following this discussion and I ignored that issue temporally, so I did not read it lately... sorry, but now I will continue developing an application that is a host, sequencer and a few other things for live performance, so I will think in some requeriments for a Host Framework but maybe they would be done with the actual implementation of VST.NET I don't know... I will post some comment about it very soon.</p>\r\n<p>Thanks for&nbsp;the solution!</p>",
    "PostedDate": "2010-02-14T12:22:56.367-08:00",
    "UserRole": null,
    "MarkedAsAnswerDate": null
  }
]