[
  {
    "Id": "273294",
    "ThreadId": "79792",
    "Html": "<p>I'm new in the VST world, so I need your help.</p>\r\n<p>I have loaded an unmanaged VSTi (ColossusVST.dll)&nbsp;in my application&nbsp;and I have opened its editor from wich I could load&nbsp;a patch (instrument)&nbsp;for the VSTi pluggin,&nbsp;after that&nbsp;when I use the VSTi keyboard pressing some notes,&nbsp;no sound is produced.</p>\r\n<p>I'm sure&nbsp;there are&nbsp;some methods to invoke for enabling the sound for the VSTi, but &iquest;which method or methods do I have to use?</p>\r\n<p>Please help me, your&nbsp;comments&nbsp;will be&nbsp;very grateful.</p>",
    "PostedDate": "2010-01-05T06:40:22.397-08:00",
    "UserRole": null,
    "MarkedAsAnswerDate": null
  },
  {
    "Id": "273637",
    "ThreadId": "79792",
    "Html": "<p>A VST host is responsible for the audio routing. A plugin just processes that audio data and outputs the processed audio. So you need something like ASIO to drive your soundcard (input and output) and connect plugins to the audio busses (usually stereo but could also be 5.1). As a Host you need to call ProcessReplacing on each of the plugins that need to process the audio, feeding the output of the previous plugin to the input of the next plugin (chain).</p>\r\n<p>There are managed .NET ASIO libraries, although I have no experience with them.</p>\r\n<p>NAudio (playback only)<br><a href=\"http://naudio.codeplex.com/\">http://naudio.codeplex.com/</a></p>\r\n<p>Codeproject<br><a style=\"text-decoration:underline;color:#3e62a6\" href=\"http://www.codeproject.com/KB/audio-video/Asio_Net.aspx\">http://www.codeproject.com/KB/audio-video/Asio_Net.aspx</a></p>\r\n<p><a style=\"text-decoration:underline;color:#3e62a6\" href=\"http://www.codeproject.com/KB/audio-video/Asio_Net.aspx\"></a>Hope it helps.&nbsp;</p>",
    "PostedDate": "2010-01-05T22:57:21.34-08:00",
    "UserRole": null,
    "MarkedAsAnswerDate": null
  },
  {
    "Id": "274074",
    "ThreadId": "79792",
    "Html": "<p>Thank you for&nbsp;the explanation, its very helpful for me, I will try your suggestions and then I will comment you about that... thanks again.</p>",
    "PostedDate": "2010-01-06T17:25:04.68-08:00",
    "UserRole": null,
    "MarkedAsAnswerDate": null
  },
  {
    "Id": "274434",
    "ThreadId": "79792",
    "Html": "<p>Hello obiwanjacobi, I&nbsp;spent a long time and I<span id=\"result_box\"><span style=\"background-color:#fff\" title=\"no tuve exito tratando de conectar mi plugin a los buses de audio\">&nbsp;had no success trying to connect my plugin to the audio buses :(</span></span></p>\r\n<p><span><span style=\"background-color:#fff\" title=\"no tuve exito tratando de conectar mi plugin a los buses de audio\">I have loaded the plugin (VSTi) and I have loaded the AudioDriver (from ASIO.NET project) but I don't know how to use de ProcessReplacing method. The ASIO.NET library&nbsp;looks easy to use but I don't understand how to use it with VST.NET</span></span></p>\r\n<p><span><span style=\"background-color:#fff\" title=\"no tuve exito tratando de conectar mi plugin a los buses de audio\">I analyzed the noise button's code in&nbsp;your sample project but I think that code works only with effect plugins but doesn't with intrument plugins... </span></span></p>\r\n<p><span><span style=\"background-color:#fff\" title=\"no tuve exito tratando de conectar mi plugin a los buses de audio\">Please could you send me some snipped with the necessary code to&nbsp;connect the plugin instrument&nbsp;with the audio buses? </span></span></p>\r\n<p><span><span style=\"background-color:#fff\" title=\"no tuve exito tratando de conectar mi plugin a los buses de audio\">(Forgive me for ask something that can be too basic to many developers.)</span></span></p>",
    "PostedDate": "2010-01-07T10:29:42.097-08:00",
    "UserRole": null,
    "MarkedAsAnswerDate": null
  },
  {
    "Id": "274646",
    "ThreadId": "79792",
    "Html": "<p>For a VST instrument (Synth) you feed MIDI to the plugin and the plugin will output audio. There are usually two threads involved: a sequencer thread that processes (and supplies) the MIDI events and an audio thread that processes all audio signal paths (passing buffers from the output of one plugin to the input of the next - or the soundcard). Besides that there is also usually a main or UI thread but that does not process any MIDI or audio (it calls the plugin editor for instance).</p>\r\n<p>There is an open source VST host in C++ that you can use to find some inspiration ;-)</p>\r\n<p><a href=\"http://www.hermannseib.com/english/vsthost.htm\">http://www.hermannseib.com/english/vsthost.htm</a>&nbsp;(down at the bottom of the page)</p>\r\n<p>A good forum for asking these question (with guys that know much more about VST than I) is the KVR Audio forum.</p>\r\n<p><a href=\"http://www.kvraudio.com/forum/viewforum.php?f=33\">http://www.kvraudio.com/forum/viewforum.php?f=33</a></p>\r\n<p>BTW: you could create a fast plugin that just fills the output buffers with noise and accepts MIDI. That way you can easily test if your audio path is working. Then you can move to the MIDI and change the plugin that it only outputs noise when an event is received. That way you can test your MIDI routing.</p>\r\n<p>If you need a managed MIDI library take a look at the C# MIDI Toolkit by Leslie Sanford.</p>\r\n<p><a href=\"http://www.codeproject.com/KB/audio-video/MIDIToolkit.aspx\">http://www.codeproject.com/KB/audio-video/MIDIToolkit.aspx<br></a><a href=\"http://www.lesliesanford.com/Programming/MIDIToolkit.shtml\">http://www.lesliesanford.com/Programming/MIDIToolkit.shtml</a></p>\r\n<p><a href=\"http://www.lesliesanford.com/Programming/MIDIToolkit.shtml\"></a>Hope it helps.&nbsp;</p>",
    "PostedDate": "2010-01-07T23:39:20.267-08:00",
    "UserRole": null,
    "MarkedAsAnswerDate": null
  },
  {
    "Id": "275335",
    "ThreadId": "79792",
    "Html": "<p>Ok man, thanks for the explanation and links, I'll deepen&nbsp;on these links and&nbsp;I'll ask you about other issues :)</p>\r\n<p>Thanks.</p>",
    "PostedDate": "2010-01-10T06:08:57.36-08:00",
    "UserRole": null,
    "MarkedAsAnswerDate": null
  },
  {
    "Id": "275455",
    "ThreadId": "79792",
    "Html": "<p>Hello again, thanks to your last post I FINALLY got my application to load an unmanaged VSTi and connect it to ASIO.NET for hearing the sound!!!</p>\r\n<p>I'm really happy with this small step.... thank you very much.</p>",
    "PostedDate": "2010-01-10T15:46:44.307-08:00",
    "UserRole": null,
    "MarkedAsAnswerDate": null
  },
  {
    "Id": "469020",
    "ThreadId": "79792",
    "Html": "<p>Hi,</p>\r\n<p>&nbsp;</p>\r\n<p>Just picked up this thread as I'm trying to do exactly the same thing</p>\r\n<p>Could you tell me how &amp; when you take the output from the VST plugin&nbsp;and put it into the ASIO driver buffer&nbsp;&nbsp;(from ASIO.NET project)?</p>\r\n<p>Is is sequential after calling ProcessReplacing for the VST, or do you somehow wait for the ASIO drover to fire driver.BufferUpdate, and take the plugin output then?</p>\r\n<p>I'm pretty new to real-time programming and am struggling with the order of events, so any help would be most aprpreciated</p>",
    "PostedDate": "2010-07-19T07:01:03.07-07:00",
    "UserRole": null,
    "MarkedAsAnswerDate": null
  },
  {
    "Id": "473445",
    "ThreadId": "79792",
    "Html": "<p>Seems like we're all trying to achieve the same thing :D I think the first steps after opening the editor (and before hearing sound) is starting the plugin, send a midi note on with ProcessEvents, initialize an empty buffer and pass it to ProcessReplacing then check if it is returning something in the output buffer.</p>\r\n<p>Right now I'm trying to send the note like this:</p>\r\n<div style=\"color:black;background-color:white\">\r\n<pre><span style=\"color:blue\">byte</span>[] midiData = <span style=\"color:blue\">new</span> <span style=\"color:blue\">byte</span>[4]; \r\nmidiData[0] = 144; <span style=\"color:green\">// Send note on midi channel 1 </span>\r\nmidiData[1] = 72;   <span style=\"color:green\">// Midi note </span>\r\nmidiData[2] = 127; <span style=\"color:green\">// Note strike velocity </span>\r\nmidiData[3] = 0;    <span style=\"color:green\">// Reserved, unused </span>\r\n\r\nVstMidiEvent vse = <span style=\"color:blue\">new</span> VstMidiEvent(<span style=\"color:green\">/*DeltaFrames*/</span> 0,\r\n                                               <span style=\"color:green\">/*NoteLength*/</span> 0,\r\n                                               <span style=\"color:green\">/*NoteOffset*/</span>  0,\r\n                                                               midiData,\r\n                                               <span style=\"color:green\">/*Detune*/</span>        0,\r\n                                          <span style=\"color:green\">/*NoteOffVelocity*/</span> 127);\r\n\r\nVstEvent[] ve = <span style=\"color:blue\">new</span> VstEvent[1];\r\nve[0] = vse;\r\n\r\nPluginContext.PluginCommandStub.ProcessEvents(ve);\r\n</pre>\r\n</div>\r\n<p>________________<br>Not sure what is wrong, the output buffer is still empty but I'm monitoring the calls to the plugin with PluginConsultant.dll from Hermann Seib and it seems the calls to the plugin are ok. I'll keep on debugging and report back.</p>",
    "PostedDate": "2010-07-27T18:17:12.303-07:00",
    "UserRole": null,
    "MarkedAsAnswerDate": null
  },
  {
    "Id": "473450",
    "ThreadId": "79792",
    "Html": "<p>Yeah Success!!! Something is in the output buffer!!! XD So here is how I did it in the code :</p>\r\n<div style=\"color:black;background-color:white\">\r\n<pre>PluginContext.PluginCommandStub.MainsChanged(<span style=\"color:blue\">true</span>);\r\nPluginContext.PluginCommandStub.StartProcess();</pre>\r\n<pre>// INSERT CODE TO SEND MIDI NOTE FROM MY LAST POST HERE<br>SendMidiNoteWithProcessEvent();\r\n\r\n<span style=\"color:blue\">int</span> inputCount = PluginContext.PluginInfo.AudioInputCount;\r\n<span style=\"color:blue\">int</span> outputCount = PluginContext.PluginInfo.AudioOutputCount;\r\n<span style=\"color:blue\">int</span> blockSize = 1024;\r\n\r\nVstAudioBufferManager inputMgr = <span style=\"color:blue\">new</span> VstAudioBufferManager(inputCount, blockSize);\r\nVstAudioBufferManager outputMgr = <span style=\"color:blue\">new</span> VstAudioBufferManager(outputCount, blockSize);\r\n\r\n<span style=\"color:blue\">foreach</span> (VstAudioBuffer buffer <span style=\"color:blue\">in</span> inputMgr.ToArray())\r\n{\r\n   <span style=\"color:blue\">for</span> (<span style=\"color:blue\">int</span> i = 0; i &lt; blockSize; i++)\r\n   {\r\n       buffer[i] = 0; <span style=\"color:green\">// Initialize to 0</span>\r\n   }\r\n}\r\n\r\nPluginContext.PluginCommandStub.SetBlockSize(blockSize);\r\nPluginContext.PluginCommandStub.SetSampleRate(44100f);\r\n\r\nVstAudioBuffer[] inputBuffers = inputMgr.ToArray();\r\nVstAudioBuffer[] outputBuffers = outputMgr.ToArray();\r\n\r\nPluginContext.PluginCommandStub.ProcessReplacing(inputBuffers, outputBuffers);\r\n\r\n<span style=\"color:blue\">for</span> (<span style=\"color:blue\">int</span> i = 0;<span style=\"color:green\">/* i &lt; inputBuffers.Length &amp;&amp;*/</span> i &lt; outputBuffers.Length; i++)\r\n{\r\n   <span style=\"color:blue\">for</span> (<span style=\"color:blue\">int</span> j = 0; j &lt; blockSize; j++)\r\n   {\r\n      <span style=\"color:blue\">if</span> (outputBuffers[i][j] != 0.0)\r\n      {\r\n          <span style=\"color:green\">// IF THIS LINE IS HIT YOU HAVE SOMETHING PLAYING</span>\r\n      }\r\n   }\r\n}\r\n\r\n<span style=\"color:green\">// Close resources</span>\r\nPluginContext.PluginCommandStub.StopProcess();\r\nPluginContext.PluginCommandStub.MainsChanged(<span style=\"color:blue\">false</span>);\r\n</pre>\r\n</div>\r\n<p>______ <br><br>I think next step is finally hearing something out of this. I'm no guru at audio programming (I know next to nothing) but my sixth sense tells me that the Asio/DirectX/MME/WMI/whatever audio library you pick provides a callback method at regular interval that will request a buffer of sound. When you get that request you fill it with the output buffer from the Vsti and prepare the ProcessReplacing for the next audio buffer pull.</p>",
    "PostedDate": "2010-07-27T18:37:32.023-07:00",
    "UserRole": null,
    "MarkedAsAnswerDate": null
  },
  {
    "Id": "473494",
    "ThreadId": "79792",
    "Html": "<p>Just a small note on the code for setting up a midi event:</p>\r\n<p>You can use the VstEventCollection class (Framework) to setup one or more events and then call the ToArray() method on the collection when passing it to ProcessEvents. This will save you the hassle of dealing with arrays explicitly.</p>\r\n<p>&nbsp;</p>",
    "PostedDate": "2010-07-27T21:57:49.737-07:00",
    "UserRole": null,
    "MarkedAsAnswerDate": null
  },
  {
    "Id": "474005",
    "ThreadId": "79792",
    "Html": "<p>Thanks for the tips, VstEventCollection is great for convenience.<br>I'm on a roll so I'll finish posting my code snippets for other fellows out there.</p>\r\n<p>So, next step after getting something in the Vst Output buffer is feeding that <br>into an AudioPlayback buffer. We need to diverge from Vst.Net for this functionnality <br>so I'll use NAudio Library from Mark Heath for my example. PortAudioSharp managed <br>wrapper from R. Gerosa would also be a good choice if performance matters.</p>\r\n<p>I made two classes here, one WaveStream derived class that provides the read callback <br>pull from the audio playback buffer and one Playback class that deals with Initialization and <br>Playback control. Creating an instance of the VSTPlayback class will play a sine wave generated in the <br>VSTStream read buffer. All you need to do is replace the Sine Wave with the Vst ouput buffer.</p>\r\n<p>I'm pretty confident you'll get one Vst Instrument 'sounding' if you follow the steps in the code I posted. <br>From nothing to minimal Vst Host in 3 days, let's do it!!! I'm on fire baby XD</p>\r\n<div style=\"color:black;background-color:white\">\r\n<pre><span style=\"color:blue\">using</span> System;\r\n<span style=\"color:blue\">using</span> NAudio.Wave;\r\n\r\n<span style=\"color:blue\">namespace</span> VSTPlaybackDemo\r\n{\r\n    <span style=\"color:blue\">class</span> VSTStream : WaveStream\r\n    {\r\n        <span style=\"color:blue\">public</span> <span style=\"color:blue\">override</span> WaveFormat WaveFormat { <span style=\"color:blue\">get</span> { <span style=\"color:blue\">return</span> <span style=\"color:blue\">new</span> WaveFormat(); } }\r\n        <span style=\"color:blue\">public</span> <span style=\"color:blue\">override</span> <span style=\"color:blue\">long</span> Length { <span style=\"color:blue\">get</span> { <span style=\"color:blue\">throw</span> <span style=\"color:blue\">new</span> System.NotSupportedException(); } }\r\n        <span style=\"color:blue\">public</span> <span style=\"color:blue\">override</span> <span style=\"color:blue\">long</span> Position { <span style=\"color:blue\">get</span> { <span style=\"color:blue\">throw</span> <span style=\"color:blue\">new</span> System.NotSupportedException(); } <span style=\"color:blue\">set</span> { <span style=\"color:blue\">throw</span> <span style=\"color:blue\">new</span> System.NotSupportedException(); } }\r\n\r\n        <span style=\"color:blue\">public</span> <span style=\"color:blue\">override</span> <span style=\"color:blue\">int</span> Read(<span style=\"color:blue\">byte</span>[] buffer, <span style=\"color:blue\">int</span> offset, <span style=\"color:blue\">int</span> count)\r\n        {\r\n            <span style=\"color:green\">// FILL THE AUDIO BUFFER WITH THE VST BUFFER HERE</span>\r\n\r\n            <span style=\"color:green\">// LET'S PLAY A SINE WAVE FOR NOW...</span>\r\n            <span style=\"color:blue\">int</span> sampleRate = 44100;\r\n            <span style=\"color:blue\">double</span> amplitude = 0.25 * <span style=\"color:blue\">byte</span>.MaxValue;\r\n            <span style=\"color:blue\">double</span> frequency = 350;\r\n\r\n            <span style=\"color:blue\">for</span> (<span style=\"color:blue\">int</span> n = 0; n &lt; buffer.Length; n++)\r\n                buffer[n] = (<span style=\"color:blue\">byte</span>)(amplitude * Math.Sin((2 * Math.PI * n * frequency) / sampleRate));\r\n\r\n            offset = 0;\r\n            count = buffer.Length;\r\n            <span style=\"color:blue\">return</span> buffer.Length;\r\n        }\r\n    }\r\n\r\n    <span style=\"color:blue\">class</span> VSTPlayback : IDisposable\r\n    {\r\n        <span style=\"color:blue\">private</span> IWavePlayer playbackDevice = <span style=\"color:blue\">null</span>;\r\n        <span style=\"color:blue\">private</span> VSTStream vstStream = <span style=\"color:blue\">null</span>;\r\n\r\n        <span style=\"color:blue\">public</span> VSTPlayback()\r\n        {\r\n            Init();\r\n            Play();\r\n        }\r\n\r\n        <span style=\"color:blue\">public</span> <span style=\"color:blue\">void</span> Init()\r\n        {\r\n            vstStream = <span style=\"color:blue\">new</span> VSTStream();\r\n&nbsp;&nbsp;&nbsp;&nbsp;&nbsp;&nbsp;&nbsp;&nbsp;&nbsp;&nbsp;&nbsp; playbackDevice = new WaveOut();<br>&nbsp;&nbsp;&nbsp;&nbsp;&nbsp;&nbsp;&nbsp;&nbsp;&nbsp;&nbsp;&nbsp; playbackDevice.Init(vstStream);\r\n        }\r\n\r\n        <span style=\"color:blue\">public</span> <span style=\"color:blue\">void</span> Play()\r\n        {\r\n            <span style=\"color:blue\">if</span> (playbackDevice != <span style=\"color:blue\">null</span> &amp;&amp; playbackDevice.PlaybackState != PlaybackState.Playing)\r\n                 playbackDevice.Play();\r\n        }\r\n\r\n        <span style=\"color:blue\">public</span> <span style=\"color:blue\">void</span> Stop()\r\n        {\r\n            <span style=\"color:blue\">if</span> (playbackDevice != <span style=\"color:blue\">null&nbsp;&amp;&amp; playbackDevice.PlaybackState != PlaybackState.Stopped</span>)\r\n                playbackDevice.Stop();\r\n        }\r\n\r\n        <span style=\"color:blue\">public</span> <span style=\"color:blue\">void</span> Dispose()\r\n        {\r\n            <span style=\"color:blue\">if</span> (playbackDevice != <span style=\"color:blue\">null</span>)\r\n            {\r\n                playbackDevice.Dispose();\r\n                playbackDevice = <span style=\"color:blue\">null</span>;\r\n            }\r\n        }\r\n    }\r\n}\r\n\r\n</pre>\r\n</div>",
    "PostedDate": "2010-07-28T21:14:15.43-07:00",
    "UserRole": null,
    "MarkedAsAnswerDate": null
  },
  {
    "Id": "475285",
    "ThreadId": "79792",
    "Html": "<p>Hi folks, Success I can hear the VSTi XD<br><br>Just a final note to tell you to derive the NAudio stream class from WaveProvider32 instead of WaveStream if you don't want to deal with converting the Vst buffer to the NAudio buffer.</p>\r\n<div style=\"color:black;background-color:white\">\r\n<pre><span style=\"color:blue\">public</span> <span style=\"color:blue\">class</span> VSTStream : WaveProvider32\r\n{\r\n   <span style=\"color:blue\">public</span> <span style=\"color:blue\">override</span> <span style=\"color:blue\">int</span> Read(<span style=\"color:blue\">float</span>[] buffer, <span style=\"color:blue\">int</span> offset, <span style=\"color:blue\">int</span> sampleCount)\r\n   {\r\n      <span style=\"color:green\">// CALL VST PROCESS HERE WITH BLOCK SIZE OF sampleCount</span>\r\n      <span style=\"color:blue\">float</span>[] tempBuffer = plugin.ProcessReplace(sampleCount);\r\n\r\n      <span style=\"color:green\">// Copying Vst buffer inside Audio buffer, no conversion needed for WaveProvider32</span>\r\n      <span style=\"color:blue\">for</span> (<span style=\"color:blue\">int</span> i = 0; i &lt; tempBuffer.Length; i++)\r\n         buffer[i] = tempBuffer[i];\r\n\r\n      <span style=\"color:blue\">return</span> sampleCount;\r\n   }\r\n}\r\n</pre>\r\n</div>",
    "PostedDate": "2010-08-01T21:35:52.617-07:00",
    "UserRole": null,
    "MarkedAsAnswerDate": null
  },
  {
    "Id": "478664",
    "ThreadId": "79792",
    "Html": "<p>Hi YuryK,</p>\r\n<p>&nbsp;</p>\r\n<p>Thanks for sharing your thinking, the two parts of your solution work well, but when I follow your last example to try and send a single Midi note but&nbsp;I'm running into problems.</p>\r\n<p>To clarify, are you saying that you call ProcessReplace on the plugin on every callback from the audio device?</p>\r\n<p>When I do this it eats up CPU to the point where I can't submit any Midi events to the plugin.</p>\r\n<p>My thinking is that I need to run the audio callback in a separate thread from the plugin, with the output buffer from the VST being shared.</p>",
    "PostedDate": "2010-08-10T09:22:44.453-07:00",
    "UserRole": null,
    "MarkedAsAnswerDate": null
  },
  {
    "Id": "479426",
    "ThreadId": "79792",
    "Html": "Hi donc, it shouldn't eat all CPU, I achieve VST Playback at 2-10% CPU with a old P4.<br>\r\nI think your problem is that you are creating the plugin and audio playback in the main UI Thread (although it should work).<br>\r\nTry creating the plugin and the audio playback in separate threads (not the UI thread).<br>\r\nTo comply with C# UI Guidelines, you can create the Plugin Gui in the Main UI thread or in a separate Single-Threaded Apartment thread.<br>\r\nOne more thing, I learned that to create audio playback in a separate thread you need to call this constructor: new WaveOut(WaveCallbackInfo.FunctionCallback());<br>\r\nTell me if you need more info.<br><br>\r\n\r\nTo answer your question, yes I'm calling ProcessReplace in the AudioCallback.<br>\r\nIdeally I think the Plugin should feed a buffer independently from the Audio callback and the audio callback should pull from this buffer.<br>\r\nBut this scenario is hard to implement because you have to synchronize the buffers very carefully or else it will introduce latency and thread locking.<br>\r\nSpecifically, Vst buffer should be ready as soon as Audio callback needs it but it should not contain more data than the Audio callback requires because it will introduce latency<br>\r\nAlso, Vst buffer should not be buffering when Audio callback needs it or vice-versa because it will lock both threads.<br>\r\nIf you have any idea on how to implement independent buffers please tell me.",
    "PostedDate": "2010-08-11T17:00:12.753-07:00",
    "UserRole": null,
    "MarkedAsAnswerDate": null
  },
  {
    "Id": "497049",
    "ThreadId": "79792",
    "Html": "<p>Hi,</p>\r\n<p>Many thanks for the help and suggestions on how to get a host running.</p>\r\n<p>As an update, for general interest, I eventually came to the conclusion that coding a host was out of my reach and not really the core of what I was trying to acheive.</p>\r\n<p>What I wanted was to build a simple interface to load a single VST and allow program selection, specifically through a small keypad and dot matrix display interfaced to a PC.</p>\r\n<p>I think I'm now some way to acheiving this, by combining the excellent resources at VST.NET with a readily available host, in this case SAVIHost from Hermann Seib.</p>\r\n<p>What I'm doing is using VST.NET to query the programs and parameters of my selected VST to enable selection, then setting a registry key for SAVIHost to launch with the selected program</p>\r\n<p>It's clunky, but it actually does the job I want pretty smoothly, happy to share more information if anybody is interested</p>\r\n<p>&nbsp;</p>\r\n<p>&nbsp;</p>",
    "PostedDate": "2010-09-22T08:51:33.333-07:00",
    "UserRole": null,
    "MarkedAsAnswerDate": null
  },
  {
    "Id": "570360",
    "ThreadId": "79792",
    "Html": "<p>Hi YuryK,</p>\r\n<p>&nbsp;</p>\r\n<p>Thanks for posting this has helped me a lot. I am trying to implement a program that will load one VSTi and generate and send MIDI data to it and output the resulting audio. I'm pretty close now, I have the VSTi loading and I can generate a MIDI message and I have followed this thread and have generated a test sine wave that plays. The trouble im having is getting the VSTi's output buffer into the Audio buffer. I have looked at your code, the object plugin in the last section of code doesnt seem to be declared (unless im missing something) I'm assuming its a VstAudioBuffer, but i cant seem to find the function ProcessReplace(). Im pretty new to this so sorry if i am not clear or asking a silly question but I could really use your help.</p>",
    "PostedDate": "2011-02-22T11:55:41.747-08:00",
    "UserRole": null,
    "MarkedAsAnswerDate": null
  },
  {
    "Id": "591786",
    "ThreadId": "79792",
    "Html": "<p>Hi YuryK,</p>\r\n<p>Unfortunately, I am still having trouble getting your code to work - can you tell me what class the first part of your code is supposed to exist in? I think that my problem lies here.</p>\r\n<p>Thanks,</p>\r\n<p>Jake</p>",
    "PostedDate": "2011-04-04T21:53:29.007-07:00",
    "UserRole": null,
    "MarkedAsAnswerDate": null
  },
  {
    "Id": "591971",
    "ThreadId": "79792",
    "Html": "<p>If you mean the code that sends a Midi Note Event and the one that Initializes the Vst Plugin, it is procedural code so you can place it pretty much anywhere.</p>\r\n<p>The Host sample project in VstNet source has the same crude initialization routine.</p>",
    "PostedDate": "2011-04-05T06:00:45.277-07:00",
    "UserRole": null,
    "MarkedAsAnswerDate": null
  },
  {
    "Id": "592254",
    "ThreadId": "79792",
    "Html": "<p>I actually meant the part that starts:</p>\r\n<p>&nbsp;</p>\r\n<pre>PluginContext.PluginCommandStub.MainsChanged(<span style=\"color: blue;\">true</span>);\r\nPluginContext.PluginCommandStub.StartProcess();</pre>\r\n<pre>// INSERT CODE TO SEND MIDI NOTE FROM MY LAST POST HERE<br />SendMidiNoteWithProcessEvent();\r\n\r\n<span style=\"color: blue;\">int</span> inputCount = PluginContext.PluginInfo.AudioInputCount;\r\n<span style=\"color: blue;\">int</span> outputCount = PluginContext.PluginInfo.AudioOutputCount;\r\n<span style=\"color: blue;\">int</span> blockSize = 1024;<br /><br />I am not sure where this whole section of code is supposed to go - is it procedural also?<br /><br />Thanks for your help!<br /><br />Jake</pre>",
    "PostedDate": "2011-04-05T11:33:46.923-07:00",
    "UserRole": null,
    "MarkedAsAnswerDate": null
  },
  {
    "Id": "592273",
    "ThreadId": "79792",
    "Html": "<p>Yes it is procedural, so it could go anywhere you want.</p>\n<p>The fastest way to set things up would be opening the VstNet Host sample, you will find a form that has a button called Process Noise (or something similar). You can copy-paste the code inside the Process Noise button click event handler. If you have  trouble finding the relevant function, search for MainsChanged inside the Host project.</p>\n<p>Yury</p>",
    "PostedDate": "2011-04-05T12:01:22.37-07:00",
    "UserRole": null,
    "MarkedAsAnswerDate": null
  }
]