[
  {
    "Id": "98363",
    "ThreadId": "29519",
    "Html": "First of all, really good work you have done with this project!<br>\r\nIt's amazing to see that there's a possibility to create managed VST Plug-ins.<br>\r\n<br>\r\nNow for my problem, i can't find any paper about the calls to create a VST host.<br>\r\nSomeone has an idea?<br>\r\n",
    "PostedDate": "2008-06-12T02:34:10.587-07:00",
    "UserRole": null,
    "MarkedAsAnswerDate": null
  },
  {
    "Id": "98972",
    "ThreadId": "29519",
    "Html": "Thanks!<br>\r\nWell, for now VST.NET only does the plugin side of the VST interface. I am trying to not make it impossible to create the VST.NET host framework but there is no such framework at this time. I would have to suggest you go to the <a href=\"http://www.kvraudio.com/forum/\">kvraudio forum </a>that has some very good members that are very willing to help you out with general VST host questions.<br>\r\n<br>\r\nPS:You can create and vote on items in the issue tracker. So if you want to see host support in VST.NET (or any other feature), create an item and get people to vote for that item.\r\n",
    "PostedDate": "2008-06-15T11:38:39.463-07:00",
    "UserRole": null,
    "MarkedAsAnswerDate": null
  }
]