[
  {
    "Id": "757412",
    "ThreadId": "307782",
    "Html": "<p>First of all i'd like to thank&nbsp;<span>&nbsp;</span><a id=\"AuthorLink0\" title=\"Uploaded by obiwanjacobi\" href=\"http://www.codeplex.com/site/users/view/obiwanjacobi\">obiwanjacobi</a>&nbsp;for his great work.</p>\n<p>I've already done my vst plugin in C++ with VSTGUI. Now i want to move to C# and use WPF.</p>\n<p>I found possible to use WPF by using \"<span>WindowsFormsIntegration\" reference. But that \"needs\" Clr4 build. I've read some posts and figured out that I must build binaries myself from build&nbsp;<a id=\"ChangeSetLink0\" title=\"View change set 63261\" href=\"http://vstnet.codeplex.com/SourceControl/changeset/changes/63261\">63261</a>.  I've downloaded it and now i have some difficulties. I tried to execute automatic scripts such as \"BuildAndPackageRTM.cmd\" but it failed. I figured out that MSbuild was not recognisable so I executed it again from VS2010 from it's command prompt and got errors  like this:</span></p>\n<p><span>CSC : error CS2001: Nie można odnaleźć pliku źr&oacute;dłowego \"..\\..\\..\\..\\..\\..\\_AssemblyInfo\\AssemblyInfo.General.cs\". [C:\\Users\\Tomek\\Downloads\\vstnet-63261\\Source\\Code\\Jacobi.Vst.Core\\Jacobi.Vst.Core.csproj]</span></p>\n<p><span>\"Nie można odnaleźć pliku źr&oacute;dłowego\" stands for \"Can't find source file\"</span></p>\n<p>Sorry for my bad english.</p>\n<p>I've read other discussions and saw that people managed to build it somehow. Any help would be usefull. Please help me.</p>\n<p>Regards,</p>\n<p>Tomek</p>\n<p>&nbsp;</p>\n<p>edit1:</p>\n<p>I just find out that there is info how to build on homepage...</p>\n<p>edit2:</p>\n<p>Sorry.. I can't do it :( As far as I understand I have to make Jacobi.snk file and&nbsp;AssemblyInfo.General.cs/cpp files. But I don't know how. I think that if someone would tell me how to \"generate\" this files properly, my problems would dissapear</p>",
    "PostedDate": "2012-02-11T11:42:41.32-08:00",
    "UserRole": null,
    "MarkedAsAnswerDate": null
  },
  {
    "Id": "757558",
    "ThreadId": "307782",
    "Html": "<p>Follow these instructions:&nbsp;http://vstnet.codeplex.com/wikipage?title=Building%20the%20Source%20Code</p>\r\n<p>Check back here if you have any problems.</p>\r\n<p>&nbsp;</p>\r\n<p>Hope it helps.</p>",
    "PostedDate": "2012-02-11T13:49:11.183-08:00",
    "UserRole": null,
    "MarkedAsAnswerDate": null
  },
  {
    "Id": "757601",
    "ThreadId": "307782",
    "Html": "<p>I was reading it over and over again but constantly leaving \"<strong>Visual Studio Express editions\" </strong>section. I wanted to get it started so quickly that i was leawing some necessary parts. I have VS2010 ultimate from my university so i though that this section is not important for me... i was sorely mistaken.</p>\r\n<p>I tried everything except that what You wrote there.... I wasted hours and read tons of informations, and what should i do was going step by step and doing everything as You wrote..</p>\r\n<p>Lesson i learned today: Read EVERYTHING before trying to do something because \"If you don't know what are you doing,&nbsp;<span class=\"hps\">such things</span><span>&nbsp;</span><span class=\"hps\">are happening, that you don't know what's going on\"</span></p>\r\n<p><span class=\"hps\">Please delete this topic because it only clutters your website. :)</span></p>",
    "PostedDate": "2012-02-11T14:26:01.84-08:00",
    "UserRole": null,
    "MarkedAsAnswerDate": null
  }
]