[
  {
    "Id": "1433097",
    "ThreadId": "640934",
    "Html": "I want to host a VST from within a plugin. It would be pretty straight except that a host app requires the interop DLL. When I try to open a host from within a plugin, I get this:\r<br />\n<br />\nAn unhandled exception of type 'System.IO.FileNotFoundException' occurred in System.Windows.Forms.dll\r<br />\n<br />\nAdditional information: Could not load file or assembly 'Jacobi.Vst.Interop, Version=1.1.0.0, Culture=neutral, PublicKeyToken=fa678e13c1efc859' or one of its dependencies. The system cannot find the file specified.\r<br />\n<br />\nIf there is a handler for this exception, the program may be safely continued.\r<br />\n<br />\nBut, if I put that DLL in the same folder, I can't even open the plugin in the first place. I guess it is spitting the dummy because Interop already exists in the App Domain as the different DLL name.\r<br />\n<br />\n:(<br />\n",
    "PostedDate": "2015-07-04T01:38:21.517-07:00",
    "UserRole": null,
    "MarkedAsAnswerDate": null
  },
  {
    "Id": "1433099",
    "ThreadId": "640934",
    "Html": "Tried this:<br />\n<pre><code>            var bytes = File.ReadAllBytes(@&quot;C:\\Audio\\Backup\\Code\\Dependencies\\VST.Net\\Jacobi.Vst.Interop.dll&quot;);\n            AppDomain.CurrentDomain.Load(bytes);</code></pre>\n\nNo dice.<br />\n",
    "PostedDate": "2015-07-04T01:52:54.38-07:00",
    "UserRole": null,
    "MarkedAsAnswerDate": null
  },
  {
    "Id": "1433103",
    "ThreadId": "640934",
    "Html": "Checkout the PluginWrapper sample. Perhaps that is what you are looking for.\r<br />\n<br />\nVST.NET does NOT support the Shell-plugin feature of VST 2.4 for managed plugins - a managed host can query shell plugins though. \r<br />\n<br />\nIf that doesn't work for you, I need to see more details on what it is you are doing...<br />\n",
    "PostedDate": "2015-07-04T03:02:47.36-07:00",
    "UserRole": null,
    "MarkedAsAnswerDate": null
  },
  {
    "Id": "1433108",
    "ThreadId": "640934",
    "Html": "Hmm...\r<br />\n<br />\nYou might be right. I get the same error when I try to load the Plugin Wrapper sample in Ableton.\r<br />\n<br />\n<a href=\"https://onedrive.live.com/redir?resid=47321C0630B57E1D!4854&amp;authkey=!AMiAQOgp6T3wNpI&amp;ithint=file%2cpng\" rel=\"nofollow\">https://onedrive.live.com/redir?resid=47321C0630B57E1D!4854&authkey=!AMiAQOgp6T3wNpI&ithint=file%2cpng</a><br />\n",
    "PostedDate": "2015-07-04T04:51:05.08-07:00",
    "UserRole": null,
    "MarkedAsAnswerDate": null
  },
  {
    "Id": "1433109",
    "ThreadId": "640934",
    "Html": "<em>VST.NET does NOT support the Shell-plugin feature of VST 2.4 for managed plugins - a managed host can query shell plugins though.</em> \r<br />\n<br />\nI'm not sure what that means. All I want to do is load plugins inside plugins. <br />\n",
    "PostedDate": "2015-07-04T04:54:08.13-07:00",
    "UserRole": null,
    "MarkedAsAnswerDate": null
  },
  {
    "Id": "1433111",
    "ThreadId": "640934",
    "Html": "The plugin-wrapper sample uses the VST.NET host to load another plugin. This 'inner' plugin can be any plugin - managed or unmanaged. So it needs the Jacobi.Vst.Interop assembly to do so. Did you deploy it next to the plugin-wrapper assemblies?\r<br />\n<br />\nA VST2.4 Shell Plugin is a plugin that is a proxy for other plugins. The host may iterate over the multiple inner proxies that the shell-plugin may provide. Specific calls are available to do that - which are not implemented for a VST.NET plugin (but are hot the VST.NET host).\r<br />\n<br />\nThe plugin-wrapper sample simply wraps whatever plugin you point to and passes most plugin calls from the host to the plugin on to the inner plugin. So in that regard the host thinks it only deals with a single plugin.\r<br />\n<br />\nBy wrapping a plugin some functionality may be implemented generically (like resampling) and transparently. The plugin-wrapper sample also demonstrates how to load a plugin using the VST.NET host API.<br />\n",
    "PostedDate": "2015-07-04T05:45:44.943-07:00",
    "UserRole": null,
    "MarkedAsAnswerDate": null
  },
  {
    "Id": "1433115",
    "ThreadId": "640934",
    "Html": "Have you tried running fusion log to debug assembly loading?\r<br />\nRetry static linking with logs enabled, check out which location has priority and put required assemblies there.\r<br />\nWort case I fixed involve putting the relevent reference in machine.config to override some ORM references.<br />\n",
    "PostedDate": "2015-07-04T11:41:30.553-07:00",
    "UserRole": null,
    "MarkedAsAnswerDate": null
  },
  {
    "Id": "1433130",
    "ThreadId": "640934",
    "Html": "<em>&quot;The plugin-wrapper sample uses the VST.NET host to load another plugin. This 'inner' plugin can be any plugin - managed or unmanaged. So it needs the Jacobi.Vst.Interop assembly to do so. Did you deploy it next to the plugin-wrapper assemblies?&quot;</em>\r<br />\n<br />\nI tried with and without doing that. When I do that, Ableton crashes on startup. This is what I tried:\r<br />\n<a href=\"https://onedrive.live.com/redir?resid=47321C0630B57E1D!4861&amp;authkey=!AL-c2Ca97uEF7ds&amp;v=3&amp;ithint=photo%2cpng\" rel=\"nofollow\">https://onedrive.live.com/redir?resid=47321C0630B57E1D!4861&authkey=!AL-c2Ca97uEF7ds&v=3&ithint=photo%2cpng</a>\r<br />\n<br />\nThis is the error that comes up in Ableton when I do that:\r<br />\n<a href=\"https://onedrive.live.com/redir?resid=47321C0630B57E1D!4862&amp;authkey=!AHHCVHAduPg6sO4&amp;ithint=file%2cpng\" rel=\"nofollow\">https://onedrive.live.com/redir?resid=47321C0630B57E1D!4862&authkey=!AHHCVHAduPg6sO4&ithint=file%2cpng</a>\r<br />\n<br />\nHere is my config file:<br />\n<pre><code>&lt;?xml version=&quot;1.0&quot;?&gt;\n&lt;configuration&gt;\n  &lt;appSettings&gt;\n    &lt;add key=&quot;PluginPath&quot; value=&quot;C:\\Program Files (x86)\\VstPlugins\\NI\\Massive.dll&quot;/&gt;\n  &lt;/appSettings&gt;\n\n  &lt;!--&lt;startup&gt;&lt;supportedRuntime version=&quot;v4.0&quot; sku=&quot;.NETFramework,Version=v4.0&quot;/&gt;&lt;/startup&gt;--&gt;\n&lt;startup&gt;&lt;supportedRuntime version=&quot;v4.0&quot; sku=&quot;.NETFramework,Version=v4.0&quot;/&gt;&lt;/startup&gt;&lt;/configuration&gt;</code></pre>\n\nI think the problem is that the interop dll is in the folder twice but with two different names which would confuse the AppDomain.\r<br />\n<br />\n<em>Have you tried running fusion log to debug assembly loading?</em> \r<br />\n<br />\nI don't know how to do that, but googling now!<br />\n",
    "PostedDate": "2015-07-04T16:53:42.507-07:00",
    "UserRole": null,
    "MarkedAsAnswerDate": null
  },
  {
    "Id": "1433131",
    "ThreadId": "640934",
    "Html": "I don't exactly know what I changed but now it's working!\r<br />\n<br />\nThis library is hot shit!\r<br />\n<br />\n<a href=\"https://onedrive.live.com/redir?resid=47321C0630B57E1D!4863&amp;authkey=!ACU3aVFNFTCMoZA&amp;ithint=file%2cpng\" rel=\"nofollow\">https://onedrive.live.com/redir?resid=47321C0630B57E1D!4863&authkey=!ACU3aVFNFTCMoZA&ithint=file%2cpng</a><br />\n",
    "PostedDate": "2015-07-04T17:05:25.457-07:00",
    "UserRole": null,
    "MarkedAsAnswerDate": null
  },
  {
    "Id": "1433133",
    "ThreadId": "640934",
    "Html": "Help me obiwanjacobi. You're my only hope!\r<br />\n<br />\nHere's my sample app. It's dead simple. I'm trying to smash together the Core (UI Sample), and the Wrapper sample.\r<br />\n<a href=\"https://onedrive.live.com/redir?resid=47321C0630B57E1D!4864&amp;authkey=!ADtiVkQZXw6omhI&amp;ithint=file%2c7z\" rel=\"nofollow\">https://onedrive.live.com/redir?resid=47321C0630B57E1D!4864&authkey=!ADtiVkQZXw6omhI&ithint=file%2c7z</a>\r<br />\n<br />\nAll I want to do is open a plugin on button click. It's close but I keep getting an error.\r<br />\n<br />\nYou can have a look at the build event, and fix it up to suit your machine.<br />\n",
    "PostedDate": "2015-07-04T18:09:15.653-07:00",
    "UserRole": null,
    "MarkedAsAnswerDate": null
  },
  {
    "Id": "1433135",
    "ThreadId": "640934",
    "Html": "Fusion log helped! \r<br />\n<br />\n_=== Pre-bind state information ===\r<br />\nLOG: DisplayName = Jacobi.Vst.Interop, Version=1.1.0.0, Culture=neutral, PublicKeyToken=fa678e13c1efc859\r<br />\n (Fully-specified)\r<br />\nLOG: Appbase = file:///C:/ProgramData/Ableton/Live 9 Suite/Program/\r<br />\nLOG: Initial PrivatePath = NULL\r<br />\nLOG: Dynamic Base = NULL\r<br />\nLOG: Cache Base = NULL\r<br />\nLOG: AppName = Ableton Live 9 Suite.exe<br />\n<h1>Calling assembly : (Unknown).</h1>\nLOG: This bind starts in default load context.\r<br />\nLOG: Download of application configuration file was attempted from file:///C:/ProgramData/Ableton/Live 9 Suite/Program/Ableton Live 9 Suite.exe.config.\r<br />\nLOG: Configuration file C:\\ProgramData\\Ableton\\Live 9 Suite\\Program\\Ableton Live 9 Suite.exe.config does not exist.\r<br />\nLOG: No application configuration file found.\r<br />\nLOG: Using host configuration file: \r<br />\nLOG: Using machine configuration file from C:\\Windows\\Microsoft.NET\\Framework\\v4.0.30319\\config\\machine.config.\r<br />\nLOG: Post-policy reference: Jacobi.Vst.Interop, Version=1.1.0.0, Culture=neutral, PublicKeyToken=fa678e13c1efc859\r<br />\nLOG: GAC Lookup was unsuccessful.\r<br />\nLOG: Attempting download of new URL file:///C:/ProgramData/Ableton/Live 9 Suite/Program/Jacobi.Vst.Interop.DLL.\r<br />\nLOG: Attempting download of new URL file:///C:/ProgramData/Ableton/Live 9 Suite/Program/Jacobi.Vst.Interop/Jacobi.Vst.Interop.DLL.\r<br />\nLOG: Attempting download of new URL file:///C:/ProgramData/Ableton/Live 9 Suite/Program/Jacobi.Vst.Interop.EXE.\r<br />\nLOG: Attempting download of new URL file:///C:/ProgramData/Ableton/Live 9 Suite/Program/Jacobi.Vst.Interop/Jacobi.Vst.Interop.EXE.\r<br />\nLOG: All probing URLs attempted and failed._\r<br />\n<br />\nDon't know why, but it's looking for the DLL in the C:/ProgramData/Ableton/Live 9 Suite/Program folder so I whacked it in there and now, no error!\r<br />\n<br />\nHowever, my plugin (Massive) doesn't open. What am I missing?<br />\n",
    "PostedDate": "2015-07-04T18:48:28.447-07:00",
    "UserRole": null,
    "MarkedAsAnswerDate": null
  },
  {
    "Id": "1433136",
    "ThreadId": "640934",
    "Html": "Fuck yes!\r<br />\n<br />\n<a href=\"https://onedrive.live.com/redir?resid=47321C0630B57E1D!4870&amp;authkey=!AM8Nbt13oAz7QzM&amp;ithint=file%2cpng\" rel=\"nofollow\">https://onedrive.live.com/redir?resid=47321C0630B57E1D!4870&authkey=!AM8Nbt13oAz7QzM&ithint=file%2cpng</a><br />\n",
    "PostedDate": "2015-07-04T19:13:11.893-07:00",
    "UserRole": null,
    "MarkedAsAnswerDate": null
  },
  {
    "Id": "1433137",
    "ThreadId": "640934",
    "Html": "Now to route audio out of the hosted plugin, and back in to the DAW!<br />\n",
    "PostedDate": "2015-07-04T19:14:01.89-07:00",
    "UserRole": null,
    "MarkedAsAnswerDate": null
  },
  {
    "Id": "1433138",
    "ThreadId": "640934",
    "Html": "<blockquote>\nDon't know why, but it's looking for the DLL in the C:/ProgramData/Ableton/Live 9 Suite/Program folder so I whacked it in there and now, no error!<br />\n</blockquote>\n<ul>\n<li>The host has to make an explicit or implicit decision on which startup path context to use for your dll plugin.</li>\n</ul>\n",
    "PostedDate": "2015-07-04T19:22:48.89-07:00",
    "UserRole": null,
    "MarkedAsAnswerDate": null
  },
  {
    "Id": "1433144",
    "ThreadId": "640934",
    "Html": "I don't understand...\r<br />\n<br />\nAnyway, I have it working and here is a pretty cool sample app that others might like. It allows you to open a VST inside a VST, midi map a parameter, and then control that parameter from within .Net. Pretty powerful stuff already.\r<br />\n<br />\n-Tested on NI FM8. \r<br />\n-Only Float Step parameters implemented but more could be added\r<br />\n-Make sure you check the build event because I've hacked it\r<br />\n-Make sure you put the interop DLL in the Ableton folder.\r<br />\n<br />\n<a href=\"https://onedrive.live.com/redir?resid=47321C0630B57E1D!4875&amp;authkey=!APvsgTS0icTcxVo&amp;ithint=file%2c7z\" rel=\"nofollow\">https://onedrive.live.com/redir?resid=47321C0630B57E1D!4875&authkey=!APvsgTS0icTcxVo&ithint=file%2c7z</a><br />\n",
    "PostedDate": "2015-07-05T00:05:36.5-07:00",
    "UserRole": null,
    "MarkedAsAnswerDate": null
  },
  {
    "Id": "1433145",
    "ThreadId": "640934",
    "Html": "Looks like this:\r<br />\n<br />\n<a href=\"https://onedrive.live.com/redir?resid=47321C0630B57E1D!4876&amp;authkey=!AMJzDnvcN_Meprw&amp;ithint=file%2cpng\" rel=\"nofollow\">https://onedrive.live.com/redir?resid=47321C0630B57E1D!4876&authkey=!AMJzDnvcN_Meprw&ithint=file%2cpng</a><br />\n",
    "PostedDate": "2015-07-05T00:07:39.507-07:00",
    "UserRole": null,
    "MarkedAsAnswerDate": null
  }
]