[
  {
    "Id": "1331468",
    "ThreadId": "574821",
    "Html": "Hello.\r<br />\n<br />\nI have downloaded VST.NET and trying to build a small vst host application with a simple sequence with midi data I want to play. And I am playing with a VST plugin.\r<br />\n<br />\nAnd I have done something like this:<br />\n<pre><code>public override void ProcessEvents(ref MidiMessage data)\n        {\n            VstEvent[] vstevents = new VstEvent[1];\n\n            byte[] midiData = new byte[4];\n            midiData[0] = data.MidiData.Status;  // ignoring channel\n            midiData[1] = data.MidiData.Parameter1;     // Midi note\n            midiData[2] = data.MidiData.Parameter2;     // Note strike velocity\n            midiData[3] = 0;                            // Reserved, unused\n            \n            int deltaFrame = (int)data.DeltaTime;\n            int noteLength = (int)data.LengthTime;\n            int noteOffset = 0;\n            short detune = data.Detune;\n            byte noteOffVelocity = 8;\n\n            vstevents[0] = new VstMidiEvent(deltaFrame, noteLength, noteOffset, midiData, detune, noteOffVelocity, false);\n\n            mVstPlugin.PluginCommandStub.ProcessEvents(vstevents);\n        }</code></pre>\n\nI have input a note with a specific note key, note delta and note length. But the problems is that the note length doesnt work. When I play a note in the VST plugin it will play endless.\r<br />\n<br />\nAm I doing something wrong?\r<br />\n<br />\nRegards.<br />\n",
    "PostedDate": "2014-12-12T13:11:26.957-08:00",
    "UserRole": null,
    "MarkedAsAnswerDate": null
  },
  {
    "Id": "1331476",
    "ThreadId": "574821",
    "Html": "Nothing really wrong but the way VST plugins are made doesn't follow strict standards.  VST development is a hodge-podge of overlapping features in MIDI spec and VST spec. Plugin developpers tend to implement only the most convenient and better documented one. If you want to send a CC (Control Change) to a plugin, you need to send it through Vst Parameter instead of a midi CC message. If you want to control the note length you need to send a midi note off message instead of a note length vst property. You'd be hard pressed to find a plugin which actually do something with noteLength, note strike velocity and noteOffVelocity.<br />\n",
    "PostedDate": "2014-12-12T13:31:05.84-08:00",
    "UserRole": null,
    "MarkedAsAnswerDate": null
  },
  {
    "Id": "1331490",
    "ThreadId": "574821",
    "Html": "Aaah okey I see! Thansk for that! So I can just skip noteLength, noteOffset and noteOfVelocity forever?\r<br />\n<br />\nSo if I send a note off, how to handle if for example 3 notes on the same key hold on at the same time? If I then release a note, how do the VST synth know which note key was released.<br />\n<ol>\n<li>=========================</li>\n<li>==============</li>\n<li>\n==============================<br />\n</li>\n</ol>\nYou see here, 3 notes at the same time and same key. How do VST plugin know which notes will be released?<br />\n",
    "PostedDate": "2014-12-12T14:22:33.847-08:00",
    "UserRole": null,
    "MarkedAsAnswerDate": null
  },
  {
    "Id": "1331494",
    "ThreadId": "574821",
    "Html": "Yeah my advice is to skip those properties altogether unless you work only with a specific synth that handles these since they are virtually not used in practice.<br />\n<br />\nAs for your second question this is usually a fixed or configurable parameter of the synthesizer. The plugin doesn't know which note is released and doesn't care because note off message are dispatched according to the plugin internal note-priority algorithm.<br />\n",
    "PostedDate": "2014-12-12T14:59:13.74-08:00",
    "UserRole": null,
    "MarkedAsAnswerDate": null
  },
  {
    "Id": "1331556",
    "ThreadId": "574821",
    "Html": "Some hosts use the noteLength etc. fields for midi events that are played back from a recorded track. Then it is relatively easy to calculate them. As for live midi events, these fields are usually empty.\r<br />\n<br />\nOne other thing: the midi deltaTime is NOT the same as the deltaFrames! \r<br />\nThe amount of time deltaTime represents is based on the pulses-per-quarter-note (ppqn: how may ticks per second) and the amount of time one deltaFrame represents is based on the sample-rate (how many samples per second).\r<br />\n<br />\n[2c]\r<br />\nMarc<br />\n",
    "PostedDate": "2014-12-12T23:33:41.077-08:00",
    "UserRole": null,
    "MarkedAsAnswerDate": null
  },
  {
    "Id": "1331642",
    "ThreadId": "574821",
    "Html": "That's interesting, my understanding was that generally only midi synthesizer (hardware and software) tend to make use of note length. I may be wrong on this as my host is live oriented and haven't played a lot with this property. Would you also send a note off so that vst plugins actually do stop playing the note?\r<br />\n<br />\nFrom previous threads I thought that a standard midi loop for recorded playback would go like this:\r<br />\nSend midi note on with adjusted delta frame if the note is to be started during the current buffer and do the same with note off.<br />\n",
    "PostedDate": "2014-12-13T10:02:41.24-08:00",
    "UserRole": null,
    "MarkedAsAnswerDate": null
  },
  {
    "Id": "1331645",
    "ThreadId": "574821",
    "Html": "The note on and note off messages would still be sent by the host to the midi plugin. Just for the note-on message the host can in advance know how long it is going to be. The NoteLength property is not MIDI it is part of VST so no MIDI hardware will ever make use of that...\r<br />\n<br />\n[2c]\r<br />\nMarc<br />\n",
    "PostedDate": "2014-12-13T10:15:23.783-08:00",
    "UserRole": null,
    "MarkedAsAnswerDate": null
  },
  {
    "Id": "1331672",
    "ThreadId": "574821",
    "Html": "Thank you all for Everything. Now it seems to work now after some changes :)<br />\n",
    "PostedDate": "2014-12-13T12:47:08.677-08:00",
    "UserRole": null,
    "MarkedAsAnswerDate": null
  }
]