[
  {
    "Id": "891906",
    "ThreadId": "389198",
    "Html": "\r\n<p>A) Is it possible to know when the plugin host window is resized? I would like to resize my editor control window automatically whenever the user resizes the host plugin window.</p>\r\n<p>B) Is it possible to resize the plugin's host window from the plugin itself? i.e. if I have a configuration button which changes the editor control to a specific size, can I trigger the host window to match that size? In REAPER, the user has to manually\r\n resize the host window if the plugin editor size is changed from the editor itself.</p>\r\n<p>&nbsp;</p>\r\n<p>Thanks for your time!</p>\r\n",
    "PostedDate": "2012-07-26T11:58:19.597-07:00",
    "UserRole": null,
    "MarkedAsAnswerDate": null
  },
  {
    "Id": "892055",
    "ThreadId": "389198",
    "Html": "<p>A. Yes it's possible but I encountered a lot of plugins that did not trigger the editorSizeChanged event.</p>\r\n<p>B. I solved this and also the point A by polling for editor size at regular intervals instead of waiting for callback. When I detect that plugin has changed size I resize the panel hosting the plugin IDE.</p>",
    "PostedDate": "2012-07-26T21:09:36.103-07:00",
    "UserRole": null,
    "MarkedAsAnswerDate": null
  },
  {
    "Id": "892500",
    "ThreadId": "389198",
    "Html": "<p>I remember seeing some lengthy discussions on this on KVR audio...</p>\r\n<p>[2c]</p>",
    "PostedDate": "2012-07-28T01:16:01.303-07:00",
    "UserRole": null,
    "MarkedAsAnswerDate": null
  }
]