[
  {
    "Id": "1223081",
    "ThreadId": "539108",
    "Html": "Hey Marc,\r<br />\n<br />\nIt's been a while, I'm still hacking away on my software bah....\r<br />\n<br />\nHere is a Midi processing question for you. My plugin wants to send Midi to a Host but will probably never receive any - so I have set SyncWithAudioProcessor to true and and using the Audio Processor to do the work (Midiprocessor.Process isn't called often if at all).\r<br />\n<br />\nHow do I get the messages back to the host ; any ideas ? If I try and use the VstEventCollection passed into MidiProcessor (but outside of the process callback) I get a read-only exception which is fair enough.\r<br />\n<br />\nIts a bit of a poser and I'm hoping that it's very straightforward; I'm too bogged down to think it out.\r<br />\n<br />\nI hope you or your other fans can help ?\r<br />\n<br />\nKind regards\r<br />\n<br />\nAdrian<br />\n",
    "PostedDate": "2014-03-15T08:02:06.907-07:00",
    "UserRole": null,
    "MarkedAsAnswerDate": null
  },
  {
    "Id": "1223084",
    "ThreadId": "539108",
    "Html": "Oh not too thick ! \r<br />\n<br />\nIt's in the MidiNotePapper - get an interface to the HostProcessor and call Process.\r<br />\n<br />\nSorry and thanks.<br />\n",
    "PostedDate": "2014-03-15T08:23:12.743-07:00",
    "UserRole": null,
    "MarkedAsAnswerDate": null
  },
  {
    "Id": "1223092",
    "ThreadId": "539108",
    "Html": "No problem. Glad I could help. :-P<br />\n",
    "PostedDate": "2014-03-15T08:56:54.337-07:00",
    "UserRole": null,
    "MarkedAsAnswerDate": null
  },
  {
    "Id": "1223169",
    "ThreadId": "539108",
    "Html": "Well, I think I made those changes correctly :/\r<br />\n<br />\nI am now returning null from Plugin.CreateAudioProcessor so that my host thinks it's dealing with a Midi only plugin - and I can then route output data to a Midi port after my code. This means that Process isn't called in the AudioProcessor as expected but neither is MidiProcessor.Process; I'm not sure that's a problem or not?\r<br />\n<br />\nAnyway, I'm just making calls to hostProcessor.Process from my GUI which doesn't yield any returns to the host - nothing I can see anyway, I wish I had a Midi port monitor. It's too late to be thinking, I'll have another go tomorrow.\r<br />\n<br />\nCheers....<br />\n",
    "PostedDate": "2014-03-15T19:48:06.043-07:00",
    "UserRole": null,
    "MarkedAsAnswerDate": null
  },
  {
    "Id": "1223181",
    "ThreadId": "539108",
    "Html": "If you mind making your binairies or sources available, I can run/debug it in my Vst.net host and see what it does. When developpimg I link every libraries as project references to find issues easier. Sometimes I'm a little bit puzzled at how I should test these midi plugins because they're usually not very user friendly. I don't know about other hosts but I do call ProcessEvents regardless of plugin capabilities. Makes sense that a midi plugin should receive midi events, many are used to transform/scale midi events.\r<br />\nYuri<br />\n",
    "PostedDate": "2014-03-15T23:18:26.567-07:00",
    "UserRole": null,
    "MarkedAsAnswerDate": null
  },
  {
    "Id": "1223184",
    "ThreadId": "539108",
    "Html": "Some hosts, like Cubase are really picky about what constitutes a midi-plugin. That is the reason for the dummy audio processor. I think your safest bet is to output midi during the Process cycle of the audio processor.\r<br />\n<br />\n@Yury: You can use the Send- and Receive(Midi)Events cando's to tell if a plugin want's midi input.<br />\n",
    "PostedDate": "2014-03-16T00:15:02.44-07:00",
    "UserRole": null,
    "MarkedAsAnswerDate": null
  },
  {
    "Id": "1223204",
    "ThreadId": "539108",
    "Html": "Thanks guys,\r<br />\n<br />\nyep I have one of those picky ones - Ableton. To get it to recognise my plugin as Midi only I can't implement IVstPluginAudioProcessor - but If I do that AudioProcessor.Process never gets called. If I do implement it then it's an Audio Plugin and the host doesn't except Midi to be returned (which Is what I want because I then need the Midi to go to a hardware device). Its a nasty catch22 of Steinbergs pipeline. \r<br />\n<br />\nNo worries, for the moment I'll go back to my original design and have my plugin talk directly to the required port - and whatever Synth / Sampler is connected. That means that the host can't have that device but all midi could be funnelled to My host track so all messages can be sent indirectly.\r<br />\n<br />\nYuryK, like you I like to split off all reusable code into separate libraries - so I can share stuff between my projects. Unfortunately with this one I've had so many domain issues between hosts especially with the WPF elements that I've built everything into one. I Hated having to do this but WPF is very touchy about paths and permissions and while I had no problems with Reaper and Ableton, Cubase especially couldn't find certain resources. In the end I relented grrrr.\r<br />\n<br />\nAlso, I've already debugged inside Marc's host and my midi process calls are making into the framework.Host.VstHostMidiProcessor,Process and upward so it looks ok, I can only presume that the host (as Marc says) doesn't like arbitrary calls - they have to be within its own Process cycle.\r<br />\n<br />\nWell, thanks again for your attention; I have my fallback so I'll fiddle with that when the fog clears.\r<br />\n<br />\nKind regards\r<br />\n<br />\nAdrian<br />\n",
    "PostedDate": "2014-03-16T04:25:33.323-07:00",
    "UserRole": null,
    "MarkedAsAnswerDate": null
  }
]