[
  {
    "Id": "718339",
    "ThreadId": "284479",
    "Html": "\r\n<p>Hi,</p>\r\n<p>I'm trying to set up loading, saving, selecting, and creating new programs from within my plugin but I'm having trouble getting any of the changes I make to be reflected in the host. For example when I add new programs to the list of programs in PluginPrograms,\r\n the host's list of programs does not change.</p>\r\n<p>Is there a way to send a stream (similar to the stream I would created in WritePrograms() ) to the host or to the framework and tell them to fill in all the required info to save it as an .fxp or .fxb file?&nbsp; Also can I change the active program from\r\n within my plugin and have these changes reflected in the host?</p>\r\n<p>Thanks!</p>\r\n",
    "PostedDate": "2011-12-29T08:18:38.027-08:00",
    "UserRole": null,
    "MarkedAsAnswerDate": null
  },
  {
    "Id": "718949",
    "ThreadId": "284479",
    "Html": "<p>The design of the VST API suggests that the number of programs is fixed for the lifetime of a plugin (instance). My guess is that this was designed this way to mimic the hardware devices that also had fixed number of programs (or patches). There is one thing you could try, but it involves some extra overrides in the VST.NET Framework and probably not all hosts will support the 'hack'.</p>\r\n<ol>\r\n<li>Override the StdPluginCommandStub.CreatePluginInfo and save the return value of the base class into a private field. The VstPluginInfo contains the number of programs (among other 'statics') your plugin supports. Return the same VstPluginInfo value from the method.</li>\r\n<li>In the IVstPlugin.Open(IVstHost) call query the host method parameter for VstHostCommandStub by calling host.GetInstance&lt;VstHostCommandStub&gt;(). Store the return value in a private field.</li>\r\n<li>When the number of programs change in your plugin, update the ProgramCount field in the VstPluginInfo instance and call the VstHostCommandStub.UpdatePluginInfo method passing it the reference to the PluginInfo instance you just changed.</li>\r\n</ol>\r\n<p>To my knowledge there is no way to inform the host that&nbsp;the active&nbsp;program has changed, but perhaps you should ask this question on the kvraudio forum for there are a lot of plugin devs active there, that may have a good answer to your question.</p>\r\n<p>Hope it helps,<br />Marc</p>",
    "PostedDate": "2011-12-31T01:06:46.35-08:00",
    "UserRole": null,
    "MarkedAsAnswerDate": null
  },
  {
    "Id": "719456",
    "ThreadId": "284479",
    "Html": "<p>I'll give your idea about changing the number of programs a shot. And it's not a big deal if some hosts don't support this as long as I can change the active program from within my plugin. I asked about how to do this on KVR ( http://www.kvraudio.com/forum/viewtopic.php?t=338100 ) and they said that if you call updateDisplay() after changing the active program then the host will recognize the change. Is this call exposed anywhere in your framework?</p>\r\n<p>&nbsp;</p>\r\n<p>Thanks,</p>\r\n<p>Rob</p>",
    "PostedDate": "2012-01-02T10:42:07.123-08:00",
    "UserRole": null,
    "MarkedAsAnswerDate": null
  },
  {
    "Id": "719466",
    "ThreadId": "284479",
    "Html": "<p>Ah yes of course, UpdateDisplay. Thanx for taking the time to sort that out.</p>\n<p>You can find that call on the&nbsp;IVstHostShell interface. A reference to that interface can be obtained by calling host.GetInstance&lt;IVstHostShell&gt;() on the host parameter the plugin receives in the Open method (similar to item 2 in my previous answer).</p>\n<p>Hope it helps,<br /> Marc&nbsp;</p>",
    "PostedDate": "2012-01-02T10:56:28.853-08:00",
    "UserRole": null,
    "MarkedAsAnswerDate": null
  },
  {
    "Id": "719502",
    "ThreadId": "284479",
    "Html": "<p>The call in IVstHostShell worked like a charm.</p>\r\n<p>Thanks for the help!</p>",
    "PostedDate": "2012-01-02T12:32:51.727-08:00",
    "UserRole": null,
    "MarkedAsAnswerDate": null
  },
  {
    "Id": "1493962",
    "ThreadId": "284479",
    "Html": "Thank goodness, I've been faffing around with this one for days - thanks chaps....<br />\n",
    "PostedDate": "2017-03-12T21:24:05.66-07:00",
    "UserRole": null,
    "MarkedAsAnswerDate": null
  }
]