[
  {
    "Id": "807093",
    "ThreadId": "347738",
    "Html": "\r\n<p>Firstly, a big thank you for putting VST.NET together. It seems excellent so far and has certainly made my life a lot easier.</p>\r\n<p>I'm trying to determine which program is currently selected when the user opens up the Editor UI window. I can't seem to figure out a way to do this. I hope it's possible or I'll need to do some major rethinking in terms of program structure.</p>\r\n<p>Many thanks,<br>\r\n<br>\r\nJoe&nbsp;</p>\r\n",
    "PostedDate": "2012-03-07T11:59:07.37-08:00",
    "UserRole": null,
    "MarkedAsAnswerDate": null
  },
  {
    "Id": "807137",
    "ThreadId": "347738",
    "Html": "<p>Seems adding \"public void SetProgram(int programNumber)\"&nbsp;to the&nbsp;PluginCommandStub class does what I need.</p>",
    "PostedDate": "2012-03-07T13:30:15.527-08:00",
    "UserRole": null,
    "MarkedAsAnswerDate": null
  },
  {
    "Id": "807330",
    "ThreadId": "347738",
    "Html": "<p>\"Normally\" a host would call the SetProgram(int) method in order to 'initialize' the plugin to a new program.</p>\r\n<p>Assuming you are using the Jacobi.Vst.Framework - if not - you need to keep track of the active program yourself.</p>\r\n<p>The Framework looks for an implementation of the IVstPluginPrograms interface by calling GetInstance&lt;IVstPluginPrograms&gt; on your plugin root object. Return this object from the CreatePrograms method on the plugin root object or interface manager.</p>\r\n<p>You can implement it by deriving from VstPluginProgramsBase (in the Plugin namespace) where you'd only have to implement one method to populate the collection with programs. This base class has an ActiveProgram property that will by default return the first Program in the list when no ActiveProgram was set (SetProgram will do that).</p>\r\n<p>Your UI can also use the same property as its active program. If you should change the active program in your editor UI, you should call UpdateDisplay on the IVstHostShell interface. Retrieve this interface by calling GetInstance&lt;IVstHostShell&gt;() on the host parameter that was passed to you in the Open call.</p>\r\n<p>Hope it helps,<br />Marc&nbsp;</p>",
    "PostedDate": "2012-03-08T01:25:57.867-08:00",
    "UserRole": null,
    "MarkedAsAnswerDate": null
  },
  {
    "Id": "807337",
    "ThreadId": "347738",
    "Html": "<p>Very useful info Marc. Thanks for the prompt response.</p>\r\n<p>Joe</p>",
    "PostedDate": "2012-03-08T01:51:06.893-08:00",
    "UserRole": null,
    "MarkedAsAnswerDate": null
  }
]