[
  {
    "Id": "473127",
    "ThreadId": "221544",
    "Html": "I don't know if it is a good place for this topic, but I must try. \r\nSorry I'm not using .NET, but only SDK in C++, but I think the problem does not depend on the programming method. What do you think what could be the reason for accepting/refusing some VSTi's by Adobe Audition 3.0? I tried to load a Steinberg's sample &quot;VstXSynth&quot; and AA doesn't want to load it. It appears as &quot;Unsupported&quot;. This plugin works correctly on VSTHost (and I think it does on other well-made hosts, too). I compared VSTXSynth with AA3 plugins and with Addictive Drums sampler and there aren't any important differences in specification (number of programs, i/o channels, flags IsSynth/ProcessReplacing etc.), so I don't know what could be the reason for unsupporting this example plug-in. VSTXSynth doesn't have editor, but non-editor VST (effects) plugins are supported by AA3. I think it's only the issue of a simple parameter, which disqualifies Steinberg's plugin by AA3. I removed a lot of code from this plugin and now it does really nothing and still it is unsupported. \r\nIn the init section there is only:\r\n\r\n\r\n    if (audioMaster) \r\n    { \r\n        setNumInputs (0);                \r\n        setNumOutputs (2);    \r\n        canProcessReplacing (); \r\n        isSynth (); \r\n        setUniqueID ('DrRF');            \r\n    }\r\n\r\nIt's quite strange because I think that commercial Steinberg's instruments work correctly with AA3, but the example from SDK doesn't.\r\n\r\nThanks for any help.",
    "PostedDate": "2010-07-27T04:37:15.323-07:00",
    "UserRole": null,
    "MarkedAsAnswerDate": null
  },
  {
    "Id": "473141",
    "ThreadId": "221544",
    "Html": "<p>Perhaps the KVR Audio forum would be more appropriate to ask this question.</p>\r\n<p><a href=\"http://www.kvraudio.com/forum/viewforum.php?f=33\">http://www.kvraudio.com/forum/viewforum.php?f=33</a></p>\r\n<p>Hope it helps.&nbsp;</p>",
    "PostedDate": "2010-07-27T05:02:21.55-07:00",
    "UserRole": null,
    "MarkedAsAnswerDate": null
  },
  {
    "Id": "473369",
    "ThreadId": "221544",
    "Html": "I found solution. Plugin have to have editor (effFlagsHasEditor flag set).",
    "PostedDate": "2010-07-27T14:29:20.707-07:00",
    "UserRole": null,
    "MarkedAsAnswerDate": null
  }
]