[
  {
    "Id": "1435972",
    "ThreadId": "641924",
    "Html": "I get the following error<br />\n<pre><code>Installation stopped because the directory for the ProjectType value did not exist.  The project type is invalid for your installation of Visual Studio.</code></pre>\n\nGranted, VS2015 has been released recently.  Do you have plans to update this project for it?<br />\n",
    "PostedDate": "2015-07-25T10:44:22.41-07:00",
    "UserRole": null,
    "MarkedAsAnswerDate": null
  },
  {
    "Id": "1435976",
    "ThreadId": "641924",
    "Html": "What kind of VS2015 edition have you picked up?\r<br />\nDo you have support for C#, C++ and C++ .Net projects?<br />\n",
    "PostedDate": "2015-07-25T13:16:29.843-07:00",
    "UserRole": null,
    "MarkedAsAnswerDate": null
  },
  {
    "Id": "1435981",
    "ThreadId": "641924",
    "Html": "This is the complete VS2015 Community edition with every option picked.<br />\n",
    "PostedDate": "2015-07-25T14:38:02.683-07:00",
    "UserRole": null,
    "MarkedAsAnswerDate": null
  },
  {
    "Id": "1435982",
    "ThreadId": "641924",
    "Html": "ok I don't know what you're trying to achieve but it sounds like you need to create that missing directory on your development machine.<br />\n",
    "PostedDate": "2015-07-25T15:08:02.453-07:00",
    "UserRole": null,
    "MarkedAsAnswerDate": null
  },
  {
    "Id": "1436895",
    "ThreadId": "641924",
    "Html": "I have not looked into VS2015 yet. But my guess is that it should open the current solution and project files fine. \r<br />\n<br />\nUpdating VST.NET to a higher version of VS is always tricky - because of the pesky C++ library redistributable. This dependency must be installed on the machine that runs your managed plugin/host code. <br />\n",
    "PostedDate": "2015-08-02T00:52:09.743-07:00",
    "UserRole": null,
    "MarkedAsAnswerDate": null
  }
]