[
  {
    "Id": "1447972",
    "ThreadId": "646054",
    "Html": "I was trying to load two different created VSTs (using Core) in my DAW, but am finding that it only loads the first one (first in alphabetical order of name).\r<br />\nPerhaps my setup is not correct?  I have both pairs of dlls (xxx.net.dll and the appropriately renamed Interop) in the same directory, and just one copy of Jacobi.Vst.Core.dll. (in the same directory).\r<br />\nI also tried putting both dll pairs in separate unique directories each with a copy of Core.dll but even then, only the first in alphabetical order loads...\r<br />\nAny ideas?<br />\n",
    "PostedDate": "2015-10-10T00:02:29.407-07:00",
    "UserRole": null,
    "MarkedAsAnswerDate": null
  },
  {
    "Id": "1447974",
    "ThreadId": "646054",
    "Html": "Didi you assign a unique plugin ID to each one?<br />\n<pre><code>        public VstPluginInfo GetPluginInfo(IVstHostCommandStub hostCmdStub)\n        {\n            _hostStub = hostCmdStub;\n            _pluginInfo = new VstPluginInfo();\n\n            _pluginInfo.AudioInputCount = 1;\n            _pluginInfo.AudioOutputCount = 2;\n            _pluginInfo.ProgramCount = 1;\n            _pluginInfo.Flags = VstPluginFlags.HasEditor | VstPluginFlags.CanReplacing;\n            _pluginInfo.PluginID = 1234;  &lt;&lt;==================\n            _pluginInfo.PluginVersion = 1000;\n\n            return _pluginInfo;\n        }</code></pre>\n\n",
    "PostedDate": "2015-10-10T00:08:29.787-07:00",
    "UserRole": null,
    "MarkedAsAnswerDate": null
  },
  {
    "Id": "1447996",
    "ThreadId": "646054",
    "Html": "Oh! duh..... :-)\r<br />\nAlso, it has to be 4 digits, I see\r<br />\n<br />\nIncidentally, I first just changed the PluginID and compiled as usual but that seemed to crash my host DAW!\r<br />\nBut changing the names of the VST (dlls) to something different allowed it to load without crashing.\r<br />\nWould it be a good guess that my DAW has somehow associated the original VST name with the original PluginID (1234) and has a fit if you change the ID?\r<br />\n<br />\nIf so, I can't use the original names with that DAW anymore, or maybe there's a way to reset that.\r<br />\nI'll search around....\r<br />\n<br />\nThx,<br />\n",
    "PostedDate": "2015-10-10T05:19:19.29-07:00",
    "UserRole": null,
    "MarkedAsAnswerDate": null
  },
  {
    "Id": "1447997",
    "ThreadId": "646054",
    "Html": "Yes, most hosts cache the plugin's meta data. See if you can clear that cache. Then you should be fine.\r<br />\n<br />\nThe id is what is known as a four-character-code.  You can use this:\r<br />\n<a href=\"https://vstnet.codeplex.com/SourceControl/latest#Source/Code/Jacobi.Vst.Core/FourCharacterCode.cs\" rel=\"nofollow\">https://vstnet.codeplex.com/SourceControl/latest#Source/Code/Jacobi.Vst.Core/FourCharacterCode.cs</a>\r<br />\n<br />\nFour Character Codes are used in chunked-files (wav, avi etc) - I guess Steinberg thought that was a good idea... ;-)<br />\n",
    "PostedDate": "2015-10-10T05:32:14.2-07:00",
    "UserRole": null,
    "MarkedAsAnswerDate": null
  },
  {
    "Id": "1448013",
    "ThreadId": "646054",
    "Html": "Trying to find that cache... :)\r<br />\n<br />\nIt strikes me as strange to only have 4 digits, that's only 10,000 unique plugins the host can handle, right?\r<br />\nSo if I happen to choose an ID already taken by a common plugin, won't that create a conflict?\r<br />\nOr is it that the same ID can be used if the names are different?<br />\n",
    "PostedDate": "2015-10-10T09:28:11.677-07:00",
    "UserRole": null,
    "MarkedAsAnswerDate": null
  },
  {
    "Id": "1448014",
    "ThreadId": "646054",
    "Html": "&quot;Or is it that the same ID can be used if the names are different?&quot;\r<br />\n<br />\nThat can't be right either, because that was why i changed the ID in the first place - having the same ID taken by two different VSTs, only one loads...   (confused)<br />\n",
    "PostedDate": "2015-10-10T09:30:08.757-07:00",
    "UserRole": null,
    "MarkedAsAnswerDate": null
  },
  {
    "Id": "1448018",
    "ThreadId": "646054",
    "Html": "Suppose you have ascii with only 7 bits per character. You have 4 characters. Wouldn't that turn out to be something like 4 to the power of 127 (4^127)? That is a lot! \r<br />\nThe only down-side I see is that in order to really get that many options - you carefully have to manage the 4 characters.<br />\n",
    "PostedDate": "2015-10-10T09:51:20.2-07:00",
    "UserRole": null,
    "MarkedAsAnswerDate": null
  },
  {
    "Id": "1448042",
    "ThreadId": "646054",
    "Html": "Ah, of course.  Because it's 4-character not 4-digit.\r<br />\nSomehow i was thinking it had to be digits (0-9), but if instead it can be any 7-bit ascii character, that's indeed a much larger number.\r<br />\nAlthough, isn't it the opposite?  127^4 (about 260 million)\r<br />\nOr 255^4 (4 billion) if 8-bit (why 7...?)\r<br />\nStill a large enough number that I won't worry about bumping up against someone else's ID. :-)\r<br />\nStill, it seems that statistically it could happen with the many, many VSTs out there.  Wonder what happens when two commercial VSTs have the same ID...? <br />\n",
    "PostedDate": "2015-10-10T20:33:47.5-07:00",
    "UserRole": null,
    "MarkedAsAnswerDate": null
  },
  {
    "Id": "1448049",
    "ThreadId": "646054",
    "Html": "If you play by the book you have to ask Steinberg for an ID. They manage the list. But if you pick something with weird characters, I think the chances are very slim that it will conflict with other plugins.<br />\n",
    "PostedDate": "2015-10-10T23:10:11.497-07:00",
    "UserRole": null,
    "MarkedAsAnswerDate": null
  },
  {
    "Id": "1448052",
    "ThreadId": "646054",
    "Html": "Ah I see now, got it.^^<br />\n",
    "PostedDate": "2015-10-10T23:21:21.003-07:00",
    "UserRole": null,
    "MarkedAsAnswerDate": null
  }
]