[
  {
    "Id": "1489666",
    "ThreadId": "660076",
    "Html": "Hello, in an ongoing effort to create a host playing MIDI data on VST instruments, I'm having a specific problem related to certain VSTs.  That is, most VSTs on my system are responding to ProcessReplacing and providing audio samples properly, which are played, but certain VSTs throw an memory access violation error.<br />\n<br />\nIncidentally, the specific VSTs (so far) are AddictiveDrums and EZDrummer.<br />\n<br />\nI'm using VST.Core/VST.Interop (and implementing ISampleProvider from NAudio) to produce the sound.<br />\n<br />\nThe Read Function of the ISampleProvider (which is being used to .init an instance of a WaveOut) looks like this:<br />\n(Here, &quot;VPlug&quot; is the instance of IVstPluginCommandStub already associated with the ISampleProvider)<br />\n<pre><code>public int Read(float[] buffer, int offset, int count)\n{\n\n    vstBufManIn = new VstAudioBufferManager(2, count / 2);\n    vstBufManOut = new VstAudioBufferManager(2, count / 2);\n\n    #Disable Warning BC40000 ' Type or member is obsolete\n    vstBufIn = vstBufManIn.ToArray();\n    vstBufOut = vstBufManOut.ToArray();\n    #Enable Warning BC40000 ' Type or member is obsolete\n\n    VPlug.ProcessReplacing(vstBufIn, vstBufOut);\n\n    int outno = 0;\n    for (int i = 0; i &lt;= count / 2 - 1; i++) {\n        buffer(outno) = vstBufOut(0).Item(i);\n        buffer(outno + 1) = vstBufOut(1).Item(i);\n        outno += 2;\n    }\n\n    return count;\n\n}\n</code></pre>\n\nIt's set up so that clicking on a note in a piano roll sends a VSTMidiEvent through ProcessEvents to the instance of the PlugInCommandStub. <br />\nFor 90% of the VSTs I can choose on my system, this works properly with no errors and produces the expected sound, but with Addictive Drums, for example, I get the error:<br />\n<br />\n&quot;An unhandled exception of type 'System.AccessViolationException' occurred in Jacobi.Vst.Interop.dll&quot;<br />\nwith further info &quot;... attempted to read or write protected memory...&quot;<br />\n<br />\nIncidentally, the OpenEditor works fine for Addictve drums, it opens the editor and you can select drum sets from it... but any call to ProcessReplacing throws that error and execution stops.<br />\n<br />\nI have to admit I don't fully understand things related to memory usage so I'm at a bit of brick wall here... :-(<br />\n",
    "PostedDate": "2016-12-11T23:09:58.91-08:00",
    "UserRole": null,
    "MarkedAsAnswerDate": null
  },
  {
    "Id": "1490048",
    "ThreadId": "660076",
    "Html": "Not much happening on this discussion board, but some additional info if pertinent (I don't know)\r<br />\nAmong the details for the exception I find:\r<br />\n<br />\nModule = Jacobi.Vst.Interop.dll\r<br />\nTargetSite= {Void CallProcess32(Single**, Single**, Int32)}\r<br />\nHRESULT = -2147467261\r<br />\nData = {System.Collections.ListDictionaryInternal}\r<br />\n<br />\nMichael<br />\n",
    "PostedDate": "2016-12-19T00:10:17.47-08:00",
    "UserRole": null,
    "MarkedAsAnswerDate": null
  },
  {
    "Id": "1495680",
    "ThreadId": "660076",
    "Html": "First I am very sorry I did not see your message sooner. It seems codeplex does not send notification emails anymore.\r<br />\n<br />\nTo the best of my knowledge VST.NET handles the ProcessReplacing correct. However, it seems that these plugins in question obey different rules when it comes to how to access the audio buffers passed to them by the host. \r<br />\n<br />\nAre you (as a Host) sure the size of the VstAudioBuffers is equal or greater than the BlockSize you specify for each plugin?<br />\n",
    "PostedDate": "2017-04-21T05:41:29.6-07:00",
    "UserRole": null,
    "MarkedAsAnswerDate": null
  }
]