[
  {
    "Id": "221002",
    "ThreadId": "64899",
    "Html": "<p>Sorry everyone fairly amateur at this stuff!&nbsp;&nbsp;&nbsp; I thought I'd compile and build the demo's and load into my Cubase 5 (Vista 64)&nbsp;and use this as my starting point.&nbsp;&nbsp; &nbsp;&nbsp;</p>\r\n<p>I've followed the build instructions as best I can understand them, and all seems to be recognised when I run up Cubase.&nbsp;&nbsp;&nbsp; When I select the &quot;Midi Note Sampler&quot; it seems to be accepted as an instrument on a Midi track and the Plug in user interface seems to behave OK ... but I have not tested its functionality.&nbsp;&nbsp;</p>\r\n<p>When I try the same for the Midi note mapper I get a warning from Cubase 5 ...</p>\r\n<p>\r\n<p>\r\n<pre>ST Mixer Warnings (Saturday, August 08, 2009)\r\n===============================\r\nThis mixer configuration expected &quot;Jacobi.Vst.Samples.MidiNoteMapper&quot; to have Output 1: Stereo, \r\n     -&gt; The instrument currently has Output 1: , \r\n     -&gt; The instrument channel will be silent.\r\n===============================</pre>\r\n</p>\r\n</p>\r\n<p>Any interaction with the plugin editor eg Clicking anywhere on it or pressing the &quot;e&quot; button in Cubase to hide it or the &quot;x&quot; button on the form<br>causes Cubase to lock up &quot;Not responding&quot;.&nbsp;&nbsp;</p>\r\n<p>Any ideas?</p>\r\n<p>&nbsp;</p>\r\n<p>&nbsp;</p>",
    "PostedDate": "2009-08-07T18:07:47.92-07:00",
    "UserRole": null,
    "MarkedAsAnswerDate": null
  },
  {
    "Id": "221643",
    "ThreadId": "64899",
    "Html": "<p>I just thought I'd add to my previous observations.&nbsp;&nbsp;&nbsp; Although I have seen the previously stated initialisation whinge from Cubase a few times it does not seem to be easily repeatable.</p>\r\n<p>I thought I'd try downloading your release version rather than the latest ... VST.NET 0.7 (18964) and just do the installation of the DLLs without use of Visual Studio compilation at all so hopefully I've not messed things up.&nbsp;&nbsp;&nbsp; I found that Cubase recognised the 4 sample DLLs and I could create a new project, and add the Midi Note Sampler to the VST Instruments panel and let Cubase create and associate it with a new midi track.&nbsp;&nbsp;&nbsp; Pressing the &quot;e&quot; edit button on the VST Instruments panel seems to work OK for this, and the Note Sampler GUI disappears and re-appears as expected.&nbsp;&nbsp;</p>\r\n<p>If the same is tried for the Mapper then when the &quot;e&quot; is pressed the GUI window of the mapper does not go away and Cubase and the mapper window are &quot;Not responding&quot; and the whole lot has to be killed with the task manager.&nbsp;&nbsp; Closing the mapper gui with the &quot;X&quot; close box also creates the same problem.&nbsp;&nbsp;&nbsp; Also interesting is that as soon as the mapper is added to the VST Instruments panel (even before a midi track is created) the audio &quot;stereo out&quot; meter goes to max with clip warning on both channels and stays there even if I try turning the volume right down.&nbsp;&nbsp;&nbsp; I've not tried listening to this through my XS8!&nbsp;&nbsp;&nbsp;</p>\r\n<p>If I create an audio track in a new project and add the Delay to the inserts on this track the &quot;e&quot; button on the track insert and the &quot;x&quot; close box seem to work as expected.&nbsp;&nbsp;&nbsp;&nbsp; Interestingly, as soon as I put this &quot;audio&quot; Delay insert in place, the Midi out monitor on the Cubase Transport starts showing usage, if I switch on the insert bypass, the Midi usage stops.&nbsp;&nbsp; As said earlier ... I'm certainly not an expert but would not have expected that.</p>\r\n<p>Adding the Core Plug-in sample also has the same &quot;closure&quot; problem as the Mapper.</p>\r\n<p>I really would like to try some C# VST development and I'm hoping this is not simply a Cubase 5, 64 bit or Vista issue which cannot be cured.&nbsp;&nbsp;&nbsp; If I can help with any diagnostics then please let me know.</p>\r\n<p>&nbsp;</p>",
    "PostedDate": "2009-08-10T11:27:08.34-07:00",
    "UserRole": null,
    "MarkedAsAnswerDate": null
  },
  {
    "Id": "224205",
    "ThreadId": "64899",
    "Html": "<p>Wow, major weirdness!?</p>\r\n<p>I don't own a copy of Cubase 5 so I cannot give you any help with that. I would suggest that you take the debug versions of the *.dll's and try to step into the code. I know that may be somewhat daunting but once you know what methods are called you can start to analyze what is going on. Start by setting your breakpoints in the methods of the StdPluginCommandStub class that is located in the Plugin Namespace of the Jacobi.Vst.Framework assembly.</p>\r\n<p>Or perhaps you can try to load the Core plugin sample? That sample displays the calls in its UI...</p>",
    "PostedDate": "2009-08-17T03:21:11.983-07:00",
    "UserRole": null,
    "MarkedAsAnswerDate": null
  }
]