[
  {
    "Id": "245767",
    "ThreadId": "72016",
    "Html": "<p>Hello.&nbsp; Last year sometime I posted a thread about building MIDI plugins targeting FLStudio using VST.NET (thread here: http://vstnet.codeplex.com/Thread/View.aspx?ThreadId=41819 ).&nbsp; At that point I was trying to create a MIDI effect plugin and since then FLStudio 9 has made things REALLY easy as far as loading synth plugins that output midi and routing them to any other vsti, so now I can build a regular instrument VST that takes midi in and outputs midi, pretty much like that MIDI Note Mapper sample does.</p>\r\n<p>I came back to see if anything has changed but sadly, I rebuilt the MIDI Note Mapper plugin to see if it would work fine in FLStudio and it doesn't.&nbsp; It loads fine and gives no errors, but it just doesn't seem to be outputting MIDI where I tell it to go.&nbsp; A similar plugin works fine (in particular, I tested Sanford Arpeggiator: http://www.lesliesanford.com/SanfordArpeggiator.shtml with no problems).&nbsp; So FLStudio still can handle these types of plugins, but something is still missing from the VST.NET version of them.</p>\r\n<p>Has anyone built a MIDI plugin using VST.NET and gotten it to work in FLStudio?&nbsp; Has anyone explored this and maybe figured out what changes to the code could be made to get it to work?&nbsp; I'd be willing to put the time into getting it to work if I only knew where to start.</p>",
    "PostedDate": "2009-10-14T14:41:57.397-07:00",
    "UserRole": null,
    "MarkedAsAnswerDate": null
  },
  {
    "Id": "245927",
    "ThreadId": "72016",
    "Html": "<p>Did you download the latest sources or try the binary? The sources contain an addition of the 'obsolete' wantMidi opcode that some host need to sent the plugin midi in the first place.</p>\r\n<p>You could try to debug the calls that are made by FL to the plugin. Put breakpoints in all the methods of the StdPluginCommandStub and you'll at least be able to see what methods are called and what parameter values are passed in or returned.</p>",
    "PostedDate": "2009-10-15T01:26:56.58-07:00",
    "UserRole": null,
    "MarkedAsAnswerDate": null
  },
  {
    "Id": "246331",
    "ThreadId": "72016",
    "Html": "<p>Ah I just tried the 0.7 binary.&nbsp; I'll build from the source and see if it works and post my results :)</p>",
    "PostedDate": "2009-10-15T18:51:34.757-07:00",
    "UserRole": null,
    "MarkedAsAnswerDate": null
  },
  {
    "Id": "246363",
    "ThreadId": "72016",
    "Html": "<p>Ok, built from source, but I'm a little confused about how to implement the IVstHostDeprecated thing.&nbsp; From the release notes:</p>\r\n<p><em>Added support for the deprecated method WantMidi on the HostCommandStub. The Framework now contains an extra IVstHostDeprecated interface a plugin can use to call deprecated methods. The PluginBase(WithInterfaceManager) base classes now implement the Resume method to call WantMidi when the Plugin implements the IVstMidiProcessor.</em></p>\r\n<p>In the midi note mapper sample, for example, which class needs to get this interface?&nbsp; How does the code need to be changed to make use of this?</p>",
    "PostedDate": "2009-10-15T21:41:47.153-07:00",
    "UserRole": null,
    "MarkedAsAnswerDate": null
  },
  {
    "Id": "246374",
    "ThreadId": "72016",
    "Html": "<p>The IVstHostDeprecated interface is called from within the framework VstPlugin base classes (Resume). So as long as you use one of the base classes that implement the IVstPlugin interface, you don't need to do anything. Otherwise, copy the implementation from the framework code into your own code.</p>\r\n<p>So when you have a build of the Samples, just go ahead and try it out.</p>\r\n<p>Hope it helps.</p>\r\n<p>&nbsp;</p>",
    "PostedDate": "2009-10-15T22:25:36.93-07:00",
    "UserRole": null,
    "MarkedAsAnswerDate": null
  },
  {
    "Id": "246411",
    "ThreadId": "72016",
    "Html": "<p>Argh, ok.&nbsp; Well I built from source and built the note mapper plug with no modifications and I still can't get it to send MIDI in FLStudio.&nbsp; I'll try again to hook up the MIDI monitor thing I did last year to see what it is sending/receiving compared to the other MIDI plugins that do work in FLStudio and see what is different I guess.</p>\r\n<p>If anyone else is building a MIDI plugin using VST.NET you should be able to test FLStudio's reaction to it in the demo: http://flstudio.image-line.com/documents/download.html</p>\r\n<p>&nbsp;</p>",
    "PostedDate": "2009-10-16T00:56:39.463-07:00",
    "UserRole": null,
    "MarkedAsAnswerDate": null
  },
  {
    "Id": "246435",
    "ThreadId": "72016",
    "Html": "<p>Could you also trace the method parameters? For instance the CanDo call the Eckel plugin makes to the host might be interesting to see what it asks (see previous thread http://vstnet.codeplex.com/Thread/View.aspx?ThreadId=41819).</p>\r\n<p>I see if I can help you out with this, but my time is pretty limited right now. No promises.</p>\r\n<p>PS: I created an work item to include method tracing diagnostics in VST.NET to make these sort of issues easier to resolve. No idea when it will be done, though...</p>",
    "PostedDate": "2009-10-16T02:50:15.947-07:00",
    "UserRole": null,
    "MarkedAsAnswerDate": null
  },
  {
    "Id": "246776",
    "ThreadId": "72016",
    "Html": "<p>I just ran the MIDI note mapper plug and the sanford arpeggiator plug through VSTSpy to see what differences there are:</p>\r\n<p><strong>receiveVstTimeInfo</strong></p>\r\n<p>Sanford: yes</p>\r\n<p>MIDI note mapper: no</p>\r\n<p>That's the only difference.&nbsp; I noticed you listed that on your SDK questions page ( http://vstnet.codeplex.com/wikipage?title=VST%20SDK%20Questions&amp;ProjectName=vstnet <strong>&quot;What does the ReceiveVstTimeInfo CanDo string for a plugin mean?&quot;</strong> ) so maybe that's helpful?&nbsp; Dunno.&nbsp;</p>\r\n<p>I also noticed that the Eckel plugin also has yes for this value.</p>\r\n<p>The other difference was that the Sanford plug is configured with 0 ins and 1 out, but I modified the MIDI note mapper plugin to match that before testing.&nbsp; I tested it both ways (trying everything!)</p>\r\n<p>&nbsp;</p>",
    "PostedDate": "2009-10-16T19:13:42.823-07:00",
    "UserRole": null,
    "MarkedAsAnswerDate": null
  },
  {
    "Id": "246875",
    "ThreadId": "72016",
    "Html": "<p>You could try to add the VstPlugInCapabilities.ReceiveTimeInfo constant (enumeration) to the (base class) constructor of the Plugin class of the MidiNoteMapper sample.</p>\r\n<p>This will cause the plugin to respond with yes to the CanDo.</p>\r\n<p>It already contains VstPluginCapabilities.NoSoundInStop. So to add it you would write &quot;VstPluginCapabilities.NoSoundInStop | VstPlugInCapabilities.ReceiveTimeInfo&quot; (without the quotes).</p>\r\n<p>See if that helps.</p>\r\n<p>&nbsp;</p>",
    "PostedDate": "2009-10-17T08:09:51.003-07:00",
    "UserRole": null,
    "MarkedAsAnswerDate": null
  },
  {
    "Id": "246969",
    "ThreadId": "72016",
    "Html": "<p>Just tried it and still nothing :(</p>\r\n<p>&nbsp;</p>",
    "PostedDate": "2009-10-17T19:12:28.487-07:00",
    "UserRole": null,
    "MarkedAsAnswerDate": null
  },
  {
    "Id": "247050",
    "ThreadId": "72016",
    "Html": "<p>Can you confirm that Midi is in fact reaching the plugin (set a breakpoint at the VstMidiProcessor.Process)?</p>\r\n<p>And if so, that the VstPluginAudioProcessor.Process is called to output the Midi?</p>",
    "PostedDate": "2009-10-18T09:41:42.513-07:00",
    "UserRole": null,
    "MarkedAsAnswerDate": null
  },
  {
    "Id": "247389",
    "ThreadId": "72016",
    "Html": "<p>Process gets called in both the midi processor and the audio processor.&nbsp; I have confirmed that MIDI is received by the plugin.</p>\r\n<p>However, in AudioProcessor.Process, _hostProcessor is always null.&nbsp; Even after the following code is called:</p>\r\n<p>&nbsp;</p>\r\n<div style=\"color:Black;background-color:White\">\r\n<pre><span style=\"color:Blue\">if</span> (_hostProcessor == <span style=\"color:Blue\">null</span>) {<br>    _hostProcessor = _plugin.Host.GetInstance&lt;IVstMidiProcessor&gt;();<br>}<br></pre>\r\n</div>\r\n<p>&nbsp;</p>\r\n<p>_hostProcessor remains null, so the next block of code:</p>\r\n<p>&nbsp;</p>\r\n<pre>if (_midiProcessor != null &amp;&amp; _hostProcessor != null &amp;&amp; _midiProcessor.Events.Count &gt; 0) {<br>    _hostProcessor.Process(_midiProcessor.Events);<br>    _midiProcessor.Events.Clear();<br>}</pre>\r\n<p>&nbsp;</p>\r\n<p>is never executed.&nbsp; I have confirmed that _midiProcessor.Events.Count &gt; 0 when it should be.</p>\r\n<p>&nbsp;</p>",
    "PostedDate": "2009-10-19T11:27:31.047-07:00",
    "UserRole": null,
    "MarkedAsAnswerDate": null
  },
  {
    "Id": "247479",
    "ThreadId": "72016",
    "Html": "<p>Aaaaaand... I just realized that's where I left off with this in December of 08 -- with the _hostProcessor null.&nbsp; ( http://vstnet.codeplex.com/Thread/View.aspx?ThreadId=41819 )</p>\r\n<p>&nbsp;</p>\r\n<p>So I'm full circle again. :)</p>",
    "PostedDate": "2009-10-19T15:18:50.143-07:00",
    "UserRole": null,
    "MarkedAsAnswerDate": null
  },
  {
    "Id": "247508",
    "ThreadId": "72016",
    "Html": "<p>Ok, I got this to work.&nbsp; But here's what I had to do:</p>\r\n<p>\r\n<pre>private IVstMidiProcessor CreateMidiProcessor(IVstMidiProcessor instance) {\r\n  if (instance == null &amp;&amp; true)\r\n                //_host.HostCommandStub.CanDo(VstHostCanDo.ReceiveVstEvents) != VstCanDoResult.No &amp;&amp;\r\n                //_host.HostCommandStub.CanDo(VstHostCanDo.ReceiveVstMidiEvent) != VstCanDoResult.No) \r\n  {\r\n                return new VstHostMidiProcessor(_host);\r\n  }\r\n\r\n  return instance;\r\n}</pre>\r\n</p>\r\n<p>That's in Jacobi.Vst.Framework.Host.VstHostInterfaceManager.cs</p>\r\n<p>Basically it will now just create the interface regardless of whether the host returns those candos.&nbsp;</p>",
    "PostedDate": "2009-10-19T18:07:46.83-07:00",
    "UserRole": null,
    "MarkedAsAnswerDate": null
  },
  {
    "Id": "247564",
    "ThreadId": "72016",
    "Html": "<p>That's right, I remember. I changed the code so that it would except everything but No (used to be: must be Yes).<br>(Hmmm looking at the online source-code it still says Yes. Something has gone wrong there...)</p>\r\n<p>Can you perform one more test for me?</p>\r\n<p>Could you comment one of those lines back in and see which one actually returns No?</p>\r\n<p>(My guess is that the ReceieveVstEvents will return No)</p>\r\n<p>Then I can change the code so others do not have this problem.</p>\r\n<p>Thanx very much.</p>",
    "PostedDate": "2009-10-19T22:27:24.337-07:00",
    "UserRole": null,
    "MarkedAsAnswerDate": null
  },
  {
    "Id": "247782",
    "ThreadId": "72016",
    "Html": "<p>Yep, ReceiveVstEvents returns no.</p>\r\n<p>VstHostCanDo.ReceiveVstMidiEvent is fine.</p>\r\n<p>Also sorry for the confusion, I changed those lines from == yes to != no while I was experimenting :)</p>\r\n<p>&nbsp;</p>",
    "PostedDate": "2009-10-20T10:02:44.427-07:00",
    "UserRole": null,
    "MarkedAsAnswerDate": null
  },
  {
    "Id": "247791",
    "ThreadId": "72016",
    "Html": "<p>Now that that's worked out I have a tangentially related question if I may.</p>\r\n<p>This code:</p>\r\n<p>\r\n<pre>mappedEvent = new VstMidiEvent(midiEvent.DeltaFrames, \r\n                            midiEvent.NoteLength, \r\n                            midiEvent.NoteOffset, \r\n                            midiData, \r\n                            midiEvent.Detune, \r\n                            midiEvent.NoteOffVelocity);\r\n\r\n                        Events.Add(mappedEvent);\r\n\r\n                        // add raw note-on note numbers to the queue\r\n                        if((midiEvent.MidiData[0] &amp; 0xF0) == 0x90)\r\n                        {\r\n                            lock (((ICollection)NoteOnEvents).SyncRoot)\r\n                            {\r\n                                NoteOnEvents.Enqueue(midiEvent.MidiData[1]);\r\n                            }\r\n                        }</pre>\r\ncreates a mapped event and adds it to the event list that gets passed to the host in the audioprocessor process function.&nbsp; If there is no mapping, then the original event just gets passed through as is, so I'm trying to figure out what the second part of that snippet does, adding the raw note-on numbers to the queue?&nbsp; Which queue and why does this need to happen?</p>\r\n<p>&nbsp;</p>",
    "PostedDate": "2009-10-20T10:19:41.133-07:00",
    "UserRole": null,
    "MarkedAsAnswerDate": null
  },
  {
    "Id": "247826",
    "ThreadId": "72016",
    "Html": "<p>Ok. thanx for checking that. I will change the source code to only use the ReceiveVstMidiEvents and test for not No.</p>\r\n<p>That last bit -adding note on numbers- has nothing to do with inputing/mapping./outputting midi. It is just a list that is used by the UI to select the mapping item when it is applied. It is meant as an example of asynchronous 'processor' - UI interaction that was requested by another user. Perhaps I should clarify it more in the comments, but I rushed it a bit to help the user who requested such an example in the little time I had ;-)</p>",
    "PostedDate": "2009-10-20T11:40:44.247-07:00",
    "UserRole": null,
    "MarkedAsAnswerDate": null
  }
]