[
  {
    "Id": "1229014",
    "ThreadId": "540808",
    "Html": "started a new discussion\r<br />\n<br />\nMy Question\r<br />\n<br />\nI've been playing with this code and it actually works, and works well! \r<br />\n<br />\nHave a question i was trying to do an effects bypass such as plugins[0].SetBypass(true); and it is not an working. <br />\n<h2>I'm i doing this right? </h2>\nMarc's answer from other location\r<br />\n<br />\nIf a plugin support its own bypass it will respond to a 'bypass' CanDo (VstPluginCanDo.Bypass). If it does not respond to that can-do string, it does not support bypass and the host should implement it. \r<br />\n<br />\nThe VST.NET Framework implements the CanDo method by checking the interfaces for the various features (IVstPluginBypass in this case). \r<br />\n<br />\nHope it helps. \r<br />\nMarc <br />\n",
    "PostedDate": "2014-04-01T06:41:39.15-07:00",
    "UserRole": null,
    "MarkedAsAnswerDate": null
  },
  {
    "Id": "1229019",
    "ThreadId": "540808",
    "Html": "So you wrote if the vst doesn't support bypass then the Host should implement it, \r<br />\nHow would i do that? remove the VST from the VstPluginContext?\r<br />\n<br />\nBTW, Amazing work you have one with this.\r<br />\n-Jeff<br />\n",
    "PostedDate": "2014-04-01T06:48:14.687-07:00",
    "UserRole": null,
    "MarkedAsAnswerDate": null
  },
  {
    "Id": "1229041",
    "ThreadId": "540808",
    "Html": "Hi Jeff,\r<br />\n<br />\nI cannot judge the specifics on how to do it, because it relies on how you have setup things.\r<br />\n<br />\nIf the plugin does not support it, a bypass would simply not call the plugin for audio and midi processing but bypass the input (that would normally go to the plugin) directly to the output - that either goes to the next plugin or the mixing stage or audio output device of your host...\r<br />\n<br />\nThe VstPluginContext represents the plugin to the host. When you release that you loose your plugin and have to load it again (expensive). So the VstPluginContext should be kept alive as long as the plugin is used (bypassed or not).\r<br />\n<br />\n[2c]\r<br />\nMarc.<br />\n",
    "PostedDate": "2014-04-01T07:51:16.947-07:00",
    "UserRole": null,
    "MarkedAsAnswerDate": null
  },
  {
    "Id": "1229060",
    "ThreadId": "540808",
    "Html": "I think I have a way that may work.\r<br />\nnot very conventional but just did a test and seems to not have not noticeable issues.\r<br />\n<br />\nBasically when playing the audio(in my case a loop file). I start a clean version of it as the same exact time., but doing this i can just control the volume to the vst output. \r<br />\n<br />\nKind of the way you would do it in the studio with an external rack effect. \r<br />\n<br />\n-Jeff<br />\n",
    "PostedDate": "2014-04-01T08:51:53.737-07:00",
    "UserRole": null,
    "MarkedAsAnswerDate": null
  },
  {
    "Id": "1229085",
    "ThreadId": "540808",
    "Html": "That sounds like an expensive way to do it.\r<br />\n<br />\nThis is the implementation the Audio processor base class uses to implement bypass. Call this instead of the plugin and you'll have bypass...<br />\n<pre><code>public virtual void Process(VstAudioBuffer[] inChannels, VstAudioBuffer[] outChannels)\n        {\n            int outCount = outChannels.Length;\n\n            for (int n = 0; n &lt; outCount; n++)\n            {\n                for (int i = 0; i &lt; inChannels.Length &amp;&amp; n &lt; outCount; i++, n++)\n                {\n                    inChannels[i].CopyTo(outChannels[n]);\n                }\n            }\n        }</code></pre>\n\nHope it helps,\r<br />\nMarc<br />\n",
    "PostedDate": "2014-04-01T10:00:08.127-07:00",
    "UserRole": null,
    "MarkedAsAnswerDate": null
  },
  {
    "Id": "1229086",
    "ThreadId": "540808",
    "Html": "I would just call ProcessReplacing as usual with the correct Input Channels and Ignore the Output Channels.\r<br />\nIf the effect is something like a look ahead compressor, it might use the Input Channels even in case of a bypass.<br />\n",
    "PostedDate": "2014-04-01T10:06:05.497-07:00",
    "UserRole": null,
    "MarkedAsAnswerDate": null
  }
]