[
  {
    "Id": "192926",
    "ThreadId": "57099",
    "Html": "<p>Hello,</p>\r\n<p>some more questions:</p>\r\n<p>1. how do you send midi-out data on another channel then channel 1?</p>\r\n<p>2. Is is possible to create a plugin with more than 1 in/output port? e.g. 64 input channels on 4 input ports.</p>\r\n<p>thx</p>\r\n<p>Tuur</p>",
    "PostedDate": "2009-05-21T13:06:40.84-07:00",
    "UserRole": null,
    "MarkedAsAnswerDate": null
  },
  {
    "Id": "192949",
    "ThreadId": "57099",
    "Html": "<p>To answer myself a bit:</p>\r\n<p>I discoverd that it has something to do with the MidiEvent.MidiData byte array. I recorded the output and it show continually:</p>\r\n<p>240<br>0<br>0<br>0</p>\r\n<p>The number 240 changes in 241 (242, 243,..) if i set the channel to 2 (3, 4, ..)</p>\r\n<p>When i press a key on my keyboard it shows:<br>144<br>60<br>100<br>0</p>\r\n<p>and</p>\r\n<p>144<br>60<br>0<br>0</p>\r\n<p>60 means it's a C4 note. 144 changes in 145 if i set the channel to 2.<br>So all this numbers have something to do with my question. But what i'm really looking for is some info about what the meaning is of all the number in MidiData. Where can i find that?</p>\r\n<p>kind regards,</p>\r\n<p>Tuur</p>",
    "PostedDate": "2009-05-21T14:21:53.317-07:00",
    "UserRole": null,
    "MarkedAsAnswerDate": null
  },
  {
    "Id": "193659",
    "ThreadId": "57099",
    "Html": "<p>Hi,</p>\r\n<p>Check out Jeff Glatt's site. it contains a pretty good midi spec: <a href=\"http://home.roadrunner.com/~jgglatt/tech/midispec.htm\"><span style=\"color:#800080\">http://home.roadrunner.com/~jgglatt/tech/midispec.htm</span></a></p>\r\n<p>Multiple ports is not supported by the VST interface,&nbsp;but you could manage them yourself in the plugin (if the host has not opened (locked) them all)..</p>",
    "PostedDate": "2009-05-24T04:43:56.817-07:00",
    "UserRole": null,
    "MarkedAsAnswerDate": null
  }
]