[
  {
    "Id": "522913",
    "ThreadId": "234945",
    "Html": "\r\n<p>Hi. I've used VST.NET to make a vst host. Everything goes fine, through to the moment, when I trigger generating sound on loaded plugins. The problem is that is very very slow, but finally i've got my generated sample.</p>\r\n<p>Here is the method, which performs triggering the plugin to generate some audio data:</p>\r\n<p></p>\r\n<div style=\"color:black; background-color:white\">\r\n<pre><span style=\"color:blue\">private</span> <span style=\"color:blue\">void</span> PluginEditor_KeyDown(<span style=\"color:blue\">object</span> sender, KeyEventArgs e)\r\n        {\r\n            VstPluginContext PluginContext = <span style=\"color:blue\">this</span>.vpc;\r\n            <span style=\"color:blue\">if</span> ((PluginContext.PluginInfo.Flags &amp; VstPluginFlags.CanReplacing) == 0)\r\n            {\r\n                <span style=\"color:blue\">return</span>;\r\n            }\r\n\r\n            <span style=\"color:blue\">int</span> inputCount = PluginContext.PluginInfo.AudioInputCount;\r\n            <span style=\"color:blue\">int</span> outputCount = PluginContext.PluginInfo.AudioOutputCount;\r\n            <span style=\"color:blue\">int</span> blockSize = 512;\r\n\r\n            VstAudioBufferManager inputMgr;\r\n            VstAudioBufferManager outputMgr;\r\n\r\n            inputMgr = <span style=\"color:blue\">new</span> VstAudioBufferManager(inputCount, blockSize);\r\n            outputMgr = <span style=\"color:blue\">new</span> VstAudioBufferManager(outputCount, blockSize);\r\n\r\n            PluginContext.PluginCommandStub.SetBlockSize(blockSize);\r\n            PluginContext.PluginCommandStub.SetSampleRate(44.100f);\r\n            \r\n            <span style=\"color:blue\">byte</span>[] midiData = <span style=\"color:blue\">new</span> <span style=\"color:blue\">byte</span>[4];\r\n            midiData[0] = 144; <span style=\"color:green\">// Send note on midi channel 1 </span>\r\n            midiData[1] = 72;   <span style=\"color:green\">// Midi note </span>\r\n            midiData[2] = 100; <span style=\"color:green\">// Note strike velocity </span>\r\n            midiData[3] = 0;    <span style=\"color:green\">// Reserved, unused </span>\r\n\r\n            VstMidiEvent vse = <span style=\"color:blue\">new</span> VstMidiEvent(<span style=\"color:green\">/*DeltaFrames*/</span> 0,\r\n                <span style=\"color:green\">/*NoteLength*/</span> 0,\r\n                <span style=\"color:green\">/*NoteOffset*/</span>  0,\r\n                                                                           midiData,\r\n                <span style=\"color:green\">/*Detune*/</span>        0,\r\n                <span style=\"color:green\">/*NoteOffVelocity*/</span> 127);\r\n\r\n            VstEvent[] ve = <span style=\"color:blue\">new</span> VstEvent[1];\r\n            ve[0] = vse;\r\n\r\n            PluginContext.PluginCommandStub.MainsChanged(<span style=\"color:blue\">true</span>);\r\n            \r\n            PluginContext.PluginCommandStub.StartProcess();\r\n            PluginContext.PluginCommandStub.ProcessEvents(ve);\r\n            PluginContext.PluginCommandStub.ProcessReplacing(inputMgr.ToArray(), outputMgr.ToArray()); // &lt;--- THAT IS VEEEEERY SLOW\r\n            PluginContext.PluginCommandStub.StopProcess();\r\n\r\n            PluginContext.PluginCommandStub.MainsChanged(<span style=\"color:blue\">false</span>);\r\n            \r\n\r\n            WaveDisplay wd = <span style=\"color:blue\">new</span> WaveDisplay(outputMgr);\r\n            wd.ShowDialog(); // &lt;------------------ FOR DISPLAYING THIS WINDOW I MUST WAIT ABOUT 20 secs FROM method beginning\r\n        }</pre>\r\n<pre>Any Idea what I am doing wrong? </pre>\r\n</div>\r\n<p></p>\r\n",
    "PostedDate": "2010-11-16T13:15:49.13-08:00",
    "UserRole": null,
    "MarkedAsAnswerDate": null
  },
  {
    "Id": "523645",
    "ThreadId": "234945",
    "Html": "\r\n<p>What plugin do you load?</p>\r\n",
    "PostedDate": "2010-11-17T23:24:42.92-08:00",
    "UserRole": null,
    "MarkedAsAnswerDate": null
  },
  {
    "Id": "523650",
    "ThreadId": "234945",
    "Html": "\r\n<p>I'm working with&nbsp;Ummet Ozcan - Genesis VSTi. Problem has been partculary solved - I had output latency in my Host Command Stub set to 200,</p>\r\n<p>so I replaced it to 0 and it works.</p>\r\n<p>Now the problem is MIDI trigerring latency. When I trigger note, it is played after about 1-2 seconds.</p>\r\n<p>Do you think this may be caused by FMOD which uses DirectSound? I currently attempting to use ASIO, hope it helps.</p>\r\n<p>&nbsp;</p>\r\n",
    "PostedDate": "2010-11-17T23:45:20.517-08:00",
    "UserRole": null,
    "MarkedAsAnswerDate": null
  },
  {
    "Id": "523710",
    "ThreadId": "234945",
    "Html": "\r\n<p>ASIO solved the problem. Now live playing is smooth with no latency. :)</p>\r\n",
    "PostedDate": "2010-11-18T02:27:37.763-08:00",
    "UserRole": null,
    "MarkedAsAnswerDate": null
  },
  {
    "Id": "523738",
    "ThreadId": "234945",
    "Html": "\r\n<p>Nice!</p>\r\n",
    "PostedDate": "2010-11-18T03:40:26.107-08:00",
    "UserRole": null,
    "MarkedAsAnswerDate": null
  }
]