[
  {
    "Id": "1117402",
    "ThreadId": "465340",
    "Html": "Hello, I'm trying to integrate VST effects into Unity3D, but I keep getting this error when Unity tries to compile. Does anybody recognize this error or is it just a Unity only thing? I've traced Mono.CSharp down to a method that replaces built-in types with Unity types, but I'm not sure if that would cause this. Thanks!!\r<br />\n~Jake<br />\n<pre><code>Internal compiler error. See the console log for more information. output was:\n\nUnhandled Exception: System.Reflection.ReflectionTypeLoadException: The classes in the module cannot be loaded.\n\n  at (wrapper managed-to-native) System.Reflection.Assembly:GetTypes (bool)\n\n  at System.Reflection.Assembly.GetTypes () [0x00000] in &lt;filename unknown&gt;:0 \n \n  at Mono.CSharp.RootNamespace.ComputeNamespaces (System.Reflection.Assembly assembly, System.Type extensionType) [0x00000] in &lt;filename unknown&gt;:0 \n\n  at Mono.CSharp.RootNamespace.ComputeNamespace (Mono.CSharp.CompilerContext ctx, System.Type extensionType) [0x00000] in &lt;filename unknown&gt;:0 \n \nat Mono.CSharp.GlobalRootNamespace.ComputeNamespaces (Mono.CSharp.CompilerContext ctx) [0x00000] in &lt;filename unknown&gt;:0 \n\nat Mono.CSharp.Driver.LoadReferences () [0x00000] in &lt;filename unknown&gt;:0 \n\n  at Mono.CSharp.Driver.Compile () [0x00000] in &lt;filename unknown&gt;:0 \n\n  at Mono.CSharp.Driver.Main (System.String[] args) [0x00000] in &lt;filename unknown&gt;:0</code></pre>\n\n",
    "PostedDate": "2013-11-04T13:09:53.643-08:00",
    "UserRole": null,
    "MarkedAsAnswerDate": null
  },
  {
    "Id": "1117452",
    "ThreadId": "465340",
    "Html": "Yes, definitely mono related, not unity and VST.Net.<br />\n",
    "PostedDate": "2013-11-04T16:26:01.927-08:00",
    "UserRole": null,
    "MarkedAsAnswerDate": null
  },
  {
    "Id": "1117472",
    "ThreadId": "465340",
    "Html": "That's good news! So should I try to modify the Mono source code or is there a better way to fix it?\r<br />\n<br />\nThanks!<br />\n",
    "PostedDate": "2013-11-04T19:11:22.65-08:00",
    "UserRole": null,
    "MarkedAsAnswerDate": null
  },
  {
    "Id": "1117475",
    "ThreadId": "465340",
    "Html": "Maybe have a look at the 'console log' as hinted in the exception stack trace to get the name of the assembly being reflected (filename unknown?). Vst.Net and Unity both use assemblies with ties to native code (pinvoke), how does mono support this feature? The 'wrapper managed-to-native' throwing error suggest a lack of compatibility with low level datatypes but I can't tell more just from this.<br />\n",
    "PostedDate": "2013-11-04T19:19:57.863-08:00",
    "UserRole": null,
    "MarkedAsAnswerDate": null
  },
  {
    "Id": "1117485",
    "ThreadId": "465340",
    "Html": "That was extremely helpful, thank you! I discovered the error was Mono using .NET 3.5 but the version of VST.NET was 4.0, so i switched to the 2.0 DLLs and I'm currently getting no errors ^_^<br />\n",
    "PostedDate": "2013-11-04T21:16:28.32-08:00",
    "UserRole": null,
    "MarkedAsAnswerDate": null
  }
]