[
  {
    "Id": "1208366",
    "ThreadId": "531884",
    "Html": "Is there a way to step debug through the code in VS2013 while a host is launching my VST DLL? If so how?<br />\n",
    "PostedDate": "2014-02-14T06:14:07.067-08:00",
    "UserRole": null,
    "MarkedAsAnswerDate": null
  },
  {
    "Id": "1208460",
    "ThreadId": "531884",
    "Html": "Open your managed plugin project in VS2013 and make sure you have a Debug build (we need those symbols).\r<br />\n<br />\nrename the output .dll of your project to [my-plugin].net.vstdll\r<br />\nrename the Jacobi.Vst.Interop.dll to [my-plugin].dll\r<br />\n<br />\nI chose to automate this in a post-build event in the project. But you can do it manually also (gets boring quickly ;-).\r<br />\n<br />\nMake sure the Jacobi.Vst.Core.dll and the Jacobi.Vst.Framework.dll are also available in the folder with the other assemblies.\r<br />\n<br />\nNow start your DAW and point to the folder that contains your newly build assemblies and load the plugin.\r<br />\n<br />\nIn VS2013 goto the Debug menu and select the 'Attach to Process...' option. Select your DAW process from the list and click Attach.\r<br />\nYou should now be able to set break points and step through the code.\r<br />\n<br />\nHope it helps.\r<br />\nMarc<br />\n",
    "PostedDate": "2014-02-14T08:50:47.347-08:00",
    "UserRole": null,
    "MarkedAsAnswerDate": null
  }
]