[
  {
    "Id": "558536",
    "ThreadId": "244094",
    "Html": "\r\n<p>Hi all,</p>\r\n<p>&nbsp;</p>\r\n<p>The license agreement is a bit too ambigous for me... could somebody please tell me if I am allowed to use VST.NET to build commercial VSTs?</p>\r\n<p>&nbsp;</p>\r\n<p>Regards</p>\r\n<p>Thomas</p>\r\n",
    "PostedDate": "2011-02-01T01:24:51.48-08:00",
    "UserRole": null,
    "MarkedAsAnswerDate": null
  },
  {
    "Id": "558790",
    "ThreadId": "244094",
    "Html": "\r\n<p>Yes you may.</p>\r\n<p>- Include a copyright notice for VST.NET (Copyright (c) Jacobi Software 2011)<br>\r\n- Include the license for VST.NET</p>\r\n<p>- You may NOT ask money for VST.NET itself.<br>\r\n- You may charge for your own software build on/with VST.NET.</p>\r\n<p>Assuming you will use the released binaries (signed with my key).</p>\r\n<p>Hope it helps.</p>\r\n",
    "PostedDate": "2011-02-01T09:21:49.663-08:00",
    "UserRole": null,
    "MarkedAsAnswerDate": null
  },
  {
    "Id": "558831",
    "ThreadId": "244094",
    "Html": "\r\n<p>Exactly what I wanted to know, thank you. :-)</p>\r\n",
    "PostedDate": "2011-02-01T10:36:41.337-08:00",
    "UserRole": null,
    "MarkedAsAnswerDate": null
  },
  {
    "Id": "559162",
    "ThreadId": "244094",
    "Html": "\r\n<p>Hi Marc,</p>\r\n<p>Could you distribute binairies built with the 64 bit flags?</p>\r\n<p>I hope it could&nbsp;fix VST that crashes when calling ProcessReplacing.&nbsp;I tested hosting a dozen plugins and I always get a Read/Write protected memory exception with&nbsp; &quot;&#65279;Waldo Largorf&nbsp;&quot; and &quot;shakey-pad vst&quot;. They pass fine when calling with\r\n SampleFrame=0 but anything higher than that make them crash. I can manage to run both plugin&nbsp;inside phrazor vst&nbsp;which is then&nbsp;hosted in my application with vst.net so I guess it could be some kind of buffer&nbsp;size issue.</p>\r\n<p>Thanks for recent update, your work is very apreciated.</p>\r\n<p>Yury</p>\r\n",
    "PostedDate": "2011-02-01T23:23:40.557-08:00",
    "UserRole": null,
    "MarkedAsAnswerDate": null
  },
  {
    "Id": "564390",
    "ThreadId": "244094",
    "Html": "<p>Great, I found the source of the bug. Plugin was requesting a VSTTimeInfo Structure and tried to read it back without validating the cast. Filling the struct with the right info made it work like magic. :D</p>\n<p>&nbsp;&nbsp;&nbsp;&nbsp;&nbsp;&nbsp;&nbsp; /// &lt;inheritdoc /&gt;<br />&nbsp;&nbsp;&nbsp;&nbsp;&nbsp;&nbsp;&nbsp; public Jacobi.Vst.Core.VstTimeInfo GetTimeInfo(Jacobi.Vst.Core.VstTimeInfoFlags filterFlags)<br />&nbsp;&nbsp;&nbsp;&nbsp;&nbsp;&nbsp;&nbsp; {<br />&nbsp;&nbsp;&nbsp;&nbsp;&nbsp;&nbsp;&nbsp;&nbsp;&nbsp;&nbsp;&nbsp; RaisePluginCalled(\"GetTimeInfo(\" + filterFlags + \")\");<br />&nbsp;&nbsp;&nbsp;&nbsp;&nbsp;&nbsp;&nbsp;&nbsp;&nbsp;&nbsp;&nbsp; vstTimeInfo.SamplePosition = 0.0;<br />&nbsp;&nbsp;&nbsp;&nbsp;&nbsp;&nbsp;&nbsp;&nbsp;&nbsp;&nbsp;&nbsp; vstTimeInfo.SampleRate = 44100;<br />&nbsp;&nbsp;&nbsp;&nbsp;&nbsp;&nbsp;&nbsp;&nbsp;&nbsp;&nbsp;&nbsp; vstTimeInfo.NanoSeconds = 0.0;<br />&nbsp;&nbsp;&nbsp;&nbsp;&nbsp;&nbsp;&nbsp;&nbsp;&nbsp;&nbsp;&nbsp; vstTimeInfo.PpqPosition = 0.0;<br />&nbsp;&nbsp;&nbsp;&nbsp;&nbsp;&nbsp;&nbsp;&nbsp;&nbsp;&nbsp;&nbsp; vstTimeInfo.Tempo = 120.0;<br />&nbsp;&nbsp;&nbsp;&nbsp;&nbsp;&nbsp;&nbsp;&nbsp;&nbsp;&nbsp;&nbsp; vstTimeInfo.BarStartPosition = 0.0;<br />&nbsp;&nbsp;&nbsp;&nbsp;&nbsp;&nbsp;&nbsp;&nbsp;&nbsp;&nbsp;&nbsp; vstTimeInfo.CycleStartPosition = 0.0;<br />&nbsp;&nbsp;&nbsp;&nbsp;&nbsp;&nbsp;&nbsp;&nbsp;&nbsp;&nbsp;&nbsp; vstTimeInfo.CycleEndPosition = 0.0;<br />&nbsp;&nbsp;&nbsp;&nbsp;&nbsp;&nbsp;&nbsp;&nbsp;&nbsp;&nbsp;&nbsp; vstTimeInfo.TimeSignatureNumerator = 4;<br />&nbsp;&nbsp;&nbsp;&nbsp;&nbsp;&nbsp;&nbsp;&nbsp;&nbsp;&nbsp;&nbsp; vstTimeInfo.TimeSignatureDenominator = 4;<br />&nbsp;&nbsp;&nbsp;&nbsp;&nbsp;&nbsp;&nbsp;&nbsp;&nbsp;&nbsp;&nbsp; vstTimeInfo.SmpteOffset = 0;<br />&nbsp;&nbsp;&nbsp;&nbsp;&nbsp;&nbsp;&nbsp;&nbsp;&nbsp;&nbsp;&nbsp; vstTimeInfo.SmpteFrameRate = new Jacobi.Vst.Core.VstSmpteFrameRate();<br />&nbsp;&nbsp;&nbsp;&nbsp;&nbsp;&nbsp;&nbsp;&nbsp;&nbsp;&nbsp;&nbsp; vstTimeInfo.SamplesToNearestClock = 0;<br />&nbsp;&nbsp;&nbsp;&nbsp;&nbsp;&nbsp;&nbsp;&nbsp;&nbsp;&nbsp;&nbsp; vstTimeInfo.Flags = 0;<br /><br />&nbsp;&nbsp;&nbsp;&nbsp;&nbsp;&nbsp;&nbsp;&nbsp;&nbsp;&nbsp;&nbsp; return vstTimeInfo;<br />&nbsp;&nbsp;&nbsp;&nbsp;&nbsp;&nbsp;&nbsp; }</p>\n<p>Still, it would be great to have official builds with the 64 bit flag if it does help compatibility.</p>\n<p>Regards,</p>\n<p>Yury</p>",
    "PostedDate": "2011-02-10T21:51:05.537-08:00",
    "UserRole": null,
    "MarkedAsAnswerDate": null
  },
  {
    "Id": "564409",
    "ThreadId": "244094",
    "Html": "<p>Good to hear you found the problem.</p>\r\n<p>I intent to release 64 bit binaries in the v1.0. I've already added the build configurations to the vs-projects.<br />When v1.0 will be released is not known at this time. The bug reports have sort of dried up (indicating a stable product - which is good ;-) but I want to get as much as possible in there...</p>\r\n<p>BTW: you dont have to init fields to 0 or 0.0. That is handled by .NET and VST.NET. So you can just specify&nbsp;what you use.&nbsp;;-)</p>\r\n<p>Grtx,<br />Marc</p>",
    "PostedDate": "2011-02-10T22:42:54.583-08:00",
    "UserRole": null,
    "MarkedAsAnswerDate": null
  },
  {
    "Id": "564419",
    "ThreadId": "244094",
    "Html": "<p>Hehehe sure :D</p>\r\n<p>This bug was just so involving that I went Overkill with the memset because even the empty struct was not enough. I think the plugin was trying to cast Flags or SmpteFrameRate pointer to some sort of structure to read it's value resulting in some invalid offset (0x0000000 + 39 bytes). The plugin should have checked if TimeInfo struct was null before accessing it's fields.</p>\r\n<p>It's really great that you keep supporting the library.</p>",
    "PostedDate": "2011-02-10T23:12:19.86-08:00",
    "UserRole": null,
    "MarkedAsAnswerDate": null
  },
  {
    "Id": "564426",
    "ThreadId": "244094",
    "Html": "<p>Thanx, I do my best ;-)</p>",
    "PostedDate": "2011-02-10T23:38:32.32-08:00",
    "UserRole": null,
    "MarkedAsAnswerDate": null
  }
]