[
  {
    "Id": "1459634",
    "ThreadId": "650161",
    "Html": "Hi All,\r<br />\n<br />\nI'm having an issue using the plugin I've developed in certain hosts. I have been happily developing away and debugging in VSTHost. My plugin opens and works correctly and even generates some fairly cool effects (imo), which has led me to think that everything is rosey.\r<br />\n<br />\nSo I thought I'd try and open the plugin in my personal fave host, Cubase, however it doesn't open. Cubase blacklists the plugin (identified by a reference in a Cubase file VST2XBlacklist.xml) and refuses to even try and load it. I am at a bit of a loss as to why this is happening, and confused as it opens just fine in VSTHost. Does anyone have any suggestions as to what to attempt to do about this? \r<br />\n<br />\nJust some background info on my plugin incase it helps.. It's using CLR4 and the UI is WPF. I have attempted to load the samples (e.g. Delay) into Cubase and they seem to be blacklisted too.\r<br />\n<br />\nAny help sincerely appreciated!\r<br />\n<br />\nMany thanks\r<br />\n<br />\nJohn<br />\n",
    "PostedDate": "2016-01-18T05:08:20.813-08:00",
    "UserRole": null,
    "MarkedAsAnswerDate": null
  },
  {
    "Id": "1459644",
    "ThreadId": "650161",
    "Html": "Could there be a mismatch between 32-bit and 64-bit? I would suggest you rebuild your project for the same platform you have Cubase running. \r<br />\nNote, this is independent of the OS.\r<br />\n<br />\n[2c]<br />\n",
    "PostedDate": "2016-01-18T05:41:38.663-08:00",
    "UserRole": null,
    "MarkedAsAnswerDate": null
  },
  {
    "Id": "1459701",
    "ThreadId": "650161",
    "Html": "I'm afraid that doesn't seem to be the problem... I've built the plugin as x86, x64 and AnyCPU. Cubase blacklists the DLLs every time. I'm running 64-bit Cubase so would expect x64 to work.\r<br />\n<br />\nDuring build, I am copying the interop dll to the name of my plugin and renaming the plugin assembly to .net.vstdll (as per the samples), then copying both of these along with the core and framework DLLs - are there any other steps than this? I'm then copying these 4 files to the Cubase VST Plugins directory, and upon load of Cubase all 4 files get blacklisted.\r<br />\n<br />\nI've tried to add all of the sample plugins too, and the same happens.\r<br />\n<br />\nMany thanks for your help.<br />\n",
    "PostedDate": "2016-01-18T12:54:47.677-08:00",
    "UserRole": null,
    "MarkedAsAnswerDate": null
  },
  {
    "Id": "1459734",
    "ThreadId": "650161",
    "Html": "The (renamed) Interop.dll determines if the plugin is 32 or 64 bit. So which one did you use?<br />\n",
    "PostedDate": "2016-01-18T22:07:34.683-08:00",
    "UserRole": null,
    "MarkedAsAnswerDate": null
  },
  {
    "Id": "1459742",
    "ThreadId": "650161",
    "Html": "I've tried both x64 and x86 interoperability files, changing the target platform in my project settings each time.\r<br />\n<br />\nInterestingly, v1.0 x86/CLR4 seems to work (the plugin opens in cubase) but v1.1 x86 does not. As mentioned cubase is 64 but so I would expect the x64 assemblies to work. \r<br />\n<br />\nHowever, v1.0 x86 build loaded into audacity crashes the host. Not sure what I'm missing here, but nothing seems stable. All hosts are running on windows 10 if that makes any difference?<br />\n",
    "PostedDate": "2016-01-18T23:28:37.83-08:00",
    "UserRole": null,
    "MarkedAsAnswerDate": null
  },
  {
    "Id": "1459869",
    "ThreadId": "650161",
    "Html": "Hi,\r<br />\n<br />\nSo after lots of different attempts, the only interop file I can get cubase to recognise is v1.0 clr4 x86. All others are simply ignored. Even with this one working file, the plugin is wildly unstable and eats up 16% of the CPU when opened.\r<br />\n<br />\nI'm at a bit of a loss now, as I've invested a lot of time into using this framework and it looks like the only option is get familiar with the c++ SDK.\r<br />\n<br />\nDoes anyone have any positive experiences of using vst.nwt to develop a plugin that works across a variety of hosts? I don't believe it is down to my code as I've followed the samples to letter.\r<br />\n<br />\nJohn<br />\n",
    "PostedDate": "2016-01-20T00:07:08.56-08:00",
    "UserRole": null,
    "MarkedAsAnswerDate": null
  },
  {
    "Id": "1459872",
    "ThreadId": "650161",
    "Html": "Any chance you could try on a couple of other hosts? VSTHost is particularly easy while Cubase is particularly picky, although I never heard this level of pickyness before...\r<br />\nIf its not just Cubase - we may have a problem. If its just Cubase I could ask around on their dev-list. I do not own Cubase so...<br />\n",
    "PostedDate": "2016-01-20T00:25:43.617-08:00",
    "UserRole": null,
    "MarkedAsAnswerDate": null
  },
  {
    "Id": "1459944",
    "ThreadId": "650161",
    "Html": "I've just tried it in Audacity. The audio processing seems to work but the UI controls (WPF) do not alter the parameters. I also got a message saying the plugin name was too long - I shortened it and created a new build but didn't get this error in Cubase.\r<br />\n<br />\nJust some more info of what I've experienced in Cubase 7.5. So I've tried with every interop file from v1.0 and v1.1 - CLR4/CLR2/x86/x64. The only one Cubase will recognise is v1.0 CLR4 x86. When I load the plugin CPU usage jumps from 2% to 16% on a fairly good spec pc (core i7 4790k). \r<br />\n<br />\nInterestingly the CPU drops quite a bit when audio is played through the plugin.\r<br />\n<br />\nI've tried a build where no PluginEditor is created, but CPU usage still jumps up to 12/13%.\r<br />\n<br />\nBypass doesn't seem to work at all.\r<br />\n<br />\nHope some of the info is useful, many thanks for the support.\r<br />\n<br />\nJohn<br />\n",
    "PostedDate": "2016-01-20T12:19:59.63-08:00",
    "UserRole": null,
    "MarkedAsAnswerDate": null
  },
  {
    "Id": "1459977",
    "ThreadId": "650161",
    "Html": "<blockquote>\nDoes anyone have any positive experiences of using vst.nwt to develop a plugin that works across a variety of hosts? I don't believe it is down to my code as I've followed the samples to letter. <br />\n</blockquote>\n<ul>\n<li>Besides the DLL loader I haven't experienced the problems you described. I doubt such dramatic performance issues comes from the Vst.Net framework because it is a thin wrapper. I got around 0-2% CPU usage on a crappy Celeron dual core laptop. My advice is to attach a profiler to the plugin during execution to narrow down the offending bottleneck.</li>\n</ul>\n",
    "PostedDate": "2016-01-20T17:53:46.423-08:00",
    "UserRole": null,
    "MarkedAsAnswerDate": null
  }
]