[
  {
    "Id": "507160",
    "ThreadId": "230884",
    "Html": "<p>Hi marc, I have a trouble with parameter count that gets changed with some plugins during their lifetime. I'm talking about Rea EQ plugin. When you add new band you get 3 more parameters; gain, bandwith and Q. With vstPluginContext.PluginInfo.ParameterCount I get the old count value. I'm not able to find any simple way&nbsp;which will somehow update and return correct value.&nbsp; With vsthost I get updated parameters with that plugin.</p>\r\n<p>regards, kasaudio</p>\r\n<p><span style=\"font-size:x-small\">&nbsp;</span></p>",
    "PostedDate": "2010-10-14T04:00:57.467-07:00",
    "UserRole": null,
    "MarkedAsAnswerDate": null
  },
  {
    "Id": "507165",
    "ThreadId": "230884",
    "Html": "<p>On the plugin context there's a method thats called AcceptPluginInfoData. The method accepts a bool to indicate if PropertyChanged events should be raised for each property that has changed on the PluginInfo.</p>\r\n<p>Try calling this method before processing audio (or during?) it should update the information in the PluginInfo with the latest information set by the plugin.</p>\r\n<p>Note however, that currently this only works for unmanaged plugins. I haven't implemented it yet for managed plugins...<br><a href=\"http://vstnet.codeplex.com/SourceControl/changeset/view/50709#358045\">http://vstnet.codeplex.com/SourceControl/changeset/view/50709#358045</a></p>\r\n<p>Hope it helps.<br>Marc</p>",
    "PostedDate": "2010-10-14T04:21:23.043-07:00",
    "UserRole": null,
    "MarkedAsAnswerDate": null
  },
  {
    "Id": "507166",
    "ThreadId": "230884",
    "Html": "<p>Tnx marc for info. Will try that soon. Another q comes in a separate topic.</p>\r\n<p>regards, kasaudio.</p>",
    "PostedDate": "2010-10-14T04:24:10.03-07:00",
    "UserRole": null,
    "MarkedAsAnswerDate": null
  },
  {
    "Id": "507175",
    "ThreadId": "230884",
    "Html": "<p>Hello marc,</p>\r\n<p>with AcceptPluginInfo(false) I was able to get corret value for number of parameters. I did not test whether AcceptPluginInfo(true) raises events, will do that also.</p>\r\n<p>regards kasaudio</p>",
    "PostedDate": "2010-10-14T04:53:04.207-07:00",
    "UserRole": null,
    "MarkedAsAnswerDate": null
  },
  {
    "Id": "507176",
    "ThreadId": "230884",
    "Html": "<p>Great! Well, it should. ;-)</p>\r\n<p>If you do not use the PropertyChanged event, you can use false as a paremeter value.</p>",
    "PostedDate": "2010-10-14T04:55:59.687-07:00",
    "UserRole": null,
    "MarkedAsAnswerDate": null
  }
]