[
  {
    "Id": "420923",
    "ThreadId": "205889",
    "Html": "<p>Hi,</p>\r\n<p>sorry for my poor english but thank you very much for your incredible work. VST.NET is fantastic.</p>\r\n<p>I've neved developer VST plugin before now and I've met a problem passing a 'WAVESTREAM' data to the VSTAUDIOBUFFER.</p>\r\n<p>First of all I would like to make a VST player (WAV, MP3 etc.) so I've build a VST plugin using VST.NET and NAUDIO.<br>The interface works well and for my first experiment I've created a 44100 STEREO standard WAV file.</p>\r\n<p>For my fist basic experiment I've opened this file with NAUDIO to obtain the WAVESTREAM (PCM STREAM) class.<br>This class contains the stream buffer and using the READ command I read the number of samples that VSTAUDIOBUFFER[0] could receive.</p>\r\n<p>Here starts my problems:</p>\r\n<p>1. how can I split my WAVESTREAM stereo buffer to 2 VSTAUDIOBUFFER mono buffer?</p>\r\n<p>2. which is the right way to pass the BYTE value returned in the WAVESTREAM buffer to the FLOAT VALUES required to the VSTAUDIOBUFFER? If I simply copy them from the input buffer to the output audiobuffer obviously doesn't works!</p>\r\n<p>Thank you very much for all you can do me. When I've finish I would like to post the source code here in codeplex to let other people evaluate my work.</p>",
    "PostedDate": "2010-03-21T05:03:01.857-07:00",
    "UserRole": null,
    "MarkedAsAnswerDate": null
  },
  {
    "Id": "421979",
    "ThreadId": "205889",
    "Html": "<p>Thanx!</p>\r\n<p>1) I seem to remember that a wave file is interlaced. That mean that the first sample is for the left channel, the second sample for the right. The third sample for the left channel and the fourth for the right and so on. Not sure if NAudio has support to 'unlace' these samples into two buffers?</p>\r\n<p>2) Well, the range for the float numbers is [-1.0,+1.0] and the max value for a byte is 255. So it a relation of 2:256. So if b is the byte value, then f (the float value) would be <strong>f=b/128.0 - 1.0</strong>.</p>\r\n<p>Hope it helps.</p>",
    "PostedDate": "2010-03-21T23:18:01.647-07:00",
    "UserRole": null,
    "MarkedAsAnswerDate": null
  },
  {
    "Id": "426827",
    "ThreadId": "205889",
    "Html": "<p>Thank you very much for your useful tip (sorry for the delay of my answer).</p>\r\n<p>I havn't understand that the float audio buffer can contains positive and negative values with a range of +/- 1!!</p>\r\n<p>The WAVESTEAM returned by NAUDIO is in 'lace' format so I've found a very convenient function to convet the byte buffer (4 bites for right channel, 4 bites for left channel) and split it up to the 2 separate VST audio buffers:</p>\r\n<p>&nbsp;</p>\r\n<p>for (int nIn = 0; nIn &lt; nSamplesIn; nIn += 8)<br>{<br><span style=\"white-space:pre\"> </span>rightChannel[nOut] = System.BitConverter.ToSingle(SampleBuffer, nIn);<br><span style=\"white-space:pre\"> </span>leftChannel[nOut] = System.BitConverter.ToSingle(SampleBuffer, nIn + 4);<br><span style=\"white-space:pre\"> </span>nOut++;<br>}</p>\r\n<p>All works well and thanks again for your support.</p>\r\n<p>&nbsp;</p>\r\n<div id=\"_mcePaste\" style=\"left:-10000px;top:0px;width:1px;height:1px;overflow-x:hidden;overflow-y:hidden\">for (int nIn = 0; nIn &lt; nSampleIn; nIn += 8)</div>\r\n<div id=\"_mcePaste\" style=\"left:-10000px;top:0px;width:1px;height:1px;overflow-x:hidden;overflow-y:hidden\">&nbsp;&nbsp; &nbsp; &nbsp; &nbsp; &nbsp; &nbsp; &nbsp; &nbsp; &nbsp; &nbsp; {</div>\r\n<div id=\"_mcePaste\" style=\"left:-10000px;top:0px;width:1px;height:1px;overflow-x:hidden;overflow-y:hidden\">&nbsp;&nbsp; &nbsp; &nbsp; &nbsp; &nbsp; &nbsp; &nbsp; &nbsp; &nbsp; &nbsp; &nbsp; &nbsp; rightChannel[nOut] = System.BitConverter.ToSingle(SampleBuffer, nIn);</div>\r\n<div id=\"_mcePaste\" style=\"left:-10000px;top:0px;width:1px;height:1px;overflow-x:hidden;overflow-y:hidden\">&nbsp;&nbsp; &nbsp; &nbsp; &nbsp; &nbsp; &nbsp; &nbsp; &nbsp; &nbsp; &nbsp; &nbsp; &nbsp; leftChannel[nOut] = System.BitConverter.ToSingle(SampleBuffer, nIn + 4);</div>\r\n<div id=\"_mcePaste\" style=\"left:-10000px;top:0px;width:1px;height:1px;overflow-x:hidden;overflow-y:hidden\">&nbsp;&nbsp; &nbsp; &nbsp; &nbsp; &nbsp; &nbsp; &nbsp; &nbsp; &nbsp; &nbsp; &nbsp; &nbsp; nOut++;</div>\r\n<div id=\"_mcePaste\" style=\"left:-10000px;top:0px;width:1px;height:1px;overflow-x:hidden;overflow-y:hidden\">&nbsp;&nbsp; &nbsp; &nbsp; &nbsp; &nbsp; &nbsp; &nbsp; &nbsp; &nbsp; &nbsp; }</div>\r\n&nbsp;\r\n<p>&nbsp;</p>",
    "PostedDate": "2010-04-02T07:49:08.733-07:00",
    "UserRole": null,
    "MarkedAsAnswerDate": null
  },
  {
    "Id": "431085",
    "ThreadId": "205889",
    "Html": "<p>Sorry, I'm really confused here. Can you please elaborate on this code?</p>\r\n<p>&nbsp;</p>\r\n<pre>for (int nIn = 0; nIn &lt; nSamplesIn; nIn += 8)\r\n\r\n{\r\n rightChannel[nOut] = System.BitConverter.ToSingle(SampleBuffer, nIn);\r\n leftChannel[nOut] = System.BitConverter.ToSingle(SampleBuffer, nIn + 4);\r\n nOut++;\r\n}</pre>\r\n<p>What is the type of rightChannel[nOut], and more generally how do I use this to input into the VST.Net framework?</p>\r\n<p>Thanks!</p>\r\n<p>Paul</p>\r\n<p>&nbsp;</p>",
    "PostedDate": "2010-04-14T11:47:40.303-07:00",
    "UserRole": null,
    "MarkedAsAnswerDate": null
  },
  {
    "Id": "433175",
    "ThreadId": "205889",
    "Html": "<p>Sorry about the late answer, been really busy.</p>\r\n<p>This is not my code and I do not think it is correct.</p>\r\n<p>It grabs 4 bytes and turns those into a float. To my knowledge a single byte value represents one sample. So in effect there is resampling going on here (divided by 4), not to mention the actual value you end up with is bogus.</p>\r\n<p>I would do something like this (assuming the max byte sample value can be 255):</p>\r\n<pre>for (int nIn = 0; nIn &lt; nSamplesIn; nIn += 2)\r\n{\r\n rightChannel[nOut] = ((float)SampleBuffer[nIn] / 128.0) - 1.0;\r\n leftChannel[nOut] = ((float)SampleBuffer[nIn + 1] / 128.0) - 1.0;\r\n nOut++;\r\n}</pre>\r\n<p>Disclaimer: have not compiled the code ;-)</p>\r\n<p>The typical range for a VST audio channel sample value lies between -1.0 and +1.0. So that is a range of 2.0 over the zero-axis. To create a value of max 2.0 from a byte (with max 255) I divide by 128 (perhaps 127.5 would be more correct ;-). This will get you values of min 0.0 and max 2.0. Now shift the value down by 1.0 to get to the -1.0 ans +1.0.</p>\r\n<p>Is it less confusing now? ;-)</p>\r\n<p>Hope it helps.</p>",
    "PostedDate": "2010-04-20T06:49:58.67-07:00",
    "UserRole": null,
    "MarkedAsAnswerDate": null
  },
  {
    "Id": "457804",
    "ThreadId": "205889",
    "Html": "<p>I have tried all above solutions but nothing works for me.</p>\r\n<p>Please send code which converts from</p>\r\n<p>byte[] Buffer</p>\r\n<p>to</p>\r\n<p>VstAudioBufferManager inputMgr = new VstAudioBufferManager(inputCount, blockSize);<br>VstAudioBuffer rightInputBuffer = inputMgr.ToArray()[0];<br>VstAudioBuffer leftInputBuffer = inputMgr.ToArray()[1];</p>\r\n<p>what should i do to populate rightInputBuffer and leftInputBuffer?</p>\r\n<p>Thanks</p>",
    "PostedDate": "2010-06-20T13:44:34.143-07:00",
    "UserRole": null,
    "MarkedAsAnswerDate": null
  }
]