[
  {
    "Id": "1030859",
    "ThreadId": "440382",
    "Html": "Hi there,\r<br />\nI'm just developing a small VST plugin using VST.NET, as far as I can say... it's awesome :)\r<br />\n<br />\nBut I have some troubles with the begining. I went through all Samples and was able to create a VST plugin as a VST instrument. I'm using cubase 5.1 as host.\r<br />\nAnd here is my question: Is it possible to convince cubase to start playing its whole mix by pressing a button within the plugin? \r<br />\nLike making a copy of the Cubase play button and place it on the plugin.\r<br />\n<br />\nHope you guys get what I mean :)\r<br />\n<br />\nLooking forward hearing from you!\r<br />\n<br />\nNick<br />\n",
    "PostedDate": "2013-04-15T16:27:11.36-07:00",
    "UserRole": null,
    "MarkedAsAnswerDate": null
  },
  {
    "Id": "1030908",
    "ThreadId": "440382",
    "Html": "Short answer no.<br />\n",
    "PostedDate": "2013-04-15T20:30:07.457-07:00",
    "UserRole": null,
    "MarkedAsAnswerDate": null
  },
  {
    "Id": "1030925",
    "ThreadId": "440382",
    "Html": "Long answer:<br />\n<br />\nThe VST interface only deals with audio and midi processing (and some related areas such as Parameter automation and editor UI). Nowhere in the VST spec is there an option to talk to the Host to get it to perform such tasks. <br />\n<br />\nYou can see, from within the plugin, if the transport is running (playing) but that is about it.<br />\n",
    "PostedDate": "2013-04-15T22:24:51.563-07:00",
    "UserRole": null,
    "MarkedAsAnswerDate": null
  },
  {
    "Id": "1031271",
    "ThreadId": "440382",
    "Html": "Thanks for your replies!\r<br />\n<br />\nThat's unfortunate :( Then I got to try another approach.\r<br />\nHow do I read the &quot;transport is running&quot;-information from the host?\r<br />\n<br />\nThanks so far!<br />\n",
    "PostedDate": "2013-04-16T09:44:13.967-07:00",
    "UserRole": null,
    "MarkedAsAnswerDate": null
  },
  {
    "Id": "1031293",
    "ThreadId": "440382",
    "Html": "The transport-running info is in the VstTimeInfo you get from IVstHostSequencer.GetTime method.\r<br />\n<br />\nIf you have the Visual Studio Project Templates installed that code is already in-place.\r<br />\n<a href=\"https://vstnet.codeplex.com/SourceControl/changeset/view/71210#1108753\" rel=\"nofollow\">https://vstnet.codeplex.com/SourceControl/changeset/view/71210#1108753</a>\r<br />\n<br />\nHope it helps.<br />\n",
    "PostedDate": "2013-04-16T10:36:11.437-07:00",
    "UserRole": null,
    "MarkedAsAnswerDate": null
  }
]