[
  {
    "Id": "688943",
    "ThreadId": "277114",
    "Html": "\r\n<p>I'm just getting started and am checking out the VST samples (using various versions including&nbsp;63199).</p>\r\n<p>I got through the installation and x64 issues - thanks to the forum.</p>\r\n<p>My problem now is that&nbsp;NoteOff messages&nbsp;(0x80) are always being received as NoteOn (0x90), so I'm getting 2 NoteOn's per midi key instead of On / Off.</p>\r\n<p>I saw this in my first (templated) plugin attempt so went back to MidiNoteMapper and MidiNoteSampler&nbsp;(trapping&nbsp;MidiProcessor.Process) and am having the same problem.</p>\r\n<p>Is there anything obvious I can check before re-installing the source ?</p>\r\n",
    "PostedDate": "2011-10-25T04:41:53.173-07:00",
    "UserRole": null,
    "MarkedAsAnswerDate": null
  },
  {
    "Id": "688959",
    "ThreadId": "277114",
    "Html": "<p>So you load your (templated) plugin into a Host and the host gives you Note-on instead of Note-off midi events...?</p>\r\n<p>You can treat note-on midi events with a velocity of 0 (zero) as a note-off midi event.<br />This has to do with \"running status\". Running status is a compacted form of transmitting midi over the wire. It leaves the status byte out if it is the same as the last one and thus cutting down on the amount of data that goes over the wire.</p>\r\n<p>Checkout the midi specs for the full story.<br /><a href=\"http://home.roadrunner.com/~jgglatt/tech/midispec/run.htm\">http://home.roadrunner.com/~jgglatt/tech/midispec/run.htm</a></p>\r\n<p>Hope it helps.<br />Marc&nbsp;</p>",
    "PostedDate": "2011-10-25T05:22:12.823-07:00",
    "UserRole": null,
    "MarkedAsAnswerDate": null
  },
  {
    "Id": "689034",
    "ThreadId": "277114",
    "Html": "<p>Ah, so much left to learn :)</p>\r\n<p>Thanks for the prompt and quality reply, I'm really enjoying putting programming and music together and VST.NET has made it so much easier.</p>\r\n<p>Better get reading</p>\r\n<p>&nbsp;</p>\r\n<p>Adrian</p>",
    "PostedDate": "2011-10-25T07:22:01.697-07:00",
    "UserRole": null,
    "MarkedAsAnswerDate": null
  }
]