[
  {
    "Id": "1263089",
    "ThreadId": "550756",
    "Html": "I opened Sonalksis SV-719 Mono Gate editor in our example, but, when I changed any parameter, the UI didn't update.\r<br />\nWhen I open this plug-in in vsthostx86, all program works correctly.\r<br />\nPlease, help me to solve this problem.<br />\n",
    "PostedDate": "2014-07-06T15:24:55.04-07:00",
    "UserRole": null,
    "MarkedAsAnswerDate": null
  },
  {
    "Id": "1263125",
    "ThreadId": "550756",
    "Html": "The Host sample is not intended as a working host. Is is just a demonstration of how some of the VST.NET host API works. \r<br />\n<br />\nTo fix the problem you have, you should probably add idle processing to the editor - this is where most plugins update their UI...\r<br />\n<br />\nHope it helps,\r<br />\nMarc<br />\n",
    "PostedDate": "2014-07-06T22:22:12.42-07:00",
    "UserRole": null,
    "MarkedAsAnswerDate": null
  },
  {
    "Id": "1263318",
    "ThreadId": "550756",
    "Html": "Where can I read about this? May you give some examples?\r<br />\nBest Regards, Yan Alexeenko.<br />\n",
    "PostedDate": "2014-07-07T09:34:12.14-07:00",
    "UserRole": null,
    "MarkedAsAnswerDate": null
  },
  {
    "Id": "1263329",
    "ThreadId": "550756",
    "Html": "<strong>yanusa3 wrote:</strong><br />\n<blockquote>\nWhere can I read about this? May you give some examples?<br />\n<a href=\"http://vstnet.codeplex.com/discussions?searchText=processidle\" rel=\"nofollow\">http://vstnet.codeplex.com/discussions?searchText=processidle</a><br />\n</blockquote>\n",
    "PostedDate": "2014-07-07T09:58:30.627-07:00",
    "UserRole": null,
    "MarkedAsAnswerDate": null
  },
  {
    "Id": "1263366",
    "ThreadId": "550756",
    "Html": "I resolve this issue, the code is:\r<br />\n<br />\nprivate void HostCmdStub_PluginCalled(object sender, PluginCalledEventArgs e)\r<br />\n{<br />\n<pre><code>...\nPlugin.PluginCommandStub.EditorIdle();\n...</code></pre>\n\n}\r<br />\n<br />\nand\r<br />\n<br />\npublic void ProcessAudio(float sampleRate, double[] inData, double[] outData)\r<br />\n{<br />\n<pre><code>...\nPlugin.PluginCommandStub.ProcessReplacing(inputBuffers, outputBuffers);\nif (EditorOpen)\n{\n    Plugin.PluginCommandStub.EditorIdle();\n}\n...</code></pre>\n\n}<br />\n",
    "PostedDate": "2014-07-07T11:17:39.927-07:00",
    "UserRole": null,
    "MarkedAsAnswerDate": null
  },
  {
    "Id": "1263383",
    "ThreadId": "550756",
    "Html": "Just a sidenote, some plugins hook the mouse drag event in a way that my WPF GUI thread is hanged until the user completes the drag operation. The typical scenario involves the user changing a knob value with a mouse drag operation, the GUI refresh only when the drag is complete. I don't think this issue is easy to correct as it might have something to do with the wobbly event handling of the WindowsFormHost WPF controls.<br />\n",
    "PostedDate": "2014-07-07T11:53:17.72-07:00",
    "UserRole": null,
    "MarkedAsAnswerDate": null
  }
]