[
  {
    "Id": "1323364",
    "ThreadId": "572406",
    "Html": "Hello, guys!<br />\n<br />\nI've downloaded:<br />\n<ol>\n<li>VST.NET 1.1 stable;</li>\n<li>VST host sample with sources;</li>\n<li>\nFree VST instrument <a href=\"http://www.vst4free.com/get_plug/Solcito_SuperTron_2.6.zip\" rel=\"nofollow\">Solcito_SuperTron_2.6</a>.<br />\n</li>\n</ol>\nWhen I started to use this plugin i've received message &quot;The plugin has passed the audio unchanged to its outputs.&quot;<br />\n<br />\nAfter investigating problem, found that <strong>pluginContext.PluginInfo.AudioInputCount</strong> equals <strong>ZERO</strong>.<br />\nThe same problem i've faced while appling yet another VST instruments (i tried 4-5 different).<br />\n<br />\nHowever, all these VST instruments work correctly in Cubase. All of them can be applied and process audio.<br />\n<br />\nEven after changing this code:<br />\n<pre><code>int inputCount = plugin.PluginInfo.AudioInputCount;</code></pre>\n\nto such one:<br />\n<pre><code>int inputCount = plugin.PluginInfo.AudioInputCount;\nif (inputCount &lt; 1)\n    inputCount = 2;</code></pre>\n\nNothing has changed.<br />\n<br />\nCan you help: what i'am doing wrong?<br />\n",
    "PostedDate": "2014-11-18T06:11:17.55-08:00",
    "UserRole": null,
    "MarkedAsAnswerDate": null
  },
  {
    "Id": "1323389",
    "ThreadId": "572406",
    "Html": "The only one suggestion is that all these VST instruments are synthesizers, so work with midi input. Am i right?<br />\n",
    "PostedDate": "2014-11-18T06:57:27.86-08:00",
    "UserRole": null,
    "MarkedAsAnswerDate": null
  },
  {
    "Id": "1323475",
    "ThreadId": "572406",
    "Html": "Yes, an VST instrument typically takes a MIDI input and generates sounds (notes) as audio output. So AudioInputCount = 0 makes sense. You should be able to detect the plugin is a VSTi - check out the capabilities and CanDo's the Host sample displays for the plugin.\r<br />\n<br />\nNote: the Host sample application is not a working VST Host (as in playback/recording etc). It is a demonstration for the VST.NET API for implementing a Host, to get an idea how to call the methods.\r<br />\n<br />\nHope it helps,\r<br />\nMarc<br />\n",
    "PostedDate": "2014-11-18T09:44:32.063-08:00",
    "UserRole": null,
    "MarkedAsAnswerDate": null
  },
  {
    "Id": "1323784",
    "ThreadId": "572406",
    "Html": "Hello, Marc!\r<br />\n<br />\nThanks a lot for reply.\r<br />\nI've understood that host sample application is only a simple example how to implement VSThost.\r<br />\n<br />\nUnfortunately I don't have enough experience in audio programming. \r<br />\nAlso I've read all the disscussions, but couldn't find enough information concerning our own project.\r<br />\nMaybe You can help me?\r<br />\n<br />\nThe purpose of our project is: Generate audio file (<em>.wav, </em>.mp3 and/or other types). \r<br />\nThis file is generated by following algorithm:<br />\n<ol>\n<li>Read MIDI-file;</li>\n<li>Read VST plugin chain config and load all necessary Plugins;</li>\n<li>Process MIDI sequence through VST plugin chain;</li>\n<li>\nWrite processed audio sequence to file (wav, mp3 or others)<br />\n</li>\n</ol>\nAfter reading discussions I've realized:<br />\n<ol>\n<li>Reading MIDI-file can be done by: \r<br />\n1.1. writing own reader (own MIDI-filewriter was implemented during another project, so I know and understand the MIDI-file structure);\r<br />\n1.2. use third-party library (e.g., C# MIDI Toolkit  by Leslie Sanford from Codeproject);</li>\n<li>Loading VST plugins and their applying to MIDI events - that's what your Project (VST.NET) is for!</li>\n<li>\nWriting processed audio sequence can be done by NAudio or PortAudioSharp.<br />\n</li>\n</ol>\nMy problems of aforementioned algorithm are:\r<br />\n<em>How to generate MIDI-sequence and correctly transfer it to the first VST plugin?</em>\r<br />\n<br />\nI've found such a code for processing MIDI-events array:<br />\n<pre><code>VstEvent[] ve = new VstEvent[2];\nve[0] = new VstMidiEvent(0, 0, 0, new byte[4] { 144, 72, 127, 0 }, 0, 127);\nve[1] = new VstMidiEvent(256, 0, 0, new byte[4] { 128, 72, 0, 0 }, 0, 127);\n\nbool result = plugin.PluginCommandStub.ProcessEvents(ve);\n\nVstAudioBufferManager inputMgr = new VstAudioBufferManager(channelCount, blockSize);\nVstAudioBufferManager outputMgr = new VstAudioBufferManager(channelCount, blockSize);\nVstAudioBuffer[] inputBuffers = inputMgr.ToArray();\nVstAudioBuffer[] outputBuffers = outputMgr.ToArray();\n\nplugin.PluginCommandStub.ProcessReplacing(inputBuffers, outputBuffers);</code></pre>\n\nFor stereo audio channelCount=2. BlockSize i've setted 512.\r<br />\nVST plugin processed these events and result is in outputBuffers.\r<br />\n<br />\nMy guess is that if I read the whole MIDI-file into VSTEvent array then call ProcessEvents method and after call ProcessReplacing, I will receive only part of processed data, which equals 512 Segments.\r<br />\nTherefore, the question is: how correctly (including partialy) process MIDI-sequence and read result from outputBuffer?\r<br />\n<br />\nMaybe you can explain what shall I do or recomend what I must firstly read and examine before implementing such a functionality.\r<br />\n<br />\nAny help will be appreciated.\r<br />\n<br />\nBest regards,\r<br />\nMikhail<br />\n",
    "PostedDate": "2014-11-19T06:05:41.223-08:00",
    "UserRole": null,
    "MarkedAsAnswerDate": null
  },
  {
    "Id": "1323798",
    "ThreadId": "572406",
    "Html": "Audio and Midi processing in a VST host is done in cycles. Small buffers (block size) are used to let each VST plugin process a small amount of audio. The host calls ProcessReplacing repeatedly and flows the output to the audio card or in your case directly into a file.\r<br />\n<br />\nMIDI processing is done interleaved with the audio processing (usually) - think of multi track DAWs that mix audio and midi tracks in playback. The tricky part for a VST Host is to get the time-base right that sends the MIDI events to the VSTi and at the same time further process the output with additional VST (effect) plugins. You probably should research that aspect of building a VST host more - I am not an expert myself.\r<br />\n<br />\nI want to direct your attention to <a href=\"http://midinet.codeplex.com\" rel=\"nofollow\">MIDI.NET</a> - another project of mine- that would allow you to  work with midi and midi files. \r<br />\n<br />\nHope it helps,\r<br />\nMarc<br />\n",
    "PostedDate": "2014-11-19T06:44:15.44-08:00",
    "UserRole": null,
    "MarkedAsAnswerDate": null
  },
  {
    "Id": "1323805",
    "ThreadId": "572406",
    "Html": "AS I understand, speaking about time-base right, you talk about midi-sequencer? Or this is special class which transform midi-events into input VST audio buffer?\r<br />\n<br />\nSeparate thanks for directing to MIDI.NET =)\r<br />\n<br />\nBest regards,\r<br />\nMikhail<br />\n",
    "PostedDate": "2014-11-19T06:54:37.93-08:00",
    "UserRole": null,
    "MarkedAsAnswerDate": null
  },
  {
    "Id": "1323809",
    "ThreadId": "572406",
    "Html": "Yes, this time base is a midi sequencer but also an audio sequencer. Because the audio-sequence is time based (sample-rate vs block-size) the midi sequencer has to adapt to that. Which makes it a little unusual. Typical the 'engine' in a host pumps both MIDI and audio at the same time (I do not mean in parallel - like multi threading).\r<br />\n<br />\nIf you can read a little C/C++ you will find the <a href=\"http://www.hermannseib.com/english/vsthost.htm\" rel=\"nofollow\">Host sample of Hermann Seib</a> very useful... (scroll all the way down for the source code)\r<br />\n<br />\nMarc<br />\n",
    "PostedDate": "2014-11-19T07:15:06.137-08:00",
    "UserRole": null,
    "MarkedAsAnswerDate": null
  }
]