[
  {
    "Id": "153770",
    "ThreadId": "46081",
    "Html": "Just thought I'd post a note in case anyone else falls for this.<br>\r\n<br>\r\nI could not change the product info in my builds... it would appear to me that Cubase 4 copies the vender and version info internally and only updates it if it sees a new DLL with a new date... ie keeping the interop (xxxx.dll) the same and doing rebuilds on my plugin xxxx.net.dll made no changes to vendor and version show in Cubase even though it functionally would change.<br>\r\n<br>\r\nI've now changed my build events on my project to do a &quot;Touch&quot; on the xxxx.dll interop file in the cubase VST directory - solved.<br>\r\n<br>\r\nAnyway ... whilst here ... briliant work obiwanjacobi ... now to see what I can do with it.<br>\r\n<br>\r\nAlan Smith\r\n",
    "PostedDate": "2009-02-03T07:08:09.513-08:00",
    "UserRole": null,
    "MarkedAsAnswerDate": null
  }
]