[
  {
    "Id": "625863",
    "ThreadId": "260889",
    "Html": "\r\n<p>I'm trying to add some functionality to Host example application. What I'm doing is trying to retrieve parameter's meta-properties like type and value range. However on majority plugins PluginContext.PluginCommandStub.GetParameterProperties(i) returns null.\r\n I'm wondering is this a bug or plugins indeed do not return this information? What's more interesting that plugins that fail to report that information in my application can be correctly edited within host editor in some other host program (i.e. VSTHost).\r\n Any ideas?</p>\r\n",
    "PostedDate": "2011-06-10T03:14:29.033-07:00",
    "UserRole": null,
    "MarkedAsAnswerDate": null
  },
  {
    "Id": "625896",
    "ThreadId": "260889",
    "Html": "<p>Yes, not many plugins implement that method. I think it is not common knowlegde with the plugin developers. I'm not sure if it is a bug or a feature ;-)</p>\r\n<p>VST.NET assumes a parameter value range (externally) of [0, 1] if you use the VstParameterNormalizationInfo until a call is made to the GetParameterProperties method. I think this value range&nbsp;is correct&nbsp;because most plugin developers talk of this parameter value range.</p>\r\n<p>As a host I would assume the same value range of [0, 1] for all parameters of a plugin that returns null for the GetParameterProperties method. There are specific methods available for other meta info for parameters (GetParameterLabel, GetParameterName etc).</p>\r\n<p>Hope it helps.<br />Marc Jacobi</p>",
    "PostedDate": "2011-06-10T04:39:12.677-07:00",
    "UserRole": null,
    "MarkedAsAnswerDate": null
  }
]