[
  {
    "Id": "1323342",
    "ThreadId": "572398",
    "Html": "Hello, dear Marc!<br />\n<br />\nThanks a lot for a good library.<br />\nThe problem i've faced to considers x86 assembly.<br />\nAs i understand there are a lot of free VST instruments (over Internet), but almost all of them are 32-bit dll. So these libs couldnot be loaded by x64 assembly of VST host sample.<br />\nWhen i've tried to start x86 assembly of VST host sample, windows forcely close application.<br />\n<br />\nSo the last decision was to build your library from sources.<br />\nI use MSVS 2012, Windows 7 x64 and CLR2 solutions from download.<br />\n<br />\nFollowing building instructions, i can build Core and Framework library with no problems.<br />\nBut building Interop projects confuses me.<br />\nTry to build this project from VS2012 results in following errors:<br />\nError\t16\terror LNK2022: metadata operation failed (80131195) : Custom attributes are not consistent: (0x0c000084).\tC:_Shumi\\Projects\\VST.NET RTW\\Source\\Code\\Jacobi.Vst.Interop\\MSVCMRTD.lib(mehvecdtr.obj)\tJacobi.Vst.Interop.Clr2<br />\nError\t14\terror LNK2022: metadata operation failed (80131195) : Custom attributes are not consistent: (0x0c000086).\tC:_Shumi\\Projects\\VST.NET RTW\\Source\\Code\\Jacobi.Vst.Interop\\MSVCMRTD.lib(managdeh.obj)\tJacobi.Vst.Interop.Clr2<br />\nError\t17\terror LNK2022: metadata operation failed (80131195) : Custom attributes are not consistent: (0x0c000086).\tC:_Shumi\\Projects\\VST.NET RTW\\Source\\Code\\Jacobi.Vst.Interop\\MSVCMRTD.lib(mehvecdtr.obj)\tJacobi.Vst.Interop.Clr2<br />\nError\t15\terror LNK2022: metadata operation failed (80131195) : Custom attributes are not consistent: (0x0c00008a).\tC:_Shumi\\Projects\\VST.NET RTW\\Source\\Code\\Jacobi.Vst.Interop\\MSVCMRTD.lib(managdeh.obj)\tJacobi.Vst.Interop.Clr2<br />\nError\t20\terror LNK2022: metadata operation failed (80131195) : Custom attributes are not consistent: (0x0c00008a).\tC:_Shumi\\Projects\\VST.NET RTW\\Source\\Code\\Jacobi.Vst.Interop\\MSVCMRTD.lib(puremsilcode.obj)\tJacobi.Vst.Interop.Clr2<br />\nError\t21\terror LNK2022: metadata operation failed (80131195) : Custom attributes are not consistent: (0x0c00008d).\tC:_Shumi\\Projects\\VST.NET RTW\\Source\\Code\\Jacobi.Vst.Interop\\MSVCMRTD.lib(puremsilcode.obj)\tJacobi.Vst.Interop.Clr2<br />\nError\t18\terror LNK2022: metadata operation failed (80131195) : Custom attributes are not consistent: (0x0c0000b6).\tC:_Shumi\\Projects\\VST.NET RTW\\Source\\Code\\Jacobi.Vst.Interop\\MSVCMRTD.lib(msilexit.obj)\tJacobi.Vst.Interop.Clr2<br />\nError\t19\terror LNK2022: metadata operation failed (80131195) : Custom attributes are not consistent: (0x0c0000b9).\tC:_Shumi\\Projects\\VST.NET RTW\\Source\\Code\\Jacobi.Vst.Interop\\MSVCMRTD.lib(msilexit.obj)\tJacobi.Vst.Interop.Clr2<br />\nError\t12\terror LNK2022: metadata operation failed (80131195) : Custom attributes are not consistent: (0x0c0001e6).\tC:_Shumi\\Projects\\VST.NET RTW\\Source\\Code\\Jacobi.Vst.Interop\\MSVCMRTD.lib(mstartup.obj)\tJacobi.Vst.Interop.Clr2<br />\nError\t13\terror LNK2022: metadata operation failed (80131195) : Custom attributes are not consistent: (0x0c0001e8).\tC:_Shumi\\Projects\\VST.NET RTW\\Source\\Code\\Jacobi.Vst.Interop\\MSVCMRTD.lib(mstartup.obj)\tJacobi.Vst.Interop.Clr2<br />\n<br />\nBuilding this project with VS2008 C++ Express is not possible due to project file (it must be converted from 2012 to 2008).<br />\n<br />\nCan you help to find solution for building Interop dll using VS2012?<br />\n<br />\nP.S. I have not enough experience with visual c++.<br />\n",
    "PostedDate": "2014-11-18T05:00:53.443-08:00",
    "UserRole": null,
    "MarkedAsAnswerDate": null
  },
  {
    "Id": "1323473",
    "ThreadId": "572398",
    "Html": "The binary download of <em>VST.NET 1.1 (b)</em> comes with pre-built assemblies for x86/x64 and Debug/Release (CLR4). Unless you are planning to change the code you should not need to rebuild the Jacobi.Vst assemblies. Sample projects can be download from the source tab.<br />\n<br />\nHope it helps,<br />\nMarc<br />\n",
    "PostedDate": "2014-11-18T09:39:20.063-08:00",
    "UserRole": null,
    "MarkedAsAnswerDate": null
  }
]