[
  {
    "Id": "1451287",
    "ThreadId": "647095",
    "Html": "I've been having DLL problems for a long time now, so I'm going to outline my problems. Please just let me know what I have to do to diagnose issue. I've streamlined my DLL setup. Here's my setup.\r<br />\n<br />\n<img src=\"https://dl.dropboxusercontent.com/u/79781769/Images/Forums/AppPathDLLs.png\" alt=\"Image\" />\r<br />\n<br />\nPreviously, I've had no luck in automatically loading DLLs. My plugin doesn't seem to load DLLs from the app folder. It always complains that it can't load the necessary assemblies. So, I've done this:<br />\n<pre><code>        private  System.Reflection.Assembly LoadAssembly(string uiDLLName)\n        {\n            var bytes = File.ReadAllBytes(Path.Combine(GlobalVariables.MySynthPath, uiDLLName));\n            var assembly = AppDomain.CurrentDomain.Load(bytes);\n            return assembly;\n        }\n\n        public MySynthPluginStub()\n        {\n            LoadAssembly(&quot;MySynth.AudioProcessing.dll&quot;);\n            LoadAssembly(&quot;MySynth.PluginManagement.dll&quot;);\n            LoadAssembly(&quot;MySynth.Modules.dll&quot;);\n            LoadAssembly(&quot;MySynth.Native.dll&quot;);\n\n           //...\n        }</code></pre>\n\nThis seems to at least load the DLLs in to the app domain. I'm OK with this method. I don't know why it's necessary but I don't care right now. However, after a refactor, I've got a big problem where I can't load UI at all.\r<br />\n<br />\nI did a big refactor to completely extricate the UI from the plugin. This is so that I can have a WPF UI, and eventually work on a UWP UI as well, but not change the core code at all. My main project with the plugin stub doesn't have a reference to the UI at all. The UI DLL is loaded dynamically. This is how I am trying to do it:<br />\n<pre><code>        private void GetEditorControl(string uiDLLName)\n        {\n            System.Reflection.Assembly assembly = LoadAssembly(uiDLLName);\n            var editorType = assembly.GetTypes().Where(t =&gt; t.GetInterface(&quot;IEditorControl&quot;, false) != null).FirstOrDefault();\n            _EditorControl = (IEditorControl)Activator.CreateInstance(editorType);\n            _EditorControl.MySynthPluginStub = this;\n        }</code></pre>\n\nThe text here will go in a config file eventually:<br />\n<pre><code>        public VstPluginInfo GetPluginInfo(IVstHostCommandStub dawHost)\n        {\n            try\n            {\n                _HostStubAdapter = new HostStubAdapter(dawHost);\n\n                //TODO: Unhard code this \n                var uiDLLName = &quot;MySynth.WPF.dll&quot;;\n                GetEditorControl(uiDLLName);\n\n                UpdatePluginInfo();\n                return GetPluginInfo();\n            }\n            catch (Exception ex)\n            {\n                return null;\n            }\n        }</code></pre>\n\nBut, this is the error I get:\r<br />\n<br />\nSystem.Reflection.ReflectionTypeLoadException: Unable to load one or more of the requested types. Retrieve the LoaderExceptions property for more information.\r<br />\n   at System.Reflection.RuntimeModule.GetTypes(RuntimeModule module)\r<br />\n   at System.Reflection.RuntimeModule.GetTypes()\r<br />\n   at System.Reflection.Assembly.GetTypes()\r<br />\n   at MySynth.MySynthPluginStub.GetEditorControl(String uiDLLName)\r<br />\n   at MySynth.MySynthPluginStub.GetPluginInfo(IVstHostCommandStub dawHost)\r<br />\n<br />\nLoader Exception:\r<br />\n[0] = {&quot;Could not load type 'MySynth.IEditorControl' from assembly 'Jacobi.Vst.Interop, Version=1.1.0.0, Culture=neutral, PublicKeyToken=fa678e13c1efc859'.&quot;:&quot;MySynth.IEditorControl&quot;}\r<br />\n<br />\nI have no idea why .Net is looking for my interface in the Jacobi.Vst.Interop assembly, but I suspect it's because the interop DLL is renamed to MySynth.dll and .Net thinks that that's where it can find the type IEditorControl.\r<br />\n<br />\nI'm very stuck. I really need to get over this hump.\r<br />\nasd<br />\n",
    "PostedDate": "2015-11-07T18:35:01.51-08:00",
    "UserRole": null,
    "MarkedAsAnswerDate": null
  },
  {
    "Id": "1451290",
    "ThreadId": "647095",
    "Html": "Actually, now that I think about it, it's pretty clear what is going on.\r<br />\n<br />\nThe MySynth.WPF.dll assembly is getting compiled with a reference to MySynth.dll, but of course, at runtime, that physical DLL is actually the interop assembly. so, .Net tries to load the type from MSynth.dll but mistakenly looks in the file nanmed &quot;MySynth.dll&quot; which is actually the interop dll.\r<br />\n<br />\nWhat can I do about this?<br />\n",
    "PostedDate": "2015-11-07T19:43:13.473-08:00",
    "UserRole": null,
    "MarkedAsAnswerDate": null
  },
  {
    "Id": "1451298",
    "ThreadId": "647095",
    "Html": "You need to enable Fusion logs. It will tell you what the missing DLL path is resolving to. When that is established you need to find a way to put your DLL with the right name at the right place. You could also put the right DLL path in Machine.config and/or GAC util. IMO Vst.Net plugins have a few issues, DLL path resolving is one of them, judging by the amount of questions on this subject it isn't trivial. However the quick fix is easy, fusion log tells you where the missing DLL should be and if you copy it there with the right name the issue will go away. The app domain issues when your host is hosting itself as a plugin and the mouse and keyboard events in WPF are problems I haven't got the time to look into. They might not have such a quick and easy fix.<br />\n",
    "PostedDate": "2015-11-08T00:24:17.007-08:00",
    "UserRole": null,
    "MarkedAsAnswerDate": null
  },
  {
    "Id": "1451299",
    "ThreadId": "647095",
    "Html": "I'd bet your DLL path is resolving to your host path... something like c:\\program files\\HostVendor\\host.exe. I wish Vst.Net could do self contained single vst dll, that would bypass these issues. It is the norm for Vst coded in c++. Anyway that's not a show stopper for me because there are many workarounds. The most obvious one is registering your DLL in GAC util.<br />\n",
    "PostedDate": "2015-11-08T00:29:21.627-08:00",
    "UserRole": null,
    "MarkedAsAnswerDate": null
  },
  {
    "Id": "1451305",
    "ThreadId": "647095",
    "Html": "I would try to rename so that the (renamed) plugin part is different from the internal/host part. Then you should not have to custom dynamic-load dlls. Just reference them in your project and the VST.NET assembly loader will load them for you from the plugin path (where the renamed interop is located). At least that is how it was intended.\r<br />\n<br />\nTry to set that up and tell us what problems you encounter...<br />\n",
    "PostedDate": "2015-11-08T01:07:45.533-08:00",
    "UserRole": null,
    "MarkedAsAnswerDate": null
  },
  {
    "Id": "1451312",
    "ThreadId": "647095",
    "Html": "Sorry I don't have time for a full reply here. Just something quick. As I mentioned above, this has got nothing to do with DLLs not being loaded.<br />\n<br />\nThe issue here is that VST.Net is tricking .Net. The assembly MySynth.WPF has a reference to MySynth.dll. So, it tries to load a type from that DLL, but of course, the DLL MySynth.dll is actually the interop DLL, so .Net gets confused and throws an error. It actually makes perfect sense. I just don't know what to do about it.<br />\n<br />\nObiwan: your advice sounds like it might be on the right path, but I don't really follow...<br />\n<br />\nI'm assuming that VST.Net traverses the types my plugin assembly (which doesn't have a dll extension) looking for IVstPluginCommandStub implementations right? It then instantiates an instance of the type right? But, I think the problem is that my UI assembly needs to reference this DLL, and can't because it's been renamed.<br />\n<br />\n<em>PS: I have tried manually loading MySynth.dll in to the app domain. It just causes an error because the assembly is loaded in to the app domain twice (under two different physical names).</em><br />\n",
    "PostedDate": "2015-11-08T02:35:11.283-08:00",
    "UserRole": null,
    "MarkedAsAnswerDate": null
  },
  {
    "Id": "1451364",
    "ThreadId": "647095",
    "Html": "YES!!!!!\r<br />\n<br />\nI figured out a workaround. I moved everything down in to a lower level assembly (including my VST plugin stub).\r<br />\n<br />\nThen, I simply inherited from the plugin stub in the main assembly named MySynth.net.vstdll (that gets renamed).\r<br />\n<br />\nThis is literally, all the code inside the DLL:\r<br />\n<br />\nnamespace MySynth\r<br />\n{<br />\n<pre><code>public class MySynthPluginWrapper : MySynthPluginStub\n{\n    public MySynthPluginWrapper() : base()\n    {\n    }\n}</code></pre>\n\n}\r<br />\n<br />\nI can now load the UI assembly dynamically. I complete extrication of the UI from the processing.<br />\n",
    "PostedDate": "2015-11-08T23:49:15.693-08:00",
    "UserRole": null,
    "MarkedAsAnswerDate": null
  },
  {
    "Id": "1451365",
    "ThreadId": "647095",
    "Html": "Just something to nitpick at here, but the class IVstPluginCommands10 references a type in System.Drawing which is UI specific. It might be better if EditorGetRect(out Rectangle rect); dealt with a non-UI specific type. It just means that I can't remove the System.UI assembly reference.<br />\n",
    "PostedDate": "2015-11-08T23:53:19.193-08:00",
    "UserRole": null,
    "MarkedAsAnswerDate": null
  },
  {
    "Id": "1451371",
    "ThreadId": "647095",
    "Html": "I still think you shouldn't need to be loading any assemblies dynamically - unless you generate them on the fly or something...\r<br />\n<br />\nI purposely chose to reuse the existing Rect. The assembly is available on any machine and the code is 'proven'. I admit the reference to Drawing might seem a little odd but should not be a problem.\r<br />\n<br />\nIs there a concrete need to be able to remove the reference?<br />\n",
    "PostedDate": "2015-11-09T00:41:55.153-08:00",
    "UserRole": null,
    "MarkedAsAnswerDate": null
  },
  {
    "Id": "1451388",
    "ThreadId": "647095",
    "Html": "Yes and no. I guess its a WPF class, or perhaps a Windows Forms class. It certainly won't be available in UWP - but that's not a big deal right now.\r<br />\n<br />\nIt's just about making clear distinctions between UI and processing code.<br />\n",
    "PostedDate": "2015-11-09T02:13:47.297-08:00",
    "UserRole": null,
    "MarkedAsAnswerDate": null
  },
  {
    "Id": "1451391",
    "ThreadId": "647095",
    "Html": "UWP is good point - that would need to be mapped to Windows.Foundation.Rect <a href=\"https://msdn.microsoft.com/en-us/library/windows/apps/windows.foundation.rect.aspx\" rel=\"nofollow\">https://msdn.microsoft.com/en-us/library/windows/apps/windows.foundation.rect.aspx</a>\r<br />\nor indeed as you suggest write out own...\r<br />\n<br />\nMaking a clear distinction is hard. The VST Editor interface methods could be considered UI... <br />\n",
    "PostedDate": "2015-11-09T02:34:51.09-08:00",
    "UserRole": null,
    "MarkedAsAnswerDate": null
  },
  {
    "Id": "1451393",
    "ThreadId": "647095",
    "Html": "This discussion has been copied to a work item. Click <a href=\"https://vstnet.codeplex.com/workitem/11029\" rel=\"nofollow\">here</a> to go to the work item and continue the discussion.<br />\n",
    "PostedDate": "2015-11-09T02:36:51.503-08:00",
    "UserRole": null,
    "MarkedAsAnswerDate": null
  },
  {
    "Id": "1451509",
    "ThreadId": "647095",
    "Html": "<strong>obiwanjacobi wrote:</strong><br />\n<blockquote>\nI still think you shouldn't need to be loading any assemblies dynamically - unless you generate them on the fly or something...<br />\n</blockquote>\n<ul>\n<li>\nI concur and reducing assemblies count is a priority for me.<br />\n</li>\n</ul>\n<blockquote>\nI purposely chose to reuse the existing Rect. The assembly is available on any machine and the code is 'proven'. I admit the reference to Drawing might seem a little odd but should not be a problem.<br />\n</blockquote>\n<ul>\n<li>\nIsn't the drawing namespace a member of the System.Windows.Forms assembly? If so then is it possible to handle UI in a Vst.Net host or plugin without a reference to WindowsForms?<br />\n</li>\n</ul>\n<blockquote>\nIs there a concrete need to be able to remove the reference?<br />\n</blockquote>\n<ul>\n<li>I'm tied to System.Windows.Forms assembly. I'd like to remove it but it seems that it is a mandatory bridge to host Win32 UI controls properly. If that's the case then I'd say there's no need to remove it. Otherwise I'd want it out for sure.</li>\n</ul>\n",
    "PostedDate": "2015-11-09T18:34:41.743-08:00",
    "UserRole": null,
    "MarkedAsAnswerDate": null
  },
  {
    "Id": "1451513",
    "ThreadId": "647095",
    "Html": "@Kruddler\r<br />\nActually that could explain your problems with keyboard input. Are you using a WindowsFormHost and a WinForms panel for hosting Vst plugin UI? If so then I believe you'd be tied to System.Drawing.dll anyway. If not then that might explain the problems with your message pump.<br />\n",
    "PostedDate": "2015-11-09T19:03:45.577-08:00",
    "UserRole": null,
    "MarkedAsAnswerDate": null
  },
  {
    "Id": "1452209",
    "ThreadId": "647095",
    "Html": "Now I'm having an issue where I basically can't debug. I think it's because I'm loading the DLLs dynamically.<br />\n<br />\n<em>I still think you shouldn't need to be loading any assemblies dynamically</em><br />\n<br />\nIt's not as though I want to load them dynamically. They are sitting in the same folder as my main DLL, but they don't get picked up unless I load them dynamically. As I've said, I've checked the fusion logs in the past, but it's looking for my DLLs in the Ableton program folder.<br />\n<br />\n<em>Actually that could explain your problems with keyboard input. Are you using a WindowsFormHost and a WinForms panel for hosting Vst plugin UI? If so then I believe you'd be tied to System.Drawing.dll anyway. If not then that might explain the problems with your message pump.</em><br />\n<br />\nMy UI is all WPF. I have not yet tried the idea that you suggested where I host Vst UIs inside a Windows Forms panel yet...<br />\nWhat makes you think that this might be affecting the message pump?<br />\n",
    "PostedDate": "2015-11-13T00:21:57.333-08:00",
    "UserRole": null,
    "MarkedAsAnswerDate": null
  },
  {
    "Id": "1452215",
    "ThreadId": "647095",
    "Html": "Whoa!\r<br />\n<br />\nJust as I said that, I deleted the manual DLL loads, and it just works now. I have no idea what I am doing differently, but fuck yeah!<br />\n",
    "PostedDate": "2015-11-13T01:51:50.287-08:00",
    "UserRole": null,
    "MarkedAsAnswerDate": null
  },
  {
    "Id": "1452312",
    "ThreadId": "647095",
    "Html": "<blockquote>\nAs I've said, I've checked the fusion logs in the past, but it's looking for my DLLs in the Ableton program folder.<br />\n</blockquote>\n<ul>\n<li>\nAssembly loading is multi-level, first machine.config then GacUtil then start up folder.. if start up folder is wrong then a fix could be putting the path at a higher level (machine.config, gacutil..)<br />\n</li>\n</ul>\n<blockquote>\nJust as I said that, I deleted the manual DLL loads, and it just works now. I have no idea what I am doing differently, but fuck yeah!<br />\n</blockquote>\n<ul>\n<li>\nI'd venture fusion log could tell you what happened, at least it will tell you through which mecanism (machine.config, gacutil, startup path) it used to resolve the correct assembly path.<br />\n</li>\n</ul>\n<blockquote>\nWhat makes you think that this might be affecting the message pump?<br />\n</blockquote>\n<ul>\n<li>\nTo put it simply WPF doesn't expose a traditional WIN32 message pump and controls do not exhibit the standard behavior expected from controls that derived from the window class (HWND every control is a Window concept).<br />\n</li>\n</ul>\nThis MSDN page talks about the issue precisely including KeyDown handling on a shared Win32/WPF message pump:<br />\nSharing Message Loops Between Win32 and WPF<br />\n<a href=\"https://msdn.microsoft.com/library/aa348549%28v=vs.100%29.aspx\" rel=\"nofollow\">https://msdn.microsoft.com/library/aa348549%28v=vs.100%29.aspx</a><br />\n<br />\nIf you happen to make it work using hooks or a custom message pump I'd be interested to know what solution you found as I expect it to be non trivial and maybe even not stable.<br />\n",
    "PostedDate": "2015-11-13T13:09:49.737-08:00",
    "UserRole": null,
    "MarkedAsAnswerDate": null
  },
  {
    "Id": "1452447",
    "ThreadId": "647095",
    "Html": "Apologies on this one. It's inexplicable as to why this wasn't working in the first place, but something I've done over time has fixed the issue which is a big load off my mind. It means that I can now successfully debug and DLLs are automatically loaded from the Vst folder.<br />\n<hr />\n<em>To put it simply WPF doesn't expose a traditional WIN32 message pump and controls do not exhibit the standard behavior expected from controls that derived from the window class (HWND every control is a Window concept)</em><br />\n<br />\nMoving this to the other thread about not accepting key strokes...<br />\n",
    "PostedDate": "2015-11-15T14:06:24.313-08:00",
    "UserRole": null,
    "MarkedAsAnswerDate": null
  },
  {
    "Id": "1453463",
    "ThreadId": "647095",
    "Html": "I'm back to square one on this one. Today, I tried to load a control from external assembly, and I'm back to the issue where .Net wants to load DLLs from the Ableton folder as opposed to my synth's app pah. this is driving me CCCRRRAAAAASZZZZYYYYY!!!!\r<br />\n<br />\nOk. So,\r<br />\n-The dll is in the same path as my synth's DLL\r<br />\n-I added the reference to the DLL in the normal way in Visual Studio. There's no dynamic loading going on.\r<br />\n-If I call AppDomain.CurrentDomain.GetAssemblies(), I can see that the DLL is actually sitting in the app domain.\r<br />\n<br />\nWhy isn't .Net looking for the DLL that's already loaded in the AppDomain?\r<br />\n<br />\nThis is the fusion log from the exception.:\r<br />\n=== Pre-bind state information ===\r<br />\nLOG: DisplayName = VSTControls.Net, Version=0.0.0.0, Culture=neutral, PublicKeyToken=null\r<br />\n (Fully-specified)\r<br />\nLOG: Appbase = file:///C:/ProgramData/Ableton/Live 9 Suite/Program/\r<br />\nLOG: Initial PrivatePath = NULL<br />\n<h1>Calling assembly : (Unknown).</h1>\nLOG: This bind starts in default load context.\r<br />\nLOG: No application configuration file found.\r<br />\nLOG: Using host configuration file: \r<br />\nLOG: Using machine configuration file from C:\\Windows\\Microsoft.NET\\Framework\\v4.0.30319\\config\\machine.config.\r<br />\nLOG: Policy not being applied to reference at this time (private, custom, partial, or location-based assembly bind).\r<br />\nLOG: Attempting download of new URL file:///C:/ProgramData/Ableton/Live 9 Suite/Program/VSTControls.Net.DLL.\r<br />\nLOG: Attempting download of new URL file:///C:/ProgramData/Ableton/Live 9 Suite/Program/VSTControls.Net/VSTControls.Net.DLL.\r<br />\nLOG: Attempting download of new URL file:///C:/ProgramData/Ableton/Live 9 Suite/Program/VSTControls.Net.EXE.\r<br />\nLOG: Attempting download of new URL file:///C:/ProgramData/Ableton/Live 9 Suite/Program/VSTControls.Net/VSTControls.Net.EXE.<br />\n",
    "PostedDate": "2015-11-21T21:01:29.54-08:00",
    "UserRole": null,
    "MarkedAsAnswerDate": null
  },
  {
    "Id": "1453464",
    "ThreadId": "647095",
    "Html": "\r\n<div id=\"divtagdefaultwrapper\" style=\"font-size:12pt; color:#000000; background-color:#FFFFFF; font-family:Calibri,Arial,Helvetica,sans-serif\">\r\n<p><span style=\"font-size:12pt\">I'm not sure what you are seeing in the AppDomain but it's most likely some form of metadata. Lazy loading of the assembly occurs on first reference use at runtime</span><span style=\"font-size:12pt\"> which is in the Xaml parser\r\n in this case.</span><br>\r\n</p>\r\n<p><br>\r\n</p>\r\n<p></p>\r\n<div id=\"ThreadNotificationPostBody\" style=\"font-family:Calibri,Arial,Helvetica,sans-serif,'Apple Color Emoji','Segoe UI Emoji',NotoColorEmoji,'Segoe UI Symbol','Android Emoji',EmojiSymbols; font-size:16px; margin-bottom:2em\">\r\n<div>LOG: This bind starts in default load context. </div>\r\n<div>&gt; No good, that's the path of the host process '<span style=\"font-family:Calibri,Arial,Helvetica,sans-serif,'Apple Color Emoji','Segoe UI Emoji',NotoColorEmoji,'Segoe UI Symbol','Android Emoji',EmojiSymbols; font-size:16px\">C:/ProgramData/Ableton/Live\r\n 9 Suite/Program/' and </span>can't be changed, it's out of your control.</div>\r\n<div><br>\r\n</div>\r\n<div>LOG: No application configuration file found. </div>\r\n<div>&gt; You can try having some form of VSTControls.Net.dll.config and put it somewhere, who knows..</div>\r\n<div><br>\r\n</div>\r\n<div>LOG: Using host configuration file: </div>\r\n<div>&gt; You can try GAC util.</div>\r\n<div><br>\r\n</div>\r\n<div>LOG: Using machine configuration file from C:\\Windows\\Microsoft.NET\\Framework\\v4.0.30319\\config\\machine.config.\r\n</div>\r\n<div>&gt; That's surefire any reference you put in there will work,</div>\r\n<div><br>\r\n</div>\r\n<div>LOG: Policy not being applied to reference at this time (private, custom, partial, or location-based assembly bind).\r\n</div>\r\n<div>&gt; From here on it looks like it's on last try.</div>\r\n<div><br>\r\n</div>\r\n<div>LOG: Attempting download of new URL file:///C:/ProgramData/Ableton/Live 9 Suite/Program/VSTControls.Net.DLL.\r\n</div>\r\n<div>LOG: Attempting download of new URL file:///C:/ProgramData/Ableton/Live 9 Suite/Program/VSTControls.Net/VSTControls.Net.DLL.\r\n</div>\r\n<div>LOG: Attempting download of new URL file:///C:/ProgramData/Ableton/Live 9 Suite/Program/VSTControls.Net.EXE.\r\n</div>\r\n<div>LOG: Attempting download of new URL file:///C:/ProgramData/Ableton/Live 9 Suite/Program/VSTControls.Net/VSTControls.Net.EXE.</div>\r\n<div><br>\r\n</div>\r\n<div>As you can see there isn't any good mechanism available to do assembly loading in a plugin context. All system components are using the GAC for reliable loading in a COM scenario. Vst in C&#43;&#43; tend to be standalone and do not operate in a stricly COM fashion.\r\n I speculate Vst.Net has a trick to load assembly dynamically, maybe it's asking for it's physical file image path at runtime and then using a convetion like YourPluginName.Vst.Net.dll or something in order to fill the missing explicit path info. What to do\r\n after this trickery in order to load other assemblies? Maybe you can reuse Vst.Net loader and use the same conventions.</div>\r\n</div>\r\n<div id=\"ThreadNotificationFooter\" style=\"font-family:Calibri,Arial,Helvetica,sans-serif,'Apple Color Emoji','Segoe UI Emoji',NotoColorEmoji,'Segoe UI Symbol','Android Emoji',EmojiSymbols; font-size:16px; color:gray; border-top-width:1px; border-top-style:solid; border-top-color:rgb(204,204,204)\">\r\n</div>\r\n<br>\r\n<p></p>\r\n<br>\r\n<div style=\"color:rgb(0,0,0)\">\r\n<hr tabindex=\"-1\" style=\"display:inline-block; width:98%\">\r\n<div id=\"divRplyFwdMsg\" dir=\"ltr\"><font face=\"Calibri, sans-serif\" color=\"#000000\" style=\"font-size:11pt\"><b></b></font></div>\r\n</div>\r\n</div>\r\n",
    "PostedDate": "2015-11-21T21:21:15.277-08:00",
    "UserRole": null,
    "MarkedAsAnswerDate": null
  },
  {
    "Id": "1453466",
    "ThreadId": "647095",
    "Html": "I find it very odd that it started working and now it doesn't ...? Again?\r<br />\n<br />\nCan you provide a small sample of this problem you are having so I (we) can look into it?\r<br />\n<br />\nThanx,\r<br />\nMarc<br />\n",
    "PostedDate": "2015-11-21T23:23:46.053-08:00",
    "UserRole": null,
    "MarkedAsAnswerDate": null
  },
  {
    "Id": "1453469",
    "ThreadId": "647095",
    "Html": "Actually, it turns out that I get the same error when I try to load this control from another WPF app. So, now, I don't know if it has anything to do with VST.Net. Sorry, this may have been a false alarm.<br />\n",
    "PostedDate": "2015-11-21T23:57:24.71-08:00",
    "UserRole": null,
    "MarkedAsAnswerDate": null
  },
  {
    "Id": "1453532",
    "ThreadId": "647095",
    "Html": "Well, in the sample app the error was coming up, but for a different reason. In the sample app, it was compiling for all CPUs while the referenced DLL was x86. So, as soon as I changed the sample to x86, the problem went away. <br />\n<br />\nBut, the problem still happens in my synth. I'm totally stuck.<br />\n<br />\nThe basic problem is that .Net or VST.Net is simply not looking for the DLL in the folder of my plugin. I'm pulling my hair out. I'm stuck.<br />\n<br />\nIsn't there some way I can direct .Net or VST.Net to look for my DLL in the directory where my plugin resides?<br />\n<br />\nWell, you might think that using probing path might help... So, I put a config file in my plugin's directory called MySynth.dll.config. It reads:<br />\n<pre><code>&lt;configuration&gt;\n   &lt;runtime&gt;\n      &lt;assemblyBinding xmlns=&quot;urn:schemas-microsoft-com:asm.v1&quot;&gt;\n         &lt;probing privatePath=&quot;C:\\Program Files (x86)\\VstPlugins\\MySynth&quot;/&gt;\n      &lt;/assemblyBinding&gt;\n   &lt;/runtime&gt;\n&lt;/configuration&gt;</code></pre>\n\nBut, the fusion logs tell me they are not even going to look at my config file.<br />\n<br />\n=== Pre-bind state information ===<br />\nLOG: DisplayName = VSTControls.Net, Version=0.0.0.0, Culture=neutral, PublicKeyToken=443827bb1fb58b20<br />\n (Fully-specified)<br />\nLOG: Appbase = file:///C:/ProgramData/Ableton/Live 9 Suite/Program/<br />\nLOG: Initial PrivatePath = NULL<br />\n<h1>Calling assembly : (Unknown).</h1>\nLOG: This bind starts in default load context.<br />\nLOG: No application configuration file found.<br />\nLOG: Using host configuration file: <br />\nLOG: Using machine configuration file from C:\\Windows\\Microsoft.NET\\Framework\\v4.0.30319\\config\\machine.config.<br />\nLOG: Post-policy reference: VSTControls.Net, Version=0.0.0.0, Culture=neutral, PublicKeyToken=443827bb1fb58b20<br />\nLOG: Attempting download of new URL file:///C:/ProgramData/Ableton/Live 9 Suite/Program/VSTControls.Net.DLL.<br />\nLOG: Attempting download of new URL file:///C:/ProgramData/Ableton/Live 9 Suite/Program/VSTControls.Net/VSTControls.Net.DLL.<br />\nLOG: Attempting download of new URL file:///C:/ProgramData/Ableton/Live 9 Suite/Program/VSTControls.Net.EXE.<br />\nLOG: Attempting download of new URL file:///C:/ProgramData/Ableton/Live 9 Suite/Program/VSTControls.Net/VSTControls.Net.EXE.<br />\n<br />\nPS: Putting the DLL in the GAC resolves the problem. But, I'm trying to avoid doing that. I'm intent on xcopy deployment. I will use this as a workaround for now.<br />\n",
    "PostedDate": "2015-11-23T02:05:46.007-08:00",
    "UserRole": null,
    "MarkedAsAnswerDate": null
  },
  {
    "Id": "1453539",
    "ThreadId": "647095",
    "Html": "VST.NET has code that does exactly that - loading dependencies from the plugin folder.\r<br />\n<br />\nI am confused about the scenario you are using here...\r<br />\n<br />\nIf you can provide a sample that exhibits the problem, I can look into it.<br />\n",
    "PostedDate": "2015-11-23T02:46:09.767-08:00",
    "UserRole": null,
    "MarkedAsAnswerDate": null
  },
  {
    "Id": "1453619",
    "ThreadId": "647095",
    "Html": "Maybe it's a case of loading a dependency which itself has dependency in the same folder?\r<br />\nThe first loads OK but the second one is not seen by the dynamic loader (if there is a dynamic loader in Vst.Net).\r<br />\n<br />\nIf you had the correct StartUpPath you could load assemblies dynamically.\r<br />\n<br />\nI don't know of any full proof mechanism to get that path in a Host/Plugin context but you can something along the lines of:\r<br />\nString location = System.Reflection.Assembly.GetExecutingAssembly().Location;\r<br />\nString startUpPath = System.IO.Path.GetDirectoryName(location);\r<br />\nSystem.Reflection.Assembly.LoadFile(System.IO.Path.Combine(startUpPath, &quot;YourAssembly.dll&quot;));<br />\n",
    "PostedDate": "2015-11-23T13:20:10.93-08:00",
    "UserRole": null,
    "MarkedAsAnswerDate": null
  },
  {
    "Id": "1453642",
    "ThreadId": "647095",
    "Html": "VST.NET does have a loader. It simply attaches the AssemblyResolve event on the current AppDomain.\r<br />\n<a href=\"https://vstnet.codeplex.com/SourceControl/latest#Source/Code/Jacobi.Vst.Core/Plugin/AssemblyLoader.cs\" rel=\"nofollow\">https://vstnet.codeplex.com/SourceControl/latest#Source/Code/Jacobi.Vst.Core/Plugin/AssemblyLoader.cs</a>\r<br />\nMy understanding was that all references that could not be found went through this event - so also dependencies of dependencies etc...\r<br />\n<br />\nThe loader attempts to load the Assembly from the plugin folder - where the renamed interop dll is located. \r<br />\nIt also looks in several other places, like the vstnetProbePath from the exe.config file. It does assume the .dll extension.\r<br />\n<br />\nIt uses the FileFinder class to search for the file and determine the location to load from.\r<br />\n<a href=\"https://vstnet.codeplex.com/SourceControl/latest#Source/Code/Jacobi.Vst.Core/Plugin/FileFinder.cs\" rel=\"nofollow\">https://vstnet.codeplex.com/SourceControl/latest#Source/Code/Jacobi.Vst.Core/Plugin/FileFinder.cs</a>\r<br />\nThe FileFinder has a collection of base paths and file extensions and searches for a specific file name with one of the extension is all of the paths.<br />\n",
    "PostedDate": "2015-11-23T22:40:44.127-08:00",
    "UserRole": null,
    "MarkedAsAnswerDate": null
  },
  {
    "Id": "1453776",
    "ThreadId": "647095",
    "Html": "<em>&quot;Maybe it's a case of loading a dependency which itself has dependency in the same folder? &quot;</em>\r<br />\n<br />\nYury. I suspect you are right.<br />\n",
    "PostedDate": "2015-11-25T13:28:39.817-08:00",
    "UserRole": null,
    "MarkedAsAnswerDate": null
  },
  {
    "Id": "1453923",
    "ThreadId": "647095",
    "Html": "For the record:\r<br />\n<br />\nThe problem lies with VST.NET when the plugin loads dependent assemblies after it has been constructed.\r<br />\nVST.NET does not hang on to the plugins folder and does not know where to look for the assembly.\r<br />\n<br />\nI have made an issue for this.\r<br />\n<br />\nThe work around is:<br />\n<ul>\n<li>Make sure that all dependencies are referenced in during plugin construction. Having only one plugin project will almost certainly help in this regard.</li>\n<li>\nAdd an .exe.config file with the 'vstnetProbePath AppSetting to point to the plugin directory.\r<br />\n<a href=\"https://vstnet.codeplex.com/SourceControl/latest#Source/Code/Jacobi.Vst.Interop/app.config\" rel=\"nofollow\">https://vstnet.codeplex.com/SourceControl/latest#Source/Code/Jacobi.Vst.Interop/app.config</a><br />\n</li>\n</ul>\nHope it helps,\r<br />\nMarc<br />\n",
    "PostedDate": "2015-11-27T23:31:08-08:00",
    "UserRole": null,
    "MarkedAsAnswerDate": null
  }
]