[
  {
    "Id": "1447285",
    "ThreadId": "645872",
    "Html": "Hi again,\r<br />\n<br />\nI have a UserControl wrapped in a WPFControlwrapper, and have created a mechanism for resizing from within the control.\r<br />\nAfter first resizing the control, I call  Host.SizeWindow(control.Width, control.Height), and hosting form obediently changes, but for example, if the size is increased, the increased sections of the width/height are simply black (masking those parts of the control that has also been increased in size).\r<br />\n<br />\nThinking that may be the control wrapper instance holding control also needs to be resized, I attempted to do so by resetting the  _width\r<br />\nand _height variables of the wrapper, but to no apparent effect...\r<br />\n<br />\nThinking that perhaps the HwndSourceParameters that are set in the wrapper Open sub need to be reset too, i tried declaring them outside the sub, and then later updating the width/height of that HwndSourceParameters, but the black (control-covering) portions still remain.\r<br />\n<br />\n(just sure I'm missing something obvious)<br />\n",
    "PostedDate": "2015-10-06T06:47:19.813-07:00",
    "UserRole": null,
    "MarkedAsAnswerDate": null
  },
  {
    "Id": "1447288",
    "ThreadId": "645872",
    "Html": "Sounds like the windows is not invalidated and thus redrawn. You could try to invalidate the parent HWND...?\r<br />\n<a href=\"https://msdn.microsoft.com/en-us/library/dd145002(v=vs.85).aspx\" rel=\"nofollow\">https://msdn.microsoft.com/en-us/library/dd145002(v=vs.85).aspx</a><br />\n",
    "PostedDate": "2015-10-06T07:12:08.3-07:00",
    "UserRole": null,
    "MarkedAsAnswerDate": null
  },
  {
    "Id": "1447304",
    "ThreadId": "645872",
    "Html": "I tried the InvalidateRect function passing the &quot;MyHwndParams.ParentWindow&quot; as hWnd and IntPtr.Zero as the rect pointer but no dice :-(\r<br />\nIncidentally in addition to changing the Width/Height of the HwndSourceParams I also tried SetSize(newwidth, newheight), with no difference in results... wonder what is the difference between just setting HwndSourceParams.Width/Height and using SetSize...?\r<br />\n<br />\nAnyway there does seem to be something else going on rather than just a window invalidation.\r<br />\nIn addition to the behavior I described is you <em>increase</em> the width or height, what happens when you decrease it is that now the top (or left) of the control becomes offset with respect to the Host window! (by the amount you decrease it).<br />\nThis leaves black on the top (or left) of the Host window, with the control being clipped off at the bottom (or right) by the edges of the Host window.\r<br />\n<br />\nThis may be a little difficult to visualize so perhaps a jpg might be in order.  (Can upload if necessary)\r<br />\n<br />\nI don't why the top/left positions would be affected, since only the size values are being changed !<br />\n",
    "PostedDate": "2015-10-06T08:14:06.467-07:00",
    "UserRole": null,
    "MarkedAsAnswerDate": null
  },
  {
    "Id": "1447306",
    "ThreadId": "645872",
    "Html": "Hmmm, not sure what is going on.\r<br />\n<br />\nI would suggest you try searching WPF forums which deal with hosting in WinForms or WIN32...<br />\n",
    "PostedDate": "2015-10-06T08:31:01.617-07:00",
    "UserRole": null,
    "MarkedAsAnswerDate": null
  },
  {
    "Id": "1447418",
    "ThreadId": "645872",
    "Html": "Went searching, and what a rabbit hole that was  :-)\r<br />\nBut I finally found the problem... and a workaround solution.\r<br />\nBTW, sorry i was thinking it had something to do with the Core.dll but you're right it's totally a WinForms/WPF issue.\r<br />\n<br />\nSeems that resizing WPF forms hosted in winforms runs into problems with how pixels are handled, and some other stuff i don't understand.\r<br />\nAnyway, just in case anyone is trying to do the same thing (resize the host window) and runs into the same problem, here's what i (successfully) did.\r<br />\nSince the wrapper doesn't like to resize properly, whenever you call a resize within the UserControl, after resizing the Host by Host.SizeWindow, you create a New WpfControlWrapper with the new size.  And of course you have to &quot;.Open&quot; it.\r<br />\nBut this time in the _editorCtrl.Open Sub, instead of _instance = New T(), you have to set _instance to be your original UserControl (the same one that invoked the resize).\r<br />\nBasically, recreating a new wrapper in the host and attaching your same UserControl to it.\r<br />\nIt works!\r<br />\n<br />\nOnly one avoidable issue is that if your resizing mechanism involves the mouse (like a slider bar), once the new editorCtrl is created your mouse events get disposed of (at least that's what i think is happening), so the slider only moves a little each time, which is a bugger, and means a slider isn't very effective.\r<br />\nThere might be a better way, but I found using buttons works best.  Clicking them to widen or shrink the window.\r<br />\n<br />\nMaybe VSTs aren't really designed to be resized at runtime, but at least it is possible, if anyone needs to do it.\r<br />\n<br />\nCheers,\r<br />\nMichael<br />\n",
    "PostedDate": "2015-10-07T03:04:57.88-07:00",
    "UserRole": null,
    "MarkedAsAnswerDate": null
  }
]