[
  {
    "Id": "166693",
    "ThreadId": "49804",
    "Html": "Hello.<br>\r\n<br>\r\nI use a x64 system but I need to run your library as x86. I changed all projects so that platform target is x86 and they compile fine.<br>\r\nThen I compiled the &quot;host&quot; example and it starts correctly. So there are no platform mismatches between all the assemblies.<br>\r\n<br>\r\nNow if I try to load a plug-in, the library is loaded, the main is found but when your code calls<br>\r\n<br>\r\n_pEffect = pluginMain(&amp;DispatchCallback);<br>\r\n<br>\r\nan exception is thrown of type InvalidOperationException with the message &quot;Handle is not initialized.&quot;.<br>\r\n<br>\r\nI don't know if the platform is the root of the problem but I mentioned it because it's the only change to your projects that I made.<br>\r\n<br>\r\nCan you help me to find the cause of this issue?<br>\r\n<br>\r\nThanks!\r\n",
    "PostedDate": "2009-03-10T18:39:19.3-07:00",
    "UserRole": null,
    "MarkedAsAnswerDate": null
  },
  {
    "Id": "166760",
    "ThreadId": "49804",
    "Html": "Hi,<br>\r\n<br>\r\nWhat plugin do you load? Is it one of the samples or...?<br>\r\nCould you email me the plugin (obiwanjacobi at hotmail dot com)?<br>\r\n<br>\r\nCould you also post the complete error with call stack?\r\n",
    "PostedDate": "2009-03-10T23:53:37.557-07:00",
    "UserRole": null,
    "MarkedAsAnswerDate": null
  },
  {
    "Id": "167184",
    "ThreadId": "49804",
    "Html": "Hello. I emailed more info about the plugin<br>\r\n<br>\r\nFull exception information:<br>\r\n<br>\r\nSystem.InvalidOperationException was unhandled<br>\r\n&nbsp; Message=&quot;Handle is not initialized.&quot;<br>\r\n&nbsp; Source=&quot;mscorlib&quot;<br>\r\n&nbsp; StackTrace:<br>\r\n&nbsp;&nbsp;&nbsp;&nbsp;&nbsp;&nbsp; at System.Runtime.InteropServices.GCHandle.FromIntPtr(IntPtr value)<br>\r\n&nbsp;&nbsp;&nbsp;&nbsp;&nbsp;&nbsp; at ?A0xaa2e6e32.DispatchCallback(AEffect* pEffect, Int32 opcode, Int32 index, Int32 value, Void* ptr, Single opt) in d:\\vst.net\\svn\\source\\code\\jacobi.vst.interop\\host\\vstunmanagedplugincontext.cpp:line 190<br>\r\n&nbsp;&nbsp;&nbsp;&nbsp;&nbsp;&nbsp; at Jacobi.Vst.Interop.Host.VstUnmanagedPluginContext.Initialize(String pluginPath) in d:\\vst.net\\svn\\source\\code\\jacobi.vst.interop\\host\\vstunmanagedplugincontext.cpp:line 101<br>\r\n&nbsp;&nbsp;&nbsp;&nbsp;&nbsp;&nbsp; at Jacobi.Vst.Interop.Host.VstPluginContext.InitializeUnmanaged(String pluginPath, IVstHostCommandStub hostCmdStub) in d:\\vst.net\\svn\\source\\code\\jacobi.vst.interop\\host\\vstplugincontext.cpp:line 88<br>\r\n&nbsp;&nbsp;&nbsp;&nbsp;&nbsp;&nbsp; at Jacobi.Vst.Interop.Host.VstPluginContext.Create(String pluginPath, IVstHostCommandStub hostCmdStub) in d:\\vst.net\\svn\\source\\code\\jacobi.vst.interop\\host\\vstplugincontext.cpp:line 33<br>\r\n&nbsp;&nbsp;&nbsp;&nbsp;&nbsp;&nbsp; at Jacobi.Vst.Samples.Host.MainForm.OpenPlugin(String pluginPath) in D:\\VST.NET\\svn\\Source\\Samples\\Jacobi.Vst.Samples.Host\\MainForm.cs:line 46<br>\r\n&nbsp;&nbsp;&nbsp;&nbsp;&nbsp;&nbsp; at Jacobi.Vst.Samples.Host.MainForm.AddBtn_Click(Object sender, EventArgs e) in D:\\VST.NET\\svn\\Source\\Samples\\Jacobi.Vst.Samples.Host\\MainForm.cs:line 117<br>\r\n&nbsp;&nbsp;&nbsp;&nbsp;&nbsp;&nbsp; at System.Windows.Forms.Control.OnClick(EventArgs e)<br>\r\n&nbsp;&nbsp;&nbsp;&nbsp;&nbsp;&nbsp; at System.Windows.Forms.Button.OnClick(EventArgs e)<br>\r\n&nbsp;&nbsp;&nbsp;&nbsp;&nbsp;&nbsp; at System.Windows.Forms.Button.OnMouseUp(MouseEventArgs mevent)<br>\r\n&nbsp;&nbsp;&nbsp;&nbsp;&nbsp;&nbsp; at System.Windows.Forms.Control.WmMouseUp(Message&amp; m, MouseButtons button, Int32 clicks)<br>\r\n&nbsp;&nbsp;&nbsp;&nbsp;&nbsp;&nbsp; at System.Windows.Forms.Control.WndProc(Message&amp; m)<br>\r\n&nbsp;&nbsp;&nbsp;&nbsp;&nbsp;&nbsp; at System.Windows.Forms.ButtonBase.WndProc(Message&amp; m)<br>\r\n&nbsp;&nbsp;&nbsp;&nbsp;&nbsp;&nbsp; at System.Windows.Forms.Button.WndProc(Message&amp; m)<br>\r\n&nbsp;&nbsp;&nbsp;&nbsp;&nbsp;&nbsp; at System.Windows.Forms.Control.ControlNativeWindow.OnMessage(Message&amp; m)<br>\r\n&nbsp;&nbsp;&nbsp;&nbsp;&nbsp;&nbsp; at System.Windows.Forms.Control.ControlNativeWindow.WndProc(Message&amp; m)<br>\r\n&nbsp;&nbsp;&nbsp;&nbsp;&nbsp;&nbsp; at System.Windows.Forms.NativeWindow.DebuggableCallback(IntPtr hWnd, Int32 msg, IntPtr wparam, IntPtr lparam)<br>\r\n&nbsp;&nbsp;&nbsp;&nbsp;&nbsp;&nbsp; at System.Windows.Forms.UnsafeNativeMethods.DispatchMessageW(MSG&amp; msg)<br>\r\n&nbsp;&nbsp;&nbsp;&nbsp;&nbsp;&nbsp; at System.Windows.Forms.Application.ComponentManager.System.Windows.Forms.UnsafeNativeMethods.IMsoComponentManager.FPushMessageLoop(Int32 dwComponentID, Int32 reason, Int32 pvLoopData)<br>\r\n&nbsp;&nbsp;&nbsp;&nbsp;&nbsp;&nbsp; at System.Windows.Forms.Application.ThreadContext.RunMessageLoopInner(Int32 reason, ApplicationContext context)<br>\r\n&nbsp;&nbsp;&nbsp;&nbsp;&nbsp;&nbsp; at System.Windows.Forms.Application.ThreadContext.RunMessageLoop(Int32 reason, ApplicationContext context)<br>\r\n&nbsp;&nbsp;&nbsp;&nbsp;&nbsp;&nbsp; at System.Windows.Forms.Application.Run(Form mainForm)<br>\r\n&nbsp;&nbsp;&nbsp;&nbsp;&nbsp;&nbsp; at Jacobi.Vst.Samples.Host.Program.Main() in D:\\VST.NET\\svn\\Source\\Samples\\Jacobi.Vst.Samples.Host\\Program.cs:line 16<br>\r\n&nbsp;&nbsp;&nbsp;&nbsp;&nbsp;&nbsp; at System.AppDomain._nExecuteAssembly(Assembly assembly, String[] args)<br>\r\n&nbsp;&nbsp;&nbsp;&nbsp;&nbsp;&nbsp; at System.AppDomain.ExecuteAssembly(String assemblyFile, Evidence assemblySecurity, String[] args)<br>\r\n&nbsp;&nbsp;&nbsp;&nbsp;&nbsp;&nbsp; at Microsoft.VisualStudio.HostingProcess.HostProc.RunUsersAssembly()<br>\r\n&nbsp;&nbsp;&nbsp;&nbsp;&nbsp;&nbsp; at System.Threading.ThreadHelper.ThreadStart_Context(Object state)<br>\r\n&nbsp;&nbsp;&nbsp;&nbsp;&nbsp;&nbsp; at System.Threading.ExecutionContext.Run(ExecutionContext executionContext, ContextCallback callback, Object state)<br>\r\n&nbsp;&nbsp;&nbsp;&nbsp;&nbsp;&nbsp; at System.Threading.ThreadHelper.ThreadStart()<br>\r\n&nbsp; InnerException: <br>\r\n<br>\r\n<br>\r\n<br>\r\n<br>\r\nLocals:<br>\r\n<br>\r\n&nbsp;&nbsp; &nbsp;&nbsp;&nbsp; &nbsp;pluginPath&nbsp;&nbsp; &nbsp;&quot;C:\\Program Files (x86)\\Steinberg\\VstPlugins\\TheCoolPlugIn.dll&quot;&nbsp;&nbsp; &nbsp;System::String^<br>\r\n-&nbsp;&nbsp; &nbsp;&nbsp;&nbsp; &nbsp;hostCmdStub&nbsp;&nbsp; &nbsp;0x02751d8c&nbsp;&nbsp; &nbsp;Jacobi::Vst::Core::Host::IVstHostCommandStub^<br>\r\n-&nbsp;&nbsp; &nbsp;&nbsp;&nbsp; &nbsp;[Jacobi::Vst::Samples::Host::HostCommandStub^]&nbsp;&nbsp; &nbsp;0x02751d8c&nbsp;&nbsp; &nbsp;Jacobi::Vst::Samples::Host::HostCommandStub^<br>\r\n&nbsp;&nbsp; &nbsp;&nbsp;&nbsp; &nbsp;System::Object^&nbsp;&nbsp; &nbsp;0x02751d8c&nbsp;&nbsp; &nbsp;System::Object^<br>\r\n-&nbsp;&nbsp; &nbsp;&nbsp;&nbsp; &nbsp;&lt;PluginContext&gt;k__BackingField&nbsp;&nbsp; &nbsp;0x02752718&nbsp;&nbsp; &nbsp;Jacobi::Vst::Core::Host::IVstPluginContext^<br>\r\n+&nbsp;&nbsp; &nbsp;&nbsp;&nbsp; &nbsp;[Jacobi::Vst::Interop::Host::VstUnmanagedPluginContext^]&nbsp;&nbsp; &nbsp;0x02752718 { _hLib=&lt;undefined value&gt; _pEffect=&lt;undefined value&gt; ...}&nbsp;&nbsp; &nbsp;Jacobi::Vst::Interop::Host::VstUnmanagedPluginContext^<br>\r\n+&nbsp;&nbsp; &nbsp;&nbsp;&nbsp; &nbsp;HostCommandStub&nbsp;&nbsp; &nbsp;0x02751d8c&nbsp;&nbsp; &nbsp;Jacobi::Vst::Core::Host::IVstHostCommandStub^<br>\r\n&nbsp;&nbsp; &nbsp;&nbsp;&nbsp; &nbsp;PluginCommandStub&nbsp;&nbsp; &nbsp;&lt;undefined value&gt;&nbsp;&nbsp; &nbsp;Jacobi::Vst::Core::Host::IVstPluginCommandStub^<br>\r\n&nbsp;&nbsp; &nbsp;&nbsp;&nbsp; &nbsp;PluginInfo&nbsp;&nbsp; &nbsp;&lt;undefined value&gt;&nbsp;&nbsp; &nbsp;Jacobi::Vst::Core::Plugin::VstPluginInfo^<br>\r\n-&nbsp;&nbsp; &nbsp;&nbsp;&nbsp; &nbsp;PluginCalled&nbsp;&nbsp; &nbsp;0x02751d9c&nbsp;&nbsp; &nbsp;System::EventHandler&lt;Jacobi::Vst::Samples::Host::PluginCalledEventArgs^&gt;^<br>\r\n+&nbsp;&nbsp; &nbsp;&nbsp;&nbsp; &nbsp;[System::EventHandler&lt;Jacobi::Vst::Samples::Host::PluginCalledEventArgs^&gt;^]&nbsp;&nbsp; &nbsp;0x02751d9c&nbsp;&nbsp; &nbsp;System::EventHandler&lt;Jacobi::Vst::Samples::Host::PluginCalledEventArgs^&gt;^<br>\r\n+&nbsp;&nbsp; &nbsp;&nbsp;&nbsp; &nbsp;System::MulticastDelegate^&nbsp;&nbsp; &nbsp;0x02751d9c { _invocationList=&lt;undefined value&gt; _invocationCount=0 }&nbsp;&nbsp; &nbsp;System::MulticastDelegate^<br>\r\n-&nbsp;&nbsp; &nbsp;&nbsp;&nbsp; &nbsp;PluginContext&nbsp;&nbsp; &nbsp;0x02752718&nbsp;&nbsp; &nbsp;Jacobi::Vst::Core::Host::IVstPluginContext^<br>\r\n+&nbsp;&nbsp; &nbsp;&nbsp;&nbsp; &nbsp;[Jacobi::Vst::Interop::Host::VstUnmanagedPluginContext^]&nbsp;&nbsp; &nbsp;0x02752718 { _hLib=&lt;undefined value&gt; _pEffect=&lt;undefined value&gt; ...}&nbsp;&nbsp; &nbsp;Jacobi::Vst::Interop::Host::VstUnmanagedPluginContext^<br>\r\n+&nbsp;&nbsp; &nbsp;&nbsp;&nbsp; &nbsp;HostCommandStub&nbsp;&nbsp; &nbsp;0x02751d8c&nbsp;&nbsp; &nbsp;Jacobi::Vst::Core::Host::IVstHostCommandStub^<br>\r\n&nbsp;&nbsp; &nbsp;&nbsp;&nbsp; &nbsp;PluginCommandStub&nbsp;&nbsp; &nbsp;&lt;undefined value&gt;&nbsp;&nbsp; &nbsp;Jacobi::Vst::Core::Host::IVstPluginCommandStub^<br>\r\n&nbsp;&nbsp; &nbsp;&nbsp;&nbsp; &nbsp;PluginInfo&nbsp;&nbsp; &nbsp;&lt;undefined value&gt;&nbsp;&nbsp; &nbsp;Jacobi::Vst::Core::Plugin::VstPluginInfo^<br>\r\n-&nbsp;&nbsp; &nbsp;&nbsp;&nbsp; &nbsp;PluginContext&nbsp;&nbsp; &nbsp;0x02752718&nbsp;&nbsp; &nbsp;Jacobi::Vst::Core::Host::IVstPluginContext^<br>\r\n-&nbsp;&nbsp; &nbsp;&nbsp;&nbsp; &nbsp;[Jacobi::Vst::Interop::Host::VstUnmanagedPluginContext^]&nbsp;&nbsp; &nbsp;0x02752718 { _hLib=&lt;undefined value&gt; _pEffect=&lt;undefined value&gt; ...}&nbsp;&nbsp; &nbsp;Jacobi::Vst::Interop::Host::VstUnmanagedPluginContext^<br>\r\n+&nbsp;&nbsp; &nbsp;&nbsp;&nbsp; &nbsp;Jacobi::Vst::Interop::Host::VstPluginContext^&nbsp;&nbsp; &nbsp;0x02752718&nbsp;&nbsp; &nbsp;Jacobi::Vst::Interop::Host::VstPluginContext^<br>\r\n&nbsp;&nbsp; &nbsp;&nbsp;&nbsp; &nbsp;&lt;backing_store&gt;LoadingPlugin&nbsp;&nbsp; &nbsp;&lt;undefined value&gt;&nbsp;&nbsp; &nbsp;Jacobi::Vst::Interop::Host::VstUnmanagedPluginContext^<br>\r\n+&nbsp;&nbsp; &nbsp;&nbsp;&nbsp; &nbsp;HostCommandProxy&nbsp;&nbsp; &nbsp;0x02752774 { _hostCmdStub=0x02751d8c }&nbsp;&nbsp; &nbsp;Jacobi::Vst::Interop::Host::VstHostCommandProxy^<br>\r\n&nbsp;&nbsp; &nbsp;&nbsp;&nbsp; &nbsp;LoadingPlugin&nbsp;&nbsp; &nbsp;&lt;undefined value&gt;&nbsp;&nbsp; &nbsp;Jacobi::Vst::Interop::Host::VstUnmanagedPluginContext^<br>\r\n&nbsp;&nbsp; &nbsp;&nbsp;&nbsp; &nbsp;_hLib&nbsp;&nbsp; &nbsp;&lt;undefined value&gt;&nbsp;&nbsp; &nbsp;HINSTANCE__*<br>\r\n+&nbsp;&nbsp; &nbsp;&nbsp;&nbsp; &nbsp;_hostCmdProxy&nbsp;&nbsp; &nbsp;0x02752774 { _hostCmdStub=0x02751d8c }&nbsp;&nbsp; &nbsp;Jacobi::Vst::Interop::Host::VstHostCommandProxy^<br>\r\n&nbsp;&nbsp; &nbsp;&nbsp;&nbsp; &nbsp;_pEffect&nbsp;&nbsp; &nbsp;&lt;undefined value&gt;&nbsp;&nbsp; &nbsp;AEffect*<br>\r\n-&nbsp;&nbsp; &nbsp;&nbsp;&nbsp; &nbsp;HostCommandStub&nbsp;&nbsp; &nbsp;0x02751d8c&nbsp;&nbsp; &nbsp;Jacobi::Vst::Core::Host::IVstHostCommandStub^<br>\r\n+&nbsp;&nbsp; &nbsp;&nbsp;&nbsp; &nbsp;[Jacobi::Vst::Samples::Host::HostCommandStub^]&nbsp;&nbsp; &nbsp;0x02751d8c&nbsp;&nbsp; &nbsp;Jacobi::Vst::Samples::Host::HostCommandStub^<br>\r\n+&nbsp;&nbsp; &nbsp;&nbsp;&nbsp; &nbsp;PluginContext&nbsp;&nbsp; &nbsp;0x02752718&nbsp;&nbsp; &nbsp;Jacobi::Vst::Core::Host::IVstPluginContext^<br>\r\n&nbsp;&nbsp; &nbsp;&nbsp;&nbsp; &nbsp;PluginCommandStub&nbsp;&nbsp; &nbsp;&lt;undefined value&gt;&nbsp;&nbsp; &nbsp;Jacobi::Vst::Core::Host::IVstPluginCommandStub^<br>\r\n&nbsp;&nbsp; &nbsp;&nbsp;&nbsp; &nbsp;PluginInfo&nbsp;&nbsp; &nbsp;&lt;undefined value&gt;&nbsp;&nbsp; &nbsp;Jacobi::Vst::Core::Plugin::VstPluginInfo^<br>\r\n-&nbsp;&nbsp; &nbsp;&nbsp;&nbsp; &nbsp;pluginCtx&nbsp;&nbsp; &nbsp;0x02752718 { _hLib=&lt;undefined value&gt; _pEffect=&lt;undefined value&gt; ...}&nbsp;&nbsp; &nbsp;Jacobi::Vst::Interop::Host::VstUnmanagedPluginContext^<br>\r\n-&nbsp;&nbsp; &nbsp;&nbsp;&nbsp; &nbsp;Jacobi::Vst::Interop::Host::VstPluginContext^&nbsp;&nbsp; &nbsp;0x02752718&nbsp;&nbsp; &nbsp;Jacobi::Vst::Interop::Host::VstPluginContext^<br>\r\n&nbsp;&nbsp; &nbsp;&nbsp;&nbsp; &nbsp;System::Object^&nbsp;&nbsp; &nbsp;0x02752718&nbsp;&nbsp; &nbsp;System::Object^<br>\r\n&nbsp;&nbsp; &nbsp;&nbsp;&nbsp; &nbsp;&lt;backing_store&gt;PropertyChanged&nbsp;&nbsp; &nbsp;&lt;undefined value&gt;&nbsp;&nbsp; &nbsp;System::ComponentModel::PropertyChangedEventHandler^<br>\r\n+&nbsp;&nbsp; &nbsp;&nbsp;&nbsp; &nbsp;HostCommandStub&nbsp;&nbsp; &nbsp;0x02751d8c&nbsp;&nbsp; &nbsp;Jacobi::Vst::Core::Host::IVstHostCommandStub^<br>\r\n&nbsp;&nbsp; &nbsp;&nbsp;&nbsp; &nbsp;PluginCommandStub&nbsp;&nbsp; &nbsp;&lt;undefined value&gt;&nbsp;&nbsp; &nbsp;Jacobi::Vst::Core::Host::IVstPluginCommandStub^<br>\r\n&nbsp;&nbsp; &nbsp;&nbsp;&nbsp; &nbsp;PluginInfo&nbsp;&nbsp; &nbsp;&lt;undefined value&gt;&nbsp;&nbsp; &nbsp;Jacobi::Vst::Core::Plugin::VstPluginInfo^<br>\r\n+&nbsp;&nbsp; &nbsp;&nbsp;&nbsp; &nbsp;_hostCmdStub&nbsp;&nbsp; &nbsp;0x02751d8c&nbsp;&nbsp; &nbsp;Jacobi::Vst::Core::Host::IVstHostCommandStub^<br>\r\n&nbsp;&nbsp; &nbsp;&nbsp;&nbsp; &nbsp;_pluginCmdStub&nbsp;&nbsp; &nbsp;&lt;undefined value&gt;&nbsp;&nbsp; &nbsp;Jacobi::Vst::Core::Host::IVstPluginCommandStub^<br>\r\n&nbsp;&nbsp; &nbsp;&nbsp;&nbsp; &nbsp;_pluginInfo&nbsp;&nbsp; &nbsp;&lt;undefined value&gt;&nbsp;&nbsp; &nbsp;Jacobi::Vst::Core::Plugin::VstPluginInfo^<br>\r\n+&nbsp;&nbsp; &nbsp;&nbsp;&nbsp; &nbsp;_props&nbsp;&nbsp; &nbsp;0x02752740&nbsp;&nbsp; &nbsp;System::Collections::Generic::Dictionary&lt;System::String^, System::Object^&gt;^<br>\r\n&nbsp;&nbsp; &nbsp;&nbsp;&nbsp; &nbsp;&lt;backing_store&gt;LoadingPlugin&nbsp;&nbsp; &nbsp;&lt;undefined value&gt;&nbsp;&nbsp; &nbsp;Jacobi::Vst::Interop::Host::VstUnmanagedPluginContext^<br>\r\n+&nbsp;&nbsp; &nbsp;&nbsp;&nbsp; &nbsp;HostCommandProxy&nbsp;&nbsp; &nbsp;0x02752774 { _hostCmdStub=0x02751d8c }&nbsp;&nbsp; &nbsp;Jacobi::Vst::Interop::Host::VstHostCommandProxy^<br>\r\n&nbsp;&nbsp; &nbsp;&nbsp;&nbsp; &nbsp;LoadingPlugin&nbsp;&nbsp; &nbsp;&lt;undefined value&gt;&nbsp;&nbsp; &nbsp;Jacobi::Vst::Interop::Host::VstUnmanagedPluginContext^<br>\r\n&nbsp;&nbsp; &nbsp;&nbsp;&nbsp; &nbsp;_hLib&nbsp;&nbsp; &nbsp;&lt;undefined value&gt;&nbsp;&nbsp; &nbsp;HINSTANCE__*<br>\r\n+&nbsp;&nbsp; &nbsp;&nbsp;&nbsp; &nbsp;_hostCmdProxy&nbsp;&nbsp; &nbsp;0x02752774 { _hostCmdStub=0x02751d8c }&nbsp;&nbsp; &nbsp;Jacobi::Vst::Interop::Host::VstHostCommandProxy^<br>\r\n&nbsp;&nbsp; &nbsp;&nbsp;&nbsp; &nbsp;_pEffect&nbsp;&nbsp; &nbsp;&lt;undefined value&gt;&nbsp;&nbsp; &nbsp;AEffect*<br>\r\n<br>\r\nI hope it's readable...<br>\r\n<br>\r\n",
    "PostedDate": "2009-03-11T20:37:45.42-07:00",
    "UserRole": null,
    "MarkedAsAnswerDate": null
  },
  {
    "Id": "167209",
    "ThreadId": "49804",
    "Html": "<p>Thanx for the info. I think I can tell what the problem is just from looking at the callstack but I will test it with the plugin info you sent me.<br>\r\nI see you are using the latest code! ;-)<br>\r\nI think the problem is when the Plugin calls back to the Host during initialization of the Plugin (VSTPluginMain method). The &quot;DispatchCallback&quot; is a static method that receives Plugin-to-Host calls and retrieves the VstPluginContext instance from a reserved field in the AEffect structure. I just need to check that field for NULL and the code will fallback to the (internal) static LoadingPlugin property that was created just for that purpose.</p>\r\n<p>Good catch, thanx!</p>\r\n",
    "PostedDate": "2009-03-11T23:04:19.09-07:00",
    "UserRole": null,
    "MarkedAsAnswerDate": null
  },
  {
    "Id": "167297",
    "ThreadId": "49804",
    "Html": "I didn't have time to test it yet but I've checked in a fix (and a lot of other stuff).<br>\r\n<br>\r\nYou could try it, if you feel adventurous ;-)\r\n",
    "PostedDate": "2009-03-12T03:35:44.973-07:00",
    "UserRole": null,
    "MarkedAsAnswerDate": null
  },
  {
    "Id": "167553",
    "ThreadId": "49804",
    "Html": "The plug-in is added but when I push the &quot;View&quot; button to open the editor it causes a &quot;heap corruption detected&quot; dialog from the C++ debug library. :(<br>\r\n",
    "PostedDate": "2009-03-12T15:54:22.943-07:00",
    "UserRole": null,
    "MarkedAsAnswerDate": null
  },
  {
    "Id": "167896",
    "ThreadId": "49804",
    "Html": "I tested it and it appears that the plugin returns a string that is too large for a parameter name. The max length of a parameter name is 8 characters (as defined by kVstMaxParamStrLen in the VST SDK) and it returns the string &quot;Global: Bypass&quot; for the first parameter name (index=0). Too me, that is a bug in the plugin (it is just reported with the host.exe because the allocated the memory that was overrun)... :-(<br>\r\n<br>\r\nTo see for yourself open up the Host sample application and set a breakpoint in the FillParameterList method in the PluginForm.cs. You'll see it crash after the first call to GetParameterName(i);<br>\r\n<br>\r\nI did enlarge the parameter-related string buffers to allow 64 chars.<br>\r\nIt did also bring to light another bug that was in the VstPluginContext.Dispose resource cleanup. <br>\r\nI did a new checkin with the fixes.<br>\r\n<br>\r\nHope they work for you.\r\n",
    "PostedDate": "2009-03-13T13:27:48.83-07:00",
    "UserRole": null,
    "MarkedAsAnswerDate": null
  },
  {
    "Id": "167959",
    "ThreadId": "49804",
    "Html": "Yes, now the demo program works correctly with that plugin too. Thanks!<br>\r\n<br>\r\n",
    "PostedDate": "2009-03-13T16:42:14.623-07:00",
    "UserRole": null,
    "MarkedAsAnswerDate": null
  }
]