[
  {
    "Id": "188413",
    "ThreadId": "55789",
    "Html": "<p>Hi,</p>\r\n<p>i tried your VST host sample, but when i click on &quot;Add&quot; the Debugger shows the &quot;System.StackOverflowException&quot; as of infinite loop. As i tried it in my code, with parts from the sample, it happens also.</p>\r\n<p>&nbsp;</p>\r\n<p>With the debugger i could localize the line in VstPluginContext.cpp (i marked it with ===&gt;). The debugger jumps to the VstPluginContext::Create then it steps further to  VstManagedPluginContext::Create at jumps back to  VstPluginContext::Create.</p>\r\n<p>&nbsp;</p>\r\n<p>&nbsp;&nbsp;&nbsp; VstPluginContext^ VstPluginContext::Create(System::String^ pluginPath, Jacobi::Vst::Core::Host::IVstHostCommandStub^ hostCmdStub)<br>&nbsp;&nbsp;&nbsp; {<br>&nbsp;&nbsp;&nbsp; &nbsp;&nbsp;&nbsp; Jacobi::Vst::Core::Throw::IfArgumentIsNullOrEmpty(pluginPath, &quot;pluginPath&quot;);<br>&nbsp;&nbsp;&nbsp; &nbsp;&nbsp;&nbsp; Jacobi::Vst::Core::Throw::IfArgumentIsNull(hostCmdStub, &quot;hostCmdStub&quot;);<br><br>&nbsp;&nbsp;&nbsp; &nbsp;&nbsp;&nbsp; // verify file exist<br>&nbsp;&nbsp;&nbsp; &nbsp;&nbsp;&nbsp; if(!System::IO::File::Exists(pluginPath))<br>&nbsp;&nbsp;&nbsp; &nbsp;&nbsp;&nbsp; {<br>&nbsp;&nbsp;&nbsp; &nbsp;&nbsp;&nbsp; &nbsp;&nbsp;&nbsp; throw gcnew System::IO::FileNotFoundException(pluginPath);<br>&nbsp;&nbsp;&nbsp; &nbsp;&nbsp;&nbsp; }<br><br>===&gt;&nbsp; &nbsp;&nbsp;&nbsp; VstPluginContext^ pluginCtx = VstManagedPluginContext::Create(pluginPath, hostCmdStub);<br><br>&nbsp;&nbsp;&nbsp; &nbsp;&nbsp;&nbsp; if(pluginCtx == nullptr)<br>&nbsp;&nbsp;&nbsp; &nbsp;&nbsp;&nbsp; {<br>&nbsp;&nbsp;&nbsp; &nbsp;&nbsp;&nbsp; &nbsp;&nbsp;&nbsp; pluginCtx = VstUnmanagedPluginContext::Create(pluginPath, hostCmdStub);<br>&nbsp;&nbsp;&nbsp; &nbsp;&nbsp;&nbsp; }</p>\r\n<p>&nbsp;</p>\r\n<p>Is it my mistake and i forgot somethig in my code or compiled your code wrong? Or does a solution/patch exist?</p>\r\n<p>&nbsp;</p>\r\n<p>Greetings</p>\r\n<p>RedFalcon</p>",
    "PostedDate": "2009-05-09T03:54:48.2-07:00",
    "UserRole": null,
    "MarkedAsAnswerDate": null
  },
  {
    "Id": "188437",
    "ThreadId": "55789",
    "Html": "<p>Hi RedFalcon,</p>\r\n<p>Thanx for bringing this to my attention. I'm not sure how this bug crept into the code, but thanx for the catch ;-)</p>\r\n<p>Problem was that the Create method for both the VstManagedPluginContext and the VstUnmanagedPluginContext were protected and therefor not callable from the VstPluginContext class. .NET allows calling static methods on any type of the&nbsp;class hierarchy (so it reverted back to the VstPluginContext::Create method, which was the only one accessable).&nbsp;I've changed the name and the accessability of the methods and tested the Host sample. It now loads as expected. Please retrieve the latest version of the source code to receive this fix.</p>\r\n<p>Sorry for the extra work you had to do.</p>\r\n<p>Grtx,<br>Marc Jacobi</p>",
    "PostedDate": "2009-05-09T06:00:32.337-07:00",
    "UserRole": null,
    "MarkedAsAnswerDate": null
  },
  {
    "Id": "188452",
    "ThreadId": "55789",
    "Html": "<p>Hi,</p>\r\n<p>thanks for this fast reply and fix. I will test and post if it works.</p>\r\n<p>&nbsp;</p>\r\n<p>Edit:</p>\r\n<p>I tested it, now it opens your delay sample plugin without hassle. But i had a problem with other VSTs, it shows exception about manifest, strong names and signing of interop assembly. I removed reference to your sign file and some assembly files that you mention in &quot;build steps&quot; before i compiled VST.Net. Just ask and i will try to reconstruct steps, cause i forgot which plugin i have tested with it.</p>\r\n<p>&nbsp;</p>\r\n<p>&nbsp;</p>\r\n<p>PS: I don't see programming or debugging as extra work, if i can help fix problems. It's my everyday job. ;)</p>\r\n<p>&nbsp;</p>\r\n<p>Greetings</p>\r\n<p>Andi</p>",
    "PostedDate": "2009-05-09T08:17:01.823-07:00",
    "UserRole": null,
    "MarkedAsAnswerDate": null
  },
  {
    "Id": "188592",
    "ThreadId": "55789",
    "Html": "<p>Hi,</p>\r\n<p>for the problem see my edit of the previous post. I tried it again with DSK Strings plugin an it throws MissingManifestResourceException. As i said your delay sample loaded just fine (although i looked only in the debugger, cause i am at the beginning with my KeyboardWorkstation and so it doesn't have much GUI), but others, i think unmanaged, have problems.</p>\r\n<p>&nbsp;</p>\r\n<p>It throws the exception at the end of VstPluginContext::Create</p>\r\n<p>&nbsp;</p>\r\n<p>&nbsp;&nbsp;&nbsp; if(pluginCtx != nullptr)<br>&nbsp;&nbsp;&nbsp; &nbsp;&nbsp;&nbsp; {<br>&nbsp;&nbsp;&nbsp; &nbsp;&nbsp;&nbsp; &nbsp;&nbsp;&nbsp; try<br>&nbsp;&nbsp;&nbsp; &nbsp;&nbsp;&nbsp; &nbsp;&nbsp;&nbsp; {<br>&nbsp;&nbsp;&nbsp; &nbsp;&nbsp;&nbsp; &nbsp;&nbsp;&nbsp; &nbsp;&nbsp;&nbsp; pluginCtx-&gt;Initialize(pluginPath);<br>&nbsp;&nbsp;&nbsp; &nbsp;&nbsp;&nbsp; &nbsp;&nbsp;&nbsp; }<br>&nbsp;&nbsp;&nbsp; &nbsp;&nbsp;&nbsp; &nbsp;&nbsp;&nbsp; catch(...)<br>&nbsp;&nbsp;&nbsp; &nbsp;&nbsp;&nbsp; &nbsp;&nbsp;&nbsp; {<br>&nbsp;&nbsp;&nbsp; &nbsp;&nbsp;&nbsp; &nbsp;&nbsp;&nbsp; &nbsp;&nbsp;&nbsp; delete pluginCtx;<br><br>===&gt; &nbsp; &nbsp;&nbsp;&nbsp; <span style=\"color:#ff0000\">throw;</span><br>&nbsp;&nbsp;&nbsp; &nbsp;&nbsp;&nbsp; &nbsp;&nbsp;&nbsp; }<br>&nbsp;&nbsp;&nbsp; &nbsp;&nbsp;&nbsp; }</p>\r\n<p>&nbsp;</p>\r\n<p>Edit: After further debugging it seems to be this part:</p>\r\n<p>if(pluginMain == NULL)<br>&nbsp;&nbsp;&nbsp; &nbsp;&nbsp;&nbsp; &nbsp;&nbsp;&nbsp; {<br>&nbsp;&nbsp;&nbsp; &nbsp;&nbsp;&nbsp; &nbsp;&nbsp;&nbsp; &nbsp;&nbsp;&nbsp; throw gcnew System::EntryPointNotFoundException(<br>&nbsp;&nbsp;&nbsp; &nbsp;&nbsp;&nbsp; &nbsp;&nbsp;&nbsp; &nbsp;&nbsp;&nbsp; &nbsp;&nbsp;&nbsp; System::String::Format(<br>&nbsp;&nbsp;&nbsp; &nbsp;&nbsp;&nbsp; &nbsp;&nbsp;&nbsp; &nbsp;&nbsp;&nbsp; &nbsp;&nbsp;&nbsp; &nbsp;&nbsp;&nbsp; Jacobi::Vst::Interop::Properties::Resources::VstUnmanagedPluginContext_EntryPointNotFound,<br>&nbsp;&nbsp;&nbsp; &nbsp;&nbsp;&nbsp; &nbsp;&nbsp;&nbsp; &nbsp;&nbsp;&nbsp; &nbsp;&nbsp;&nbsp; &nbsp;&nbsp;&nbsp; pluginPath));<br>&nbsp;&nbsp;&nbsp; &nbsp;&nbsp;&nbsp; &nbsp;&nbsp;&nbsp; }</p>\r\n<p>It tries to find VSTPluginMain as entry point and fails.</p>\r\n<p>Edit: Maybe there should entry point search like here http://www.kvraudio.com/forum/printview.php?t=195887&amp;start=0</p>\r\n<p>They search for 3 different types of plugin entry points</p>\r\n<p>hModule = LoadLibrary(_T(&quot;Components/Atmosphere.dll&quot;)); <br> if(hModule) <br> { <br> if (hModule) // if there, get its main() function <br> { <br> pMain = (VSTPluginMain) GetProcAddress(hModule, &quot;VSTPluginMain&quot;); <br> if (!pMain) <br> pMain = (VSTPluginMain) GetProcAddress(hModule, &quot;VstPluginMain()&quot;); <br> if (!pMain) <br> pMain = (VSTPluginMain) GetProcAddress(hModule, &quot;main&quot;); <br> }</p>\r\n<p>&nbsp;</p>\r\n<p>Greetings</p>\r\n<p>Andi</p>",
    "PostedDate": "2009-05-10T02:20:05.32-07:00",
    "UserRole": null,
    "MarkedAsAnswerDate": null
  },
  {
    "Id": "188729",
    "ThreadId": "55789",
    "Html": "<p>Hi Andi,</p>\r\n<p>To my knowledge there are only 2 valid entry points for a VST Plugin: &quot;VSTPluginMain&quot; and &quot;main&quot;.</p>\r\n<p>VST.NET only supports VST 2.4, so it does not check for &quot;main&quot; because its the older name for the entry point.</p>\r\n<p>There is an item you can vote on if you feel that VST.NET should also support older VST versions (&lt; 2.4).<br><a href=\"http://vstnet.codeplex.com/WorkItem/View.aspx?WorkItemId=3917\">http://vstnet.codeplex.com/WorkItem/View.aspx?WorkItemId=3917</a></p>\r\n<p>Grtx,<br>Marc</p>",
    "PostedDate": "2009-05-11T00:15:49.29-07:00",
    "UserRole": null,
    "MarkedAsAnswerDate": null
  },
  {
    "Id": "201572",
    "ThreadId": "55789",
    "Html": "<p>hi&nbsp;<a id=\"ctl00_ctl00_MasterContent_Content_PostRepeater_ctl08_UserNameLink\" href=\"http://www.codeplex.com/site/users/view/obiwanjacobi\">obiwanjacobi</a>,</p>\r\n<p>thanks for this usefull and cool project. I'm not a guru of vst programming and i think that this project can help me :)</p>\r\n<p>I download the last version (0.7&nbsp;(18964)) now, but when&nbsp;i tried your VST host sample,&nbsp;i catch same error<span>&nbsp;</span><span><em>StackOverflowException </em>when i c</span><span>l</span><span>ick add to&nbsp;<span id=nsrTitle><em>Jacobi.Vst.Samples.Delay</em></span><span id=nsrTitle>&nbsp;</span>from&nbsp;<em>_SharedAssemblies. &nbsp;<span style=\"font-style:normal\">This exception is thrown by this statement:</span>&nbsp;VstPluginContext ctx = VstPluginContext.Create(pluginPath, hostCmdStub);</em></span></p>\r\n<p><span><em><span style=\"font-style:normal\">Maybe is&nbsp;there something wrong in my configuration or in my use?Is it my mistake adding this assembly?&nbsp;</span></em></span></p>\r\n<p>Thanks in advance,</p>\r\n<p>Paolo</p>\r\n<p>&nbsp;</p>",
    "PostedDate": "2009-06-15T06:39:02.783-07:00",
    "UserRole": null,
    "MarkedAsAnswerDate": null
  },
  {
    "Id": "206721",
    "ThreadId": "55789",
    "Html": "<p>Hi Paolo,</p>\r\n<p>Download the latest source code.</p>\r\n<p><a href=\"http://vstnet.codeplex.com/SourceControl/ListDownloadableCommits.aspx#DownloadLatest\">http://vstnet.codeplex.com/SourceControl/ListDownloadableCommits.aspx#DownloadLatest</a></p>\r\n<p>Build the libraries and you should be okay.</p>\r\n<p>Hope it helps.</p>",
    "PostedDate": "2009-06-29T12:00:05.56-07:00",
    "UserRole": null,
    "MarkedAsAnswerDate": null
  }
]