[
  {
    "Id": "483028",
    "ThreadId": "224331",
    "Html": "<p>hi guys,</p>\r\n<p>thanx for the good work you are doing. its really cool. i have a slight proglem and was wondering if anybody could be of help. i want to creat a vst plugintrying to be hosted on fl studio or cubase. it holds some beats any of which plays when selected.</p>\r\n<p>i used the jacobi.vst.midinote.mapper sample as a guide and have now been able to host the plugin on fl studio.</p>\r\n<p><span style=\"color:#ff0000\">now here comes the problem:&nbsp; there is no communication between plugin and host. i want to load the audio (.wav) files from plugin onto host when a &quot;load&quot; button is clicked.</span></p>\r\n<p>i have doing all i can, but to no avail. maybe its becos i am new at this. i thought it would be fun to be able to do this.</p>\r\n<p>CAN SOME SOMEBODY PLEASE HELP ME</p>\r\n<p>&nbsp;</p>",
    "PostedDate": "2010-08-21T00:47:24.587-07:00",
    "UserRole": null,
    "MarkedAsAnswerDate": null
  },
  {
    "Id": "483037",
    "ThreadId": "224331",
    "Html": "<p>The VST interfacing specification were made with a very specific purpose in mind. This purpose mostly revolves around audio and midi processing.</p>\r\n<p>A VST plugin is not an 'application' plugin - where a plugin has complete access to the hosting application.</p>\r\n<p>Bottom line: it sounds like you want to do something VST was not designed for. So it will not work.</p>\r\n<p>All IXxxCommands interfaces in VST.NET represent all methods that can be called on both plugin and host. If there is no method that suits your purpose, it cannot be done.</p>\r\n<p>Hope it helps.</p>",
    "PostedDate": "2010-08-21T02:30:46.887-07:00",
    "UserRole": null,
    "MarkedAsAnswerDate": null
  },
  {
    "Id": "483162",
    "ThreadId": "224331",
    "Html": "<p>hi obiwanjacobi,<br>i am so happy you (the jacobi himself) replied my mail. thank you very much.<br>i think the problem is me. i couldn't explain myself well. i wily try again.<br>i want to do something like 'groove agent 3' vst plug in, but in a very basic form.<br>i just want audio files to be loaded from de vst to fl studio or cubase(as a wave file and not a midi)<br>i use the MidiNote Mapper sample. and i can load the plugin. it plys the audio files alright.<br>now i want to know if thers a way to send them unto the cubase woking field.<br>i  am very new to this. am i am sure theres a ways or codes written to  creat a channel for communication between all ur samples and a host.<br>but i may not hv sported it. i will take a 2nd look at it<br>but please help me if u can. <br>thanks</p>",
    "PostedDate": "2010-08-21T16:28:04.91-07:00",
    "UserRole": null,
    "MarkedAsAnswerDate": null
  },
  {
    "Id": "488004",
    "ThreadId": "224331",
    "Html": "<p>Sorry, for the late response, I totally missed your message.</p>\r\n<p>I am not familiar with 'Groove Agent 3' and not aware that there is a way to communicate anything to the host other than defined in the IVstHostCommands interfaces.</p>\r\n<p>There is an option in the original SDK to use host specific calls (not implemented in VST.NET). Could that be used by the Groove Agent plugin? That would mean it will probably not work in all Hosts...</p>",
    "PostedDate": "2010-09-01T22:49:56.877-07:00",
    "UserRole": null,
    "MarkedAsAnswerDate": null
  },
  {
    "Id": "489711",
    "ThreadId": "224331",
    "Html": "<p>hi,<br>thanks for the reply. i really appreciate your help. i will take a closer look at that (host specific call) aspect of SDK.<br>but there's this other problem i was hoping you could help solve. its still something to do with MidiNoteMapper sample.<br>my plugin appears (in fl studio) under effect. But the original midinotemapper sample appear under instrument.<br>i think the code below should be responsible for determining whether plugin should be an instrument or effect.<br><br>&nbsp;public MyPlugin()<br>&nbsp;&nbsp;&nbsp;&nbsp;&nbsp;&nbsp;&nbsp;&nbsp;&nbsp;&nbsp;&nbsp; : base(&quot;afrithm&quot;, new VstProductInfo(&quot;<a href=\"http://vst.net/\"><span id=\"lw_1283777797_0\">VST.NET</span></a></p>\r\n<div style=\"display:inline;cursor:pointer;padding-right:16px;width:16px;height:16px\">&nbsp;</div>\r\n<p>Code Samples&quot;, &quot;Jacobi Software (c) 2009&quot;, 1000),<br>&nbsp;&nbsp;&nbsp;&nbsp;&nbsp;&nbsp;&nbsp;&nbsp;&nbsp;&nbsp;&nbsp;&nbsp;&nbsp;&nbsp;&nbsp; VstPluginCategory.Synth,  VstPluginCapabilities.NoSoundInStop, 0, 0x30313233)<br>&nbsp;&nbsp;&nbsp;&nbsp;&nbsp;&nbsp; {<br>&nbsp;&nbsp;&nbsp;&nbsp;&nbsp;&nbsp;&nbsp;&nbsp;&nbsp;&nbsp;&nbsp; afrithmui&nbsp; = new afrithmUI();<br>&nbsp;&nbsp;&nbsp;&nbsp;&nbsp;&nbsp; }<br><br>is there something wrong?<br><br>thank you</p>",
    "PostedDate": "2010-09-06T06:00:28.783-07:00",
    "UserRole": null,
    "MarkedAsAnswerDate": null
  },
  {
    "Id": "489999",
    "ThreadId": "224331",
    "Html": "<p>Take a look at the CreatePluginInfo in the <a href=\"http://vstnet.codeplex.com/SourceControl/changeset/view/48968#192991\">StdPluginCommandStub</a>&nbsp;(at the bottom).</p>\r\n<p>Here you can see what other factors are influencing how a host might categorize a plugin.</p>\r\n<p>Hope it helps.</p>",
    "PostedDate": "2010-09-07T03:30:54.983-07:00",
    "UserRole": null,
    "MarkedAsAnswerDate": null
  }
]