[
  {
    "Id": "270272",
    "ThreadId": "78934",
    "Html": "<p>Greetings,</p>\r\n<p>I just want a simple sample of how to use vst.net and C# to show a form which contains a button then after pressing this button it will show a messagebox contains &quot;Hello World&quot; for example !</p>\r\n<p>thanks in advance !</p>\r\n<p>&nbsp;</p>",
    "PostedDate": "2009-12-23T05:01:35.387-08:00",
    "UserRole": null,
    "MarkedAsAnswerDate": null
  },
  {
    "Id": "270302",
    "ThreadId": "78934",
    "Html": "<p>Hi Hazem,</p>\r\n<p>There is no sample that does that exactly but the MidiNoteMapper sample shows you how to display a form as well does the CorePlugin (but does not use the Framework).</p>\r\n<p>Download the documentation (.chm) and follow the &quot;Getting Started&quot; section to setup a plugin skeleton. Refer to the provided samples to add an implementation of the IVstPluginEditor interface and startup a form.</p>\r\n<p>Good luck.</p>",
    "PostedDate": "2009-12-23T07:19:22.023-08:00",
    "UserRole": null,
    "MarkedAsAnswerDate": null
  },
  {
    "Id": "271709",
    "ThreadId": "78934",
    "Html": "<p>Thanks obiwanjacobi for the reply..</p>\r\n<p>I've built my dll, but I want to know how &quot;Nuedno&quot; for example knows how to execute my plygin, what do I have to implement to make this dll run and show me a form ?</p>\r\n<p>&nbsp;</p>",
    "PostedDate": "2009-12-30T07:07:36.38-08:00",
    "UserRole": null,
    "MarkedAsAnswerDate": null
  },
  {
    "Id": "271731",
    "ThreadId": "78934",
    "Html": "<p>BTW, Nuedno can't recognize MidiNoteMapper sample, why ?</p>",
    "PostedDate": "2009-12-30T08:27:47.387-08:00",
    "UserRole": null,
    "MarkedAsAnswerDate": null
  },
  {
    "Id": "272465",
    "ThreadId": "78934",
    "Html": "<p>It's all good,</p>\r\n<p>Thanks :)</p>",
    "PostedDate": "2010-01-02T15:45:34.767-08:00",
    "UserRole": null,
    "MarkedAsAnswerDate": null
  },
  {
    "Id": "272538",
    "ThreadId": "78934",
    "Html": "\r\nYou can go back to your previous plugin and try to set the number of audio inputs and outputs to a non-zero number (its in the ctor of the base class of the AudioProcessor class). Perhaps Nuendo expects a plugin to always do audio. The base class will pass audio from input to output without change.<br><br><hr id=stopSpelling>From: [email removed]<br>To: [email removed]<br>Date: Sat, 2 Jan 2010 15:45:42 -0800<br>Subject: Re: VST.NET Hello World Sample [vstnet:78934]<br><br>\r\n\r\n From: hazem<br> <div id=ecxThreadNotificationPostBody>It's all good,<br>\r\nThanks :)<br></div> <div id=ecxThreadNotificationFooter> Read the <a href=\"http://vstnet.codeplex.com/Thread/View.aspx?ThreadId=78934&ANCHOR#Post272465\">full discussion online</a>.<br> To add a post to this discussion, reply to this email (<a href=\"mailto:vstnet@discussions.codeplex.com?subject=[vstnet:78934]\">vstnet@discussions.codeplex.com</a>)<br> To start a new discussion for this project, email <a href=\"mailto:vstnet@discussions.codeplex.com\">vstnet@discussions.codeplex.com</a><br> You are receiving this email because you subscribed to this discussion on CodePlex. You can <a href=\"https://vstnet.codeplex.com/subscriptions/thread/project/edit\">unsubscribe or change your settings</a> on codePlex.com.<br> Please note: Images and attachments will be removed from emails. Any posts to this discussion will also be available online at codeplex.com<br> </div> \t\t \t   \t\t  <br><hr>New Windows 7: Find the right PC for you. <a href=\"http://windows.microsoft.com/shop\">Learn more.</a>",
    "PostedDate": "2010-01-03T03:08:32.94-08:00",
    "UserRole": null,
    "MarkedAsAnswerDate": null
  }
]