[
  {
    "Id": "115639",
    "ThreadId": "34825",
    "Html": "VST.NET targets .NET 2, are there any gotchas when using .NET 3.0 or 3.5 stuff, or is simply targeting .NET 3.5 enough?<br>\r\n<br>\r\nAny plans for also allowing WPF and not just Forms for the UI (it would be nice with a snazzy resizeable UI :-)? What would it take, just add a similar WindowsWPFWrapper, or is it more involved?<br>\r\n<br>\r\nCheerio/Kristian\r\n",
    "PostedDate": "2008-09-03T06:25:25.647-07:00",
    "UserRole": null,
    "MarkedAsAnswerDate": null
  },
  {
    "Id": "116484",
    "ThreadId": "34825",
    "Html": "VST.NET targets .NET 2.0 to have a minimal requirement for plugin assemblies and the client machines they're installed on. But an unmanged host (.exe) will always load the latest CLR version installed. So if you have .NET 3.5 installed it should load the latest CLR version (which is 2.0 I believe). So simply target your assembly at the .NET version you need and it should work (although I haven't tested this myself yet).<br>\r\n<br>\r\nThere are no plans to support WPF directly (simply because I don't know how and I haven't got the time to figure it out). The current support for WPF is through WinForms hosting. You create a WinForms UserControl and place the WPF extension control on that. In the extension control you can use WPF controls.<br>\r\n<br>\r\nBTW: Thanx for your bug reports. Really appriciate that.\r\n",
    "PostedDate": "2008-09-06T02:53:34.74-07:00",
    "UserRole": null,
    "MarkedAsAnswerDate": null
  },
  {
    "Id": "122861",
    "ThreadId": "34825",
    "Html": "hi Obiwan,<br>\r\n<br>\r\nhere's a vote for WPF support.&nbsp;The unmanaged crowd won't know what hit 'em!<br>\r\n<br>\r\nthanks,<br>\r\n<br>\r\nDanny\r\n",
    "PostedDate": "2008-10-04T07:02:51.51-07:00",
    "UserRole": null,
    "MarkedAsAnswerDate": null
  },
  {
    "Id": "122863",
    "ThreadId": "34825",
    "Html": "Hi Danny,<br>\r\n<br>\r\nYeah, they probably wont ;-)<br>\r\n<br>\r\nProblem is that I really dont have the time to sort it out. Just implement it using the extensibility provided through WinForms. It might not be ideal but it should work.<br>\r\n<br>\r\nIf you have the information on how to attach a native parent HWND to a WPF Window or Control (in other words, write the WPFWrapper class), I might consider it ;-)<br>\r\n<br>\r\nThanks,<br>\r\nMarc Jacobi<br>\r\n<br>\r\nPS: You should really&nbsp;create an Issue item. These support voting. I've created one for you&nbsp;;-)\r\n",
    "PostedDate": "2008-10-04T07:13:25.607-07:00",
    "UserRole": null,
    "MarkedAsAnswerDate": null
  },
  {
    "Id": "122865",
    "ThreadId": "34825",
    "Html": "<br>\r\nHi Marc,<br>\r\n<br>\r\nI think the solution requires a smidgen of C++/CLR and uses the&nbsp;<a href=\"http://msdn2.microsoft.com/en-us/library/system.windows.interop.hwndsource.aspx\">HwndSource</a> facility. The example looks quite simple.<br>\r\n<br>\r\nI haven't done more than build the msdn example - but may try to implement it in VST.NET the coming weeks.<br>\r\n<br>\r\nThis is one of the most exciting projects on Codeplex. Keep up the good work!<br>\r\n<br>\r\nregards,<br>\r\nDanny\r\n",
    "PostedDate": "2008-10-04T07:26:19.187-07:00",
    "UserRole": null,
    "MarkedAsAnswerDate": null
  },
  {
    "Id": "122866",
    "ThreadId": "34825",
    "Html": "Hi Danny,<br>\r\n<br>\r\nThe links seems to broken?<br>\r\n<br>\r\nTake a look at the WindowsFormsWrapper class for the form you can use to implement it.<br>\r\n<br>\r\nThanx a lot!<br>\r\nMarc Jacobi\r\n",
    "PostedDate": "2008-10-04T07:29:35.16-07:00",
    "UserRole": null,
    "MarkedAsAnswerDate": null
  },
  {
    "Id": "122867",
    "ThreadId": "34825",
    "Html": "<br>\r\nHi Marc,<br>\r\n<br>\r\nI should've mentioned msdn seems to be down today! Should be back up soon.<br>\r\n<br>\r\nI'll take a look the wrapper and see what I can do with it.<br>\r\n<br>\r\nregards,<br>\r\n<br>\r\nDanny\r\n",
    "PostedDate": "2008-10-04T07:33:50.517-07:00",
    "UserRole": null,
    "MarkedAsAnswerDate": null
  }
]