[
  {
    "Id": "470408",
    "ThreadId": "220433",
    "Html": "Hi,\r\nHow do I remove AssemblyInfo.General.cpp from the Jacobi.Vst.Interop project in order to build it successfully?\r\n\r\nThanks.\r\n",
    "PostedDate": "2010-07-21T09:12:48.82-07:00",
    "UserRole": null,
    "MarkedAsAnswerDate": null
  },
  {
    "Id": "470412",
    "ThreadId": "220433",
    "Html": "<p>Nerver mind, I found how in the doc.</p>\r\n<p>Sorry!</p>\r\n<p>&nbsp;</p>",
    "PostedDate": "2010-07-21T09:15:56.273-07:00",
    "UserRole": null,
    "MarkedAsAnswerDate": null
  }
]