[
  {
    "Id": "1463762",
    "ThreadId": "651521",
    "Html": "I'm developing a VST using the VST.NET framework which is an audio effect that also accepts routed midi note information, so both the &quot;IVstPluginAudioProcessor&quot; and &quot;IVstMidiProcessor&quot; interfaces are implemented.\r<br />\n<br />\nWhen I try to use my effect in a host (Ableton Live 8), if I try to drag it onto an audio track, it tells me &quot;Only audio effects can be inserted into an audio track&quot;, so somewhere along the line, it is thinking my effect is a pure midi effect rather than an audio effect.\r<br />\n<br />\nHow is this VST plugin type information communicated to the host? I perhaps naively thought it would be through setting the &quot;VstPluginCategory&quot; to &quot;Effect&quot;, but seemingly not.<br />\n",
    "PostedDate": "2016-02-19T15:30:57.953-08:00",
    "UserRole": null,
    "MarkedAsAnswerDate": null
  },
  {
    "Id": "1463780",
    "ThreadId": "651521",
    "Html": "Some further investigation of this issue:\r<br />\n<br />\nI managed to persuade Ableton that my effect is indeed an audio effect by removing the IVstMidiProcessor implementation, and renaming the dlls (presumably there is some sort of caching going on with Ableton as it refused to acknowledge the change in status without it being renamed), and then readding the midi processing.\r<br />\n<br />\nHowever now, although Ableton acknowledges it as an audio effect, as soon as I reimplement IVstMidiProcessor, the input channels in the audio processing method are zeroed.\r<br />\n<br />\nAre midi processing and access to audio input mutually exclusive? I know what I want to do is possible as there are vsts available that can do it.<br />\n",
    "PostedDate": "2016-02-19T18:09:29.5-08:00",
    "UserRole": null,
    "MarkedAsAnswerDate": null
  },
  {
    "Id": "1463817",
    "ThreadId": "651521",
    "Html": "Ok stand down everyone I think I've fixed my problem.\r<br />\n<br />\nI was inheriting the &quot;StdPluginCommandStub&quot; class which has an implementation of &quot;CreatePluginInfo&quot; which sets some things automatically based on which interfaces are implemented.<br />\n<pre><code>if (audioProcessor != null &amp;&amp; plugin.Supports&lt;IVstMidiProcessor&gt;())\n       pluginInfo.Flags |= VstPluginFlags.IsSynth;</code></pre>\n\nThis bit makes the assumption that any VST which implements both audio and midi processing is a synth, which is a reasonable enough assumption but in my case, is not true.<br />\n",
    "PostedDate": "2016-02-20T15:41:29.083-08:00",
    "UserRole": null,
    "MarkedAsAnswerDate": null
  },
  {
    "Id": "1463820",
    "ThreadId": "651521",
    "Html": "Yep. Basically, VST.Net works almost exactly the same whether or not Ableton considers your VST to be an effect, or a synth. But, that piece of information just tells Ableton what you think your synth is for.<br />\n",
    "PostedDate": "2016-02-20T16:27:55.057-08:00",
    "UserRole": null,
    "MarkedAsAnswerDate": null
  },
  {
    "Id": "1464086",
    "ThreadId": "651521",
    "Html": "Sorry, I did not receive a notification of this thread... (known issue with codeplex)\r<br />\n<br />\nThe Framework attempts to deduce support from the interfaces the plugin implements. \r<br />\nYou should be able to override the CreatePluginInfo method on the stub, call the base and adjust the plugin info to fix your problem.<br />\n",
    "PostedDate": "2016-02-23T03:03:20.787-08:00",
    "UserRole": null,
    "MarkedAsAnswerDate": null
  }
]