[
  {
    "Id": "769362",
    "ThreadId": "317857",
    "Html": "\r\n<p>Hi.</p>\r\n<p>I posted here already about problems with additional custom references directory, but i already came across more critical problem.</p>\r\n<p>I managed to implement FFT in my effect and now i am trying to show results on my custom WPF UI.</p>\r\n<p>My class of PluginEditorView is very simple:</p>\r\n<p></p>\r\n<div style=\"color:black; background-color:white\">\r\n<pre> <span style=\"color:blue\">public</span> <span style=\"color:blue\">partial</span> <span style=\"color:blue\">class</span> PluginEditorView : UserControl\r\n    {\r\n        <span style=\"color:blue\">public</span> PluginEditorView()\r\n        {\r\n            InitializeComponent();\r\n            ControlPanel effect = <span style=\"color:blue\">new</span> ControlPanel();\r\n            WPFDisplay.Child = effect; <span style=\"color:blue\">this</span>.Controls.Add(WPFDisplay);\r\n        }\r\n\r\n    }\r\n</pre>\r\n</div>\r\n<p></p>\r\n<p>I have now instance of ControlPanel: effect.</p>\r\n<p>I would like to invoke some method of that object for example: effect.ShowFFTResults() in Process function of AudioProcessor class.</p>\r\n<p>Where can i learn how to change editor view from the process function? Its hard and i run out of ideas...</p>\r\n",
    "PostedDate": "2012-02-16T03:20:23.3-08:00",
    "UserRole": null,
    "MarkedAsAnswerDate": null
  },
  {
    "Id": "776025",
    "ThreadId": "317857",
    "Html": "<p>If you <strong>write</strong> data into a buffer in de AudioProcessor.Process method (probably where your FFT is executed) and implement the Editor's&nbsp;ProcessIdle method to invalidate the region of the screen that needs to be updated, when the buffers was changed, then the drawing code should get triggered.</p>\r\n<p>The drawing code will <strong>read</strong> from the data buffer and generate a visual representation of that data.</p>\r\n<p>To my mind the dependency flows from the UI to the processing component (AudioProcessor) not the other way around. Try to avoid using any type of thread synchronization mechanism for it may block the processing of the audio. And if the read will read corrupt data once in a while, there is not much of a problem.</p>\r\n<p>Hope it helps,<br />Marc&nbsp;</p>",
    "PostedDate": "2012-02-17T10:51:23.987-08:00",
    "UserRole": null,
    "MarkedAsAnswerDate": null
  },
  {
    "Id": "776083",
    "ThreadId": "317857",
    "Html": "<p>Thank you for your comment.</p>\r\n<p>So as far as I understand I have to implement ProcessIdle method. I will try to find all what I can in documentation and search (this time deeper) &nbsp;the samples with custom UI and if i get stuck somewhere I will probably ask you again for help...</p>\r\n<p>Meanwhile i was trying to get my ControlPanel instance in AudioProcessor by implementing singleton pattern in ControlPanel. I was able to get the instance in AudioProcessor and invoke drawing method... but nothing changed...&nbsp;</p>\r\n<p>So I will focus myself on the ProcessIdle and read everything about it then.</p>\r\n<p>Thanx Marc,</p>\r\n<p>Tomek</p>",
    "PostedDate": "2012-02-17T11:21:29.373-08:00",
    "UserRole": null,
    "MarkedAsAnswerDate": null
  },
  {
    "Id": "776107",
    "ThreadId": "317857",
    "Html": "<p>You can use your plugin root object (that implements IVstPlugin) to contain the data buffer. That way all pieces (objects) of the plugin can access it. You have to make sure you invoke your drawing method from the UI thread (use the Dispatcher). You will get an exception otherwise.</p>\r\n<p>I would not implement any statics (singletons) in your plugin, just use the references managed by the Plugin root object (InterfaceManager) to retrieve refs to other objects (GetInstance&lt;MyPluginEditor&gt;). Refer to the code that the Visual Studio templates lay down for you when you create a new VST.NET project.</p>\r\n<p>http://visualstudiogallery.msdn.microsoft.com/0fc1a140-269e-4f55-888a-c30577add35a</p>",
    "PostedDate": "2012-02-17T11:38:39.687-08:00",
    "UserRole": null,
    "MarkedAsAnswerDate": null
  },
  {
    "Id": "777893",
    "ThreadId": "317857",
    "Html": "<p>Your advices were very helpful. Finally I've made my UI to work.</p>\n<p>Thank you!</p>",
    "PostedDate": "2012-02-18T12:09:08.7-08:00",
    "UserRole": null,
    "MarkedAsAnswerDate": null
  }
]