[
  {
    "Id": "936791",
    "ThreadId": "401971",
    "Html": "\r\n<p>I've downloaded the 1.0 version (excellent) but am having trouble upgrading my VST to use it. Here's the message that appears when I load my VST:</p>\r\n<p><a href=\"http://i.imgur.com/G1p5h.png\">http://i.imgur.com/G1p5h.png</a></p>\r\n<p>(Sorry, copy/pasting the text doesn't seem to work on the dialog box like it usually does)</p>\r\n<p>Here's what I've done:</p>\r\n<ul>\r\n<li>Replaced the old .Core and .Framework Dlls with the latest ones from&nbsp;VST.NET RTM.zip\\Code\\CLR4\\AnyCPU\\Release &nbsp;\r\n</li><li>Updated the project References to point to those new assemblies </li><li>Changed the project Target Framework &nbsp;to .NET Framework 4 </li><li>Took the new Interop.dll from &nbsp;\\VST.NET RTM.zip\\Code\\CLR4\\x86\\Release, renamed it to MyPlugin.dll, and put it in my VST plugins directory.\r\n</li></ul>\r\n<p>The project builds cleanly, and I have a post-build step to copy my output Dll to the VST plugins directory as&nbsp;&nbsp;MyPlugin.net.vstdll .</p>\r\n<p>I'm running on Windows 7 64-bit, but targeting a 32-bit VST to match the host (FL Studio, which is 32-bit for now). &nbsp;Using Visual Studio 2011 beta.</p>\r\n<p>I'm hoping I missed or did something simple. &nbsp;Suggestions? &nbsp;Thanks!</p>\r\n",
    "PostedDate": "2012-11-05T08:25:51.207-08:00",
    "UserRole": null,
    "MarkedAsAnswerDate": null
  },
  {
    "Id": "936850",
    "ThreadId": "401971",
    "Html": "\r\n<p>---&nbsp;</p>\r\n",
    "PostedDate": "2012-11-05T10:22:46.673-08:00",
    "UserRole": null,
    "MarkedAsAnswerDate": null
  },
  {
    "Id": "936851",
    "ThreadId": "401971",
    "Html": "\r\n<p><br>\r\nHuh. &nbsp;I got it working, it seems this behaviour is by design in .NET 4. &nbsp;These pages have some details: &nbsp;</p>\r\n<p>http://msdn.microsoft.com/en-us/library/dd409252(v=vs.100).aspx</p>\r\n<p>http://through-the-interface.typepad.com/through_the_interface/2011/07/loading-blocked-and-network-hosted-assemblies-with-net-4.html</p>\r\n<p>http://jopinblog.wordpress.com/2007/05/01/configuration-file-appconfig-for-net-class-library-dll/</p>\r\n<p>What wasn't obvious though until I read that last article, is that you have to create the .config file *for the host executable*, not the DLL. &nbsp;This applies even though the host isn't a .NET program!So in my case, I created a file called FL.exe.config\r\n &nbsp;(For FL Studio) and put it in the FL executable directory, with these contents:</p>\r\n<p>&lt;?xml version =&quot;1.0&quot;?&gt;<br>\r\n&nbsp; &lt;configuration&gt;&nbsp; &nbsp; <br>\r\n&nbsp; &nbsp; &lt;runtime&gt;&nbsp; &nbsp; &nbsp; &nbsp; <br>\r\n&nbsp; &nbsp; &nbsp; &lt;loadFromRemoteSources enabled=&quot;true&quot;/&gt; <br>\r\n&nbsp; &nbsp; &lt;/runtime&gt;<br>\r\n&nbsp; &lt;/configuration&gt;</p>\r\n<p>Now it works. &nbsp; But I still think something is wrong as for why .NET is thinking it has to do this, so some digging into the root cause would be great.</p>\r\n",
    "PostedDate": "2012-11-05T10:23:39.77-08:00",
    "UserRole": null,
    "MarkedAsAnswerDate": null
  },
  {
    "Id": "936942",
    "ThreadId": "401971",
    "Html": "<p>Check the .zip file you've download from codeplex. Go to its file properties and click the unblock button at the bottom. Now unpack again and overwrite the assemblies with the new ones... I think you can remove the FL.exe.config.</p>\r\n<p>Because you've downloaded the files from the internet and windows marked the file as 'blocked' &nbsp;- and because its a .zip the files it contains are also blocked. .NET considers downloaded files as unsafe by default.</p>\r\n<p>I will update the release notes to include this info.</p>\r\n<p>Hope it helps,<br />Marc&nbsp;</p>",
    "PostedDate": "2012-11-05T13:32:35.467-08:00",
    "UserRole": null,
    "MarkedAsAnswerDate": null
  },
  {
    "Id": "937323",
    "ThreadId": "401971",
    "Html": "<p>Unfortunately, I don't have the \"Unblock\" option on the File Properties window, for either the original .zip or the extracted files. &nbsp;I also tried logging in as an Administrator, no difference.</p>",
    "PostedDate": "2012-11-06T07:56:49.663-08:00",
    "UserRole": null,
    "MarkedAsAnswerDate": null
  },
  {
    "Id": "937421",
    "ThreadId": "401971",
    "Html": "<p>What OS are you running??</p>",
    "PostedDate": "2012-11-06T11:29:05.09-08:00",
    "UserRole": null,
    "MarkedAsAnswerDate": null
  },
  {
    "Id": "937486",
    "ThreadId": "401971",
    "Html": "<p>Windows 7 Enterprise 64-bit, Service Pack 1. &nbsp;VER gives \"Microsoft Windows [Version 6.1.7601]\".</p>",
    "PostedDate": "2012-11-06T12:42:30.99-08:00",
    "UserRole": null,
    "MarkedAsAnswerDate": null
  },
  {
    "Id": "937759",
    "ThreadId": "401971",
    "Html": "<p>I run Windows 7 Enterprise SP1 and I have an unblock button!? I just downloaded a new copy and checked.</p>\r\n<p>Just to be sure: You right-click on the downloaded .zip file in the Windows Explorer and choose \"Properties\" from the context menu. Then you should have an \"Unkblock\" button on the bottom of the General Tab...</p>\r\n<p>Also, download the file to the standard download folder of the browser - or otherwise in a temp folder or something. I read that some weird stuff can happen on different locations (Desktop, My Documents etc).</p>",
    "PostedDate": "2012-11-07T01:16:13.613-08:00",
    "UserRole": null,
    "MarkedAsAnswerDate": null
  },
  {
    "Id": "938164",
    "ThreadId": "401971",
    "Html": "\r\n<div>Precisely. &nbsp; &nbsp;But, no Unblock button. &nbsp;I'm using Chrome as my browser, downloaded to my Downloads directory (C:\\Users\\lbloomqu\\Downloads for me).</div>\r\n",
    "PostedDate": "2012-11-07T12:38:53.75-08:00",
    "UserRole": null,
    "MarkedAsAnswerDate": null
  },
  {
    "Id": "938334",
    "ThreadId": "401971",
    "Html": "<p>I am sorry but I have no solution for you. Search the web for an answer why your Unblock button is gone...</p>\r\n<p>Also, you could check if there is another tool that can accomplish the same task. I'm thinking about the MS/SysInternals Disk and File tools...</p>\r\n<p><a href=\"http://technet.microsoft.com/en-us/sysinternals/bb545046\">http://technet.microsoft.com/en-us/sysinternals/bb545046</a></p>\r\n<p>&nbsp;</p>\r\n<p>Hope it helps.</p>",
    "PostedDate": "2012-11-07T22:29:58.96-08:00",
    "UserRole": null,
    "MarkedAsAnswerDate": null
  }
]