[
  {
    "Id": "1491196",
    "ThreadId": "660732",
    "Html": "Hi,\r<br />\n<br />\nI'm a newbie in DSP with VST.NET. I have created some things, and I'm liking it, but now I'm trying to create a simple EQ with N bands, and I'm completely lost.\r<br />\nI need to convert the VstAudioBuffer input into a 1D array with the average values of each band, but I have no idea how to do this.\r<br />\nI've read about FFT, but I don't really understand how to use this to do the conversion.\r<br />\nAlso, if my sample count is 1024, I don't think this buffer contains all the data needed to map all the frequencies from 20Hz to 20Kz.\r<br />\nWhat am I missing?\r<br />\n<br />\nThanks!<br />\n",
    "PostedDate": "2017-01-16T19:40:09.667-08:00",
    "UserRole": null,
    "MarkedAsAnswerDate": null
  },
  {
    "Id": "1495677",
    "ThreadId": "660732",
    "Html": "First I am very sorry I did not see your message sooner. It seems codeplex does not send notification emails anymore.\r<br />\n<br />\nFirst I am not able to help you with the DSP of how to create a filter. You have to search the web, but I think there are plenty of resources out there.\r<br />\n<br />\nThen, realize that the audio that your plugin will process, is fed in in blocks (of BlockSize) at a time. So your processing needs to take that into account. You may have to buffer old samples if you need them later on.\r<br />\n<br />\nFinally the VstAudioBuffer is a managed wrapper around a native array. You can cast the VstAudioBuffer instance to IDirectBufferAccess32 (or 64) to gain access to the low level buffer - that will make you responsible for not overrunning it etc. Or you can use the indexer property to gain access to one value at the specified index.\r<br />\n<br />\nHope that helps,\r<br />\nMarc<br />\n",
    "PostedDate": "2017-04-21T05:31:22.813-07:00",
    "UserRole": null,
    "MarkedAsAnswerDate": null
  }
]