[
  {
    "Id": "611408",
    "ThreadId": "257304",
    "Html": "\r\n<p>Hi guys (and gals ), Id really love to get started using this site and development tools ; however, i cannot get the documentation .chm file to show anything. It opens and shows the index, contents and i can even search topics, but i am unable to display\r\n anything to read. All i get is</p>\r\n<table border=\"0\" cellspacing=\"0\" cellpadding=\"0\" width=\"730\">\r\n<tbody>\r\n<tr>\r\n<td id=\"infoIconAlign\" rowspan=\"2\" width=\"60\" align=\"left\" valign=\"top\"><img id=\"infoIcon\" src=\"\" alt=\"Info icon\"></td>\r\n<td id=\"mainTitleAlign\" width=\"*\" align=\"left\" valign=\"middle\">\r\n<h1 id=\"mainTitle\">Navigation to the webpage was canceled</h1>\r\n</td>\r\n</tr>\r\n</tbody>\r\n</table>\r\n<p>&nbsp;</p>\r\n<p>&nbsp;</p>\r\n<p>Any clues? THanks -Eric</p>\r\n<p>&nbsp;</p>\r\n<p>&nbsp;</p>\r\n",
    "PostedDate": "2011-05-11T21:07:05.14-07:00",
    "UserRole": null,
    "MarkedAsAnswerDate": null
  },
  {
    "Id": "611423",
    "ThreadId": "257304",
    "Html": "<p>Windows has marked the file as unsafe because you've downloaded it from the web.</p>\r\n<p>Select the .chm file properties and click the \"unblock\" button at the bottom. <br />That should do it.</p>",
    "PostedDate": "2011-05-11T22:16:49.987-07:00",
    "UserRole": null,
    "MarkedAsAnswerDate": null
  },
  {
    "Id": "611425",
    "ThreadId": "257304",
    "Html": "<p>Worked like a champ.. Thanks so much, Hope others can benefit from this as well. -Eric</p>\r\n<p>&nbsp;</p>",
    "PostedDate": "2011-05-11T22:20:43.687-07:00",
    "UserRole": null,
    "MarkedAsAnswerDate": null
  },
  {
    "Id": "826900",
    "ThreadId": "257304",
    "Html": "<p>Just as an extra note:&nbsp; I couldn't find the \"unblock\" button until I&nbsp;unchecked&nbsp;the Readonly property, so be sure that is not checked, too.</p>",
    "PostedDate": "2012-04-21T11:14:34.22-07:00",
    "UserRole": null,
    "MarkedAsAnswerDate": null
  },
  {
    "Id": "826907",
    "ThreadId": "257304",
    "Html": "<p>Thanx, didn't know that!</p>",
    "PostedDate": "2012-04-21T11:29:18.49-07:00",
    "UserRole": null,
    "MarkedAsAnswerDate": null
  }
]