[
  {
    "Id": "1233869",
    "ThreadId": "542195",
    "Html": "Hi Guys,<br />\nI have really tough time with  WindowsFormsControlLibraries... It seems that the Host(my case Cubase but also happen within the host example from VST.Net) just cant load any assemblies out of the CUbase.Exe folder.. I read how CLR looks for assemblies and understand that, But still stuck with that...<br />\n<br />\nI created simple WindowsFormsControlLibrary,  built,  got Dll, loaded into Tool box, It works I can drag and drop that control into my plugin... But At the moment when I wanna load such plugin into Host I get the message that it cant find the control assembly.... For core and framework assemblies it works I can run plugin when I havent them registred in GAC but my additional assemblies are just not found... I looked into the csproj file to set some differet things but still without success... It is very enoying to have to copy my DLl with controls into the folder with CUbase Executable...Have you met this ?<br />\n<br />\nIt is part of my Csproj with referencies and I cant find difference between Framework and core assemblies which work fine and my assebmly reference...<br />\n<pre><code>&lt;Reference Include=&quot;Jacobi.Vst.Core, Version=1.0.0.0, Culture=neutral, PublicKeyToken=fa678e13c1efc859, processorArchitecture=MSIL&quot;&gt;\n      &lt;SpecificVersion&gt;False&lt;/SpecificVersion&gt;\n      &lt;HintPath&gt;..\\..\\..\\..\\..\\..\\Source\\_SharedAssemblies\\Jacobi.Vst.Core.dll&lt;/HintPath&gt;\n      &lt;Private&gt;True&lt;/Private&gt;\n    &lt;/Reference&gt;\n    &lt;Reference Include=&quot;Jacobi.Vst.Framework, Version=1.0.0.0, Culture=neutral, PublicKeyToken=fa678e13c1efc859, processorArchitecture=MSIL&quot;&gt;\n      &lt;SpecificVersion&gt;False&lt;/SpecificVersion&gt;\n      &lt;HintPath&gt;..\\..\\..\\..\\..\\..\\Source\\_SharedAssemblies\\Jacobi.Vst.Framework.dll&lt;/HintPath&gt;\n      &lt;Private&gt;True&lt;/Private&gt;\n    &lt;/Reference&gt;\n    &lt;Reference Include=&quot;Jacobi.Vst.Interop, Version=1.0.0.0, Culture=neutral, PublicKeyToken=fa678e13c1efc859, processorArchitecture=x86&quot;&gt;\n      &lt;SpecificVersion&gt;False&lt;/SpecificVersion&gt;\n      &lt;HintPath&gt;..\\..\\..\\..\\..\\Downloads\\Code\\CLR2\\x86\\Debug\\Jacobi.Vst.Interop.dll&lt;/HintPath&gt;\n      &lt;Private&gt;False&lt;/Private&gt;\n    &lt;/Reference&gt;\n    &lt;Reference Include=&quot;MyTrackBar, Version=1.0.0.0, Culture=neutral, processorArchitecture=MSIL&quot;&gt;\n      &lt;SpecificVersion&gt;False&lt;/SpecificVersion&gt;\n      &lt;HintPath&gt;..\\..\\WindowsFormsControlLibrary1\\WindowsFormsControlLibrary1\\bin\\Debug\\MyTrackBar.dll&lt;/HintPath&gt;\n    &lt;/Reference&gt;</code></pre>\n\n",
    "PostedDate": "2014-04-14T05:13:41.687-07:00",
    "UserRole": null,
    "MarkedAsAnswerDate": null
  },
  {
    "Id": "1233883",
    "ThreadId": "542195",
    "Html": "VST.NET hooks into the assembly loading mechanism. It uses the folder the plugins was loaded from as a basis to satisfy additional load requests (of your dependent assemblies).\r<br />\nThis class takes care of that: <a href=\"https://vstnet.codeplex.com/SourceControl/latest#Source/Code/Jacobi.Vst.Core/Plugin/AssemblyLoader.cs\" rel=\"nofollow\">https://vstnet.codeplex.com/SourceControl/latest#Source/Code/Jacobi.Vst.Core/Plugin/AssemblyLoader.cs</a>\r<br />\ntogether with this class: <a href=\"https://vstnet.codeplex.com/SourceControl/latest#Source/Code/Jacobi.Vst.Core/Plugin/ManagedPluginFactory.cs\" rel=\"nofollow\">https://vstnet.codeplex.com/SourceControl/latest#Source/Code/Jacobi.Vst.Core/Plugin/ManagedPluginFactory.cs</a>\r<br />\n<br />\nAlso make sure that you use the correct x86/x64 assemlbies. For managed assemblies it does not matter but the Jacobi.Vst.Interop.dll is critical that you use the correct flavor. From the text you posted it looks like you are using the x86 32-bits version. Is your Cubase also 32-bits?\r<br />\n<br />\nCan you post the exception message with the call stack? That would give some concrete information where the error occurs.\r<br />\n<br />\nThanx,\r<br />\nMarc<br />\n",
    "PostedDate": "2014-04-14T06:34:33.563-07:00",
    "UserRole": null,
    "MarkedAsAnswerDate": null
  },
  {
    "Id": "1233948",
    "ThreadId": "542195",
    "Html": "If you're still stuck, you can enable FusionLog to get more information on assembly loading failure.<br />\n",
    "PostedDate": "2014-04-14T09:33:16.97-07:00",
    "UserRole": null,
    "MarkedAsAnswerDate": null
  },
  {
    "Id": "1234010",
    "ThreadId": "542195",
    "Html": "thanks, this is the log from Fusion (very handy)<br />\n<pre><code>*** Assembly Binder Log Entry  (14.4.2014 @ 21:07:25) ***\n\nThe operation failed.\nBind result: hr = 0x80070002. The system cannot find the file specified.\n\nAssembly manager loaded from:  C:\\Windows\\Microsoft.NET\\Framework\\v2.0.50727\\mscorwks.dll\nRunning under executable  C:\\Program Files (x86)\\Steinberg\\Cubase 5\\Cubase5.exe\n--- A detailed error log follows. \n\n=== Pre-bind state information ===\nLOG: User = ATS-GLOBAL\\ASleis\nLOG: DisplayName = testControl, Version=1.0.0.0, Culture=neutral, PublicKeyToken=null\n (Fully-specified)\nLOG: Appbase = file:///C:/Program Files (x86)/Steinberg/Cubase 5/\nLOG: Initial PrivatePath = NULL\nLOG: Dynamic Base = NULL\nLOG: Cache Base = NULL\nLOG: AppName = NULL\nCalling assembly : (Unknown).\n===\nLOG: This bind starts in default load context.\nLOG: No application configuration file found.\nLOG: Using machine configuration file from C:\\Windows\\Microsoft.NET\\Framework\\v2.0.50727\\config\\machine.config.\nLOG: Policy not being applied to reference at this time (private, custom, partial, or location-based assembly bind).\nLOG: The same bind was seen before, and was failed with hr = 0x80070002.\nERR: Unrecoverable error occurred during pre-download check (hr = 0x80070002).\n</code></pre>\n\nI was used to having a config file in my root of project when I was writing WebAPps, But here is no config file in the template VSTaudioPlugin... I thought that I can set this up in Csproj file and the compiler can read it from there and add into the created assembly, am I Wrong? Or where I can set this things  up <br />\n<br />\nIt sucks,  I read something on the internet and it seems that I have to keep all my asseblies used in plugin in the context of codebase of CUbase. So they have to stay in the folder Cubase 5 or in subdirectories <br />\n<br />\nas written here<br />\n<a href=\"http://msdn.microsoft.com/en-us/library/4191fzwb.aspx\" rel=\"nofollow\">TEXT</a><br />\n<br />\nI can add a app.config and ad this tag<br />\n<pre><code>&lt;configuration&gt;\n   &lt;runtime&gt;\n      &lt;assemblyBinding xmlns=&quot;urn:schemas-microsoft-com:asm.v1&quot;&gt;\n         &lt;probing privatePath=&quot;bin;bin2\\subbin;bin3&quot;/&gt;\n      &lt;/assemblyBinding&gt;\n   &lt;/runtime&gt;\n&lt;/configuration&gt;</code></pre>\n\nBut it is still for subdirectories of application base....<br />\n<br />\n<br />\nMarc: I understand that two classes you posted me solve this problem for  Framework, COre and Plugin Assemblies but I do not know how to use them to load my assembly as well... I thought that it just add as a private probe the current location of the plugin so that it enables to load all assemblies inside that location but it does not work for any assemblies except yours...<br />\n",
    "PostedDate": "2014-04-14T12:24:16.7-07:00",
    "UserRole": null,
    "MarkedAsAnswerDate": null
  },
  {
    "Id": "1234042",
    "ThreadId": "542195",
    "Html": "For a quick fix, I suggest getting rid of app.config and putting all your assemblies in :<br />\nfile:///C:/Program Files (x86)/Steinberg/Cubase 5/<br />\n<br />\nIit could work since this is the path that is resolved. I suspect Cubase loads your plugin from this startup directory.<br />\nI wonder if there is a better solution though... Maybe GacUtil ?<br />\n<br />\nI think the config file you added would resolve to:<br />\nfile:///C:/Program Files (x86)/Steinberg/Cubase 5/bin<br />\nfile:///C:/Program Files (x86)/Steinberg/Cubase 5/bin2/subbin<br />\nfile:///C:/Program Files (x86)/Steinberg/Cubase 5/bin3<br />\n",
    "PostedDate": "2014-04-14T13:18:35.153-07:00",
    "UserRole": null,
    "MarkedAsAnswerDate": null
  },
  {
    "Id": "1234045",
    "ThreadId": "542195",
    "Html": "yes it is the only option right now, but it is not good because of debugging. I have my plugin in<br />\n<pre><code>C:\\Users\\asleis\\Documents\\Visual Studio 2012\\Projects\\3TMatrixPlugin\\3TMatrixPlugin\\bin\\x86\\Debug</code></pre>\n\nI think that I can change build location for that to <br />\nfile:///C:/Program Files (x86)/Steinberg/Cubase 5/ <br />\n<br />\nbut it is going to be messy, as a quick fix it is going to work but it is not Ideal :-( I can attach to the process only the dll built into debug folder through Visual studio right?<br />\n<br />\nI thought that this problem with referencies is a big deal only in Java world where I used to &quot;enjoy&quot; it pretty much but it seems to be a lot of fun in .net as well :-D<br />\n",
    "PostedDate": "2014-04-14T13:29:08.667-07:00",
    "UserRole": null,
    "MarkedAsAnswerDate": null
  },
  {
    "Id": "1234082",
    "ThreadId": "542195",
    "Html": "When your plugin is running (openned) in cubase you should be able to debug in visual studio by going into menu Debug-&gt; Attach to debugger, select Cubase in the list of programs. You dont need to change your build location, just add a copy command in the post build in project properties if you want the plugin copied to cubase directory automatically.<br />\n<br />\nYou can attach to any process, even on a remote machine. If the debugging symbols fail to load try copying the pdb in the executable directory. After attaching to process, you can open the Modules window in visual studio to check if your plugin debug symbols have been loaded.<br />\n",
    "PostedDate": "2014-04-14T15:15:08.807-07:00",
    "UserRole": null,
    "MarkedAsAnswerDate": null
  },
  {
    "Id": "1234134",
    "ThreadId": "542195",
    "Html": "Ok thanks i will try, i thought that only the DLl which is loaded into cubase can be attached and that the one is in my debug  folder<br />\n",
    "PostedDate": "2014-04-14T18:13:07.137-07:00",
    "UserRole": null,
    "MarkedAsAnswerDate": null
  },
  {
    "Id": "1234182",
    "ThreadId": "542195",
    "Html": "The classes I referenced are used by the interop to load your managed plugin and any dependencies it may have - I just want to give you a look under the hood. I have put a good deal of work into getting this to work, so either you are doing something wrong or it is a bug in VST.NET. My intention was to use the plugin folder as a basis to load all dependencies from.\r<br />\n<br />\nAgain I'd like to see the error message and the call stack...\r<br />\n<br />\nAs a workaround you can also try to create a .config file for the Cubase.exe (Cubase.exe.config) and put a &quot;vstnetProbePaths&quot; in the appsettings that contains a ';' separated list of probe paths, these paths will be used as fallback paths for finding the correct assembly.<br />\n",
    "PostedDate": "2014-04-14T22:33:36.51-07:00",
    "UserRole": null,
    "MarkedAsAnswerDate": null
  }
]