[
  {
    "Id": "138818",
    "ThreadId": "41828",
    "Html": "Just a heads up, AVG thinks Jacobi.Vst.Samples.Delay.dll contains a trojan, which AVG identifies as Downloader.FraudLoad.&nbsp; <br>\r\n",
    "PostedDate": "2008-12-08T17:57:54.723-08:00",
    "UserRole": null,
    "MarkedAsAnswerDate": null
  },
  {
    "Id": "138961",
    "ThreadId": "41828",
    "Html": "The Jacobi.Vst.Samples.Delay.dll assembly is a renamed version of the Jacobi.Vst.Interop.dll assembly. This is a C++ assemlby with both unmanaged and managed code in it.<br>\r\nI'm not sure how I can fix this. I suppose it is a false positive on their part...<br>\r\n<br>\r\nIf you have doubts, just check out the source code ;-)\r\n",
    "PostedDate": "2008-12-09T07:48:58.4-08:00",
    "UserRole": null,
    "MarkedAsAnswerDate": null
  },
  {
    "Id": "139075",
    "ThreadId": "41828",
    "Html": "I don't have doubts :)&nbsp; I've actually got all these files on my laptop already.&nbsp; I forgot I even had AVG running on my home machine until it popped up to warn me about those dlls.&nbsp; Just letting you know in case you wanted to get in touch with AVG and let them know they are flagging a valid file.&nbsp; I noticed after posting this that AVG was flagging pretty much all of the Jacobi.Vst.Interop.dll assemblies, which means they are going to flag any VST created with VST.NET pretty much.&nbsp; <br>\r\n",
    "PostedDate": "2008-12-09T11:23:57.66-08:00",
    "UserRole": null,
    "MarkedAsAnswerDate": null
  }
]