[
  {
    "Id": "692200",
    "ThreadId": "277904",
    "Html": "\r\n<p>I'm looking at an issue that seems to be Ableton specific;</p>\r\n<p>I've created a new Midi plugin (using Marc's newest templates) and I can throw Midi events to the GUI with Cantabile as a host.</p>\r\n<p>When the plugin runs in Ableton (8) the events are continually repeated once started - press a midi key and note events are repeated forever as per the DebugView output below -&nbsp;</p>\r\n<p>[680] VST.NET: Receiving Midi Event :128,52,64<br>\r\n[680] VST.NET: Receiving Midi Event :128,52,64<br>\r\n[680] VST.NET: Receiving Midi Event :128,52,64<br>\r\n[680] VST.NET: Receiving Midi Event :128,52,64<br>\r\n[680] VST.NET: Receiving Midi Event :128,52,64<br>\r\n[680] VST.NET: Receiving Midi Event :128,52,64<br>\r\n[680] VST.NET: Receiving Midi Event :128,52,64&nbsp;</p>\r\n<p>I've noticed that if I remove the '<strong>if (!SyncWithAudioProcessor)</strong>' check from MidiProcessor.Process and the call to&nbsp;<strong>_plugin.MidiProcessor.ProcessCurrentEvents();</strong> in&nbsp;DummyAudioProcessor.Process then it works 'correctly'.&nbsp;</p>\r\n<p>This doesn't affect my current project as it's Midi only, I'm just wondering whether it's an initialisation issue that I'm messing up on.</p>\r\n<p>Does anyone have a pointer on this one ?</p>\r\n<p>Adrian</p>\r\n",
    "PostedDate": "2011-11-01T08:55:34.367-07:00",
    "UserRole": null,
    "MarkedAsAnswerDate": null
  },
  {
    "Id": "692591",
    "ThreadId": "277904",
    "Html": "<p>Basically you can get that same behavior by initializing SyncWithAudioProcessor to false - and not remove any of the code. Whatever works for you is fine of course.</p>\r\n<p>But that doesn't make it less dubiuos ;-). So if you output the midi to the host in the same call the host is calling your MidiProcessor.Process (called processEvents in the VST SDK) then it works. When you wait with outputting midi until the AudioProcessor.Process is called (processReplacing) then it doesn't. That almost suggests that plugins that interpret audio to generate midi will not work in Ableton...</p>\r\n<p>You could decide to make the SyncWithAudioProcessor an advanced setting in your plugin the user can tweak when things aren't working...?</p>\r\n<p>I'm sorry I don't have a better answer for you.</p>",
    "PostedDate": "2011-11-02T02:28:18.587-07:00",
    "UserRole": null,
    "MarkedAsAnswerDate": null
  },
  {
    "Id": "692852",
    "ThreadId": "277904",
    "Html": "<p>No, thanks Marc.</p>\r\n<p>I was stumped for a while because changing&nbsp;SyncWithAudioProcessor to false actually results in MidiProcessor.ProcessCurrentEvents only being called once (on init) and never again, so for the moment I'll go with keeping it at true.</p>\r\n<p>As it turned out Cantabile crashes more than I can cope with so I re-checked with HS's VSTHost with the same outcome - it's nice to have a app to double check operation.</p>\r\n<p>Anyway, I'm sure the resolution will reveal itself in time but it's not a biggie.</p>\r\n<p>Thanks again.</p>",
    "PostedDate": "2011-11-02T10:19:35.613-07:00",
    "UserRole": null,
    "MarkedAsAnswerDate": null
  }
]