[
  {
    "Id": "460371",
    "ThreadId": "217484",
    "Html": "<p>Using latest code, VS2008 under Windows 7 x64.</p>\r\n<p>All assemblies build properly and all samples build properly.</p>\r\n<p>Host app throws BadImageFormatException as it executes the Application.Run() line.</p>\r\n<p>Could not load file or assembly 'Jacobi.Vst.Interop, Version=0.9.0.0, Culture=neutral, PublicKeyToken=9a10423cf02f39f1' or one of its dependencies. An attempt was made to load a program with an incorrect format.</p>\r\n<p>&nbsp;</p>\r\n<p>Any ideas?</p>\r\n<p>&nbsp;</p>",
    "PostedDate": "2010-06-27T10:03:06.903-07:00",
    "UserRole": null,
    "MarkedAsAnswerDate": null
  },
  {
    "Id": "460492",
    "ThreadId": "217484",
    "Html": "<p>I think the Interop (with managed C++) is not 64 bit compatible. <br>Something I still have to look into...</p>\r\n<p>What build configuration do you use?</p>",
    "PostedDate": "2010-06-27T22:01:00.07-07:00",
    "UserRole": null,
    "MarkedAsAnswerDate": null
  },
  {
    "Id": "460979",
    "ThreadId": "217484",
    "Html": "<p>Good news!</p>\r\n<p>I had been using &quot;Debug | Any CPU&quot;.&nbsp; After seeing your note I tried &quot;Release | Any CPU&quot; -- same problem.</p>\r\n<p>&nbsp;</p>\r\n<p>Then I tried &quot;Debug | x86&quot; and it appears to work perfectly.</p>\r\n<p>Debug/Release does not appear to matter:&nbsp; &quot;Release | x86&quot; works too.&nbsp; &quot;Debug | x64&quot; fails with the same error, as expected.</p>\r\n<p>&nbsp;</p>\r\n<p>Note I only had to change the build configuration of the Samples.&nbsp; All actual VST.NET assemblies were built with their default config (Debug | Any CPU / Debug | Win32 for Interop).</p>\r\n<p>&nbsp;</p>\r\n<p>Thanks!</p>\r\n<p>&nbsp;</p>",
    "PostedDate": "2010-06-28T23:07:12.023-07:00",
    "UserRole": null,
    "MarkedAsAnswerDate": null
  }
]