[
  {
    "Id": "601889",
    "ThreadId": "255042",
    "Html": "\r\n<p>Hello,</p>\r\n<p>I've started writing a program which will host VST Plugins, currently I'm testing using the Ambience VST Plugin http://www.smartelectronix.com/~magnus/</p>\r\n<p>The program is using ASIO for audio input and output and I have managed to successfully run the audio through the VST plugin using VST.NET and all seems to sort of work, however while I can hear what I'm playing fine, most of the effect created by Ambience\r\n has gone, it's as if I'm mainly hearing the dry audio output and none of the wet output. If I load the same preset/program under Samplitude then all is fine.</p>\r\n<p>Does anyone know what might be causing this problem?</p>\r\n<p>Thanks,</p>\r\n<p>Grant</p>\r\n<p>&nbsp;</p>\r\n<p>Here is the main processing code:</p>\r\n<p>&nbsp;&nbsp; class VSTComponent<br>\r\n&nbsp;&nbsp; {</p>\r\n<p>&nbsp;&nbsp;&nbsp; &nbsp;&nbsp;&nbsp; public VstPluginContext PluginContext { get; private set; }<br>\r\n<br>\r\n&nbsp;&nbsp;&nbsp; &nbsp;&nbsp;&nbsp; public Connection InputChannel { get; set; }<br>\r\n&nbsp;&nbsp;&nbsp; &nbsp;&nbsp;&nbsp; public Connection OutputChannel { get; set; }<br>\r\n<br>\r\n&nbsp;&nbsp;&nbsp; &nbsp;&nbsp;&nbsp; int inputCount, outputCount, blockSize;<br>\r\n&nbsp;&nbsp;&nbsp; &nbsp;&nbsp;&nbsp; VstAudioBufferManager inputMgr, outputMgr;<br>\r\n&nbsp;&nbsp;&nbsp; &nbsp;&nbsp;&nbsp; VstAudioBuffer[] inputBuffers;<br>\r\n&nbsp;&nbsp;&nbsp; &nbsp;&nbsp;&nbsp; VstAudioBuffer[] outputBuffers;<br>\r\n<br>\r\n&nbsp;&nbsp;&nbsp; &nbsp;&nbsp;&nbsp; bool initialised = false;<br>\r\n<br>\r\n&nbsp;&nbsp;&nbsp; &nbsp;&nbsp;&nbsp; public VSTComponent(VstPluginContext pluginContext)<br>\r\n&nbsp;&nbsp;&nbsp; &nbsp;&nbsp;&nbsp; {<br>\r\n&nbsp;&nbsp;&nbsp; &nbsp;&nbsp;&nbsp; &nbsp;&nbsp;&nbsp; this.PluginContext = pluginContext;<br>\r\n<br>\r\n&nbsp;&nbsp;&nbsp; &nbsp;&nbsp;&nbsp; &nbsp;&nbsp;&nbsp; this.inputCount = PluginContext.PluginInfo.AudioInputCount;<br>\r\n&nbsp;&nbsp;&nbsp; &nbsp;&nbsp;&nbsp; &nbsp;&nbsp;&nbsp; this.outputCount = PluginContext.PluginInfo.AudioOutputCount;<br>\r\n&nbsp;&nbsp;&nbsp; &nbsp;&nbsp;&nbsp; }<br>\r\n<br>\r\n&nbsp;&nbsp;&nbsp; &nbsp;&nbsp;&nbsp; public void Initialise()<br>\r\n&nbsp;&nbsp;&nbsp; &nbsp;&nbsp;&nbsp; {<br>\r\n&nbsp;&nbsp;&nbsp; &nbsp;&nbsp;&nbsp; &nbsp;&nbsp;&nbsp; this.blockSize = InputChannel.BufferSize;<br>\r\n<br>\r\n&nbsp;&nbsp;&nbsp; &nbsp;&nbsp;&nbsp; &nbsp;&nbsp;&nbsp; this.inputMgr = new VstAudioBufferManager(inputCount, blockSize);<br>\r\n&nbsp;&nbsp;&nbsp; &nbsp;&nbsp;&nbsp; &nbsp;&nbsp;&nbsp; this.outputMgr = new VstAudioBufferManager(outputCount, blockSize);<br>\r\n<br>\r\n&nbsp;&nbsp;&nbsp; &nbsp;&nbsp;&nbsp; &nbsp;&nbsp;&nbsp; this.inputBuffers = inputMgr.ToArray();<br>\r\n&nbsp;&nbsp;&nbsp; &nbsp;&nbsp;&nbsp; &nbsp;&nbsp;&nbsp; this.outputBuffers = outputMgr.ToArray();<br>\r\n<br>\r\n&nbsp;&nbsp;&nbsp; &nbsp;&nbsp;&nbsp; &nbsp;&nbsp;&nbsp; PluginContext.PluginCommandStub.SetBlockSize(blockSize);<br>\r\n&nbsp;&nbsp;&nbsp; &nbsp;&nbsp;&nbsp; &nbsp;&nbsp;&nbsp; PluginContext.PluginCommandStub.SetSampleRate(44.100f);<br>\r\n<br>\r\n&nbsp;&nbsp;&nbsp; &nbsp;&nbsp;&nbsp; }</p>\r\n<p>&nbsp;&nbsp;&nbsp; &nbsp;&nbsp;&nbsp; public void ProcessAudioCycle()<br>\r\n&nbsp;&nbsp;&nbsp; &nbsp;&nbsp;&nbsp; {<br>\r\n&nbsp;&nbsp;&nbsp; &nbsp;&nbsp;&nbsp; &nbsp;&nbsp;&nbsp; int channel = 0;<br>\r\n&nbsp;&nbsp;&nbsp; &nbsp;&nbsp;&nbsp; &nbsp;&nbsp;&nbsp; foreach (VstAudioBuffer buffer in this.inputMgr.ToArray())<br>\r\n&nbsp;&nbsp;&nbsp; &nbsp;&nbsp;&nbsp; &nbsp;&nbsp;&nbsp; {<br>\r\n&nbsp;&nbsp;&nbsp; &nbsp;&nbsp;&nbsp; &nbsp;&nbsp;&nbsp; &nbsp;&nbsp;&nbsp; for (int i = 0; i &lt; blockSize; i&#43;&#43;)<br>\r\n&nbsp;&nbsp;&nbsp; &nbsp;&nbsp;&nbsp; &nbsp;&nbsp;&nbsp; &nbsp;&nbsp;&nbsp; {<br>\r\n&nbsp;&nbsp;&nbsp; &nbsp;&nbsp;&nbsp; &nbsp;&nbsp;&nbsp; &nbsp;&nbsp;&nbsp; &nbsp;&nbsp;&nbsp; buffer[i] = InputChannel.inputBuffer[channel, i];<br>\r\n&nbsp;&nbsp;&nbsp; &nbsp;&nbsp;&nbsp; &nbsp;&nbsp;&nbsp; &nbsp;&nbsp;&nbsp; }<br>\r\n&nbsp;&nbsp;&nbsp; &nbsp;&nbsp;&nbsp; &nbsp;&nbsp;&nbsp; &nbsp;&nbsp;&nbsp; channel&#43;&#43;;<br>\r\n&nbsp;&nbsp;&nbsp; &nbsp;&nbsp;&nbsp; &nbsp;&nbsp;&nbsp; }<br>\r\n<br>\r\n&nbsp;&nbsp;&nbsp; &nbsp;&nbsp;&nbsp; &nbsp;&nbsp;&nbsp; if (initialised == false)<br>\r\n&nbsp;&nbsp;&nbsp; &nbsp;&nbsp;&nbsp; &nbsp;&nbsp;&nbsp; {<br>\r\n&nbsp;&nbsp;&nbsp; &nbsp;&nbsp;&nbsp; &nbsp;&nbsp;&nbsp; &nbsp;&nbsp;&nbsp; PluginContext.PluginCommandStub.MainsChanged(true);<br>\r\n&nbsp;&nbsp;&nbsp; &nbsp;&nbsp;&nbsp; &nbsp;&nbsp;&nbsp; &nbsp;&nbsp;&nbsp; initialised = true;<br>\r\n&nbsp;&nbsp;&nbsp; &nbsp;&nbsp;&nbsp; &nbsp;&nbsp;&nbsp; }<br>\r\n<br>\r\n&nbsp;&nbsp;&nbsp; &nbsp;&nbsp;&nbsp; &nbsp;&nbsp;&nbsp; PluginContext.PluginCommandStub.ProcessReplacing(inputBuffers, outputBuffers);<br>\r\n<br>\r\n&nbsp;&nbsp;&nbsp; &nbsp;&nbsp;&nbsp; &nbsp;&nbsp;&nbsp; for (int i = 0; i &lt; outputBuffers.Length; i&#43;&#43;)<br>\r\n&nbsp;&nbsp;&nbsp; &nbsp;&nbsp;&nbsp; &nbsp;&nbsp;&nbsp; {<br>\r\n&nbsp;&nbsp;&nbsp; &nbsp;&nbsp;&nbsp; &nbsp;&nbsp;&nbsp; &nbsp;&nbsp;&nbsp; for (int j = 0; j &lt; blockSize; j&#43;&#43;)<br>\r\n&nbsp;&nbsp;&nbsp; &nbsp;&nbsp;&nbsp; &nbsp;&nbsp;&nbsp; &nbsp;&nbsp;&nbsp; {<br>\r\n&nbsp;&nbsp;&nbsp; &nbsp;&nbsp;&nbsp; &nbsp;&nbsp;&nbsp; &nbsp;&nbsp;&nbsp; &nbsp;&nbsp;&nbsp; OutputChannel.inputBuffer[i, j] = outputBuffers[i][j];<br>\r\n&nbsp;&nbsp;&nbsp; &nbsp;&nbsp;&nbsp; &nbsp;&nbsp;&nbsp; &nbsp;&nbsp;&nbsp; }<br>\r\n&nbsp;&nbsp;&nbsp; &nbsp;&nbsp;&nbsp; &nbsp;&nbsp;&nbsp; }<br>\r\n&nbsp;&nbsp;&nbsp; &nbsp;&nbsp;&nbsp; }</p>\r\n<p>}</p>\r\n",
    "PostedDate": "2011-04-23T08:40:34.107-07:00",
    "UserRole": null,
    "MarkedAsAnswerDate": null
  },
  {
    "Id": "601923",
    "ThreadId": "255042",
    "Html": "<p>Your code looks fine (for a test).&nbsp; Things that come to mind:</p>\r\n<p>- Does the ASIO buffer format is the same as VST uses? My guess is they are (both coming from Steinberg), but I'm not sure. Make sure you have that right.</p>\r\n<p>- What VST version does the plugin support? Perhaps it expects other calls (named deprecated in VST.NET) to be made that you don't call.</p>\r\n<p>- Does it support processReplacing (our normal Audio Processor Process call) or processAccumilating (See Deprecated in Core)? Ties in with previous point.</p>\r\n<p>- How do other plugins do with your host? Do all suffer from this or can it be narrowed down to a few specific plugins. For instance, try the delay sample plugin.</p>\r\n<p>- You could try to turn on tracing (see Host sample). That way you can track all the calls you make to the plugin and all the calls the plugin makes to your host. Perhaps you respond differently to one of the calls the plugin performs on your host? You could use the WrapperPlugin sample to trace any (3rd party) plugin in any host. Just enter the path to the wrapped plugin in the config.</p>\r\n<p>Hope it helps.<br />Marc</p>",
    "PostedDate": "2011-04-23T10:51:38.73-07:00",
    "UserRole": null,
    "MarkedAsAnswerDate": null
  },
  {
    "Id": "602793",
    "ThreadId": "255042",
    "Html": "<p>Hi Marc,</p>\r\n<p>Thanks for the reply, you've certainly raised a few things I will have to look into, although sadly I won't have time to do so today, hopefully tomorrow though. The buffer format does seem to be the same between VST.NET and ASIO.NET (which I'm using for ASIO output), both are using floating point between -1 and 1. From a comment the ASIO.NET developer wrote I think that he's exposing float in the buffers for developers to use but then is converting it to 32bit int for the native ASIO drivers.</p>\r\n<p>I will check the various points you've mentioned as well as checking some other VST plugins as well.</p>\r\n<p>Thank you,</p>\r\n<p>Grant</p>",
    "PostedDate": "2011-04-26T02:12:17.11-07:00",
    "UserRole": null,
    "MarkedAsAnswerDate": null
  },
  {
    "Id": "604551",
    "ThreadId": "255042",
    "Html": "<p>Hi Marc,</p>\r\n<p>I've had a chance to do some more testing, although sadly I've not managed to make much progress. The Ambience plugin states that it uses VST 2.3 according to the VST.NET Host sample, and the sample delay plugin is reporting 2.4. I've tried the delay sample and that is having issues too - you don't end up hearing a delay, but from looking at the code I really can't see any anything that would indicate I'm accedently bypassing the plugin, and given that the ambience plugin does change the audio to some extent I'm guessing the audio is actually being partially processed by the plugin and not completely bypassing it.</p>\r\n<p>I've looked into turning on tracing, I've build my host and also the VST.NET host with \"Define TRACE constant\" turned on, but on the basis that I've not had reason in the past to use tracing in .NET despite doing a lot of development using it, I haven't managed to actually find out how it works, or if I need to add more code to make use of it. Any tips on how to actually see what is being called and when would be great. The Visual Studio debugger doesn't report anything in the output apart from telling you which modules have been loaded. I fully admit I'm probably missing the obvious here. I've got the wrapper plugin working, but once again I have no idea how to actually see the trace, it will be very useful to see what another host is calling in comparison to my one.</p>\r\n<p>Thanks,</p>\r\n<p>Grant</p>",
    "PostedDate": "2011-04-28T17:34:31.697-07:00",
    "UserRole": null,
    "MarkedAsAnswerDate": null
  },
  {
    "Id": "604887",
    "ThreadId": "255042",
    "Html": "<p>Hi Marc,</p>\r\n<p>I've done some more investigating with turning on tracing and realised that the sample host's app.config file actually has settings in there to turn it on, so that's good. However the one things I've not managed to do is get any tracing output from the wrapper plugin, I've added my own Trace.WriteLine calls to some of the methods and that certainly seems to output text to when running through the sample host, but not when running through another native host when I attach Visual Studio's debugger to the host. Any ideas? or is is just better for me to modify the wrapper plugin so that it will just output text to a text file?</p>\r\n<p>Thanks,</p>\r\n<p>Grant</p>",
    "PostedDate": "2011-04-29T08:24:52.66-07:00",
    "UserRole": null,
    "MarkedAsAnswerDate": null
  },
  {
    "Id": "604973",
    "ThreadId": "255042",
    "Html": "<p>Hi Grant,</p>\r\n<p>You should be able to also let the wrapper plugin trace. You have to set the config file name to the host's exe name and append ,config (like Cubase.exe.config) and place it next to the host's exe file. Tracing settings work using the standard System.Diagnostics (as you could see in the host sample app.config file) which are read from the global config file. Note this is NOT the same config file the wrapper plugin uses to load the wrapped plugin - so there are two .config files.</p>\r\n<p>To trace any plugin copy the 4 lines of config (2 x sources and 2 x switches) that contain the [PluginName] replacement token and replace that token with the name of the plugin dll (without the .dll extension). Set the switches for tracing the specific plugin to 'All'. That should do it.</p>\r\n<p>If I remember correctly you can use DebugView (by SysInternals/Microsoft) to view the trace output without attaching to the process.</p>\r\n<p>If you want to you can email me (obiwanjacobi at hotmail dot com) your code and I will try to look at it to reproduce the problem.</p>\r\n<p>Hope it helps,<br />Marc</p>",
    "PostedDate": "2011-04-29T10:49:51.74-07:00",
    "UserRole": null,
    "MarkedAsAnswerDate": null
  }
]