[
  {
    "Id": "1225082",
    "ThreadId": "539682",
    "Html": "Documentation on sending pitch bend to VST plugins is misleading. I suppose it's because people keep suggesting workarounds instead of directly sending a midi message because some VST plugins don't support midi pitch bend message, amirite (am I right?)<br />\n<br />\nOr should I proceed differently to send midi pitch bend values to a VST plugin using VST.NET?<br />\n<br />\nMidi message is built according to this spec source:<br />\n<a href=\"http://www.midikits.net23.net/midi_analyser/pitch_bend.htm\" rel=\"nofollow\">http://www.midikits.net23.net/midi_analyser/pitch_bend.htm</a><br />\n<br />\nImplementation is a delicate exercise in striking a balance between verbose versus convoluted code. If there's some bit lovers lurking around, comments for improvements are welcome. <br />\n<pre><code>// Convert 14 bits pitch bend to 16 bits packed midi message (midi byte 2 and 3)\nBitArray pitchBendBits = new BitArray(new int[] { pitchBend }),\n                                    midiByte2 = new BitArray(8),\n                                    midiByte3 = new BitArray(8);\n\n// Pack pitch bend value, lower 7 bits in midi byte 2, bit 8 is always 0\nfor (int i = 0; i &lt; 7 &amp;&amp; i &lt; pitchBendBits.Length &amp;&amp; i &lt; pitchBendBits.Length; i++)\n     midiByte2[i] = pitchBendBits[i];\n\n// Pack pitch bend value, higher 7 bits in midi byte 3, bit 16 is always 0\nfor (int i = 0, j = 7; j &lt; 14 &amp;&amp; j &lt; pitchBendBits.Length; i++, j++)\n     midiByte3[i] = pitchBendBits[j];\n\n// Midi message\n// Byte 1, pack higher 4 bits pitch bend flag 1110 + lower 4 bits channel value\n// Byte 2, pitch bend value, lower 7 bits\n// Byte 3, pitch bend value, higher 7 bits\nbyte[] midiData = new byte[4];\nmidiData[0] = (byte)(224 + channel);\nmidiByte2.CopyTo(midiData, 1);\nmidiByte3.CopyTo(midiData, 2);\n\nVstMidiEvent ve= new VstMidiEvent(0, // DeltaFrames\n                                                     0, // NoteLength\n                                                     0, // NoteOffset\n                                                     midiData,\n                                                     0, // Detune\n                                                     0, // NoteOffVelocity\n                                                     true); // IsRealTime</code></pre>\n\nHope this helps other VST.Net library users.<br />\n<br />\nEdit: what happened to the Code tag in codeplex discussion? Formatting is all screwed up now :(<br />\nIf using chrome browser, &amp; #43 ; is the escape sequence character for the plus sign<br />\n",
    "PostedDate": "2014-03-20T20:31:14.333-07:00",
    "UserRole": null,
    "MarkedAsAnswerDate": null
  },
  {
    "Id": "1225105",
    "ThreadId": "539682",
    "Html": "After the Pitch wheel (bend) status byte the value is specified in little endian mode - that means the first data byte represents the LSB(yte) (data1) and the second data byte represents the MSB(yte) (data2).<br />\n<br />\nI think you can do something like:<br />\n<pre><code>int bendData = data1 | (data2 &lt;&lt; 7);\n\n// or the other way around\n\nbyte data1 = bendData &amp; 0x7F;\nbyte data2 = (bendData &gt;&gt; 7) &amp; 0x7F;</code></pre>\n\ndisclaimer: you probably have to cast some of it to int or byte in order for the code to compile.<br />\n<br />\nBTW: This is also a nice resource for Midi specs:<br />\n<a href=\"http://home.roadrunner.com/~jgglatt/tech/midispec.htm\" rel=\"nofollow\">http://home.roadrunner.com/~jgglatt/tech/midispec.htm</a><br />\n",
    "PostedDate": "2014-03-20T23:15:10.057-07:00",
    "UserRole": null,
    "MarkedAsAnswerDate": null
  },
  {
    "Id": "1225227",
    "ThreadId": "539682",
    "Html": "Yeah makes sense, I needed sleep yesterday....<br />\nThis is somewhat more cryptic but the tradeoff is OK.<br />\n<br />\nMy bend data is already in range so I think the mask on the second byte isn't necessary.<br />\n<br />\nbyte data1 = (byte)(bendData &amp; 127);<br />\nbyte data2 = (byte)(bendData &gt;&gt; 7);<br />\n<br />\nThank you<br />\n",
    "PostedDate": "2014-03-21T07:50:02.73-07:00",
    "UserRole": null,
    "MarkedAsAnswerDate": null
  }
]