[
  {
    "Id": "1437332",
    "ThreadId": "642359",
    "Html": "This needs to happen!\r<br />\n<br />\n<a href=\"https://vstnet.codeplex.com/workitem/10968\" rel=\"nofollow\">https://vstnet.codeplex.com/workitem/10968</a>\r<br />\n<br />\nI feel that the biggest hurdle will be getting the Windows 10 app to host unsafe C++ code.<br />\n",
    "PostedDate": "2015-08-05T02:59:56.053-07:00",
    "UserRole": null,
    "MarkedAsAnswerDate": null
  },
  {
    "Id": "1437716",
    "ThreadId": "642359",
    "Html": "I find the new VS2015 project templates very confusing, but it looks like I just need to use the Portable ClassLibrary project templates...?\r<br />\n<br />\nWill try to try something this weekend... <br />\n",
    "PostedDate": "2015-08-07T08:06:22.16-07:00",
    "UserRole": null,
    "MarkedAsAnswerDate": null
  },
  {
    "Id": "1437796",
    "ThreadId": "642359",
    "Html": "Microsoft have made it all very confusing!\r<br />\n<br />\nThe easiest way I know of to get the new stuff working is to use the VS 2015 web installer. You just run that, click Modify, and choose \r<br />\nUniversal Windows App Development Tools (not to be confused with Windows 8 Tools - they've all been dumped).\r<br />\n<br />\nThe template will be called:\r<br />\nBlank App (Universal Windows)<br />\n",
    "PostedDate": "2015-08-07T23:31:16.353-07:00",
    "UserRole": null,
    "MarkedAsAnswerDate": null
  },
  {
    "Id": "1437802",
    "ThreadId": "642359",
    "Html": "I just installed the VS2015 Express edition that has everything in it. The Blank App is an exe project - perhaps nice to test with but I need the (portable) class libraries for VST.NET...\r<br />\n<br />\nLooks like they even got a C++ one.<br />\n",
    "PostedDate": "2015-08-08T03:12:18.81-07:00",
    "UserRole": null,
    "MarkedAsAnswerDate": null
  },
  {
    "Id": "1449603",
    "ThreadId": "642359",
    "Html": "I've been porting a Silverlight app at work to Universal Windows at work. It's looking like a great platform, but very cut down from .Net. Anybody else looking in to this platform? It would make a lot of sense to get VSTs working on the Windows 10 platform because that's going to be the future of Windows, and Windows devices.<br />\n",
    "PostedDate": "2015-10-24T17:37:45.74-07:00",
    "UserRole": null,
    "MarkedAsAnswerDate": null
  },
  {
    "Id": "1450037",
    "ThreadId": "642359",
    "Html": "I have looked at it but I was totally confused, especially for the C++ project - because I use a mixed project (C++ and .NET)...\r<br />\nAlso I do not quite understand yet what the consequences are when moving to universal apps. As you say, the .NET framework is different.\r<br />\n<br />\nFrustrated, I have not spent any more time on the subject...<br />\n",
    "PostedDate": "2015-10-28T07:42:34.257-07:00",
    "UserRole": null,
    "MarkedAsAnswerDate": null
  },
  {
    "Id": "1450192",
    "ThreadId": "642359",
    "Html": "@Marc\r<br />\nI understand the technology is akin to house arrest.\r<br />\nYour app resides in the walled garden but you get a good glimpse of heaven native goodness.\r<br />\n<br />\nIs that it? Documentation is a bit misleading.<br />\n",
    "PostedDate": "2015-10-28T17:49:38.25-07:00",
    "UserRole": null,
    "MarkedAsAnswerDate": null
  },
  {
    "Id": "1450532",
    "ThreadId": "642359",
    "Html": "I'm still a bit baffled by UWP. I have been porting my application framework at my job from .Net to UWP. It's not too far from .Net Framework but it's more closely aligned to .Net Core which is a streamlined version of the .Net framework.\r<br />\n<br />\nThe main reason for why you would bother with UWP is that the UI has been stripped right back to bare bones so that it is good for phones, tablets, and desktop. It's perfect for what I am trying to do right now. I very much think that the future of synthesis will be all about mobile. Let me diverge for a minute...\r<br />\n<br />\nWhen you're talking about synths, you're talking about working with musicians. Musicians are not programmers. What they want is something that feels like an instrument - like a keyboard, or a set of drum pads. Musicians want toys they can take on stage an manipulate in real time. The way this is currently done is by taking laptops on stage, and hooking up tactile keyboards, and other peripherals to the laptop. People will be doing this forever, but my idea is to design a synth where this not necessary - all manipulation can be done from within the software itself. I.e. knobs, buttons etc. are designed for a tablet (or perhaps even a phone) that directly runs the software as opposed to rigging up OSC integration between the app and external peripherals. In other words, the aim for me is to create a synth that can run on a tablet as an actual instrument in and of itself.\r<br />\n<br />\nAnyway, for the record, I believe that you can compile a C++ project for UWP. Here's an article:\r<br />\n<a href=\"https://msdn.microsoft.com/en-us/library/mt186162.aspx\" rel=\"nofollow\">https://msdn.microsoft.com/en-us/library/mt186162.aspx</a>\r<br />\n<br />\nYou'd just have to compile the code for each platform that you want to target with UWP: x86, ARM, X64 etc.<br />\n",
    "PostedDate": "2015-10-30T16:28:32.32-07:00",
    "UserRole": null,
    "MarkedAsAnswerDate": null
  }
]