[
  {
    "Id": "1433080",
    "ThreadId": "640932",
    "Html": "Hi,\r<br />\n<br />\nDelay is a great audio effect sample. The CorePlugin is an example of a UI example but it doesn't seem to have any audio implementation.\r<br />\n<br />\nIs there an implementation of an instrument the accepts midi etc., has a UI, and outputs audio?\r<br />\n<br />\nThankyou!<br />\n",
    "PostedDate": "2015-07-03T21:02:21.293-07:00",
    "UserRole": null,
    "MarkedAsAnswerDate": null
  },
  {
    "Id": "1433090",
    "ThreadId": "640932",
    "Html": "Also, I've been playing around with the Core sample. The problem that I'm having with WPF is that no matter what controls I put on screen, they are always disabled!\r<br />\n<br />\nI tried to capture a button click event, and I couldn't get it. Then, I put a checkbox on screen and I couldn't even check it. What's the deal here?<br />\n",
    "PostedDate": "2015-07-04T00:28:26.2-07:00",
    "UserRole": null,
    "MarkedAsAnswerDate": null
  },
  {
    "Id": "1433091",
    "ThreadId": "640932",
    "Html": "Apparently, we have to enable the window after wards? This form MSDN doco:\r<br />\n<br />\nWindows Styles\r<br />\n<a href=\"https://msdn.microsoft.com/en-us/library/ms632600\" rel=\"nofollow\">https://msdn.microsoft.com/en-us/library/ms632600</a>\r<br />\n<br />\n WS_DISABLED0x08000000L \r<br />\nThe window is initially disabled. A disabled window cannot receive input from the user. To change this after a window has been created, use the EnableWindow function.<br />\n",
    "PostedDate": "2015-07-04T00:31:33.063-07:00",
    "UserRole": null,
    "MarkedAsAnswerDate": null
  },
  {
    "Id": "1433092",
    "ThreadId": "640932",
    "Html": "The Core plugin demonstrates how to write a plugin that only uses the Core API so it doesn't use Jacobi.Vst.Framework. It is not meant to be a functional audio plugin. It also demonstartes how to setup a UI with WPF.\r<br />\n<br />\nI (still) don't have an instrument plugin sample, but there are several that use Midi and have Custom UI. I would look at the MidiNoteRecorder which is a sort of sampler and can play a recorded piece of audio when a Midi note is received.\r<br />\n<br />\nBasically you interpret Midi  notes in the ProcessEvents. You have to remember the actions until Process is called (usually right after ProcessEvents) where you can output the audio samples into the out buffers.\r<br />\n<br />\nHave look at the sample and if you have more questions, I am happy to help you as much as I can.\r<br />\n<br />\nHope it helps,\r<br />\nMarc<br />\n",
    "PostedDate": "2015-07-04T00:31:39.373-07:00",
    "UserRole": null,
    "MarkedAsAnswerDate": null
  },
  {
    "Id": "1433093",
    "ThreadId": "640932",
    "Html": "Tried this:<br />\n<pre><code>    [DllImport(&quot;user32.dll&quot;)]\n    public static extern IntPtr EnableWindow(IntPtr hWnd, bool bEnable);\n</code></pre>\n\n<pre><code>        public void Open(IntPtr hWnd)\n        {\n            _instance = new T();\n            _instance.Width = _width;\n            _instance.Height = _height;\n\n            HwndSourceParameters hwndParams = new HwndSourceParameters(&quot;VST.NET Wpf Editor&quot;);\n            hwndParams.ParentWindow = hWnd;\n            hwndParams.Height = _height;\n            hwndParams.Width = _width;\n            hwndParams.WindowStyle = 0x10000000|0x40000000; // WS_VISIBLE|WS_CHILD\n            \n\n\n            _hwndSource = new HwndSource(hwndParams);\n            _hwndSource.RootVisual = _instance;\n\n\n            NativeMethods.EnableWindow(hWnd, true);\n        }</code></pre>\n\nNo dice.<br />\n",
    "PostedDate": "2015-07-04T00:36:32.363-07:00",
    "UserRole": null,
    "MarkedAsAnswerDate": null
  },
  {
    "Id": "1433096",
    "ThreadId": "640932",
    "Html": "False alarm!\r<br />\n<br />\nThe event handler was throwing an exception and therefore making it look as though the control wasn't working. I've switched to VS2015 and I didn't have break on all exceptions turned on when I thought I did. They've changed it on me.<br />\n",
    "PostedDate": "2015-07-04T00:47:47.703-07:00",
    "UserRole": null,
    "MarkedAsAnswerDate": null
  }
]