[
  {
    "Id": "418269",
    "ThreadId": "205002",
    "Html": "<p>How can I use the debugging features of Visual Studio with the VST plgugins?</p>\r\n<p>I always build, open the host, load the plugin and use MessageBox to trace out some variables.<br>Is there a way I can test the plugins with breakpoints and all the other debugging features?</p>",
    "PostedDate": "2010-03-15T08:21:13.067-07:00",
    "UserRole": null,
    "MarkedAsAnswerDate": null
  },
  {
    "Id": "418295",
    "ThreadId": "205002",
    "Html": "<p>You attach the debugger (Visual Studio-&gt;Debug menu-&gt;Attach to process) to the host process (application) you load your plugin in. You can even specify it on the debug command line (project properties).</p>\r\n<p>I have sometimes found that the application is not bound to the debugger for managed code (only x86) and setting a breakpoint in managed code is never hit. Sometimes it helps to load some managed code (a dummy plugin that always works) before you attach the debugger...</p>\r\n<p>Hope it helps.</p>",
    "PostedDate": "2010-03-15T09:17:55.923-07:00",
    "UserRole": null,
    "MarkedAsAnswerDate": null
  },
  {
    "Id": "418299",
    "ThreadId": "205002",
    "Html": "<p>You can also trace the method calls in the Interop. Look at the app.config in the Interop project for an example. Rename the config to the name of the host application (vsthost.exe.config) and replace the placeholder (between []) for the name of your plugin (name of the renamed interop assembly without file extension). You can use DebugView to see the traces or attach VS.</p>",
    "PostedDate": "2010-03-15T09:26:37.18-07:00",
    "UserRole": null,
    "MarkedAsAnswerDate": null
  }
]