[
  {
    "Id": "523104",
    "ThreadId": "234991",
    "Html": "\r\n<p>Hi. Simple question: How to switch note off? I have loaded a vst plugin into my host, and I put just one event to command stub:</p>\r\n<p></p>\r\n<div style=\"color:black; background-color:white\">\r\n<pre>VstMidiEvent(0, 10, 0, <span style=\"color:blue\">new</span> <span style=\"color:blue\">byte</span>[] { 144, 72, 100, 0 }, 0, 127));\r\n</pre>\r\n</div>\r\n<p></p>\r\n<p>I have putting this event only if user push the key down, but my VST instrument starts playing infinitely.</p>\r\n<p>What must be done, to tell VST instrement, that none of notes is triggered? I want to play one note for 1 second.</p>\r\n<p>Thank's in advance for help.</p>\r\n",
    "PostedDate": "2010-11-17T01:30:21.813-08:00",
    "UserRole": null,
    "MarkedAsAnswerDate": null
  },
  {
    "Id": "523638",
    "ThreadId": "234991",
    "Html": "\r\n<p>Read up on the Midi specifications. This site might help you.&nbsp;<a href=\"http://home.roadrunner.com/~jgglatt/\">http://home.roadrunner.com/~jgglatt/</a></p>\r\n<p>The answer is that you have to send a Note-off midi message with the same note number.</p>\r\n<p>Hope it helps.<br>\r\nMarc.&nbsp;</p>\r\n",
    "PostedDate": "2010-11-17T23:07:34.853-08:00",
    "UserRole": null,
    "MarkedAsAnswerDate": null
  }
]