[
  {
    "Id": "1242986",
    "ThreadId": "544693",
    "Html": "I have tried to compile the VSTNetMidiPlugin template. After fixing a number of silly issues, all my fault, I am left with one error:\r<br />\n<br />\nThe type 'System.Configuration.Configuration' is defined in an assembly that is not referenced. You must add a reference to assembly 'System.Configuration, Version=4.0.0.0, Culture=neutral, PublicKeyToken=b03f5f7f11d50a3a'.\tC:\\Users\\xx\\Documents\\Visual Studio 2013\\Templates\\ProjectTemplates\\Visual C#\\VSTNetMidiPlugin\\PluginCommandStub.cs\t16\t18\tVstNetMidiPlugin\r<br />\n<br />\nI am using Net 4.5, VS 2013 Express, and Windows 7 Professional.\r<br />\n<br />\nI have added System.Configuration but it has no System.Configuration.Configuration.\r<br />\n<br />\n??<br />\n",
    "PostedDate": "2014-05-08T04:04:49.98-07:00",
    "UserRole": null,
    "MarkedAsAnswerDate": null
  },
  {
    "Id": "1243089",
    "ThreadId": "544693",
    "Html": "I have highlighted a problem here:\r<br />\n'System.Configuration, Version= <strong><em>4.0.0.0</em></strong> , Culture=neutral, PublicKeyToken=b03f5f7f11d50a3a'. \r<br />\nI am using <strong><em>Net 4.5</em></strong>, VS 2013 Express, and Windows 7 Professional. \r<br />\n<br />\nEither you are using 4.0 or 4.5, can't do both in the same project.<br />\n",
    "PostedDate": "2014-05-08T07:24:44.02-07:00",
    "UserRole": null,
    "MarkedAsAnswerDate": null
  },
  {
    "Id": "1243320",
    "ThreadId": "544693",
    "Html": "Thanks for the info. I changed the NET framework but still had a problem. Then I noticed one of the warnings; It could not find Jacobi.Vst.Interop as listed in the References. I updated the reference and it now compiles. Regards Roger Fedyk<br />\n",
    "PostedDate": "2014-05-08T16:52:36.757-07:00",
    "UserRole": null,
    "MarkedAsAnswerDate": null
  }
]