[
  {
    "Id": "586261",
    "ThreadId": "251157",
    "Html": "\r\n<p>Hi all,</p>\r\n<p>I want to update the docs for the 1.0 release.</p>\r\n<p>I now have a separate download (.chm) that contains some docs, together with the code comment docs.</p>\r\n<p>My Idea is to move the docs to the Documentation Tab on this site. The reason for this is that it is my hope that I will be able to better maintain them as new things /info comes up.</p>\r\n<p>How would you feel about that idea?<br>\r\nWould you prefer docs in the .chm or online?<br>\r\nI'm afraid it would not be possible to do both (there is no way of easily&nbsp;transferring&nbsp;them).</p>\r\n<p>Please let me know your preference.</p>\r\n<p>Thanx,<br>\r\nMarc</p>\r\n",
    "PostedDate": "2011-03-25T02:03:18.807-07:00",
    "UserRole": null,
    "MarkedAsAnswerDate": null
  },
  {
    "Id": "586863",
    "ThreadId": "251157",
    "Html": "<p>An online version would be great - easier to maintain and easier to connect to...</p>",
    "PostedDate": "2011-03-26T03:38:37.567-07:00",
    "UserRole": null,
    "MarkedAsAnswerDate": null
  }
]