[
  {
    "Id": "1490493",
    "ThreadId": "660422",
    "Html": "Happy new year Marc, forgive me if this a daft query - I should be planning 2017 :)<br />\n<br />\nI've knocked up a simple gain plugin for use with Ableton - it doesn't really have a singular automation object for matching gain (external to another plugin) without some extra and unwanted mechanics. <br />\n<br />\nI'm wondering how I create VstParameterInfo with min values that are negative - I'd like to add a db parameter with a spread of say -12 to 12db?<br />\n<br />\nMy gut tells me that I'm probably approaching this in the wrong way, maybe I should be using percentages or somesuch ?<br />\n<br />\nAnyway, I'll be churning out loads of plugins this year finally so thanks again.<br />\n<br />\nAdrian<br />\n<br />\n......................................................<br />\n<br />\nOops, I'm an idiot. VstHost always seems to treat parameters as 0 to 1 but Ableton works properly.<br />\n",
    "PostedDate": "2016-12-31T19:42:51.993-08:00",
    "UserRole": null,
    "MarkedAsAnswerDate": "2017-01-06T09:29:51.023-08:00"
  },
  {
    "Id": "1495678",
    "ThreadId": "660422",
    "Html": "First I am very sorry I did not see your message sooner. It seems codeplex does not send notification emails anymore.\r<br />\n<br />\nLet me know if you need more info on parameters.\r<br />\nGreetz.<br />\n",
    "PostedDate": "2017-04-21T05:33:32.02-07:00",
    "UserRole": null,
    "MarkedAsAnswerDate": null
  }
]