[
  {
    "Id": "701178",
    "ThreadId": "280253",
    "Html": "\r\n<p>I been looking through various piceces of Code on the net to try and find an example of loading a bank of programs, modifying one or more programs and then persisting.</p>\r\n<p>From what I gather the persistence can sometimes be handled by the plugin itself, if that is the case how do you 'save bank as'.</p>\r\n<p>If anyonne has some examples of loading bank and persting I would be very greatful.</p>\r\n<p>For the load so far I have, can anyone help ?:</p>\r\n<p>Regards T</p>\r\n<p>&nbsp; PluginContext.PluginCommandStub.MainsChanged(false);<br>\r\n&nbsp;&nbsp;&nbsp;&nbsp;&nbsp;&nbsp;&nbsp;&nbsp;&nbsp;&nbsp;&nbsp; OpenFileDialog o = new OpenFileDialog();<br>\r\n&nbsp;&nbsp;&nbsp;&nbsp;&nbsp;&nbsp;&nbsp;&nbsp;&nbsp;&nbsp;&nbsp; if (o.ShowDialog() == System.Windows.Forms.DialogResult.OK)<br>\r\n&nbsp;&nbsp;&nbsp;&nbsp;&nbsp;&nbsp;&nbsp;&nbsp;&nbsp;&nbsp;&nbsp; {<br>\r\n&nbsp;&nbsp;&nbsp;&nbsp;&nbsp;&nbsp;&nbsp;&nbsp;&nbsp;&nbsp;&nbsp;&nbsp;&nbsp;&nbsp;\r\n<br>\r\n&nbsp;&nbsp;&nbsp;&nbsp;&nbsp;&nbsp;&nbsp;&nbsp;&nbsp;&nbsp;&nbsp;&nbsp;&nbsp;&nbsp;&nbsp; System.IO.BinaryReader b = new BinaryReader( new System.IO.FileStream(o.FileName, FileMode.Open));<br>\r\n&nbsp;&nbsp;&nbsp;&nbsp;&nbsp;&nbsp;&nbsp;&nbsp;&nbsp;&nbsp;&nbsp;&nbsp;&nbsp;&nbsp;&nbsp; byte[] buff =<br>\r\n&nbsp;&nbsp;&nbsp;&nbsp;&nbsp;&nbsp;&nbsp;&nbsp;&nbsp;&nbsp;&nbsp;&nbsp;&nbsp;&nbsp;&nbsp; b.ReadBytes((int)b.BaseStream.Length);<br>\r\n<br>\r\n&nbsp;&nbsp;&nbsp;&nbsp;&nbsp;&nbsp;&nbsp;&nbsp;&nbsp;&nbsp; <br>\r\n&nbsp;&nbsp;&nbsp;&nbsp;&nbsp;&nbsp;&nbsp;&nbsp;&nbsp;&nbsp;&nbsp;&nbsp;&nbsp;&nbsp; var d= PluginContext.PluginCommandStub.BeginLoadBank(new VstPatchChunkInfo(1, PluginContext.PluginInfo.PluginID, PluginContext.PluginInfo.PluginVersion, PluginContext.PluginInfo.ProgramCount));<br>\r\n&nbsp;&nbsp;&nbsp;&nbsp;&nbsp;&nbsp;&nbsp;&nbsp;&nbsp;&nbsp;&nbsp;&nbsp;&nbsp;&nbsp; PluginContext.PluginCommandStub.SetProgram(0);<br>\r\n&nbsp;&nbsp;&nbsp;&nbsp;&nbsp;&nbsp;&nbsp;&nbsp;&nbsp;&nbsp;&nbsp;&nbsp;&nbsp;&nbsp;&nbsp; PluginContext.PluginCommandStub.SetChunk(buff,false);<br>\r\n&nbsp;&nbsp;&nbsp;&nbsp;&nbsp;&nbsp;&nbsp;&nbsp;&nbsp;&nbsp;&nbsp; }</p>\r\n",
    "PostedDate": "2011-11-21T05:12:17.557-08:00",
    "UserRole": null,
    "MarkedAsAnswerDate": null
  },
  {
    "Id": "701217",
    "ThreadId": "280253",
    "Html": "<p>First: there are two ways to save/load plugin data. Not all plugin's support chunks (check VstPluginInfo.Flags). The host must iterate all programs and all parameter (values) for those plugins that dont support chunks. The other way is using chunks where the plugin passes (binary) data to the host to save or the host passes (binary) data to the plugin to load.</p>\r\n<p>The idea of the VstPatchChunkInfo is to let the plugin know what version and what plugin (Id) wrote the data when the bank was saved. So its the host's job to capture that info and save it with the chunk the plugin is providing. Then when that 'file' is loaded, the host parses out that info and presents it to the plugin. The plugin that actually loads the data doesn't have to be the same plugin that wrote the data (that plugin ID is there to match files to plugins. Dont allow plugin data to be loaded of a different plugin). A newer version of the plugin could be installed in the meantime. The plugin indicates if it is capable of loading the data with the return value of BeginLoadBank/Program methods. If it responds with NO it cannot load the data (for whatever reason). Only when the plugin answers with Yes (or dont know) then the host calls the SetChunk method with the data. If the SetChunk method returns zero, interpret that as failed.</p>\r\n<p>Hope it helps,<br />Marc&nbsp;</p>",
    "PostedDate": "2011-11-21T06:44:26.71-08:00",
    "UserRole": null,
    "MarkedAsAnswerDate": null
  },
  {
    "Id": "701295",
    "ThreadId": "280253",
    "Html": "<p>Ok thanks that gives me a bit more to go on</p>\r\n<p>Regatds T</p>",
    "PostedDate": "2011-11-21T08:39:47.8-08:00",
    "UserRole": null,
    "MarkedAsAnswerDate": null
  },
  {
    "Id": "701306",
    "ThreadId": "280253",
    "Html": "<p>So to check chunk support :</p>\r\n<p>&nbsp;bool usingChunks = (PluginContext.PluginInfo.Flags &amp; VstPluginFlags.ProgramChunks) == VstPluginFlags.ProgramChunks;</p>\r\n<p>Marc does this mean if we are loading data using chuck I must read the start of the data into VstPatchChunkInfo</p>\r\n<p>this is then fed into PluginContext.PluginCommandStub.BeginLoadBank() ?</p>\r\n<p>Then I call&nbsp;&nbsp; PluginContext.PluginCommandStub.SetChunk(buff,false);</p>\r\n<p>Should buff contain VstPatchChunkInfo as well or should it have been removed</p>\r\n<p>Regards T</p>",
    "PostedDate": "2011-11-21T08:56:31.177-08:00",
    "UserRole": null,
    "MarkedAsAnswerDate": null
  },
  {
    "Id": "701613",
    "ThreadId": "280253",
    "Html": "<p>Starting with the last question: What you pass to SetChunk MUST be exactly the same as what you received from GetChunk, otherwise the plugin cannot know what to expect.&nbsp;</p>\r\n<p>And yes, the host would save a header containing the VstPathChunkInfo data. When the header is read by the host, it determines what plugin owns this data (PluginID) and proceed with calling the plugin after it has found (or created) and instance. First call the BeginLoadBakn/Program with the VstPathChunkInfo header data, then - if return value was not 'No'- call SetChunk with the 'blob'.</p>\r\n<p>You can store additional information in the file header you might need for your host application.</p>\r\n<p>Hope it helps,<br />Marc&nbsp;</p>",
    "PostedDate": "2011-11-21T22:31:13.247-08:00",
    "UserRole": null,
    "MarkedAsAnswerDate": null
  },
  {
    "Id": "701669",
    "ThreadId": "280253",
    "Html": "<p>Thanks for you quick and very early reply. So for the benefit of me and others</p>\r\n<p>I would do something like : ( am I any closer ?)</p>\r\n<p>System.IO.BinaryReader b = new BinaryReader( new System.IO.FileStream(o.FileName, FileMode.Open));</p>\r\n<p>&nbsp;int elelementCount&nbsp; =b.ReadInt32();</p>\r\n<p>&nbsp;int pluginId =b.ReadInt32();</p>\r\n<p>&nbsp;int pluginVersion =b.ReadInt32();</p>\r\n<p>&nbsp;int version =b.ReadInt32();</p>\r\n<p>var d= PluginContext.PluginCommandStub.BeginLoadBank(new VstPatchChunkInfo(version,pluginId,pluginVersion,elelementCount );</p>\r\n<p>if (d != VstCanDoResult.No)</p>\r\n<p>{</p>\r\n<p>&nbsp; byte[] buff = b.ReadInt32((int)b.BaseStream.Length - (int)b.BaseStream.Position);</p>\r\n<p>&nbsp; PluginContext.PluginCommandStub.SetChunk(buff,false);</p>\r\n<p>}</p>\r\n<p>Regards T&nbsp; (thanks in advance)</p>",
    "PostedDate": "2011-11-22T01:38:26.85-08:00",
    "UserRole": null,
    "MarkedAsAnswerDate": null
  },
  {
    "Id": "701760",
    "ThreadId": "280253",
    "Html": "<p>for all those who wish to know I found this code on the net</p>\r\n<pre><span class=\"k\"><div style=\"color: black; background-color: white;\"><pre><span style=\"color: blue;\">struct</span> fxSet {\r\n    <span style=\"color: blue;\">long</span>    chunkMagic;         <span style=\"color: green;\">// 'CcnK'</span>\r\n    <span style=\"color: blue;\">long</span>    byteSize;           <span style=\"color: green;\">// of this chunk, excl. magic + byteSize</span>\r\n\r\n    <span style=\"color: blue;\">long</span>    fxMagic;            <span style=\"color: green;\">// 'FxBk'</span>\r\n    <span style=\"color: blue;\">long</span>    version;\r\n    <span style=\"color: blue;\">long</span>    fxID;               <span style=\"color: green;\">// fx unique id</span>\r\n    <span style=\"color: blue;\">long</span>    fxVersion;\r\n\r\n    <span style=\"color: blue;\">long</span>    numPrograms;\r\n    <span style=\"color: blue;\">char</span>    future[128];\r\n\r\n    fxProgram programs[1];      <span style=\"color: green;\">// variable no. of programs</span>\r\n};<br />for us in the world of c# these would be int32 so to read the chunkMagic<pre>                <div style=\"color: black; background-color: white;\"><pre>System.IO.BinaryReader b = <span style=\"color: blue;\">new</span> BinaryReader(<span style=\"color: blue;\">new</span> System.IO.FileStream(o.FileName, FileMode.Open));\r\n\r\n<span style=\"color: blue;\">var</span> chunkMagic=b.Chars(4);\r\n</pre>\r\n</div>\r\n</pre>\r\n<br /></pre>\r\n</div>\r\n</span><br /><a title=\"http://www.koders.com/cpp/fidE4B273B325D02CA1FEBA15D6ED9EDE666BE85DA9.aspx?s=file%3Aaeffect.h\" href=\"http://www.koders.com/cpp/fidE4B273B325D02CA1FEBA15D6ED9EDE666BE85DA9.aspx?s=file%3Aaeffect.h\"><br />http://www.koders.com/cpp/fidE4B273B325D02CA1FEBA15D6ED9EDE666BE85DA9.aspx?s=file%3Aaeffect.h</a></pre>",
    "PostedDate": "2011-11-22T06:03:47.38-08:00",
    "UserRole": null,
    "MarkedAsAnswerDate": null
  },
  {
    "Id": "701774",
    "ThreadId": "280253",
    "Html": "<p>Stop the press although the stucture above is correct, note that the order of the bytes of the int are reversed so you will need to\r\n<div style=\"color: black; background-color: white;\">\r\n<pre> <span style=\"color: blue;\">var</span> bytes = b.ReadBytes(4);\r\n\r\n                <span style=\"color: blue;\">if</span> (BitConverter.IsLittleEndian)\r\n                    Array.Reverse(bytes);\r\n\r\n                <span style=\"color: blue;\">var</span> pluginId =BitConverter.ToInt32(bytes, 0);\r\n</pre>\r\n</div>\r\n</p>",
    "PostedDate": "2011-11-22T06:39:53.22-08:00",
    "UserRole": null,
    "MarkedAsAnswerDate": null
  },
  {
    "Id": "702261",
    "ThreadId": "280253",
    "Html": "<p>Marc I wonder if you could offer any asisstance, I appear to be closer but no cigar.</p>\r\n<p>I can see by opening up the fxb file in fex editor that i have loaded the correct data into VstPatchChunkInfo but</p>\r\n<p>PluginContext.PluginCommandStub.SetChunk always returns 0</p>\r\n<pre>regards Tony</pre>\r\n<p>\r\n<div style=\"color: black; background-color: white;\">\r\n<pre>    <span style=\"color: blue;\">private</span> <span style=\"color: blue;\">void</span> button2_Click(<span style=\"color: blue;\">object</span> sender, EventArgs e)\r\n        {\r\n\r\n            PluginContext.PluginCommandStub.MainsChanged(<span style=\"color: blue;\">false</span>);\r\n            <span style=\"color: blue;\">bool</span> usingChunks = (PluginContext.PluginInfo.Flags &amp; VstPluginFlags.ProgramChunks) == VstPluginFlags.ProgramChunks;\r\n            OpenFileDialog o = <span style=\"color: blue;\">new</span> OpenFileDialog();\r\n            <span style=\"color: blue;\">if</span> (o.ShowDialog() == System.Windows.Forms.DialogResult.OK)\r\n         {\r\n<span style=\"color: green;\">//                struct fxSet {</span>\r\n<span style=\"color: green;\">//    long    chunkMagic;         // 'CcnK'</span>\r\n<span style=\"color: green;\">//    long    byteSize;           // of this chunk, excl. magic + byteSize</span>\r\n\r\n<span style=\"color: green;\">//    long    fxMagic;            // 'FxBk'</span>\r\n<span style=\"color: green;\">//    long    version;</span>\r\n<span style=\"color: green;\">//    long    fxID;               // fx unique id</span>\r\n<span style=\"color: green;\">//    long    fxVersion;</span>\r\n\r\n<span style=\"color: green;\">//    long    numPrograms;</span>\r\n<span style=\"color: green;\">//    char    future[128];</span>\r\n\r\n<span style=\"color: green;\">//    fxProgram programs[1];      // variable no. of programs</span>\r\n<span style=\"color: green;\">//};</span>\r\n                System.IO.BinaryReader b = <span style=\"color: blue;\">new</span> BinaryReader(<span style=\"color: blue;\">new</span> System.IO.FileStream(o.FileName, FileMode.Open));\r\n               <span style=\"color: blue;\">var</span> chs = b.ReadChars(4); <span style=\"color: green;\">//chunkMagic</span>\r\n                b.ReadBytes(4); <span style=\"color: green;\">//byteSize</span>\r\n                b.ReadBytes(4); <span style=\"color: green;\">//fxMagic</span>\r\n\r\n                <span style=\"color: green;\">//version</span>\r\n                <span style=\"color: blue;\">var</span> bytes = b.ReadBytes(4);\r\n                Array.Reverse(bytes);\r\n                <span style=\"color: blue;\">int</span> version = BitConverter.ToInt32(bytes, 0);\r\n\r\n                 <span style=\"color: green;\">// fx unique id</span>\r\n                 Array.Clear(bytes,0,bytes.Length);\r\n                 bytes = b.ReadBytes(4);\r\n                 Array.Reverse(bytes);\r\n                <span style=\"color: blue;\">var</span> pluginId =BitConverter.ToInt32(bytes, 0); \r\n\r\n                <span style=\"color: green;\">//fxVersion</span>\r\n                Array.Clear(bytes, 0, bytes.Length);\r\n                bytes = b.ReadBytes(4);\r\n                Array.Reverse(bytes);\r\n                <span style=\"color: blue;\">int</span> pluginVersion =BitConverter.ToInt32(bytes, 0);\r\n\r\n\r\n                <span style=\"color: green;\">//numPrograms</span>\r\n                Array.Clear(bytes, 0, bytes.Length);\r\n                bytes = b.ReadBytes(4);\r\n                Array.Reverse(bytes);\r\n                <span style=\"color: blue;\">int</span> elelementCount =BitConverter.ToInt32(bytes, 0);\r\n\r\n                b.ReadBytes(128);\r\n                \r\n\r\n                \r\n                Console.WriteLine(<span style=\"color: #a31515;\">\"read Id \"</span> + pluginId);\r\n                Console.WriteLine(PluginContext.PluginInfo.PluginID);\r\n                <span style=\"color: blue;\">var</span> d = PluginContext.PluginCommandStub.BeginLoadBank(<span style=\"color: blue;\">new</span> VstPatchChunkInfo(version, pluginId, pluginVersion, elelementCount));\r\n\r\n                <span style=\"color: blue;\">if</span> (d != VstCanDoResult.No)\r\n                {\r\n\r\n                    <span style=\"color: blue;\">byte</span>[] buff = b.ReadBytes((<span style=\"color: blue;\">int</span>)b.BaseStream.Length);\r\n                    PluginContext.PluginCommandStub.SetProgram(0);\r\n\r\n                    <span style=\"color: green;\">//X always returns 0 why ?</span>\r\n                    <span style=\"color: blue;\">var</span> x = PluginContext.PluginCommandStub.SetChunk(buff, <span style=\"color: blue;\">true</span>);\r\n\r\n                }\r\n\r\n            }\r\n        }\r\n</pre>\r\n</div>\r\n</p>",
    "PostedDate": "2011-11-23T03:04:53.777-08:00",
    "UserRole": null,
    "MarkedAsAnswerDate": null
  },
  {
    "Id": "702307",
    "ThreadId": "280253",
    "Html": "<p>Hi Marc I think I may have discovered a small bug.&nbsp; I got the above code to work following your advice about GetChuck and SetChuck being the same.&nbsp; So I called GetChuck and had a look at the byte pattern and then compared it with some fxb files for the same VST.&nbsp; It seems the data required by GetChunk starts at position 160 in the fxb. I think the offset must be caused by</p>\r\n<pre><span style=\"color: green;\">fxProgram programs[1];<br /><span style=\"color: #000000;\">What ever thats for ! <br /><br />However my call to </span></span><pre><span style=\"color: green;\">//X always returns 0 why ?</span><br /><span style=\"color: blue;\">var</span> x = PluginContext.PluginCommandStub.SetChunk(buff, <span style=\"color: blue;\">true</span>);<br /><br />Still returns 0 ! It does however load the bank sucessfully.  According to the doc' it should return the number of bytes read.<br /><br />Thanks once again to everyone who has made VST.net possible.  I'm currently working on an C# sequencer workstation with VST support using C# Midi toolkit.<br />Thanks to yourself and portAudio I will soon be able to intergate a vstHost that will use ASIO drivers and play my wav metronome all with low Latency and C# support<br /><br />Well Done.<br /><br />P.S when I get the sequencer workstation to a stable state I will make it open source<br />Regard Tony</pre>\r\n</pre>",
    "PostedDate": "2011-11-23T05:16:09.343-08:00",
    "UserRole": null,
    "MarkedAsAnswerDate": null
  },
  {
    "Id": "702843",
    "ThreadId": "280253",
    "Html": "<p>Hi T,</p>\n<p>Thanx for the kind words.</p>\n<p>The \"fxProgram programs[1]\" is a (lame) trick in C++ to sort of have dynamic structures. It still involves a lot of pointer magic but that is what it is meant for.</p>\n<p>My advice is to define your own header and dont try to include the plugin chunk in that. You could include the chunk byte size, especially when you store more plugin chunks in one file. <br /> Then you just open the file Stream, read you header, call the plugin etc and read the rest of the stream into a byte[] buffer to pass to SetChunk.</p>\n<p>As for returning zero from the SetChunk method... Well, some plugins respect the docs better than others. It would not be the first time you had to ignore the specs in order to make it work. ;-)<br /> Perhaps when you try a different plugin it will report the bytes read..?&nbsp;</p>\n<p>Hope it helps,<br /> Marc&nbsp;</p>\n<p>PS: you might want to take a look at how RIFF (IFF) files are structured. That might give you some context and even inspiration how to deal with these chunks in your file.</p>",
    "PostedDate": "2011-11-24T02:16:24.6-08:00",
    "UserRole": null,
    "MarkedAsAnswerDate": null
  },
  {
    "Id": "703914",
    "ThreadId": "280253",
    "Html": "\r\n<p>Hi,</p>\r\n<p>I am in no way a professional developer, so be warned.</p>\r\n<p>Anyway I wanted to create a vst plugin command line processor, I.e. a command line tool that get's a vst as one input parameter and a wav file to be processed as the other paramater, and then output the resulting audio as wavefile or play the audio. It also\r\n supports saving and loading fxp and fxb (i.e. steinberg preset or bank formats).</p>\r\n<p>I have a working version now (full of non-optimal code) but it can give the people looking for such features some ideas.</p>\r\n<p>The code can be found at https://github.com/perivar/Wave2ZebraSynth/tree/master/ProcessVSTPlugin</p>\r\n<p>&nbsp;</p>\r\n<p>UPDATE: I have made a new version that also supports offline processing (without playing and much faster)</p>\r\n<p>Can be found at&nbsp;<a href=\"https://github.com/perivar/AudioVSTToolbox/tree/master/ProcessVSTPlugin2\">https://github.com/perivar/AudioVSTToolbox/tree/master/ProcessVSTPlugin2</a></p>\r\n<p>The download can be found at&nbsp;<a href=\"https://github.com/perivar/AudioVSTToolbox/downloads\">https://github.com/perivar/AudioVSTToolbox/downloads</a></p>\r\n<p>&nbsp;</p>\r\n<p>Yes it's a part of a project that I never seem to be able to complete, a tool than can sample incoming audio and create u-he zebra 2 presets.</p>\r\n<p>But the ProcessVSTPlugin will work by itself. I use SharpDevelop myself.</p>\r\n<p>Thanks,</p>\r\n<p>Per Ivar</p>\r\n",
    "PostedDate": "2011-11-27T13:06:11.347-08:00",
    "UserRole": null,
    "MarkedAsAnswerDate": null
  },
  {
    "Id": "704186",
    "ThreadId": "280253",
    "Html": "<p>Thank you <a class=\"UserProfileLink\" href=\"http://www.codeplex.com/site/users/view/perivarnerseth\">perivarnerseth</a>, much appreciated</p>",
    "PostedDate": "2011-11-28T06:52:25.097-08:00",
    "UserRole": null,
    "MarkedAsAnswerDate": null
  },
  {
    "Id": "705315",
    "ThreadId": "280253",
    "Html": "<p>Quick question for <a class=\"UserProfileLink\" href=\"http://www.codeplex.com/site/users/view/perivarnerseth\">perivarnerseth</a> or <a class=\"UserProfileLink\" href=\"http://www.codeplex.com/site/users/view/obiwanjacobi\">obiwanjacobi</a></p>\r\n<p>Why does the data put into setchuck not look as the data obtained from getchunk.</p>\r\n<p>for example why are the length of buff and buff2 not the same infact buff is almost&nbsp; 2X bigger</p>\r\n<p>byte[] buff = b.ReadBytes((int)b.BaseStream.Length);<br />var x = pluginContext.PluginCommandStub.SetChunk(buff, false);<br />var buff2 = pluginContext.PluginCommandStub.GetChunk(false);</p>\r\n<p><br />Portions of the data in buff2 look like so :&nbsp;</p>\r\n<p>INIT(Copy 29) &nbsp;&nbsp;&nbsp;&nbsp;&nbsp;&nbsp;&nbsp;&nbsp;&nbsp;&nbsp;&nbsp;&nbsp;&nbsp;&nbsp;&nbsp;&nbsp;&nbsp;&nbsp;</p>\r\n<p>&nbsp;buff looks like</p>\r\n<p>I N I T ( C o p y 2 9 ) &nbsp;</p>\r\n<p>in buff every other byte is ascii 0&nbsp;</p>\r\n<p>I suspect this something like going frm a BSTR &nbsp; to byte array</p>\r\n<p>Any clues</p>\r\n<p><br /><br />Thanks Regards T &nbsp;&nbsp;&nbsp;&nbsp;&nbsp;&nbsp;&nbsp; <br />&nbsp;&nbsp;&nbsp;&nbsp;&nbsp;&nbsp;&nbsp;&nbsp;&nbsp;&nbsp;&nbsp;&nbsp;&nbsp;&nbsp;&nbsp;&nbsp;&nbsp; <br /></p>",
    "PostedDate": "2011-11-30T07:58:33.297-08:00",
    "UserRole": null,
    "MarkedAsAnswerDate": null
  },
  {
    "Id": "705688",
    "ThreadId": "280253",
    "Html": "<p>Could be a character code-page/unicode issue..?</p>\r\n<p>Unicode needs two bytes for each character. Ascii only uses one byte (7 bits to be exact).<br />Look like buf2 is in Ascii and buff is in unicode.</p>\r\n<p>If you have the source code to the plugin (and it looks like you do) you can look for this conversion. It does not have to be a problem in the Host. Could also be that the GetChunk of the plugin converts to unicode.<br />Take a look at the default encodings of any XxxxWriter (from System.IO) class you might use...</p>\r\n<p>Hope it helps,<br />Marc&nbsp;</p>",
    "PostedDate": "2011-12-01T00:27:35.793-08:00",
    "UserRole": null,
    "MarkedAsAnswerDate": null
  },
  {
    "Id": "705712",
    "ThreadId": "280253",
    "Html": "<p><a class=\"UserProfileLink\" href=\"http://www.codeplex.com/site/users/view/obiwanjacobi\">obiwanjacobi</a> I think your correct it is a unicode issue, however I think I posted prematurely . Despite&nbsp; the difference in file size and the unicode issue it seems to make no difference to the plugin, bank saves and loads do work.&nbsp; I have also checked the fxb from other plugins and the strings are not unicode so as you might expect the character encoding is down to the plugin.</p>\r\n<p>Thanks again.</p>",
    "PostedDate": "2011-12-01T01:12:59.817-08:00",
    "UserRole": null,
    "MarkedAsAnswerDate": null
  }
]