[
  {
    "Id": "689397",
    "ThreadId": "277218",
    "Html": "\r\n<p>Is it possible to get a VST.NET application running with .NET 4.0? I just tried upgrading to 4.0 but now when I try to load up my VST in a host I get an error message that says: &quot;this assembly is built by a runtime newer than the currently loaded runtime\r\n and cannot be loaded&quot;.</p>\r\n<p>&nbsp;</p>\r\n<p>Any idea what's going on here?</p>\r\n<p>Thanks,</p>\r\n<p>Rob</p>\r\n",
    "PostedDate": "2011-10-25T20:38:15.35-07:00",
    "UserRole": null,
    "MarkedAsAnswerDate": null
  },
  {
    "Id": "689420",
    "ThreadId": "277218",
    "Html": "<p>Sounds like a standard manifest issue, here is how I modified 'app.config' to support 2.0 framework in 4.0 app:</p>\r\n<p>\r\n<div style=\"color: black; background-color: white;\">\r\n<pre>&lt;?xml version=<span style=\"color: #a31515;\">\"1.0\"</span>?&gt;\r\n&lt;configuration&gt;\r\n&lt;startup useLegacyV2RuntimeActivationPolicy=<span style=\"color: #a31515;\">\"true\"</span>&gt;&lt;supportedRuntime version=<span style=\"color: #a31515;\">\"v4.0\"</span> sku=<span style=\"color: #a31515;\">\".NETFramework,Version=v4.0\"</span>/&gt;&lt;/startup&gt;\r\n  &lt;runtime&gt;\r\n           &lt;legacyCorruptedStateExceptionsPolicy enabled=<span style=\"color: #a31515;\">\"true\"</span>/&gt;\r\n  &lt;/runtime&gt;\r\n&lt;/configuration&gt;\r\n</pre>\r\n</div>\r\n</p>",
    "PostedDate": "2011-10-25T22:36:32.727-07:00",
    "UserRole": null,
    "MarkedAsAnswerDate": null
  },
  {
    "Id": "689434",
    "ThreadId": "277218",
    "Html": "<p>I <em><strong>think</strong></em>&nbsp;that the version of the runtime that is loaded is determined by the Jacobi.Vst.Interop assembly that you renamed to your plugin name (MyPlugin.dll). That assembly is the first that gets loaded and therefor triggers the loading  of the .NET 2.0 CLR - because no &lt;runtime&gt; directives were found in the .exe.config. Then the Bootstrapper loads in the Jacobi.Vst.Core assembly (still 2.0 so OK). and then the ManagedPluginFactory tries to load in your managed plugin assembly. But that is  a .NET 4.0 assembly and the 2.0 CLR therefor throws the exception for it has no clue how to run a newer version assembly.</p>\n<p>So, I think Yury is right to request in the exe.config the 4.0 CLR to be loaded with legacy settings enabled.&nbsp;</p>\n<p>The downside of this is that you have to deploy a [host].exe.config. I will look into providing the VST.NET binaries for the different platform CLR versions so that loading of the Jacobi.Vst.Interop trigger loading of the correct CLR version.</p>\n<p>More info here:<br /> <a href=\"http://msdn.microsoft.com/en-us/library/w671swch.aspx\">http://msdn.microsoft.com/en-us/library/w671swch.aspx</a></p>",
    "PostedDate": "2011-10-26T00:01:17.58-07:00",
    "UserRole": null,
    "MarkedAsAnswerDate": null
  },
  {
    "Id": "690000",
    "ThreadId": "277218",
    "Html": "<p>Yeah this is exactly the problem : loading a 4.0 assembly from a 2.0 &nbsp;runtime while there is no explicit &lt;runtime&gt; directives in the .exe.config.</p>\r\n<p>If you're building a host instead of a plugin, I'd recommend adding the&nbsp;<span style=\"font-family: Consolas, 'Courier New', Courier, monospace; white-space: pre;\">legacyCorruptedStateExceptionsPolicy flag to your assembly even if it's not clean. This is useful when loading a faulty plugin that throws an access violation exception, without the flag the application would crash instead of catching the exception.</span></p>",
    "PostedDate": "2011-10-26T18:08:41.243-07:00",
    "UserRole": null,
    "MarkedAsAnswerDate": null
  },
  {
    "Id": "690007",
    "ThreadId": "277218",
    "Html": "<p>Thanks for the help guys! I've got things temporarily working with the config file from Yurk and I'll keep checking back to see if Mark has released the binaries for 4.0. Worst comes to worst I can always just switch back to .Net 3.5 as there isn't much that I'm using that is new in 4.0. I just got VS2010 so I figured I might as well try out 4.0.</p>",
    "PostedDate": "2011-10-26T18:43:47.06-07:00",
    "UserRole": null,
    "MarkedAsAnswerDate": null
  },
  {
    "Id": "690015",
    "ThreadId": "277218",
    "Html": "<p>I would be nice to be able to use Mono instead of .NET so people can use VST.NET plugins on a Mac. I just tried compiling with Mono 2.8 in VS210 and its giving me the following warning:</p>\r\n<p>The primary reference \"Jacobi.Vst.Interop, Version=1.0.0.0, Culture=neutral, PublicKeyToken=fa678e13c1efc859, processorArchitecture=x86\" could not be resolved because it has an indirect dependency on the framework assembly \"Microsoft.VisualC, Version=10.0.0.0, Culture=neutral, PublicKeyToken=b03f5f7f11d50a3a\" which could not be resolved in the currently targeted framework. \".NETFramework,Version=v4.0,Profile=Mono\". To resolve this problem, either remove the reference \"Jacobi.Vst.Interop, Version=1.0.0.0, Culture=neutral, PublicKeyToken=fa678e13c1efc859, processorArchitecture=x86\" or retarget your application to a framework version which contains \"Microsoft.VisualC, Version=10.0.0.0, Culture=neutral, PublicKeyToken=b03f5f7f11d50a3a\".</p>\r\n<p>&nbsp;</p>\r\n<p>Don't suppose there are any work-arounds for this?</p>\r\n<p>&nbsp;</p>\r\n<p>Thanks.</p>",
    "PostedDate": "2011-10-26T19:32:58.187-07:00",
    "UserRole": null,
    "MarkedAsAnswerDate": null
  },
  {
    "Id": "690022",
    "ThreadId": "277218",
    "Html": "<p>I'm sure Mr. Jacobi is more&nbsp;knowledgeable than me on this matter but I suspect the scenario is the following :</p>\n<p>Vst.Net is using the managed extensions from mscorlib.dll and c++ (unmanaged) and c++ (managed) code is linked in a mixed mode assembly.&nbsp;</p>\n<p>Mono does not support managed extensions of the Visual C++ compiler&nbsp;embedded&nbsp;in a mixed mode assembly.</p>\n<p>A work-around could be converting the code compiling the mixed mode assembly to a pure MSIL assembly, although it is very convoluted and some form of communication between the C library datatypes (for the vst sdk) and the managed C++ must be contrived.</p>",
    "PostedDate": "2011-10-26T20:01:43.783-07:00",
    "UserRole": null,
    "MarkedAsAnswerDate": null
  },
  {
    "Id": "690057",
    "ThreadId": "277218",
    "Html": "<p>Correct.</p>\r\n<p>Unfortunately VST.NET is windows only.</p>\r\n<p>See also:<br /><a href=\"http://vstnet.codeplex.com/discussions/244802\">http://vstnet.codeplex.com/discussions/244802</a></p>",
    "PostedDate": "2011-10-26T22:55:52.513-07:00",
    "UserRole": null,
    "MarkedAsAnswerDate": null
  },
  {
    "Id": "690376",
    "ThreadId": "277218",
    "Html": "<p>Ah too bad. For now I'm the only person using my plugin though so its not that big of a deal for me.</p>",
    "PostedDate": "2011-10-27T09:38:02.483-07:00",
    "UserRole": null,
    "MarkedAsAnswerDate": null
  },
  {
    "Id": "690907",
    "ThreadId": "277218",
    "Html": "<p>@Rob</p>\r\n<p>I checked in code that should allow you to build a Clr4 Interop.</p>\r\n<p>See Also:&nbsp;http://vstnet.codeplex.com/wikipage?title=Build%20Configurations</p>\r\n<p>Hope it helps.<br />Marc</p>",
    "PostedDate": "2011-10-28T10:39:26.78-07:00",
    "UserRole": null,
    "MarkedAsAnswerDate": null
  },
  {
    "Id": "691157",
    "ThreadId": "277218",
    "Html": "<p>Thanks! I've got it working without the config file now.</p>",
    "PostedDate": "2011-10-29T10:36:44.287-07:00",
    "UserRole": null,
    "MarkedAsAnswerDate": null
  },
  {
    "Id": "691164",
    "ThreadId": "277218",
    "Html": "<p>Cool! Do you use the \"Any CPU\" managed assemblies or the x86/x64 ones?</p>",
    "PostedDate": "2011-10-29T11:36:14.74-07:00",
    "UserRole": null,
    "MarkedAsAnswerDate": null
  },
  {
    "Id": "691193",
    "ThreadId": "277218",
    "Html": "<p>I used the \"Any CPU\" configuration. Although to be honest I don't totally understand the benefit of using x86/x64. Would their be some performance benefits or something?</p>",
    "PostedDate": "2011-10-29T14:15:18.577-07:00",
    "UserRole": null,
    "MarkedAsAnswerDate": null
  },
  {
    "Id": "691213",
    "ThreadId": "277218",
    "Html": "<p>I wasn't aware of a x64 assembly of Vst.net so I don't know the benefits of this implementation. The potential performance hit of running a x86 program on a x64 architecture is small. The potential performance benefits of using x64 is higher. All depends  on the scenario involved especially with register and memory usage. A typical scenario would be using increased precision floating points registers of the x64, this gives additional quality at minimal processing cost but shouldn't increase performance drastically.  ie: 64 bit precision audio data instead of 32 bit with properly&nbsp;implemented buffer loops using 64 bit registers.&nbsp;</p>\n<p>&nbsp;</p>\n<p>There is something, you can't load a 32 bit library in a 64 bit program. If you depend on 32 bit libraries, you need to compile to x86. Same with x64. Personally I always compile to x86 or x64 (when I don't need 32 bit&nbsp;libraries), never any cpu because it  can cause problems down the road when &nbsp;dealing with external dependencies. ie: you use a x86 library in a Any Cpu program on a x86 architecture, this is fine because Any Cpu is loaded x86 (because of the x86 architecture) and then loads x86 library. But on  a x64 system, this will crash because Any Cpu is loaded x64 (because of the x64 architecture) then loads x86 library causing a mismatch.</p>",
    "PostedDate": "2011-10-29T16:42:35.593-07:00",
    "UserRole": null,
    "MarkedAsAnswerDate": null
  },
  {
    "Id": "691274",
    "ThreadId": "277218",
    "Html": "<p>Hi Guys,</p>\n<p>Well there is almost no difference between Any CPU/x86/x64 for pure managed assemblies. The only thing that changes with those settings is that they are marked as such but -as I understand it- will not prevent correct execution in other environments. Remember  managed assemblies are pure IL and that gets interpreted at runtime. The only reason to set them -to my mind- is if you use (unmanaged?) dependencies that are specifically x86/x64.</p>\n<p>For Interop it is a different matter. That is compiled to specifically x86 or x64. That is why there is a Any CPU (x86) and Any CPU (x64). The managed assemblies are compiled for Any CPU the x86/x64 indicates the setting for Interop.</p>\n<p>See also:<br /> <a href=\"http://visualstudiohacks.com/articles/visual-studio-net-platform-target-explained/\">http://visualstudiohacks.com/articles/visual-studio-net-platform-target-explained/</a></p>\n<p>@Yury: You make a distinction between Win32 and x86. I am (al)most certain they are the same ;-)</p>\n<p>While doing the build automation I thought it would be a small effort to provides builds in all flavors.</p>\n<p>Hope it helps,<br /> Marc</p>",
    "PostedDate": "2011-10-30T03:32:09.747-07:00",
    "UserRole": null,
    "MarkedAsAnswerDate": null
  },
  {
    "Id": "691357",
    "ThreadId": "277218",
    "Html": "<p>Ah good to know. All my dependencies are managed assemblies right now so I guess I'll just stick with the Any CPU configuration.</p>",
    "PostedDate": "2011-10-30T12:26:22.447-07:00",
    "UserRole": null,
    "MarkedAsAnswerDate": null
  }
]