[
  {
    "Id": "417563",
    "ThreadId": "204796",
    "Html": "<p>Hi!</p>\r\n<p>I just wanted to get started programming VST. Because I know a bit of C# I was really happy to find VST.NET.</p>\r\n<p>I followed the instructions in the Getting Started documentation pages.<br>I wanted to test things out ba making an effect plugin that inverts the polarity (out = in * -1)</p>\r\n<p>Everything compiles OK.<br>I tried loading the dll with FL Studio 9 but as soon as I load it it disappears. The dll file stays openened but It doesn't work.</p>\r\n<p>I use the RC of Vusual Studio 2010.</p>\r\n<p>Here's my project including builds:<br>http://rapidshare.com/files/362485375/VSTTest.zip</p>\r\n<p>What am I doing wrong?</p>\r\n<p>Thanks!</p>",
    "PostedDate": "2010-03-12T10:16:56.95-08:00",
    "UserRole": null,
    "MarkedAsAnswerDate": null
  },
  {
    "Id": "417611",
    "ThreadId": "204796",
    "Html": "<p>I don't have access to FL Studio 9. I also have trouble downloading your share. I will try that later.</p>\r\n<p>Could you try it in vsthost in the mean time?</p>\r\n<p><a href=\"http://www.hermannseib.com/english/vsthost.htm\">http://www.hermannseib.com/english/vsthost.htm</a></p>\r\n<p>This is the host I use to test with.</p>\r\n<p>Let me know how it goes.</p>",
    "PostedDate": "2010-03-12T12:14:00.52-08:00",
    "UserRole": null,
    "MarkedAsAnswerDate": null
  },
  {
    "Id": "417685",
    "ThreadId": "204796",
    "Html": "<p>Thanks for your reply!</p>\r\n<p>It is exactly the same with vsthost.</p>\r\n<p>If I try to load the plugin exactly nothing happens.<br>It's like the plugin unloads itself after it is loaded.</p>\r\n<p>Does it have something to do with the Visual Studio 2010?<br>I also tried it with .NET Framework 2 instead of 4, but no difference.</p>",
    "PostedDate": "2010-03-12T17:00:23.037-08:00",
    "UserRole": null,
    "MarkedAsAnswerDate": null
  },
  {
    "Id": "417729",
    "ThreadId": "204796",
    "Html": "<p>Your code looks fine. Where do you deploy the Core and Framework assemlbies?</p>\r\n<p>Try putting them in the gac (they need to be strong-named for that)) or in the same folder as the managed plugin and the renamed interop assemblies.</p>\r\n<p>For now test with vsthost and move to FL when that works.</p>\r\n<p>Let me know how you fare.</p>",
    "PostedDate": "2010-03-13T02:22:56.233-08:00",
    "UserRole": null,
    "MarkedAsAnswerDate": null
  },
  {
    "Id": "417740",
    "ThreadId": "204796",
    "Html": "<p>I did not deploy anything... sorry but I don't know how this works.</p>\r\n<p>What is the GAC and which files would I put into the folderof the interop dll and the .net.dll?</p>",
    "PostedDate": "2010-03-13T05:34:07.157-08:00",
    "UserRole": null,
    "MarkedAsAnswerDate": null
  },
  {
    "Id": "417742",
    "ThreadId": "204796",
    "Html": "<p>OK I put the Framework and Core dlls in the same directory and now it works! Also in FL.</p>\r\n<p>I suggest that this should be noted in the Getting Started docs for the noobs like me :)</p>\r\n<p>Thanks for the help (so dar)!</p>",
    "PostedDate": "2010-03-13T05:46:37.263-08:00",
    "UserRole": null,
    "MarkedAsAnswerDate": null
  }
]