[
  {
    "Id": "873796",
    "ThreadId": "373863",
    "Html": "\r\n<p>Hello everybody!</p>\r\n<p>I'm new to VST.NET so i have some dumb questions.</p>\r\n<p>I want to create plugin for Cubase. It's main feature is &nbsp;to prevent repeated notes. I have USB-MIDI device (electronic drums) that sometimes produce very fast, very near notes (first note is correct, but second note creates some&nbsp;cacophony). Those\r\n notes are very close to each other (i think near 30ms or smth like that). I want to create such a plugin that deletes those&nbsp;unnecessary notes. So there are some questions:</p>\r\n<p>1) Is VST.NET can be used for this?</p>\r\n<p>2) How can I use TIME in this? I was reading some docs but I don't understand how to do this. I was wondering to find some Midi-Vst examples (source codes), even delay-example would be good.</p>\r\n<p><span>Thanks in advance!!!</span></p>\r\n<p><span>p.s. english is not my native language = )</span></p>\r\n",
    "PostedDate": "2012-07-18T08:26:46.677-07:00",
    "UserRole": null,
    "MarkedAsAnswerDate": null
  },
  {
    "Id": "892499",
    "ThreadId": "373863",
    "Html": "<p>Sorry for the late response (was on vacation).</p>\r\n<p>&nbsp;</p>\r\n<p>Yes, VST.NET can be used to manipulate Midi messages, although I know that Cubase (and other Steinberg Hosts?) is very particular about what a midi plugin is. Most other hosts should be ok. You should check out the samples (downloads or source code tabs), it comes with a midi mapper plugin that would be a good place to start.</p>\r\n<p>The VstTimeInfo structure can be used to ask the host specific time info. When you make the GetTimeInfo call you specify, what specific time attributes you would like to know and the host reports back (in the VstTimeInfo structure) what properties were actually filled. You need to call the GetTimeInfo method only once in your Process method.</p>\r\n<p>Hope this clears things up a bit. I would suggest you start with the Midi Note Mapper sample and try to load it into your Host. When that works (means that your VST.NET installation is good), try to change the sample code to detect the repeated notes.</p>\r\n<p>Good luck and have fun!<br />Marc&nbsp;</p>",
    "PostedDate": "2012-07-28T01:11:06.57-07:00",
    "UserRole": null,
    "MarkedAsAnswerDate": null
  },
  {
    "Id": "892591",
    "ThreadId": "373863",
    "Html": "\r\n<p>1)As I understand the main function that I must rewrite myself is &quot;public void Process(VstEventCollection events)&quot; in file &quot;MidiProcessor.cs&quot; ?</p>\r\n<p>2) Where should I initialize the new instance of &quot;VstTimeInfo&quot; class? In the beginning of &quot;Process&quot; function or it must be global?</p>\r\n<p>3)Than for each VstEvent I must call&nbsp;SmpteOffset and use that data to know exactly position (from the begining) of each midi note in the track. Am I right? (I need to know time of each note, to know which of those notes are unwanted)</p>\r\n<p>4) What should I do with unwanted note? I can set it's velocity to zero or there is a better way? Maybe not add into&nbsp;Events my outputEvent?</p>\r\n",
    "PostedDate": "2012-07-28T10:46:36.317-07:00",
    "UserRole": null,
    "MarkedAsAnswerDate": null
  },
  {
    "Id": "892686",
    "ThreadId": "373863",
    "Html": "<p>1) Yes. This method is called repeatedly by the host (just before it calls the Process method on the AudioProcessor). Each time you get the midi events for a small span of time. So you might need to keep track of the last notes in the collection (with the largest deltaFrames - although most of the time deltaFrames is left zero by the host) in order to be able to detect midi notes that are very close but are in different calls to the Process method. You can use the GetTimeInfo method to get the absolute time of each Process call. You need to call GetTimeInfo only once per 'cycle' - calling it more often usually returns the exact same info.</p>\r\n<p>&nbsp;</p>\r\n<p>2) Doesn't really matter functionally. But during processing you should avoid memory allocations as much as possible. This is to reduce the chance that the .NET Garbage Collector kicks in and freezes all your threads. So I would suggest you make it a class member and refresh it at the beginning of each call to Process.</p>\r\n<p>&nbsp;</p>\r\n<p>3) I'm not sure SmpteOffset is filled by each host. Start of with making something that works with your host, then add fallback scenarios for other types of info. There are some fields that are always filled (mandatory for the host - refer to the doc comments), perhaps you could start with those?</p>\r\n<p>&nbsp;</p>\r\n<p>4) If you receive a note from the host but you do not output it from your plugin back to the host, that note is lost. So if you detect a double note, just don't copy it to the output collection and it is 'erased'.</p>\r\n<p>&nbsp;</p>\r\n<p>Hope it helps,<br />Marc&nbsp;</p>",
    "PostedDate": "2012-07-29T01:41:10.857-07:00",
    "UserRole": null,
    "MarkedAsAnswerDate": null
  }
]