[
  {
    "Id": "123887",
    "ThreadId": "37337",
    "Html": "Hello,$0Sorry for my bad english and c# skills. But I am realy interested in this project, because it makes one of my coding ideas possible. I tried to get the samples running, but it didnt realy work. Anyway, one of my own simple vst.net application is running now. It is very simple... it does nothing except for creating a windows form. And the VST-Host accepted the plugin without any errors. The only thing I need is to display midiEvents triggered by the host-program. Could you help me with a simplyfied code example? Thank you. :)$0",
    "PostedDate": "2008-10-08T15:30:34.603-07:00",
    "UserRole": null,
    "MarkedAsAnswerDate": null
  },
  {
    "Id": "124130",
    "ThreadId": "37337",
    "Html": "In order to receive Midi Events from the host, you implement the IVstMidiProcessor interface in your plugin. It is important to expose a reference to this implementation through the IExtensible methods on the IVstPlugin interface. <br>\r\n<br>\r\nIf you use the PluginInterfaceManagerBase class as a base for your Interface Manager implementation, just override the CreateMidiProcessor method and return the reference there. If not ignore what I just said ;-).<br>\r\n<br>\r\nNow, when the Host calls the Plugin with MidiEvents, your implementation of the Process method (on IVstMidiProcessor) will be called. The MidiEvents passed into the method are for the current time-slice and its delta time is always relative to the current time-slice.<br>\r\n<br>\r\nCheck out the Jacobi.Vst.Samples.MidiNoteMapper and MidiNoteSampler samples, for they too receive midi input from the host. Also check out the VST Resources page (link is on the home page). There you'll find references to 4 blog posts I've written about VST.NET.\r\n",
    "PostedDate": "2008-10-09T12:16:41.363-07:00",
    "UserRole": null,
    "MarkedAsAnswerDate": null
  },
  {
    "Id": "124492",
    "ThreadId": "37337",
    "Html": "Thank you for the Help. But I still do not recive the Events.I return my <span style=\"font-style:italic\">MidiProcessor</span> on the <span style=\"font-style:italic\">CreateMidiProcessor</span> method of the Plugin and I've put a messageBox-call into the Process method of the <span style=\"font-style:italic\">MidiProcessor</span>. But it does not pop up if the host (ableton live 7.0) sends midi signales. <span style=\"font-weight:bold\">Problem 1</span>: I do not understand how to expose a reference through the <span style=\"font-style:italic\">IExtensible</span> methods like you said. <span style=\"font-weight:bold\">Problem 2</span>: I finaly got your samples running but I also dont get events with this code. I have to chance the assembly links (to core and framework dll). I instaled them as described by drag-and-drop them into the Windos/assembly folder. I also instaled them with the commandline tool gacutil. And it looks like they are instaled. But VisualStudio Express does not find the assemblys in the global assembly cache. Currently I link the core and framework dll's from a seperate folder to get the sample running. Hopefully you find some time to reply :)",
    "PostedDate": "2008-10-11T11:33:32.157-07:00",
    "UserRole": null,
    "MarkedAsAnswerDate": null
  },
  {
    "Id": "124562",
    "ThreadId": "37337",
    "Html": "1) How did you implement your Plugin Root Object, that is created in the CreatePluginInstance override on the StdPluginCommandStub and implements IVstPlugin. Did you use one of the base classes the framework provides? If you used VstPluginWithInterfaceManagerBase you did everything right. IExtensible is then implemented by the PluginInterfaceManager base class. If not, you have to route the methods of IExtensible to the inetrface manager instance you use (where you implemented the CreateMidiProcessor override). If you have that, you should be ok.<br>\r\n<br>\r\n2) If the samples also doesn't work on Ableton Live 7.0, it perhaps indicates some issues. I have not tested on ableton (I might do that). The CorePlugin sample or the Steinberg VstMonitor plugin are great to see what the host is doing to/with your plugin... As for the dependencies: the Core and Framework can either go in the GAC (either drag and drop them in the Windows\\assembly folder using the windows explorer -or- use gacutil.exe.) You should see them when you refresh the windows explorer view of the windows\\assembly folder. You can also install them (core and framework) next to&nbsp;your plugin assemblies (one renamed interop and your renamed dll).\r\n",
    "PostedDate": "2008-10-12T06:41:08.26-07:00",
    "UserRole": null,
    "MarkedAsAnswerDate": null
  },
  {
    "Id": "124594",
    "ThreadId": "37337",
    "Html": "3 out of the 4 samples worked (I think it was the Core sample that didn't work, but can't check presently) when using VST.NET release 0.3 on Ableton Live 7.0.3.<br>\r\n<br>\r\nCheers\r\n",
    "PostedDate": "2008-10-12T14:07:12.127-07:00",
    "UserRole": null,
    "MarkedAsAnswerDate": null
  },
  {
    "Id": "277821",
    "ThreadId": "37337",
    "Html": "<p>I'm sorry for adding this late reply, but didn't want to start a new topic for this.</p>\r\n<p>How dit you get the samples working in Ableton Live? what setup dit you use? <br>For the midimapper example I'm using a midi track where i use the midimapper as an instrument. (Live recognises it as a Midi Instrument, not a Midi Effect) <br>then i set the midi-out to the midi in of another midi track with a standard live-midi instrument. <br>then i arm the midi-mapper track And then when i play midi notes (on my pc keyboard) i should hear the instrument sound. But nothing happens.</p>\r\n<p>I dont know it it is any help, but i also tried the Core sample in Ableton Live, twice.<br>The first time it only showed: &quot;SetEditorKnobMode: Linear&quot;. The second time i got more. But after adding an instrument to the track, again only &quot;SetEditorKnobMode: Linear&quot; was left.<br><br>The plugins work fine in the VSTHost tool.<br>Also, the MidiNoteSampler plugin works fine in Ableton Live.</p>\r\n<p>Am I doing something wrong?<br>Is there some setting that makes Ableton Live recognise the plugin as a midi plugin that i just can put infront of my instrument on the same track, like an arp?</p>\r\n<p>I'm using Live 8.0.5 to test.</p>\r\n<p>Hope you and/or willshak find some time to reply. <br>Thanks in advance!</p>",
    "PostedDate": "2010-01-15T18:48:35.517-08:00",
    "UserRole": null,
    "MarkedAsAnswerDate": null
  },
  {
    "Id": "277848",
    "ThreadId": "37337",
    "Html": "<p>I think the problem is that live doesn't see the MidiNoteMapper as a Midi effect (Midi In/Out) plugin. The Audio part in the MidiNoteMapper is a dummy implementation used only for syncing up the Midi output. You could try and play with the number of audio channels (constructor of the AudioProcessor class)..?</p>\r\n<p>I currently don't have the time to investigate this with Live for myself. Sorry.</p>",
    "PostedDate": "2010-01-15T22:52:09.663-08:00",
    "UserRole": null,
    "MarkedAsAnswerDate": null
  },
  {
    "Id": "278286",
    "ThreadId": "37337",
    "Html": "<p>No problem, i think your tips will get me on the right track eventually!</p>\r\n<p>I tried adding<br>\r\n<div style=\"color:Black;background-color:White\">\r\n<pre><span style=\"color:Blue\">this</span>.OutputCount = 0; \r\n<span style=\"color:Blue\">this</span>.InputCount = 0;\r\n</pre>\r\n</div>\r\n</p>\r\n<p>to the constructor of the AudioProcessor class, and i saw a new option come up in live when selecting the channels, so this seems promising at least...</p>\r\n<p>But maybe i shouldn't be focusing on midi out, but midi in: I added a logging textbox that shows a log-string each time a midi event comes in ( in the process function in MidiProcessor ). All events show up fine in the VSTHost tool, but in Live i saw no events come in at all. Maybe it has something to do with me using the pc keyboard or a midi clip in live as input, perhaps using a real midi controller will work, but i doubt it... will try this out later.</p>\r\n<p>I also found some pointers on <a href=\"http://www.kvraudio.com/forum/viewtopic.php?p=3933444\">http://www.kvraudio.com/forum/viewtopic.php?p=3933444 </a></p>\r\n<p>I'll look into them later and will report any findings here.</p>",
    "PostedDate": "2010-01-17T16:54:04.083-08:00",
    "UserRole": null,
    "MarkedAsAnswerDate": null
  },
  {
    "Id": "278363",
    "ThreadId": "37337",
    "Html": "<p>Not receiving any midi on your plugin. Could it be a (midi) routing problem in Live?</p>",
    "PostedDate": "2010-01-17T22:49:51.583-08:00",
    "UserRole": null,
    "MarkedAsAnswerDate": null
  },
  {
    "Id": "280288",
    "ThreadId": "37337",
    "Html": "<p>Ok, after searching around i found the solution on http://www.kvraudio.com/forum/viewtopic.php?p=3827742</p>\r\n<p>It seems that Live only will start sending midi messages if the outputcount is 1.</p>\r\n<p>so after setting\r\n<div style=\"color:Black;background-color:White\">\r\n<pre><span style=\"color:Blue\">this</span>.OutputCount = 1;\r\n<span style=\"color:Blue\">this</span>.InputCount = 0;\r\n</pre>\r\n</div>\r\n</p>\r\n<p>and setting up live in the right way,&nbsp; it all just worked.</p>\r\n<p>for future reference for people running into this problem, here's how you set up Live:</p>\r\n<ul>\r\n<li>Create a Midi Track and drop the MidiNoteMapper onto it. </li>\r\n<li>Create a Midi Track with the instrument you want to use. </li>\r\n<li>Now set up the instrument Midi track like this:\r\n<ul>\r\n<li>Midi From: &lt;Track Name&gt; (Midi Track with the MidiNoteMapper) </li>\r\n<li>&nbsp;&nbsp;&nbsp;&nbsp;&nbsp;&nbsp;&nbsp;&nbsp;&nbsp;&nbsp;&nbsp;&nbsp;&nbsp;&nbsp;&nbsp;&nbsp; &lt;Device Name&gt; (Jacobi.Vst.Samples.MidiNoteMapper)</li>\r\n<li>Monitor : IN</li>\r\n</ul>\r\n</li>\r\n<li>Now arm the Midi Track with the MidiNoteMapper and you're all set! </li>\r\n</ul>\r\n<p>Thanks for your help ObiWan!</p>\r\n<p>&nbsp;</p>\r\n<p>&nbsp;</p>",
    "PostedDate": "2010-01-21T15:21:02.62-08:00",
    "UserRole": null,
    "MarkedAsAnswerDate": null
  }
]