[
  {
    "Id": "1493516",
    "ThreadId": "661684",
    "Html": "First off thank you for two wonderful libraries!\r<br />\n<br />\nI'm trying to hack a very simple working VSTi host together using VST.Net and MIDI.Net.\r<br />\n<br />\nLooking at MIDI.Net I see the MIDIThru example reading live MIDI input.\r<br />\n<br />\nHow can I convert that to send the MIDIOutShort messages &quot;into&quot; (for lack of better term) the sample VST host app from VST.Net?\r<br />\n<br />\nAs I understand it I will need some &quot;audio processing&quot; code / library to output the data from ProcessReplacing to some sound card (preferably ASIO if possible).\r<br />\n<br />\nAny tips, suggestions, or even simple code samples on plumbing live MIDI input, into the VST host (so the VSTi reacts) then how to get that to any audio output would be much appreciated. Just getting started with both of these .NET tools and all I can say is Wow!<br />\n",
    "PostedDate": "2017-03-02T14:41:44.517-08:00",
    "UserRole": null,
    "MarkedAsAnswerDate": null
  },
  {
    "Id": "1495682",
    "ThreadId": "661684",
    "Html": "First I am very sorry I did not see your message sooner. It seems codeplex does not send notification emails anymore.\r<br />\n<br />\nThat is quite a topic. You have to inject the MIDI message received with MIDI.NET into the audio engine (you have to write) of VST.NET.\r<br />\nVST plugins that process MIDI usually also require the ProcessReplace method to be called on a regular basis - that is what your audio engine should do. VST instruments will convert the VstMidiEvents they receive through ProcessEvents into audio samples (ProcessReplacing). Then these sample buffers (VstAudioBuffer) need to be converted in whatever format your audio output supports (like NAudio or ASIO) - because the sample values of a VST plugin are in range of [-1.0, +1.0] but for audio output they may have to be converted to say an int starting at zero.\r<br />\n<br />\nSearh the discussion list for more on this subject, others have done this already.\r<br />\n<br />\nhope it helps,\r<br />\nMarc<br />\n",
    "PostedDate": "2017-04-21T05:50:13.15-07:00",
    "UserRole": null,
    "MarkedAsAnswerDate": null
  }
]