[
  {
    "Id": "1233021",
    "ThreadId": "541925",
    "Html": "Hi guy, I took as a topic of my final thesis in University &quot;Describe VST technology and create own VST plugin effect&quot;. It should be a kind of matrix which enable to assign different kinds of DSP to their modulators. The basic version will have Distortion, Volume, Delay and White noise generator as DSP and LFO and ADSR envelope for driving them. I found this project and really wanna accomplish the Plugin with it. Please could some more-skilled guys advice me the best Project structure ? Such as which classes I should use how structure them etc. I have been playing with VST.NET for a while so I understand how things work inside......  The plugin is supposed to have own GUI (Made with Winforms) and support Programs. I started from the VstNetAudioPlugin Template for Visual studio.\r<br />\n<br />\nThanks a lot guys I will keep this thread for all my coding questions and hopefully at the end, the Output will be the functional Plugin, then it can serve as a nice starting point for other guys in the same situation which I have right now.<br />\n",
    "PostedDate": "2014-04-10T17:03:32.403-07:00",
    "UserRole": null,
    "MarkedAsAnswerDate": null
  },
  {
    "Id": "1233073",
    "ThreadId": "541925",
    "Html": "If you create a class for each term you talk about in your question (Matrix, Modulator, Delay, Distortion etc) and treat all the DSP objects as a &quot;mini-plugin&quot; that is internally connected (or not - depending on the matrix) then you'd be on the right track. Start small and simple and expand from there. Refactor your code when you see code duplication or the design does not fit anymore. \r<br />\n<br />\nTwo (other) main concerns that need to be addressed (and that I can think of right now ;-) are the Parameters for each component and how to pass the audio around to each of the components. The VS AudioPlugin template has an example of a Delay DSP component managing its own parameters. For passing around the audio samples I would create a base class with a (audio)buffer based 'process' method - that turns out to be most effective/efficient.\r<br />\n<br />\nAs on to how to build a Distortion etc. internally - I cannot help you there. I am a total DSP-noob ;-)\r<br />\n<br />\nHope it helps,\r<br />\nMarc<br />\n",
    "PostedDate": "2014-04-10T22:22:13.593-07:00",
    "UserRole": null,
    "MarkedAsAnswerDate": null
  },
  {
    "Id": "1233265",
    "ThreadId": "541925",
    "Html": "My experience of developping plugins with the Vst SDK (C++) has been different. I found it was more appropriate to write procedural code instead of using object oriented concepts. Vst parameters are global so encapsulating them in objects is sometimes redundant. I wouldn't worry about a fancy structure for such a basic DSP project because you won't have to write a lot of code to achieve your goals.<br />\n<br />\nI would create methods signature with all the required parameters, for a Volume effect I would do:<br />\n<pre><code>static void ProcessVolume(input, output, volume)\n{\n     output = input * volume;\n}\n</code></pre>\n\nFor a modulator, I would use a object/structure that keeps it's current cycle position / value and add a process method operating on that structure:<br />\n<pre><code>static void ProcessLFO(modulatorItem)\n{\n     if (modulatorItem.waveform == Sinus)\n         modulatorItem.value = Sin(modulatorItem.cyclePos++) \n}\n</code></pre>\n\nFor a matrix effect chaining, I would flatten the chaining to a single dimension list:<br />\ninput -&gt; effect 1 -&gt; effect 2 -&gt; volume -&gt; output<br />\n<br />\nFor running the chain I would use a simple case structure:<br />\n<pre><code>foreach (modulatorItem)\n   if (modulatorItem.modulator == adsr)\n      proccessAdsr(modulatorItem); \n   else if (modulatorItem.modulator == lfo)\n      proccessLFO(modulatorItem); \n\nforeach (effectItem)\n   if (effectItem.effect == effect1)\n      processEffect1(input, output, modulatorItem1.value, modulatorItem2.value);\n   else if (effectItem.effect == effect2)\n      processEffect2(input, output, modulatorItem1.value, null);\n   else if (effectItem.effect == volume)\n      processVolume(input, output, modulatorItem3.value);</code></pre>\n\n",
    "PostedDate": "2014-04-11T09:41:21.907-07:00",
    "UserRole": null,
    "MarkedAsAnswerDate": null
  },
  {
    "Id": "1233675",
    "ThreadId": "541925",
    "Html": "Thanks Guys, very valuable, I am going to try it and I will let you know <br />\n",
    "PostedDate": "2014-04-13T11:55:17.03-07:00",
    "UserRole": null,
    "MarkedAsAnswerDate": null
  },
  {
    "Id": "1233693",
    "ThreadId": "541925",
    "Html": "Why I get this error during build???  (Build of tepmplate VSTaudioplugin)<br />\n<pre><code>Error   1   The type 'System.Configuration.Configuration' is defined in an assembly that is not referenced. You must add a reference to assembly 'System.Configuration, Version=2.0.0.0, Culture=neutral, PublicKeyToken=b03f5f7f11d50a3a'. C:\\Users\\asleis\\Documents\\Visual Studio 2012\\Projects\\3TMatrixPlugin\\3TMatrixPlugin\\PluginCommandStub.cs    15  18  3TMatrixPlugin</code></pre>\n\n<img src=\"http://www.imgup.cz/images/2014/04/13/WcaUM.png\" alt=\"Image\" /><br />\n<br />\nI can get over it by adding a reference to System.configuration assembly but I am not sure why I have to do it... Do you have any clue?<br />\n",
    "PostedDate": "2014-04-13T14:05:19.137-07:00",
    "UserRole": null,
    "MarkedAsAnswerDate": null
  },
  {
    "Id": "1233740",
    "ThreadId": "541925",
    "Html": "Short answer is you have to add dependencies needed by PluginCommandStub to the project. In the delay sample plugin is there a dependency on configuration in the reference folder?<br />\n",
    "PostedDate": "2014-04-13T20:43:30.377-07:00",
    "UserRole": null,
    "MarkedAsAnswerDate": null
  },
  {
    "Id": "1234663",
    "ThreadId": "541925",
    "Html": "Hi guys,\r<br />\n<br />\nGood news, I already got working distortion effect and  volume and white noise generator so I am on the right  track.\r<br />\nShort question about the buffer provided from host.\r<br />\nit is float buffer, I tried to catch and display samples values and it seems to be really low\r<br />\n<br />\nIs it the range of values -1 to +1 ?\r<br />\n<br />\n<br />\nbtw noise generator works only when both channels have the same sample value (MONO) \r<br />\nWhen I generate  different random values for each channel(STEREO) it causes crackling sound and\r<br />\nCUbase get lagged and return to me buffer with values above 1 ...\r<br />\n<br />\nAlso if I dont Play the cubase the Buffer is still filled by samples until bypass the plugin. Is it intentional ? I thought that this buffer should provide me with samples only when some sound is coming on his Input (when playback is on)<br />\n",
    "PostedDate": "2014-04-16T05:14:53.683-07:00",
    "UserRole": null,
    "MarkedAsAnswerDate": null
  },
  {
    "Id": "1234672",
    "ThreadId": "541925",
    "Html": "Excellent news indeed.\r<br />\n<br />\n&quot;Is it the range of values -1 to +1 ?&quot;\r<br />\nYes.\r<br />\n<br />\n&quot;... it causes crackling sound ...&quot;\r<br />\nUsually caused by missing audio samples/buffers (processing too slow) or sharp value changes in the samples (clicks).\r<br />\nDon't know why it would feed your plugin with values outside the [-1,1] range...?\r<br />\nAre you sure you don't have an error in your code? It sounds really strange to me/never heard it before...\r<br />\nPerhaps try outputting only one channel and leave the other 0 or pass-through..? See what happens.\r<br />\n<br />\n&quot;Also if I dont Play the cubase the Buffer is still filled by samples until bypass the plugin. Is it intentional ?&quot;\r<br />\nYes. You still want the sound that is coming in (say a mic) to be processed through all the effects, even if the transport is not running.\r<br />\n<br />\nHope it helps,\r<br />\nMarc<br />\n",
    "PostedDate": "2014-04-16T05:31:07.9-07:00",
    "UserRole": null,
    "MarkedAsAnswerDate": null
  },
  {
    "Id": "1234752",
    "ThreadId": "541925",
    "Html": "About crackling sound...\r<br />\n<br />\nCheck the answer I gave here:\r<br />\n<a href=\"https://vstnet.codeplex.com/discussions/454740\" rel=\"nofollow\">https://vstnet.codeplex.com/discussions/454740</a>\r<br />\n<br />\nYou might have the same problem.<br />\n",
    "PostedDate": "2014-04-16T08:45:05.077-07:00",
    "UserRole": null,
    "MarkedAsAnswerDate": null
  },
  {
    "Id": "1235272",
    "ThreadId": "541925",
    "Html": "Crackling is solved..anyway thanks for help<br />\nMarc Values above one was my fault ... The Trace express long values only with their shorter version and mantisa so just my bad understanding of representation of samples<br />\n<br />\n next issue is ....<br />\n<br />\nI have in DSP folder my class Distortion( similiar to Delay class from Template) there I put the enum<br />\n<pre><code>public enum distMakeUpOnOff\n        {\n            On,\n            Off\n\n        }</code></pre>\n\nand a proprety to drive this process<br />\n<pre><code>public distMakeUpOnOff makeUpOnOff;</code></pre>\n\nI added a checkbox into my PluginEditorVIew and generated the handler<br />\n<pre><code>private void checkBox1_CheckedChanged(object sender, System.EventArgs e)\n        {\n            // here should be changed the &quot;public distMakeUpOnOff makeUpOnOff;&quot; in a instance of my Distortion class created in my AudioProcessor\n          \n        }</code></pre>\n\nHow can I make it? Do I need use a parameter for that or there is some other way?<br />\n<br />\nI wanted to pass into PluginEditorVIew contructor an instance of _Plugin so that I would be able to get something like <br />\n<pre><code>_Plugin.AudioProcessor.DIstoriton.makeUpOnOff </code></pre>\n\nthen easily change the status... But I cant find where the constuctor of PluginEditorVIew  is called to pass from there Plugin instance...<br />\nOr is there any easier way?<br />\nMy project structure is very similiar to the Template so you can use it as a model, just how to pass any property from Delay class to PluginEditorVIew<br />\n<br />\nEDIT: I found a workaround. when the plugin is created the PluginEditor calls<br />\n<pre><code>_view.SafeInstance.InitializeParameters(paramList,);</code></pre>\n\nand PluginEditor keeps a reference on Plugin so I extended this method like below and passed the Plugin refference to the PluginEditorVIew .<br />\n<pre><code> internal bool InitializeParameters(List&lt;VstParameterManager&gt; parameters, Plugin plugin)</code></pre>\n\nIt works but I am not very familiar with Threads so maybe I broke something else by doing this :) Look forward to your notes<br />\n",
    "PostedDate": "2014-04-17T18:19:35.22-07:00",
    "UserRole": null,
    "MarkedAsAnswerDate": null
  },
  {
    "Id": "1235299",
    "ThreadId": "541925",
    "Html": "I've only created Hosts wit Vst.Net but I've taken a quick look into the Delay sample plugin to see how parameters are handled.\r<br />\n<br />\nThis is where they are referenced in Vst.Net framework:<br />\n<pre><code>ParameterFactory = new PluginParameterFactory();\nParameterFactory.ParameterInfos.AddRange(audioProcessor.Delay.ParameterInfos);</code></pre>\n\nI'd venture you only need to keep a reference to the ParameterInfos Observable Collection in your UI:\r<br />\npublic VstParameterInfoCollection ParameterInfos\r<br />\n<br />\nIf it were me I would keep a single static reference of this collection and access it from everywhere it's needed.\r<br />\nSince it is an observable collection, I believe you can add your parameters to this collection later on.\r<br />\n<br />\nBut be sure you lock the collection when using it to be thread safe. A Host callback thread could modify it at the same time your UI thread tries updating it.\r<br />\nI doubt there's internal locking in the collection or in Vst.Net but I don't have time to look that far.\r<br />\n<br />\nThere is an example of locking a notes collection in the MidiNoteMapper plugin sample:<br />\n<pre><code>lock (((ICollection)NoteOnEvents).SyncRoot)</code></pre>\n\nMore about threads, unless Vst.Net does special invoking which I doubt again, you would be executing in the thread context of the Vst Host which can't touch your UI thread without invoking. Here's an example of creating a parameter and handling the host callback with Invoke:\r<br />\n<br />\nFirst create a VstParameterInfo for your parameter. Then add it to your ParameterInfos observable collection.\r<br />\n<br />\nSubscribe to the observable Parameter collection in your UI Form to be notified by callback:<br />\n<pre><code>_delayTimeMgr.PropertyChanged += new PropertyChangedEventHandler(_delayTimeMgr_PropertyChanged);\n\nprivate void _delayTimeMgr_PropertyChanged(object sender, PropertyChangedEventArgs e)\n{\n            if (e.PropertyName == &quot;CurrentValue&quot;)\n            {\n                VstParameterManager paramMgr = (VstParameterManager)sender;\n\n                // Here we are in the Host thread so use Invoke to update your UI, 'this' refers to your Form instance\n                // Without invoke you would have a cross thread exception because UI controls (CheckBox) can't be touched directly by the Host thread\n                this.Invoke((MethodInvoker) delegate \n                {\n                     delayTimeCheckBox.Checked = (paramMgr.CurrentValue &gt; 0);\n                });\n\n                // If you are in your audio thread (the host thread) no invoke is necessary\n                _bufferLength = (int)(paramMgr.CurrentValue * _sampleRate / 1000);\n            }\n }\n</code></pre>\n\nSeems like you are on the right track and solving problems fast, good luck with your project!<br />\n",
    "PostedDate": "2014-04-17T21:58:04.13-07:00",
    "UserRole": null,
    "MarkedAsAnswerDate": null
  },
  {
    "Id": "1235308",
    "ThreadId": "541925",
    "Html": "You could make the on-off switch a VstParameter. That way the host can save that state automatically (even without you having to implement persistence) and the value can be automated in the host - something a lot of users would appreciate.\r<br />\n<br />\nBut as Yuri also hinted on: there are a number of threads involved and VST.NET does NOTHING with threads or locking. This was done on purpose because I did not wanted to introduce locks at places that would hurt a specific plugin design. In practice you notice very little of those host threads. The only one is the main/UI  thread and having to use Invoke to 'post' calls to your form or controls.\r<br />\n<br />\nThe use of the VstParameterManager is optional - but I do think it solves a couple of 'issues' with parameters especially when implementing Programs. So assuming you use VstParameterManager you could simply set the value on the CurrentParameter.Value. Do not forget to attach an event handler to the VstParameterManager to handle reflecting automation changes back onto the UI.\r<br />\n<br />\nHope it helps,\r<br />\nMarc.<br />\n",
    "PostedDate": "2014-04-17T22:48:40-07:00",
    "UserRole": null,
    "MarkedAsAnswerDate": null
  },
  {
    "Id": "1235478",
    "ThreadId": "541925",
    "Html": "Ok guys thanks, I created VstParameterInfo With <br />\nparamInfo.MinInteger = 0;<br />\nparamInfo.MaxInteger = 1;<br />\nparamInfo.StepInteger = 1;<br />\n<br />\n<br />\nassign to the VstParameterManager DistortionMakeUpOnOff  and add into obbservable collection.<br />\n<br />\nin PluginEditorView bind to the DistortionMakeUpOnOffCheckbox control and it works. <br />\n<br />\nIt is nice way to for this case but I have a concern about how I will Implement my customizable Matrix it can not be done this way I guess...something like in Reason THor device as you can see below (at very bottom the green part)<br />\n<img src=\"http://www.kreativsounds.com/images/propellerheads/thor-modular-synthesizer-preview.jpg\" alt=\"Image\" /><br />\n<br />\n<br />\n<br />\nOk Next issue is that every time when I close and open my Plugin The GUi components are in the default state, How to force them to keep states from previous time..<br />\n",
    "PostedDate": "2014-04-18T10:24:55.887-07:00",
    "UserRole": null,
    "MarkedAsAnswerDate": null
  },
  {
    "Id": "1235516",
    "ThreadId": "541925",
    "Html": "What do you mean by it can't be done like Thor? What would be the limitation? Exposing the parameters, the custom control drawing, the audio routing etc. ?<br />\nFor parameters Thor matrix would have Row1SourceModulatorType, Row1SourceAmount, Row1DestinationParam, Row1DestAmount, Row1Scale, repeat that for Row2-Row-7, make named constant parameters for Source and Destination, 0=Lfo1, 1=Envelope1...<br />\n<blockquote>\nHow to force them to keep states from previous time..<br />\n</blockquote>\nImplement programs with VstParameterManager like Marc suggested. When the host reload your plugin it will send a program change and set the parameters. Like he said you have to subscribe to Parameter change events and update your gui when you receive them.<br />\n",
    "PostedDate": "2014-04-18T12:36:00.877-07:00",
    "UserRole": null,
    "MarkedAsAnswerDate": null
  },
  {
    "Id": "1235631",
    "ThreadId": "541925",
    "Html": "Most host DAWs use the plugin parameters if no Persistence (chunks) is implemented by the plugin. So if you represent the plugin's state with parameters you should get persistence for free. If you save the 'song' in the DAW your plugin settings should also be saved and applied when the song loads again.<br />\n",
    "PostedDate": "2014-04-19T00:18:14.213-07:00",
    "UserRole": null,
    "MarkedAsAnswerDate": null
  },
  {
    "Id": "1235931",
    "ThreadId": "541925",
    "Html": "Yuryk, srry I am not sure where and how to do this... My plugin still starts with default values for GUi (without the parameters values for example a label starts with value Label4)<br />\n",
    "PostedDate": "2014-04-20T10:43:26.85-07:00",
    "UserRole": null,
    "MarkedAsAnswerDate": null
  },
  {
    "Id": "1235933",
    "ThreadId": "541925",
    "Html": "Use the code I posted above to add PropertyChangedEventHandler on your parameters, update your GUI in this handler. \r<br />\nWhen the plugin is loaded by the host, it should set parameters, this will call your handler with the parameter value.<br />\n",
    "PostedDate": "2014-04-20T10:50:19.49-07:00",
    "UserRole": null,
    "MarkedAsAnswerDate": null
  },
  {
    "Id": "1235975",
    "ThreadId": "541925",
    "Html": "I do not understand what is Host thread and Audio thread, where is a boundary between them?  Sry I am confused here...<br />\nI understand it this way....<br />\n<br />\nThere are two directions of information flow <br />\n<br />\nHost (VSTparameterMangers instances) -&gt; My plugin <br />\nand My Plugin -&gt;  Host <br />\n<br />\n<br />\nfist of them I understand this way<br />\n<ol>\n<li>I create an instance of VstParameterManager for example DistThreshold</li>\n<li>It is added to the plugin into this collection  VstParameterInfoCollection parameterInfos = _plugin.PluginPrograms.ParameterInfos;</li>\n<li>\nIt is happening inside my Distortion DSP class which is instanciated from AudioEditor class to perform DSP so I have in Distortion class this<br />\n</li>\n</ol>\n<pre><code>public Distortion(Plugin plugin)\n        {\n            _plugin = plugin;\n            InitializeParameters();\n \n            DistMakeUpOnOff.PropertyChanged += new PropertyChangedEventHandler(DistMakeUpOnOff_PropertyChanged);\n        }\n\nprivate void DistMakeUpOnOff_PropertyChanged(object sender, PropertyChangedEventArgs e)\n        {\n            if (e.PropertyName == &quot;CurrentValue&quot;)\n            {\n                \n                //switch of value\n                VstParameterManager paramMgr = (VstParameterManager)sender;\n                if (paramMgr.CurrentValue == 0)\n                {\n                    this.makeUpOnOff = distMakeUpOnOff.Off;\n                }\n                else \n                {\n                    this.makeUpOnOff = distMakeUpOnOff.On;\n                \n                }</code></pre>\n\nso when anything change my VstParameterManager value I can catch it here and handle it like I do it is the direction from Host to My plugin <br />\nIn the PlugiEditorVIew class I have this <br />\n<pre><code>private void BindParameterToKnob(VstParameterManager paramMgr, Label label, Knob knob, Label shortLabel)\n        {\n            // NOTE: This code works best with integer parameter values.\n            label.Text = paramMgr.ParameterInfo.Name;\n            shortLabel.Text = paramMgr.ParameterInfo.ShortLabel;\n\n            // use databinding for VstParameter/Manager changed notifications.\n            knob.DataBindings.Add(&quot;Value&quot;, paramMgr, &quot;ActiveParameter.Value&quot;);\n            \n            knob.ValueChanged += new System.EventHandler(Knob_ValueChanged);\n            knob.Tag = paramMgr;\n        }</code></pre>\n\nHere I am starting to be confused.... I thing that databinding connect the Value of knob GUi control to my VstParameter instance DistThreshold.Value but I cant find this property inside the class VstParameterManager...<br />\n<br />\nI thought that this DataBinding is enough to update my Parameter value when the GUI knob is changed so why I have to write knob.ValueChanged += new System.EventHandler(Knob_ValueChanged);  ??? But I do <br />\n<br />\nso I have next piece of code in here <br />\n<pre><code>private void Knob_ValueChanged(object sender, System.EventArgs e)\n        {\n            var knob = (Knob)sender;\n            var paramMgr = (VstParameterManager)knob.Tag;\n\n            paramMgr.ActiveParameter.Value = knob.Value;\n\n            switch (knob.Name)\n            {\n                case &quot;DistortionThresholdKnob&quot;:\n                    DistortioThresholdValueLabel.Text = paramMgr.ActiveParameter.Value.ToString();\n                    break;\n}</code></pre>\n\nso right now I have implemented the reaction on the GUI Knob action which is relflected into my VstParameter DistThreshold and also catched inside my DIstortion Class where it affects DSP processing...<br />\n<br />\nso far Am I right?<br />\n<br />\n<br />\nBut still I miss the part of code where the knob takes the information which value should have when the Plugin Window is created... It is somewhere because knobs keeps their state... Sorry it is quite long post but I really wanna understand how it works....<br />\n<br />\nbtw is this evnet fired everytime when the window of plugin is reloaded??<br />\n<pre><code>_delayTimeMgr.PropertyChanged += new PropertyChangedEventHandler(_delayTimeMgr_PropertyChanged);</code></pre>\n\n",
    "PostedDate": "2014-04-20T15:50:17.363-07:00",
    "UserRole": null,
    "MarkedAsAnswerDate": null
  },
  {
    "Id": "1235989",
    "ThreadId": "541925",
    "Html": "Ok I got it partly.<br />\nI added into my PluginEditorVIew class this<br />\n<pre><code>private void BindParameterToCheckBox(VstParameterManager paramMgr, Label label, CheckBox checkBox)\n        {\n                //this code obviously does notwork when the Window is opened why?\n               label.Text = paramMgr.CurrentValue.ToString();\n            \n            checkBox.CheckedChanged += new System.EventHandler(CheckBox_CheckedChanged);\n            checkBox.Tag = paramMgr;\n\n\n            paramMgr.PropertyChanged += new PropertyChangedEventHandler(_checkbox_PropertyChanged);\n        }</code></pre>\n\nand my handler for the PopertyChanged event below... U can also see what an exeption.. I can open the window first time change the checkbox state and it works(except the LIme color, But it load the correct value ) then when I close the plugin WIndow and open it again and click the checkbox the exception arises.<br />\n<br />\n<img src=\"http://www.imgup.cz/images/2014/04/21/2RrdO.png\" alt=\"Image\" /><br />\n<br />\nAnd I still do not get the fact why I have to do this Invoke for checkbox and I do not need to do it for Knobs...<br />\n",
    "PostedDate": "2014-04-20T17:03:19.7-07:00",
    "UserRole": null,
    "MarkedAsAnswerDate": null
  },
  {
    "Id": "1235996",
    "ThreadId": "541925",
    "Html": "I don't see the image in your post but I can probably guess what is happening.<br />\n<br />\nFirst you should avoid using binding if you don't own all the threads involved.<br />\nBinding is inherently not thread safe and you lose control of execution when you use it.<br />\nJust call the SetValue function or Text/Checked properties yourself so you can use invoke when appropriate.<br />\n<br />\nIn function _checkbox_PropertyChanged you need to wrap all access to GUI controls in an invoke method call.<br />\n<pre><code>// Would be better to name function paramMgr_PropertyChanged\nvoid _checkbox_PropertyChanged(object sender, PropertyChangedEventArgs e)\n{\n    this.Invoke((MethodInvoker) delegate \n    {\n        label.Text = paramMgr.CurrentValue.ToString();\n        knob.SetValue(paramMgr.CurrentValue);\n        checkBox.Checked = (paramMgr.CurrentValue &gt; 0);\n    });\n}</code></pre>\n\nYou got to do invoke when a function call originating outside from your UI thread wants to access a control on your UI thread.<br />\nIf the call originates from the Form like knob.ValueChanged then don't use it because the caller is the UI thread.<br />\nSame if it's from the constructor or other events of your plugin.<br />\n<br />\nIf the call originates from outside your plugin like when the host change a parameter and Vst.Net calls PropertyChanged handler use invoke.<br />\nIf it's your plugin that initiated the PropertyChange than invoke is not necessary. There is an InvokeRequired property in .Net to check if the caller needs invoking.<br />\nIn most scenario if the code is not touching a UI component invoke is never required.<br />\n",
    "PostedDate": "2014-04-20T17:54:13.607-07:00",
    "UserRole": null,
    "MarkedAsAnswerDate": null
  },
  {
    "Id": "1236001",
    "ThreadId": "541925",
    "Html": "<blockquote>\nI do not understand what is Host thread and Audio thread, where is a boundary between them?  Sry I am confused here...<br />\n</blockquote>\n<ul>\n<li>\nHost and audio thread is the same. Any serious host has an audio thread that will call your plugins. Functions called by the host like ProcessReplacing or SetParameter are said to be running in the context of the audio thread. Functions called by an event sent from your Form like control.ValueChanged are said to be running in the UI thread.<br />\n</li>\n</ul>\n<blockquote>\nbtw is this evnet fired everytime when the window of plugin is reloaded??<br />\n_delayTimeMgr.PropertyChanged += new PropertyChangedEventHandler(_delayTimeMgr_PropertyChanged);<br />\n</blockquote>\n<ul>\n<li>\nIt is called when someone change the value of the delayTime property.<br />\nWheter the value was changed by the host, the Vst.Net framework or your plugin UI should be irrelevant.<br />\nEspecially since you don't control the behavior of the host and the Vst.Net framework.<br />\nFor your plugin, if Vst.Net doesn't provide a way to set the default value of this parameter than you could set it yourself by changing _delsyTime.Value.<br />\nFor your host if you have saved a project and re-open it, it should set some parameters to initialize the plugin back to it's previous state but it's your job to handle these parameter change.<br />\n</li>\n</ul>\n<blockquote>\nAnd I still do not get the fact why I have to do this Invoke for checkbox and I do not need to do it for Knobs...<br />\n</blockquote>\n<ul>\n<li>You really should do it for both if by knob you imply a visual control on your form. I can't tell without looking at all the code why it works for knob. Maybe binding is interfering here by doing some invoke calls but you can't see the framework code that your knob use for binding hence my suggestion to remove it.</li>\n</ul>\n",
    "PostedDate": "2014-04-20T18:06:01.903-07:00",
    "UserRole": null,
    "MarkedAsAnswerDate": null
  },
  {
    "Id": "1236019",
    "ThreadId": "541925",
    "Html": "THx for answer, I uploaded the image again.. I commented the Databinding row for Knobs and it does not keep the state of those knobs after closing and opening the plugin window..... so for knobs it works only because of that row... I added your invoke method for knobs and I again got the same exception and crash of host....  I think that maybe you misunderstood me ... Subscribe to the event which is fired on a change of a VstParameterManager property does not solve the problem with reloading the states for UI controls... Because when you just close the WIndow of your plugin and Open it again no property of any  pluginParameter is being changed-  THis event does not come on the scene until you turn a knob or click a checkbox or whatever ( or host change a param value by automation .....) <br />\n<br />\nI think it works like when you close The GUI window it just destroys all GUI objects(I mean that the window of a plugin is not only hidden but destroyed) and when you open the GUI for the same plugin instance it just creates all GUI components with default values... I set the breakpoint into InitializeComponent() method of PluginEditorVIew class and it is called every single time you re opening the plugin Window so that it assign to the UI controls again the default values (except Knobs which use the Databinding mechanism...) <br />\n<br />\nSo I have two sugestions ... Add into PluginEditorVIew'S constructor the additional method which will walk through the VSTParameterManager  collection and will assign all current values...<br />\n<br />\nOr Find an event which is fired on the Window opening(and do the same)....  Otherwise without the databinding there is no mechanism to reload your current states... I thought about using Programs... Then could be possible to create a program OnCLose event of the Plugin Window and then load on Open event but there is a problem when you have more then one instance of the Plugin in a DAW because they somehow share the programs list and if you close one plugin instance and open different one it would load the Program saved by the first instance (here I guess...)  any ideas?<br />\n<br />\nMarc Why do you use the Databinding in the VstAudioTemplate, Does it have any special purpose ?<br />\nYouryk if you are intrested in my code I am not stingy to share it :) ANd again I really appriciate you help me guys, otherwise I would be really desperete :)<br />\n",
    "PostedDate": "2014-04-20T19:34:29.077-07:00",
    "UserRole": null,
    "MarkedAsAnswerDate": null
  },
  {
    "Id": "1236076",
    "ThreadId": "541925",
    "Html": "For some unknown reason I still can't see the image, only a broken link in my mail client. Can you post the exception full stack in text form?<br />\nShould be enough to understand what is happening.<br />\n",
    "PostedDate": "2014-04-21T02:04:01.373-07:00",
    "UserRole": null,
    "MarkedAsAnswerDate": null
  },
  {
    "Id": "1236083",
    "ThreadId": "541925",
    "Html": "<blockquote>\nI commented the Databinding row for Knobs and it does not keep the state of those knobs after closing and opening the plugin window.....<br />\n</blockquote>\n<ul>\n<li>\nAre you setting the value of the knobs somewhere? Databading is not magic, it calls a SetValue function or set a Value property of the knob, I suggested you set this value manually.<br />\n</li>\n</ul>\n<blockquote>\nI added your invoke method for knobs and I again got the same exception and crash of host.... <br />\n</blockquote>\n<ul>\n<li>\nThe point is that this is the correct way to set the parameter IMO and the exception you got is probably related to a more mundane programming error. Maybe controls are null at this time and you need to implement lazy initialization. Or maybe you're trying to do invoke on a disposed control, theres a way to check that too.<br />\n</li>\n</ul>\n<blockquote>\nSubscribe to the event which is fired on a change of a VstParameterManager property does not solve the problem with reloading the states for UI controls... Because when you just close the WIndow of your plugin and Open it again no property of any  pluginParameter is being changed.<br />\n</blockquote>\n<ul>\n<li>\nIt shouldn't, if you just destroy the window without unloading the plugin, the host won't help you besides calling EditorOpen.<br />\n</li>\n</ul>\n<blockquote>\nTHis event does not come on the scene until you turn a knob or click a checkbox or whatever ( or host change a param value by automation .....) <br />\n</blockquote>\n<ul>\n<li>\nThe host must have an initialization mechanism to recall your parameters from last session when you close the program and re-open it. This is either done with SetChunk or SetParameter and will vary depending on the host. To be compliant you should implement both.<br />\n</li>\n</ul>\n<blockquote>\nI think it works like when you close The GUI window it just destroys all GUI objects(I mean that the window of a plugin is not only hidden but destroyed) and when you open the GUI for the same plugin instance it just creates all GUI components with default values... I set the breakpoint into InitializeComponent() method of PluginEditorVIew class and it is called every single time you re opening the plugin Window so that it assign to the UI controls again the default values (except Knobs which use the Databinding mechanism...) <br />\n</blockquote>\n<ul>\n<li>\nAgain you should make a difference between re-openng your window which is a different scenario than the host recalling parameters from last session.<br />\n</li>\n</ul>\n<blockquote>\nSo I have two Add into PluginEditorVIew'S constructor the additional method which will walk through the VSTParameterManager  collection and will assign all current values...<br />\n</blockquote>\n<ul>\n<li>\nIf the host has initialized the parameter by that point it should work. But if the host initialize the parameters after opening your window then it would'nt work. I would cover both scenarios. Many plugins fail due to programming errors when the host initialize parameters before opening the window so many host may call SetParameter after opening the GUI to workaround this issue.<br />\n</li>\n</ul>\n<blockquote>\nOtherwise without the databinding there is no mechanism to reload your current states...<br />\n</blockquote>\n<ul>\n<li>\nAgain databinding is just an unoptimised way of setting a value of a control, there's no reason why you couldn't write the same code that databinding use unless the control is read-only. In practice you would use a more basic technique. The thought of databinding in the context of audio programming makes me cringe. I have seen all sort of thread related and performance bug crop up in data driven business apps that are super hard to track down. Fortunately there is almost always an easier alternative  to databinding. You could use databinding on every control of your form label and checkbox included but when you'll need to debug no one is gonna be able to precisely tell what is happening in your program.<br />\n</li>\n</ul>\n<blockquote>\nI thought about using Programs... Then could be possible to create a program OnCLose event of the Plugin Window and then load on Open event but there is a problem when you have more then one instance of the Plugin in a DAW because they somehow share the programs list and if you close one plugin instance and open different one it would load the Program saved by the first instance (here I guess...)  any ideas?  \n<br />\n</blockquote>\n<ul>\n<li>\nPrograms are not used to recall parameters, they are used to recall program number. It's a different job than SetChunk and SetParameter.<br />\n</li>\n</ul>\n<blockquote>\nYouryk if you are intrested in my code I am not stingy to share it<br />\n</blockquote>\n<ul>\n<li>I'm still wondering what you do in your ParameterChange callback, when and where is the exception occuring and what is the content of the exception.</li>\n</ul>\n",
    "PostedDate": "2014-04-21T02:49:31.407-07:00",
    "UserRole": null,
    "MarkedAsAnswerDate": null
  },
  {
    "Id": "1236337",
    "ThreadId": "541925",
    "Html": "Hi gays next day of programming is up and I ve solved something and got stuck with something new :)<br />\n<br />\nI solved the problem with keeping state of my UI controls by adding this into PluginEditorView class<br />\n<pre><code>private void BindParameterToKnob(VstParameterManager paramMgr, Label label, Knob knob, Label shortLabel, Label ValueLabel)\n        {\n            // NOTE: This code works best with integer parameter values.\n            label.Text = paramMgr.ParameterInfo.Name;\n            shortLabel.Text = paramMgr.ParameterInfo.ShortLabel;\n            knob.Minimum = paramMgr.ParameterInfo.MinInteger;\n            knob.Maximum = paramMgr.ParameterInfo.MaxInteger;\n            knob.Value = Convert.ToInt32(paramMgr.CurrentValue);\n            ValueLabel.Text = paramMgr.CurrentValue.ToString();\n\n\n            // use databinding for VstParameter/Manager changed notifications.\n            //knob.DataBindings.Add(&quot;Value&quot;, paramMgr, &quot;ActiveParameter.Value&quot;);\n            knob.Tag = paramMgr;\n            paramMgr.PropertyChanged += new PropertyChangedEventHandler(_knobVstParameterManager_PropertyChanged);\n            knob.ValueChanged += new System.EventHandler(Knob_ValueChanged);\n\n        }</code></pre>\n\nBUT<br />\nAt the very bottom I Register two events, <br />\nfirst <br />\n paramMgr.PropertyChanged<br />\n<br />\nto get know when current value of Parameter is changed (fx by host automation) to be able react on it in My GUI, reaction is implemented like below<br />\n<pre><code> private void _knobVstParameterManager_PropertyChanged(object sender, PropertyChangedEventArgs e)\n        {\n            if (e.PropertyName == &quot;CurrentValue&quot;)\n            {\n                VstParameterManager paramMgr = (VstParameterManager)sender;\n\n\n                this.Invoke((MethodInvoker)delegate\n               {\n\n                   switch (paramMgr.ParameterInfo.Label)\n                   {\n                       case &quot;Threshold&quot;:\n                           DistortioThresholdValueLabel.Text = paramMgr.CurrentValue.ToString();\n                           DistortionThresholdKnob.Value = Convert.ToInt32(paramMgr.CurrentValue / 100);\n                           break;\n\n                   }\n\n               } );         \n            \n        }}</code></pre>\n\nand second<br />\nknob.ValueChanged += new System.EventHandler(Knob_ValueChanged);<br />\n<br />\nto know when a user tweak the Knob in the GUI to update appropriate VstParameterManager like below<br />\n<pre><code> private void Knob_ValueChanged(object sender, System.EventArgs e)\n        {\n            var knob = (Knob)sender;\n            var paramMgr = (VstParameterManager)knob.Tag;\n\n            paramMgr.ActiveParameter.Value = knob.Value;\n\n            switch (knob.Name)\n            {\n                case &quot;DistortionThresholdKnob&quot;:\n                    DistortioThresholdValueLabel.Text = paramMgr.ActiveParameter.Value.ToString();\n                    break;\n\n            }</code></pre>\n\nHere I get infinite loop because when the user tweak the knob It calls ValueCHanged where the Value of knob is reflected into Current value of VstParameterManager then the _knobVstParameterManager_PropertyChanged is called because the current Value of parameter has been changed, so I assign this change back to the GUI Knob what causes again calling the ValueCHanged etc..... <br />\n<br />\nIn my understanding I need to have both of them to pass values<br />\n<br />\nGUI -&gt; VstParameterManager   by ValueCHanged<br />\n<br />\nand<br />\n<br />\nVstParameterManager   -&gt; GUI by _knobVstParameterManager_PropertyChanged<br />\n<br />\n<br />\nHow could I solve this ? I do not use the Databinding anymore on your advice.....<br />\n<br />\nnext question is if  VstParameterManager values <br />\n<br />\nparamMgr.CurrentValue and paramMgr.ActiveParameter.Value are always equal (the same)<br />\n",
    "PostedDate": "2014-04-21T15:24:04.64-07:00",
    "UserRole": null,
    "MarkedAsAnswerDate": null
  },
  {
    "Id": "1236404",
    "ThreadId": "541925",
    "Html": "You could simply maintain a class member flag (bool) variable 'inEvent'. Check it for true in each event handler and exit if so. Otherwise set it to true and execute normal handler code. Make sure you reset the flag when your done (use finally block so exceptions do not bypass this mechanism). Theoretically you should use locking on the flag because automation and UI probably run on different threads. Use the Interlocked.Exchange for simple one-line syntax.<br />\n",
    "PostedDate": "2014-04-21T22:45:08.953-07:00",
    "UserRole": null,
    "MarkedAsAnswerDate": null
  },
  {
    "Id": "1236419",
    "ThreadId": "541925",
    "Html": "Great news! I like the code you've produced so far.<br />\n<br />\nI finally see the image you linked to and it is what I suspected, just before calling invoke check that the control is initialized and not disposed.<br />\n<pre><code>if (this.IsHandleCreated &amp;&amp; !this.IsDisposed)\n{\n    // this.invoke here\n}</code></pre>\n\n<blockquote>\nHere I get infinite loop...<br />\n</blockquote>\n<ul>\n<li>\nThis is a common problem with UI validation and is easily solved. It's also a good example why I suggested to avoid binding. Imagine if you had two controls modifying each other in their event handlers with databindings. There would be no straightforward way to stop the infinite loop because you don't control who initiated the event.<br />\n</li>\n</ul>\nWhen you can control who initiated the event, you can use a control variable to determine if the event will be executed.<br />\nPersonally I use this pattern everywhere in my GUI (Mark's advice to use finally and locking makes it more solid for sure) :<br />\n<pre><code>// Member variable, controls if event is executed to bail out of infinite loops\nprivate bool executeEvent = false;\n\npublic Constructro()\n{\n   // Initialize controls without raising their event handlers, executeEvent is false\n   control1.Value = 0;\n   control2.Value = 0;\n   executeEvent = true;\n}\n\nprivate control1_valueChanged(object sender, EventArgs e)\n{\n   // Do not execute event\n   if (!executeEvent)\n      return;\n\n   // Control1 valueChanged event will change Control2 value and\n   // Control2 valueChanged event will change Control1 value but\n   // there won't be an infinite loop because of executeEvent variable\n   executeEvent = false;\n   control2.Value = control1.Value;\n   executeEvent = true;\n}\n\nprivate control2_valueChanged(object sender, EventArgs e)\n{\n   if (!executeEvent)\n      return;\n\n   executeEvent = false;\n\n   control1.Value = control2.Value;\n\n   executeEvent = true;\n}</code></pre>\n\n<blockquote>\nAre paramMgr.CurrentValue and paramMgr.ActiveParameter.Value always the same?<br />\n</blockquote>\n<ul>\n<li>\nI don't know. It's an implementation detail of Vst.Net but based on the name of the variables I would use CurrentValue when reading Value of a parameter and use Value when setting value of a parameter. I have a doubt about VstParameterManager usage, not sure if you should use one for each parameter or one for all parameters. Maybe you need to use VstParameterInfo for each individual parameter and one VstParameterManager for all of them, you know better than me. <br />\n</li>\n</ul>\nThis is nitpicking but here are three little tips to boost your productivity and give a better structure to your program:<br />\n1 Avoid using var if the type is known, it hampers readability of the code. It's often an indication that the programmer is not familiar with strong typing. When I see it in code reviews it attracts my attention because there are often other unrelated thing to optimize there.<br />\n<pre><code>var knob = (Knob)sender;\nvar paramMgr = (VstParameterManager)knob.Tag;\n\n// Could be replaced by\nKnob knob = (Knob)sender;\nVstParameterManager paramMgr = (VstParameterManager)knob.Tag;</code></pre>\n\n2 Avoid using the Tag or Name property as a generic placeholder:<br />\n<pre><code>knob.Tag = paramMgr;\nVstParameterManager paramMgr = (VstParameterManager)knob.Tag;</code></pre>\n\n3 The alternative to using Tag and long switch statements is to use a more generic approach to programming. You'll probably be adding more parameters to your plugin so it would be nice to minimize the number of changes you have to make each time you add a new one. A hash table like the Dictionary collection is good for this.<br />\n<br />\nCheck this example:<br />\n<pre><code>private void Dictionary&lt;Knob, VstParameterManager&gt; parameters = new Dictionary&lt;Knob, VstParameterManager&gt;();\nprivate void Dictionary&lt;Knob, Label&gt; parametersLabel = new Dictionary&lt;Knob, Label&gt;();\n\npublic Constructor()\n{\n   parameter.add(knob1, new VstParameterManager());\n   parameter.add(knob2, new VstParameterManager());\n\n   parametersLabel.add(knob1, label1);\n   parametersLabel.add(knob2, label2);\n\n   knob1.ValueChanged += new ValueChangedEvent(knob_valueChanged);\n   knob2.ValueChanged += new ValueChangedEvent(knob_valueChanged);\n}\n\n // When you add a new parameter, you only need to add new items to the Dictionaries instead of modifying the switch statement in this function\nprivate void knob_valueChanged(object sender, System.EventArgs e)\n{\n   // Not sure if casting sender in the bracket is required\n   KeyValuePair&lt;Knob, VstParameterManager&gt; param = parameters[(Knob)sender];\n   Knob knob = param.Key;\n   VstParameterManager paramMgr = param.Value;\n   Label label = parametersLabel[knob].Value;\n\n   // With generic programming you eliminate maintenance of switch statements\n   paramMgr.ActiveParameter.Value = knob.Value;\n   label.Text = Convert.ToString(paramMgr.ActiveParameter.Value, CultureInfo.InvariantCulture);\n}</code></pre>\n\n",
    "PostedDate": "2014-04-21T23:57:38.58-07:00",
    "UserRole": null,
    "MarkedAsAnswerDate": null
  },
  {
    "Id": "1236788",
    "ThreadId": "541925",
    "Html": "Great advice guys, I am falling in love more and more with this VST craft :) Tommorow I have a consultation with my Thesis leader so hopefully I will convince him to not kick my ass :) <br />\n<br />\nRight Now I wonder how input buffers are process I have this method inside  my Audio Processor,<br />\n<pre><code>public override void Process(VstAudioBuffer[] inChannels, VstAudioBuffer[] outChannels)\n        {\n            // by resetting the time info each cycle, accessing the TimeInfo property will fetch new info.\n            _timeInfo = null;\n\n            if (!Bypass)\n            {\n                // TODO: Implement your audio (effect) processing here.\n\n                           \n                            \n                DistortionEffect.ProcessStereo(inChannels, outChannels);\n                HpFilter.ProcessStereo(inChannels, outChannels);\n\n             \n                VstAudioBuffer input1 = inChannels[0];\n               VstAudioBuffer input2 = inChannels[1];\n               VstAudioBuffer output1 = outChannels[0];\n               VstAudioBuffer output2 = outChannels[1];\n               float sample = 0;\n               float[] buffer = new float[input1.SampleCount];\n\n               for (int i = 0; i &lt; input1.SampleCount; i++)\n               {\n\n\n\n                   LpFilter.CutoffMod = (FilterLFOGenerator.nextSample()); \n                   \n                   sample = input1[i];\n\n                   sample = LpFilter.ProcessSample(sample);\n                   //sample = Chor.Sample(sample);\n                   output1[i] = sample;\n\n\n\n\n                   sample = input2[i];\n                   sample = LpFilter.ProcessSample(sample);\n                   //sample = Chor.Sample(sample);\n                   output2[i] = sample;\n\n\n\n\n               }</code></pre>\n\nSo first is called my distortion class where both channels are process so it is like  InputBuffers -&gt; DIstortion -&gt; OutPutBuffers . Now the outputBuffers are full of distorted samples and it comes into HpFIlter Here I wonder What samples are going into for filtering <br />\n<br />\na) The inputBuffers are again with same sample values as before distortion or not ?<br />\n<br />\nb) OutputBuffers  have the output samples from distortion so the filtering just rewrite them by  originalBuffersValue -&gt; HPfiltering -&gt; OutputBuffer<br />\n<br />\n<br />\nOther way how to ask &gt;   Is my implementation kind off parallel processing or serial?<br />\nI wonder why both processing I can hear in  sound, because IMO when the outputBuffers are rewritten in each row , And InputBuffers are for every row just like they was on row one the logic is that I get at the end of processing just OUtbuffer with only last row of processing aplied ... Please bring here some light :)<br />\n<br />\n<br />\nbtw below my working version of the Plugin All knobs already works... I decided do something little bitless complex than at the beginning because my deadline is In 14 days... Then I will add more functionalities.. I will also motivate my leader to invent some interesting Thesis topics for new students, with my work they will not have to stuck with beginnings and woul be able to spend time by creating much more complex stuff... so far thanks for support again<br />\n<br />\n<img src=\"http://www.imgup.cz/images/2014/04/22/x7SzV.png\" alt=\"Image\" /><br />\n",
    "PostedDate": "2014-04-22T14:27:10.337-07:00",
    "UserRole": null,
    "MarkedAsAnswerDate": null
  },
  {
    "Id": "1236830",
    "ThreadId": "541925",
    "Html": "It's up to you how to do the audio routing depending on the kind of  DSP. If the effect acts only on one sample at a time like a volume control you can do:\r<br />\nVolume.ProcessStereo(outChannels, outChannels);\r<br />\n<br />\nIf the effects need look ahead, use an accumulator or mixes multiple sources you might have to create a temporary buffer.\r<br />\nVstAudioBuffer[] tempBuffer = inChannels.Clone() // dunno if clone exists\r<br />\nFilter.ProcessStereo(tempBuffer, outChannels);<br />\n",
    "PostedDate": "2014-04-22T16:06:34.87-07:00",
    "UserRole": null,
    "MarkedAsAnswerDate": null
  },
  {
    "Id": "1236841",
    "ThreadId": "541925",
    "Html": "<pre><code>public override void Process(VstAudioBuffer[] inChannels, VstAudioBuffer[] outChannels)\n        {\n            \n                              \n                InGain.ProcessStereo(inChannels, outChannels);        \n              \n                DistortionEffect.ProcessStereo(inChannels, outChannels);                         \n                     \n                HpFilter.ProcessStereo(inChannels, outChannels);</code></pre>\n\nYou get me wrong probabely. let me ask again. each of called effects has own method in which goes through the buffers, process single samples and put new samples inside the Output buffers like bellow( no matter what the processSample() does)<br />\n<pre><code> public void ProcessStereo(VstAudioBuffer[] inChannels, VstAudioBuffer[] outChannels)\n        {\n\n            VstAudioBuffer input1 = inChannels[0];\n            VstAudioBuffer input2 = inChannels[1];\n            VstAudioBuffer output1 = outChannels[0];\n            VstAudioBuffer output2 = outChannels[1];\n            float sample = 0;\n\n            for (int i = 0; i &lt; input1.SampleCount; i++)\n            {\n\n                \n                        //process first channel\n                        sample = input1[i];\n                        sample = ProcessSample(sample);\n                        output1[i] = sample;\n\n                        //process second channel\n                        sample = input2[i];\n                        sample = ProcessSample(sample);\n                        output2[i] = sample;\n                     \n                }\n\n            }</code></pre>\n\nSo first InGain effect, this one goes through all buffers, convert all samples from InputBuffers and put them into OutputBuffers.... then program goes back to the main public override void Process function.. Right now It goes to the DistortionEffect but again it Takes initial InputBuffers Values because they has not been changed by InGain... DistortionEffect runs again the processStereo where again it puts the processed samples into OutputBuffers BUT HERE are already samples processed by InGain effect so I guess they are overwritten... If it works like that, Here I should lost the InGain effect  because  &quot;InGained&quot; samples were overwritten..... But it seems to be not like that because I can hear by ears both effects.... DO you understand? I would say that I have to after running InGain.ProcessStereo(inChannels, outChannels);    copy from OutCHannels Buffers processed samples into inChannels  but apparently I do not need to do this and that is why I am confused....<br />\n<br />\n<br />\nBtw In Java I used to be able during Debugging  to see all values in the collection(here I wanna check the VstBuffers)... But I cant.....Is it not possible in C# or it could be intentionally forbidden by code design?<br />\n",
    "PostedDate": "2014-04-22T16:43:42.013-07:00",
    "UserRole": null,
    "MarkedAsAnswerDate": null
  },
  {
    "Id": "1236843",
    "ThreadId": "541925",
    "Html": "You can't see the values because VstAudioBuffer uses pointer arithmetic to treat the buffer as a single address instead of exposing every individual values. You can poke at any index if you want to get a glimpse but in DSP there's no point at looking at the value of individual samples.<br />\n<br />\nTo understand what happens exactly in your DSP routines, it is necessary to know the algorhitms in use. Maybe you are using convolution which essentially transforms the samples instead of overriding it. Gain is a convolution, you multiply the signal, you don't overwrite it. If the other effect in the chain performs an addition or multiplication on the sample instead of an affectation you will in essence mix (or perform a convolution) the two effects together. Try clearing output buffer between the two effects, you will lose the first one.<br />\n<br />\nIf this is not the behavior desired you should use temporary output buffers and mix them after processing.<br />\n",
    "PostedDate": "2014-04-22T17:10:45.59-07:00",
    "UserRole": null,
    "MarkedAsAnswerDate": null
  },
  {
    "Id": "1236846",
    "ThreadId": "541925",
    "Html": "regarding the two specified effects gain and distortion, the usual way of processing them would be:\r<br />\ninput-&gt;distortion-&gt;gain\r<br />\n<br />\nI suppose you are doing:\r<br />\ninput-&gt;gain-&gt;output\r<br />\ninput-&gt;distortion-&gt;output\r<br />\n<br />\nif the second effect is in the form:\r<br />\noutput[index] += sample\r<br />\nyou are mixing the two effects together. \r<br />\n<br />\nif it is:\r<br />\noutput[index] *= sample\r<br />\nit's a convolution, if value of sample is small like in a distortion effects it will sound like mixing<br />\n",
    "PostedDate": "2014-04-22T17:33:27.553-07:00",
    "UserRole": null,
    "MarkedAsAnswerDate": null
  },
  {
    "Id": "1236847",
    "ThreadId": "541925",
    "Html": "I changed this <br />\n<pre><code>public override void Process(VstAudioBuffer[] inChannels, VstAudioBuffer[] outChannels)\n        {\n            VstAudioBuffer[] _inChannels = inChannels;\n            VstAudioBuffer[] _outChannels = outChannels;\n                              \n                InGain.ProcessStereo(_inChannels , _outChannels);        \n              \n                DistortionEffect.ProcessStereo(_inChannels , _outChannels);                         \n                     \n                HpFilter.ProcessStereo(_inChannels , _outChannels);</code></pre>\n\nBy this <br />\n<pre><code>public override void Process(VstAudioBuffer[] inChannels, VstAudioBuffer[] outChannels)\n        {\n            VstAudioBuffer[] _inChannels = inChannels;\n            VstAudioBuffer[] _outChannels = outChannels;\n                              \n                InGain.ProcessStereo(_inChannels , _outChannels);        \n              \n                DistortionEffect.ProcessStereo(_outChannels  , _outChannels);                         \n                     \n                HpFilter.ProcessStereo(_outChannels , _outChannels);\n</code></pre>\n\nAnd it works much better, seems to be a serial processing instead of the odd processing before... Probabely I heart all effects because of algoritms.... But in the case I used some more complex effect It would be not a serial chain as I intend....Is my way of thinking about this correct? Again thx<br />\n",
    "PostedDate": "2014-04-22T17:45:14.987-07:00",
    "UserRole": null,
    "MarkedAsAnswerDate": null
  },
  {
    "Id": "1236851",
    "ThreadId": "541925",
    "Html": "<strong>YuryK wrote:</strong><br />\n<blockquote>\nregarding the two specified effects gain and distortion, the usual way of processing them would be:<br />\ninput-&gt;distortion-&gt;gain<br />\n<br />\nI suppose you are doing:<br />\ninput-&gt;gain-&gt;output<br />\ninput-&gt;distortion-&gt;output<br />\n<br />\nif the second effect is in the form:<br />\noutput[index] += sample<br />\nyou are mixing the two effects together. <br />\n<br />\nif it is:<br />\noutput[index] *= sample<br />\nit's a convolution, if value of sample is small like in a distortion effects it will sound like mixing<br />\n</blockquote>\nHere I do not understand fully.. Gain is not a MakeUp part of the distortion effect it is simple Input Gain at the beginning of the Plugin DSP... So my intention is <br />\ninput-&gt;gain-&gt;distortion<br />\n<br />\nby code change above I got it IMO, or not ? :-D<br />\n<br />\nbut previous state is not clear to me because I thought that the AudioProcessor gets whole InputBuffers and dont send it back to the host unitl  everything is done inside the public override void Process  ............ Is this true?<br />\n<br />\nso when you take this<br />\n<blockquote>\ninput-&gt;gain-&gt;output<br />\ninput-&gt;distortion-&gt;output<br />\n</blockquote>\nIn my understanding the AudioProcessor .Process function is done at the moment when second row  output is filled up and this output will send back to the Host .. the First output is never used as a input somewhere so it shouldnt be heart at all...  Obviously I am wrong but where :-D<br />\n<br />\n<br />\nfor fullness here are my algorithms<br />\n<br />\nGain<br />\n<pre><code>float ProcessSample(float sample)\n        {\n            float _gain = this.InGain.CurrentValue / 100;\n            float _sample = sample;\n\n            _sample = _sample + _sample * _gain;\n\n            return _sample;\n\n\n        }</code></pre>\n\nand Distortion as a simple clipper<br />\n<pre><code>float ProcessSample(float sample)\n        {\n            float _Threshold = this.DistThreshold.CurrentValue / 100;\n            float _sample = sample;\n\n            if (sample &gt;= 0)\n            {\n                _sample = Math.Min(sample, _Threshold);\n\n                _sample /= _Threshold;\n\n                return _sample;\n            }\n            else\n            {\n                _sample = Math.Max(sample, -_Threshold);\n                _sample /= _Threshold;\n                return _sample;\n            }</code></pre>\n\nIn gain algorithm I do _sample = _sample + _sample * _gain; because my Knob has  -100 to 100 and starts on 0 what would cause in the case _sample = _sample * _gain;  canceling the Sound <br />\n",
    "PostedDate": "2014-04-22T18:00:15.86-07:00",
    "UserRole": null,
    "MarkedAsAnswerDate": null
  },
  {
    "Id": "1236985",
    "ThreadId": "541925",
    "Html": "Strictly speaking the effect known as gain would be able to increase the volume beyond clipping.\r<br />\nHowever most of the time what is labeled gain in plugins is really an attenuation which is implemented in DSP like this:\r<br />\nsample *= [0, 1]\r<br />\n<br />\nwhich is equivalent to:\r<br />\nsample = sample * [0, 1]\r<br />\n<br />\nIt seems you have an addition in there which could clip the signal. You should normalize value of gain to be in range 0 to 1 then multiply the samples by that.<br />\n<blockquote>\nFirst output is never used as a input somewhere so it shouldnt be heart at all... Obviously I am wrong but where :-D<br />\n</blockquote>\n<ul>\n<li>\nWhat you say is right but you overlook the fact that both effects share the same output. The output is not replaced by the second effect, it is modified by the second effect.<br />\n</li>\n</ul>\n<blockquote>\nHere I do not understand fully.. Gain is not a MakeUp part of the distortion effect it is simple Input Gain at the beginning of the Plugin DSP... So my intention is <br />\ninput-&gt;gain-&gt;distortion<br />\n</blockquote>\n<ul>\n<li>The reason you often see attenuation at the end of an effect chain in DSP is because computers have limited precision when using small floating points number. By performing effects on lower strength signal you increase distortion caused by rounding effects. Some algorhitms even go as far as oversampling the signal from float to double to increase the precision in order to minimize distortion.</li>\n</ul>\n",
    "PostedDate": "2014-04-23T04:14:35.593-07:00",
    "UserRole": null,
    "MarkedAsAnswerDate": null
  },
  {
    "Id": "1238784",
    "ThreadId": "541925",
    "Html": "Next question is about this piece of code in the root plugin Class of the VSTaudioPluginTemplate<br />\n<pre><code>protected override IVstPluginAudioProcessor CreateAudioProcessor(IVstPluginAudioProcessor instance)\n        {\n            if (instance == null)\n            {\n                return new AudioProcessor(this);\n            }\n\n            // TODO: implement a thread-safe wrapper.\n            return base.CreateAudioProcessor(instance);\n        }\n</code></pre>\n\nWhat means TODO here? I really need to implement something or it is enough to let it like this? \r<br />\n<br />\nI understand it like if my AudioProcessor class is not instantiated (and I wanna do audio processing) It creates a new instance. otherwise it return the previously created instance saved in the base class... If I do not wanna support audio processing I just change the body of this method to simply return null ,,, Am I right?<br />\n",
    "PostedDate": "2014-04-28T06:23:51.02-07:00",
    "UserRole": null,
    "MarkedAsAnswerDate": null
  },
  {
    "Id": "1238860",
    "ThreadId": "541925",
    "Html": "If you do not want to implement an AudioProcessor simply remove the override completely.\r<br />\n<br />\nThat TODO is because the AudioProcessor could potentially be accessed by multiple Threads. I did not want to make any assumptions on how a plugin would synchronize concurrent access to its state, so I tried to give you the opportunity to have a hook to intercept the request. The first call is made on the thread that initiated the creation of the object (AudioProcessor in this case) and the instance parameter is null. The return value is stored along with the Thread Id that created the instance. If  another thread also tries to access the (AudioProcessor) reference this is detected (it a different Thread Id) and the method is called again. This time the instance parameter contains the object you returned on the first call and you now have the opportunity to wrap the instance in a synchronization wrapper - securing concurrent access to the state of the object. The other option is to write the AudioProcessor class you implement as thread-safe to begin with.\r<br />\n<br />\nHope it helps,\r<br />\nMarc<br />\n",
    "PostedDate": "2014-04-28T08:55:25.203-07:00",
    "UserRole": null,
    "MarkedAsAnswerDate": null
  },
  {
    "Id": "1240003",
    "ThreadId": "541925",
    "Html": "Hi Guys, I am wondering how to support MIDI events inside my plugin To be able to create the ADSR envelope. I added a class MIDIproccesor which implement the IVSTMidiProcessor interface but what to do else? Could you help me understand basic concept?  Do I need to think about which note I receive or for ADSR functionality it is irrelevant ? What is the best way to connect my parameters logic with MIDI logic? thx<br />\n",
    "PostedDate": "2014-04-30T12:28:42.417-07:00",
    "UserRole": null,
    "MarkedAsAnswerDate": null
  },
  {
    "Id": "1240044",
    "ThreadId": "541925",
    "Html": "I had great success using ADSR enveloppe with this tutorial:\r<br />\n<a href=\"http://www.earlevel.com/main/2013/06/01/envelope-generators/\" rel=\"nofollow\">http://www.earlevel.com/main/2013/06/01/envelope-generators/</a>\r<br />\n<br />\nI was doing a poly-synth at the time so I needed to fire a new enveloppe for each note press.\r<br />\nThe enveloppe was controlling the note attenuator (Amp) parameter.\r<br />\nI controlled the gate time using the NoteOn/NoteOff midi event:<br />\n<pre><code>// at some point, by MIDI perhaps, the envelope is gated &quot;on&quot;\nenv-&gt;gate(true);\n…\n// and some time later, it's gated &quot;off&quot;\nenv-&gt;gate(false);</code></pre>\n\nSome effects have fixed time enveloppe triggered by sound.\r<br />\nWhen they detect sound input (often with an audio gate) they open the enveloppe gate and they close it after a fixed amount of time.\r<br />\nThe fixed amount of time is often a parameter of the plugin.\r<br />\nReverbs effects could do this to control the early resonance for instance, notice their Attack, Decay, and Time parameters.<br />\n",
    "PostedDate": "2014-04-30T13:54:33.11-07:00",
    "UserRole": null,
    "MarkedAsAnswerDate": null
  },
  {
    "Id": "1240050",
    "ThreadId": "541925",
    "Html": "Niiiiice I got Automation running!!! I registred tothe pplugin.Opened event at the end of the AudioProcessor constructor. (Is it good place for it ?) \r<br />\n<br />\nNext question is. \r<br />\nMy params are defined in int like below, so this one has  range 1 - 100 but Cubase seems to set values to it between 0 and 1... It causes that when I automated my knob which has same range like my param it just stay on the value 1... For my DSP calculation I aways receive the param.CurrentValue and dived it by 100 (for this case) but it is getting more complicated right now with  automation and Cubase ... What do you  use for this purposes?\r<br />\n<br />\ndef of my Param Threeshold for clipper<br />\n<pre><code>//Distortion Threshold\n            paramInfo = new VstParameterInfo();\n            paramInfo.Category = paramCategory;\n            paramInfo.CanBeAutomated = true;\n            paramInfo.Name = &quot;DThres&quot;;\n            paramInfo.Label = &quot;Threshold&quot;;\n            paramInfo.ShortLabel = &quot;%&quot;;\n            //make sure the Value is one to avoid divide by zero\n            paramInfo.MinInteger = 1;\n            paramInfo.MaxInteger = 100;\n            paramInfo.LargeStepInteger = 10;\n            paramInfo.StepInteger = 5;\n            paramInfo.StepFloat = 0.1f;\n            paramInfo.DefaultValue = 70.0f;\n            DistThreshold = new VstParameterManager(paramInfo);\n            VstParameterNormalizationInfo.AttachTo(paramInfo);\n\n            parameterInfos.Add(paramInfo);</code></pre>\n\n",
    "PostedDate": "2014-04-30T14:14:23.6-07:00",
    "UserRole": null,
    "MarkedAsAnswerDate": null
  },
  {
    "Id": "1240070",
    "ThreadId": "541925",
    "Html": "<strong>YuryK wrote:</strong><br />\n<blockquote>\nI had great success using ADSR enveloppe with this tutorial:<br />\n<a href=\"http://www.earlevel.com/main/2013/06/01/envelope-generators/\" rel=\"nofollow\">http://www.earlevel.com/main/2013/06/01/envelope-generators/</a><br />\n<br />\nI was doing a poly-synth at the time so I needed to fire a new enveloppe for each note press.<br />\nThe enveloppe was controlling the note attenuator (Amp) parameter.<br />\nI controlled the gate time using the NoteOn/NoteOff midi event:<br />\n<pre><code>// at some point, by MIDI perhaps, the envelope is gated &quot;on&quot;\nenv-&gt;gate(true);\n…\n// and some time later, it's gated &quot;off&quot;\nenv-&gt;gate(false);</code></pre>\n\nSome effects have fixed time enveloppe triggered by sound.<br />\nWhen they detect sound input (often with an audio gate) they open the enveloppe gate and they close it after a fixed amount of time.<br />\nThe fixed amount of time is often a parameter of the plugin.<br />\nReverbs effects could do this to control the early resonance for instance, notice their Attack, Decay, and Time parameters.<br />\n</blockquote>\nOk I added this class into my project and do not know how to extract the MIDI event from VSTEvents collection...<br />\n<pre><code> class MidiProcessor: IVstMidiProcessor\n    {\n\n        private Plugin _plugin;\n\n        public MidiProcessor(Plugin plugin)\n            \n        {\n\n            _plugin = plugin;\n        \n        \n        }\n                        \n        public int ChannelCount\n        {\n            get { return 2; }\n        }\n\n       \n        public void Process(VstEventCollection events)\n        {\n            //wanna do here  something like \n            //if e== noteOn  set the parammeter Gate in _plugin.AudioProcessor.ADSR.Gate.TRUE\n              VstMidiEvent e = events[1];\n            \n\n            \n        }\n    }</code></pre>\n\nI added also into my root plugin class this¨<br />\n<pre><code> protected override IVstMidiProcessor CreateMidiProcessor(IVstMidiProcessor instance)\n        {\n            if (instance == null)\n            {\n                return new MidiProcessor(this);\n            }\n\n            // TODO: implement a thread-safe wrapper.\n            return base.CreateMidiProcessor(instance);\n\n        }\n\n        public MidiProcessor MidiProcessor\n        {\n            get { return GetInstance&lt;MidiProcessor&gt;(); }\n        }</code></pre>\n\nshould not it be enough  to reach a break point in MidiProcesor Process method when the note in the cubase is played? Because I cant reach it ...<br />\n",
    "PostedDate": "2014-04-30T14:56:39.3-07:00",
    "UserRole": null,
    "MarkedAsAnswerDate": null
  },
  {
    "Id": "1240112",
    "ThreadId": "541925",
    "Html": "<blockquote>\nMy params are defined in int like below, so this one has range 1 - 100 but Cubase seems to set values to it between 0 and 1...<br />\n</blockquote>\n<ul>\n<li>I posted a  function here for linear conversion between different ranges:\r<br />\n<a href=\"http://vstnet.codeplex.com/discussions/471409\" rel=\"nofollow\">http://vstnet.codeplex.com/discussions/471409</a></li>\n</ul>\n",
    "PostedDate": "2014-04-30T18:34:40.03-07:00",
    "UserRole": null,
    "MarkedAsAnswerDate": null
  },
  {
    "Id": "1240114",
    "ThreadId": "541925",
    "Html": "<blockquote>\nOk I added this class into my project and do not know how to extract the MIDI event from VSTEvents collection...<br />\n</blockquote>\n<ul>\n<li>Vst midi event contains an array of 4 bytes which are the standard midi event structure. You should refer to the midi specs to know which values represent which events. For channel events like note on and note off, the first byte will be the command on/off + the channel number. Usually you'll find those value in hexadecimal which are written with the &quot;0x&quot; prefix in c# but you can also convert them in decimal like I did here:\r<br />\n<a href=\"https://vstnet.codeplex.com/discussions/79792\" rel=\"nofollow\">https://vstnet.codeplex.com/discussions/79792</a></li>\n</ul>\n",
    "PostedDate": "2014-04-30T18:45:45.953-07:00",
    "UserRole": null,
    "MarkedAsAnswerDate": null
  },
  {
    "Id": "1240119",
    "ThreadId": "541925",
    "Html": "Ok great sources I will read it carefully. but I cant start to extract MIDI events until I get my program into public void Process(VstEventCollection events)  method of my MIDIProcessor: IVstMidiProcessor class... I put there a breakpoint and it is never reached... I debugged the inicialization of the plugin when is opened and  It got into the<br />\n<br />\nprotected override IVstMidiProcessor CreateMidiProcessor(IVstMidiProcessor instance) <br />\n<br />\nand there fired   return new MidiProcessor(this);  <br />\n<br />\nso I think that my My MidiProcessor should be prepared to receive some MIDI data into Procces  method... But nothing is coming :-(<br />\n",
    "PostedDate": "2014-04-30T19:29:04.93-07:00",
    "UserRole": null,
    "MarkedAsAnswerDate": null
  },
  {
    "Id": "1240131",
    "ThreadId": "541925",
    "Html": "This might be because there's no clear definition of what type of plugins the host should send vst midi events to. Many hosts will require that you open the plugin as an instrument instead of an effect in their program. Some might require that you declare your plugin as an instrument instead of an effect. Most will require that you return a canReceiveMidiEvent response to a can do request. If you don't find a suitable host, an option would be to send a note-on from the sample host in vst.net, my last link has the snippet to send that event.<br />\n",
    "PostedDate": "2014-04-30T20:27:48.44-07:00",
    "UserRole": null,
    "MarkedAsAnswerDate": null
  },
  {
    "Id": "1240139",
    "ThreadId": "541925",
    "Html": "The VST.NET framework will emit the correct capabilities to the host depending on the interfaces you have implemented. From what I can tell by your story you have done everything right. What is your host? Some hosts (Cubase) are very particular on what the will treat as a midi plugin. I have found that also implementing a dummy audio processor will sometimes help to trick the host. See the Midi VS project template for a possible implementation.\r<br />\n<br />\nHope it helps,\r<br />\nMarc<br />\n",
    "PostedDate": "2014-04-30T22:02:15.423-07:00",
    "UserRole": null,
    "MarkedAsAnswerDate": null
  },
  {
    "Id": "1240144",
    "ThreadId": "541925",
    "Html": "<strong>obiwanjacobi wrote:</strong><br />\n<blockquote>\nThe VST.NET framework will emit the correct capabilities to the host depending on the interfaces you have implemented. From what I can tell by your story you have done everything right. What is your host? Some hosts (Cubase) are very particular on what the will treat as a midi plugin. I have found that also implementing a dummy audio processor will sometimes help to trick the host. See the Midi VS project template for a possible implementation.<br />\n<br />\nHope it helps,<br />\nMarc<br />\n</blockquote>\nYes I am testing the plugin against CUbase 5<br />\nCUbase has two separate rack one for audio proccesing insert effects and one for midi insert effects...<br />\nSO you mean that  the VST plugin can be either MIDI effect or audio processing effect or VSTi and that the audioprocessing effect cant receive Midi events ?<br />\n<br />\nBecause Cubase has different sets of effect for each of the racks and no effect is shown in both of them... But there is for instance EnvelopeShaper audioprocessing effect  which I guess has to receive MIDI events to be able to work....<br />\n<br />\nWill  a plugin implemented with the template VSTnetmidiPlugin   be shown in the Cubase inside the MIDI inserts or Audioprocessing inserts?<br />\n<br />\nI will look at the Midi template tommorow right now I need some sleep 20 hours of work done today . GN :)v and thx<br />\n",
    "PostedDate": "2014-04-30T22:58:05.793-07:00",
    "UserRole": null,
    "MarkedAsAnswerDate": null
  },
  {
    "Id": "1240184",
    "ThreadId": "541925",
    "Html": "<blockquote>\nSO you mean that the VST plugin can be either MIDI effect or audio processing effect or VSTi and that the audioprocessing effect cant receive Midi events ?<br />\n</blockquote>\nCould be.<br />\n<blockquote>\nWill a plugin implemented with the template VSTnetmidiPlugin be shown in the Cubase inside the MIDI inserts or Audioprocessing inserts?<br />\n</blockquote>\nThat is very easy to test...<br />\n",
    "PostedDate": "2014-05-01T02:02:27.433-07:00",
    "UserRole": null,
    "MarkedAsAnswerDate": null
  },
  {
    "Id": "1240246",
    "ThreadId": "541925",
    "Html": "Bad news guys, I tested VSTmidiPlugin in CUbase and it is loaded as Instrument  so it is not able to be loaded into effect rack... Good news is that it receiving MIDI properely.\r<br />\n<br />\nBut probabely there is no way to receive MIDI by your FX effect... This sucks because I was suposed to add ADSR envelope inside my effect, I also wanted to add White noise generator but now I have no mechanism to trigger it... I could use as a trigger the volume of input signal but CUbase passes through my Plugin samles all the time and what is the worst is that there could be for example Input Microphone FX which  would cause the noise generator be heard despite the fact that playback is not running...<br />\n",
    "PostedDate": "2014-05-01T06:28:41.363-07:00",
    "UserRole": null,
    "MarkedAsAnswerDate": null
  },
  {
    "Id": "1240938",
    "ThreadId": "541925",
    "Html": "Guys  I am playing with my clipper unit.. I wanna amplify samples before clipping. I put there 1000*sample and  it is still a little.... How much usualy Clippers or distortion effects Gain a signal before waveshapping?<br />\n<pre><code> public float ProcessSample(float sample)\n        {\n            // this comes from my knob  range 0-100 so I divide by 100 \n            float _Threshold = this.DistThreshold.CurrentValue / 100;\n            //here I gain\n            float _sample = sample*1000;\n            \n           \n\n            if (sample &gt;= 0)\n            {\n                _sample = Math.Min(sample, _Threshold);\n\n                _sample /= _Threshold;\n\n\n                return _sample;\n            }\n            else\n            {\n                _sample = Math.Max(sample, -_Threshold);\n                _sample /= _Threshold;\n               \n                return _sample;\n            }\n\n           \n\n        }</code></pre>\n\nstill I have to go really low with my threeshold to hear any effect, I know that best is ask o nKVR forum but I do not have an account there at the moment and I am quite in rush with my plugin..<br />\n",
    "PostedDate": "2014-05-02T21:18:09.31-07:00",
    "UserRole": null,
    "MarkedAsAnswerDate": null
  },
  {
    "Id": "1255807",
    "ThreadId": "541925",
    "Html": "Thanks guys I finished my plugin on time and got quite good grades for my thesis. I wrote it like a tutorial for other students so hopefuly some of them will follow my work and it will bring new developers to play around with VST.NET. I wanna really thank you for support, helpfullnes and especialy for whole VST.NET <br />\n",
    "PostedDate": "2014-06-12T14:34:18.307-07:00",
    "UserRole": null,
    "MarkedAsAnswerDate": null
  },
  {
    "Id": "1256129",
    "ThreadId": "541925",
    "Html": "Good News, I am way off topic here but may I ask a question only to satisfy my curiosity.\r<br />\nLooking at your username through this whole thread I was wondering what nationality you were and if there was a meaning to Attentat31?<br />\n",
    "PostedDate": "2014-06-13T11:43:33.737-07:00",
    "UserRole": null,
    "MarkedAsAnswerDate": null
  }
]