[
  {
    "Id": "1203206",
    "ThreadId": "529073",
    "Html": "I've been working on my own VST using VST.NET.<br />\n<br />\nEverything is working great, except the TextBoxes on the main window (a UserControl) don't receive any keypresses when in <strong>FL Studio</strong>. I checked with some debug code and the KeyPress event isn't even called. Other events (GotFocus, etc) seem to work just fine though.<br />\n<br />\nHowever, it works in FL's Bridged Mode, and in other VST Hosts, and on dialog boxes.<br />\n<br />\nFL has two related options, &quot;Typing keyboard to piano&quot; and &quot;Don't allow keyboard focus&quot; they are both off.<br />\n<br />\nAny suggestions? I'm guessing FL is intercepting the keypress events itself, if that's so is there a way to change that?  <br />\n",
    "PostedDate": "2014-02-05T13:41:53.147-08:00",
    "UserRole": null,
    "MarkedAsAnswerDate": null
  },
  {
    "Id": "1203319",
    "ThreadId": "529073",
    "Html": "As you have discovered the host plays a big role in whether the plugin receives keyboard events. \r<br />\n<br />\nAdditionally there are related methods on the IVstPluginEditor interface - you may want to give those a try - see if they get called.\r<br />\nI am not sure how you would forward these calls to your own Control...<br />\n",
    "PostedDate": "2014-02-05T23:29:07.793-08:00",
    "UserRole": null,
    "MarkedAsAnswerDate": null
  },
  {
    "Id": "1203481",
    "ThreadId": "529073",
    "Html": "Ah, so there are.   Are these tied to the VST key events (effEditKeyDown and effEditKeyUp)?<br />\n",
    "PostedDate": "2014-02-06T07:48:33.453-08:00",
    "UserRole": null,
    "MarkedAsAnswerDate": null
  },
  {
    "Id": "1203486",
    "ThreadId": "529073",
    "Html": "Yes, VST.NET routes them to these methods on the editor object.<br />\n<br />\nAre they getting called by FL?<br />\n",
    "PostedDate": "2014-02-06T07:53:32.577-08:00",
    "UserRole": null,
    "MarkedAsAnswerDate": null
  },
  {
    "Id": "1203909",
    "ThreadId": "529073",
    "Html": "FL's support staff suggested I try those, so it seemed promising.<br />\n<br />\nFor some reason, IVstPluginEditor.KeyDown() is called reliably, but I rarely see the  IVstPluginEditor.KeyUp() event.   I can work with that though.<br />\n<br />\nI had started a scheme where I subclassed TextBox (which I had to do anyway) and kept a reference to the currently selected one in my Plugin instance, then called a handler in that object from my PluginEditor KeyDown implementation, which also has a reference to the Plugin instance (I hope I explained that properly!), and it worked.<br />\n<br />\nHowever, after some more experimentation I found that the standard KeyUp() is actually raised directly on the TextBox after all.  So I'm planning on using that, even though it seems I have to manage the contents of the TextBox myself, which is doable.<br />\n<br />\nThanks!<br />\n",
    "PostedDate": "2014-02-06T17:54:34.083-08:00",
    "UserRole": null,
    "MarkedAsAnswerDate": null
  },
  {
    "Id": "1204081",
    "ThreadId": "529073",
    "Html": "I have reviewed the VST.NET code and come to the conclusion that there may be a bug there. The VST SDK documentation states that the plugin should return true only when the key is really used. As you can see the method in the IVstPluginEditor is void. The Framework returns true when it finds the interface implementation.\r<br />\n<br />\nI will let you know when I have the corrected code checked in - so you can give it a spin if you like and see if it solves any problems for you.\r<br />\n<br />\nThanx,\r<br />\nMarc<br />\n",
    "PostedDate": "2014-02-07T00:17:42.497-08:00",
    "UserRole": null,
    "MarkedAsAnswerDate": null
  },
  {
    "Id": "1204087",
    "ThreadId": "529073",
    "Html": "Also there are some older methods (StdPluginDeprecatedCommandStub) that also have to do with key handling: KeysRequired and EditorKey...<br />\n",
    "PostedDate": "2014-02-07T00:32:43.583-08:00",
    "UserRole": null,
    "MarkedAsAnswerDate": null
  },
  {
    "Id": "1204127",
    "ThreadId": "529073",
    "Html": "I have checked-in the changes to give the KeyDown/Up methods a bool return value. Return false if you do nothing with the key. Return true if you handle the key press.<br />\n",
    "PostedDate": "2014-02-07T01:39:40.993-08:00",
    "UserRole": null,
    "MarkedAsAnswerDate": null
  },
  {
    "Id": "1205848",
    "ThreadId": "529073",
    "Html": "Thanks, but I'm not set up to recompile the core DLLs at the moment.  I was able to successfully work around the issue using KeyUp() though.<br />\n",
    "PostedDate": "2014-02-09T10:55:22.27-08:00",
    "UserRole": null,
    "MarkedAsAnswerDate": null
  }
]