[
  {
    "Id": "830895",
    "ThreadId": "354182",
    "Html": "<p>Hi,</p>\n<p>I'm working on a midi plugin that does some mapping and generating. I recently noticed that some events I send to the host are being ignored. I tried bypassing all of my mapping and generating code but I'm still getting the problem. This is basically all  my implementation of IVstMidiProcessor and IVstPluginMidiSource does:</p>\n<pre style=\"font-family: Consolas; font-size: 13; color: black; background: white;\"><span style=\"color: blue;\">public</span>&nbsp;<span style=\"color: blue;\">void</span>&nbsp;Process(<span style=\"color: #2b91af;\">VstEventCollection</span>&nbsp;vstEvents)\n{\n&nbsp;&nbsp;&nbsp;&nbsp;<span style=\"color: blue;\">foreach</span>&nbsp;(<span style=\"color: #2b91af;\">VstEvent</span>&nbsp;evnt&nbsp;<span style=\"color: blue;\">in</span>&nbsp;vstEvents)\n&nbsp;&nbsp;&nbsp;&nbsp;{\n&nbsp;&nbsp;&nbsp;&nbsp;&nbsp;&nbsp;&nbsp;&nbsp;<span style=\"color: blue;\">this</span>.outEvents.Add(evnt);\n&nbsp;&nbsp;&nbsp;&nbsp;}\n}\n\n<span style=\"color: blue;\">public</span>&nbsp;<span style=\"color: blue;\">void</span>&nbsp;OnAudioProcessingCycleEnd()\n{\n&nbsp;&nbsp;&nbsp;&nbsp;<span style=\"color: #2b91af;\">IVstMidiProcessor</span>&nbsp;midiHost&nbsp;=&nbsp;<span style=\"color: blue;\">this</span>.vstHost.GetInstance&lt;<span style=\"color: #2b91af;\">IVstMidiProcessor</span>&gt;();\n&nbsp;&nbsp;&nbsp;&nbsp;midiHost.Process(outEvents);\n&nbsp;&nbsp;&nbsp;&nbsp;outEvents.Clear();\n}<br /><br />I tested this by looping a midi clip, running it through my plugin and recording the output.<br />When the input clip looks like this:<br />&nbsp;<a href=\"http://dl.dropbox.com/u/20066539/Forum%20Links/Vst.Net/Screenshot001.png\">http://dl.dropbox.com/u/20066539/Forum%20Links/Vst.Net/Screenshot001.png</a><br />I get the expected output:<br /><a href=\"http://dl.dropbox.com/u/20066539/Forum%20Links/Vst.Net/Screenshot002.png\">http://dl.dropbox.com/u/20066539/Forum%20Links/Vst.Net/Screenshot002.png</a><br /><br />However if there is some variation in the input clip and it looks like this:<br /><a href=\"http://dl.dropbox.com/u/20066539/Forum%20Links/Vst.Net/Screenshot003.png\">http://dl.dropbox.com/u/20066539/Forum%20Links/Vst.Net/Screenshot003.png</a><br /><br />Then the output misses a lot of the events being passed through my plugin:<br /><a href=\"http://dl.dropbox.com/u/20066539/Forum%20Links/Vst.Net/Screenshot004.png\">http://dl.dropbox.com/u/20066539/Forum%20Links/Vst.Net/Screenshot004.png</a><br /><br />I tested this with a tempo of 200 BPM but if I slow it down to something like 20 BPM then host seems to be getting all of the events:<br /><a href=\"http://dl.dropbox.com/u/20066539/Forum%20Links/Vst.Net/Screenshot005.png\">http://dl.dropbox.com/u/20066539/Forum%20Links/Vst.Net/Screenshot005.png</a><br /><br />Any idea what could be causing this?<br />Thanks!<br />Rob</pre>",
    "PostedDate": "2012-05-01T19:35:58.36-07:00",
    "UserRole": null,
    "MarkedAsAnswerDate": null
  },
  {
    "Id": "831504",
    "ThreadId": "354182",
    "Html": "<p>That is an odd problem!? Never heard that before.</p>\r\n<p>Are you 100% sure your queue/list contains the actual midi events? Are there no multi-threading locking or race condition issues? Note that the host will call your plugin on separate threads.</p>\r\n<p>A second option I can think of is to not output the midi during Audio Processing time, but straight in the MidiProcessor.Process method.&nbsp;</p>\r\n<p>Also have you tried different hosts? And did they all respond the same (if so, probably a bug in your code ;-)</p>\r\n<p>Hope it helps,<br />Marc&nbsp;</p>",
    "PostedDate": "2012-05-03T01:16:55.29-07:00",
    "UserRole": null,
    "MarkedAsAnswerDate": null
  },
  {
    "Id": "834172",
    "ThreadId": "354182",
    "Html": "<p>Thanks for all the suggestions. Somehow I didn't think to try this with a different midi plugin until now. I just tried it with one that doesn't use VST.NET and I get the same issue so I guess it must be an issue with the Host. I've been testing things in Abelton Live so I just assumed that wasn't the issue. Maybe I need to upgrade from version 6 to 8.....I've been trying to hold out for BitWig though.</p>",
    "PostedDate": "2012-05-09T11:33:19.377-07:00",
    "UserRole": null,
    "MarkedAsAnswerDate": null
  }
]