[
  {
    "Id": "1496302",
    "ThreadId": "662935",
    "Html": "Hi folks,\r<br />\n<br />\nI was looking at my stream and I asked a similar question in 2012 - 5 years and I'm still feeling like a noob :)\r<br />\n<br />\nI have some working plugins now - a synth that plays SF2's and W30 / S50 roland samples. And a second one for programming my old Roland JV1010. This works fine with VSTHost, Ableton, FLStudio, Bitwig etc but for some reason the Process Midi function is not being called regularly. It is called when I arm the track or stop record but at no other time. I have a dummy AudioProcessor - setting this to Null crashes the DAW ! \r<br />\n<br />\nI've hammered a highly simplified version of the code to debug - I wonder if anyone can spot anything obvious ? \r<br />\n<br />\nI've tried it with and without a MidiSource, and with various Category settings (not sure this is more than just a hint to the host?)\r<br />\n<br />\nI haven't tried rewiring another DAW into Sonar as a container to see if this still happens ..... I'll also go hunting on Cakewalks site.\r<br />\n<br />\nKind regards\r<br />\n<br />\nAdrian Maurice Croft<br />\n<pre><code>namespace TestPlugin\n{\n    public class Plugin : VstPluginWithInterfaceManagerBase, IVstPluginMidiSource\n    {\n        #region &quot;Fields&quot;\n\n        internal VstPluginInfo PluginInfo\n        {\n            get;\n            private set;\n        }\n\n        internal void SetPluginInfo(VstPluginInfo pluginInfo)\n        {\n            PluginInfo = pluginInfo;\n        }\n\n        #endregion\n\n        #region &quot;Properties&quot;\n\n        public int ChannelCount\n        {\n            get\n            {\n                return 16;\n            }\n        }\n\n        public PluginPrograms PluginPrograms\n        {\n            get\n            {\n                return GetInstance&lt;PluginPrograms&gt;();\n            }\n        }\n\n        #endregion\n\n        public Plugin()\n            : base(Constant.PluginName,\n            new VstProductInfo\n                (\n                    Constant.ProductName, \n                    Constant.VendorName, \n                    Constant.PluginVersion\n                ),\n                VstPluginCategory.Synth,\n                VstPluginCapabilities.None,\n                0,\n                Constant.UniquePluginId)\n        {\n            DebuggingHelper.IsDebugging = true;\n        }\n\n        public override void Open(IVstHost host)\n        {\n            base.Open(host);\n        }\n\n        protected override IVstPluginAudioProcessor CreateAudioProcessor(IVstPluginAudioProcessor instance)\n        {\n            if (instance == null)\n            {\n                return new AudioProcessor(this);\n            }\n\n            return instance;\n        }\n\n        protected override IVstMidiProcessor CreateMidiProcessor(IVstMidiProcessor instance)\n        {\n            if (instance == null)\n            {\n                return new MidiProcessor(this);\n            }\n\n            return instance;\n        }\n\n        protected override IVstPluginPrograms CreatePrograms(IVstPluginPrograms instance)\n        {\n            if (instance == null)\n            {\n                return new PluginPrograms(this);\n            }\n\n            return base.CreatePrograms(instance);\n        }\n\n        protected override void Dispose(bool disposing)\n        {\n            base.Dispose(disposing);\n        }\n\n        protected override IVstPluginMidiSource CreateMidiSource(IVstPluginMidiSource instance)\n        {\n            return this;\n        }\n    }\n}\n\nnamespace TestPlugin\n{\n    class AudioProcessor : VstPluginAudioProcessorBase\n    {\n        private Plugin _plugin;\n        private MidiProcessor _midiProcessor;\n\n        public AudioProcessor(Plugin plugin)\n            : base(Constant.AudioInputCount, Constant.AudioOutputCount, Constant.InitialTailSize)\n        {\n            _plugin = plugin;\n\n            _midiProcessor = plugin.GetInstance&lt;MidiProcessor&gt;();\n        }\n\n        public override void Process(VstAudioBuffer[] inChannels, VstAudioBuffer[] outChannels)\n        {\n            base.Process(inChannels, outChannels);\n        }\n    }\n}\n\nnamespace TestPlugin\n{\n    public class MidiProcessor : IVstMidiProcessor\n    {\n        private Plugin _plugin;\n\n        public MidiProcessor(Plugin plugin)\n        {\n            _plugin = plugin;\n        }\n\n        public int ChannelCount\n        {\n            get { return 16; }\n        }\n\n        public void Process(VstEventCollection events)\n        {\n            DebuggingHelper.Append(&quot;MidiProcessor:Process=&quot; + events.Count.ToString());\n        }\n    }\n}</code></pre>\n\n",
    "PostedDate": "2017-05-11T17:24:50.913-07:00",
    "UserRole": null,
    "MarkedAsAnswerDate": null
  },
  {
    "Id": "1496329",
    "ThreadId": "662935",
    "Html": "Holy smoke, Sonar isn't seeing it as a Midi 'receiver' = that's what the problem is...<br />\n",
    "PostedDate": "2017-05-12T09:05:31.52-07:00",
    "UserRole": null,
    "MarkedAsAnswerDate": null
  }
]