[
  {
    "Id": "516594",
    "ThreadId": "233363",
    "Html": "\r\n<p>Hello Marc!</p>\r\n<p>I've noticed one thing; when I compile vstnet-50709 (code and samples) using debug option I got strange hangs with some unmanaged plugins (Classic EQ.dll from kjarhus audio) and Jacobi.Vst.Samples.Host.exe. With Debug, I got the following exception message:\r\n Attempting managed execution inside OS Loader lock. Do not attempt to run managed code inside a DllMain or image initialization function since doing so can cause the application to hang...</p>\r\n<p>When compiled with Release option, there is no exception. When switching from Release to Debug or vice versa make shure you cleaned both solutions and also delete all files from SharedAssemblies folder. Any suggestions?</p>\r\n<p>regrads, kasaudio</p>\r\n",
    "PostedDate": "2010-11-03T11:22:49.853-07:00",
    "UserRole": null,
    "MarkedAsAnswerDate": null
  },
  {
    "Id": "516968",
    "ThreadId": "233363",
    "Html": "\r\n<p>So you're loading an unmanaged plugin into a managed host application an you get a message that you should not attempt to run managed code inside the DllMain function inside the loader lock....?</p>\r\n<p>I have never seen this before. The managed Host application starts as a normal managed application. It side-steps into unmanaged code in order to load the unmanaged plugin using a normal Win32 API method for that: LoadLibrary(A). If I understand it correctly\r\n its during that time that the loader lock is obtained and the DllMain is executed on the plugin. I dont see how this scenario could be a problem, but I am not an expert on this.</p>\r\n<p>To get to the bottom of this you will have to debug and perhaps build sample unmanaged plugin dlls in order to be able to pinpoint the problem. You could start by debugging the Jacobi.Vst.Interop.Host.VstUnmanagedPluginContext class where the loading and\r\n initialization of the unmanaged plugin takes place. It would really help if you would have an unmanaged plugin with this problem for which you also have the source code...</p>\r\n<p>I hope this helps.<br>\r\nMarc</p>\r\n",
    "PostedDate": "2010-11-04T04:00:22.033-07:00",
    "UserRole": null,
    "MarkedAsAnswerDate": null
  },
  {
    "Id": "518021",
    "ThreadId": "233363",
    "Html": "\r\n<p>Do you get this exception when running your application outside visual studio?</p>\r\n",
    "PostedDate": "2010-11-05T19:26:23.787-07:00",
    "UserRole": null,
    "MarkedAsAnswerDate": null
  },
  {
    "Id": "521443",
    "ThreadId": "233363",
    "Html": "\r\n<p>No.</p>\r\n<p>regards, kasaudio</p>\r\n",
    "PostedDate": "2010-11-13T03:40:49.62-08:00",
    "UserRole": null,
    "MarkedAsAnswerDate": null
  },
  {
    "Id": "524775",
    "ThreadId": "233363",
    "Html": "\r\n<p>Maybe it's a typical loader lock exception in Visual Studio like the DirectX documented bugs. You could consider turning off loader lock exception in visual studio and ignore it.</p>\r\n",
    "PostedDate": "2010-11-20T12:24:18.833-08:00",
    "UserRole": null,
    "MarkedAsAnswerDate": null
  }
]