[
  {
    "Id": "234977",
    "ThreadId": "69059",
    "Html": "<p>Hello, i would like thank you for your work.</p>\r\n<p>I have one problem, that i couldnt resove. I would like create some vst plugin, that show defined text by defined income midi event (cc, note or program change). I did take MidiNoteMapper&nbsp;as base for trying do it. I add one label on MidiNoteMapperUI and i need change his text value from MidiProcessor, but i dont know how.</p>\r\n<p>Of cource for the future i make better gui and mapping midi parameters to right text will be defined in xml file, but for start i need interconnect&nbsp;MidiProcessor and MidiNoteMapperUI. i thinked, the way can be fire some event in the MidiProcessor and catch it in MidiNoteMapperUI, but i dont know how do it.</p>\r\n<p>What i need: i want create for my music playing some configurable display screen, that i will se, which synthetiser will play and other informations, becuase i use 3 midi controlers and 10 vst synthetisers and i need view, what is setup at the moment. so i neew by the some midi event display some predefined text. I have everything thinked, configuration, how it will be designed, etc, i only need comunicate from midi processor to the ui... i use modular software with vst support and make own vst will be the best chance do it.</p>\r\n<p>&nbsp;</p>\r\n<p>Thank you for answer</p>",
    "PostedDate": "2009-09-15T19:56:05.953-07:00",
    "UserRole": null,
    "MarkedAsAnswerDate": null
  },
  {
    "Id": "235031",
    "ThreadId": "69059",
    "Html": "<p>I assume you work with WinForms (that is what the MidiNoteMapper sample uses) and that you know how to work with the WinForm Controls (Buttons, Lists, Labels etc.)</p>\r\n<p>The most important thing to remember is that the thread the IVstMidiProcessor.Process method (MidiProcessor) is called on, is a different one than the thread used to display the plugin's UI. You cannot call directly into the UI from another thread (except the one that created the Form/controls).</p>\r\n<p>So you need some way to pass instructions from one thread (MidiProcessor) to the other (UI). One way of doing that is using a Queue. The queue can contain actions or tasks that the MidiProcessor creates and the UI executes. So you need to define a task&nbsp;with the necessary data for each type of operation you require on the UI. During the Process call of the MidiProcessor you start creating these tasks and adding the to the queue. This should be light weight and fast so you don't suffer any performance issues.</p>\r\n<p>It is crucial that the queue is thread-safe! It will be called from multiple threads.</p>\r\n<p>Next you need a 'trigger' on the UI that reads in these tasks and start executing them. You have two choices:</p>\r\n<p>1) From within the MidiProcessor call the Invoke method on the&nbsp;UserControl to call some method (indirectly through the delegate) that does the work. <br>This is probably the simplest way to try things out with.</p>\r\n<p>2) In the&nbsp;IVstPluginEditor.ProcessIdle (PluginEditor) method you read these tasks and perform the appropriate action on the UI. You will need to link up to the UI UserControl (retrieve the reference from the _uiWrapper).</p>\r\n<p>After a task has been read from the queue&nbsp;it is automatically removed (that is what a queue does ;-) so you don't execute the same task multiple times.</p>\r\n<p>Hope it helps.</p>\r\n<p>Marc</p>",
    "PostedDate": "2009-09-16T00:31:39.087-07:00",
    "UserRole": null,
    "MarkedAsAnswerDate": null
  },
  {
    "Id": "235079",
    "ThreadId": "69059",
    "Html": "<p>Thank you for your answer. I tryied write some code, but without success. I tried implement this sample <a href=\"http://bytes.com/topic/c-sharp/answers/492902-inter-thread-message-queue-c\">http://bytes.com/topic/c-sharp/answers/492902-inter-thread-message-queue-c</a>, but i am not familiar with threading. So it dont work.</p>\r\n<p>I would like ask, if you dont want add to the midi mapper example simple functionality that show in label under buttons in MidiNoteMapperUI&nbsp;incoming note number. I thing it will be very usefull not only for me.</p>\r\n<p>Thank you</p>",
    "PostedDate": "2009-09-16T03:45:56.337-07:00",
    "UserRole": null,
    "MarkedAsAnswerDate": null
  },
  {
    "Id": "235091",
    "ThreadId": "69059",
    "Html": "<p>If you're programming a VST plugin you should be familiar with threading. A VST Plugin is accessed by multiple threads (common for most hosts), so its essential that you know your threading.</p>\r\n<p>Instead of using the sample you linked to, you&nbsp;could consider using a SynchronizedCollection&lt;T&gt; as a queue. Add to the end of the collection and retrieve from the front (index=0) of the collection. You have to manually delete the entry when you've retrieved it.</p>\r\n<p>Unfortunatly I don't have the time currently to work on VST.NET so I wont be able to write that code for you.</p>\r\n<p>&nbsp;</p>",
    "PostedDate": "2009-09-16T04:18:23.347-07:00",
    "UserRole": null,
    "MarkedAsAnswerDate": null
  },
  {
    "Id": "235092",
    "ThreadId": "69059",
    "Html": "This discussion has been copied to a work item. Click <a href=\"http://vstnet.codeplex.com/WorkItem/View.aspx?WorkItemId=4920\">here</a> to go to the work item and continue the discussion.",
    "PostedDate": "2009-09-16T04:19:21.75-07:00",
    "UserRole": null,
    "MarkedAsAnswerDate": null
  },
  {
    "Id": "236599",
    "ThreadId": "69059",
    "Html": "<p>Thank you for your advice, that is perfect for my using.</p>\r\n<p>Now i have my own vst plugin, that do exactly that i need. I was not aspire be a vst plugin programer, but i needed this functionality for my live playing, and thank you for your project, i have it.</p>\r\n<p>If you want, i send you my code, maybee you can add it to the expamples, but it has diferent namespaces of course.</p>",
    "PostedDate": "2009-09-20T08:19:13.513-07:00",
    "UserRole": null,
    "MarkedAsAnswerDate": null
  },
  {
    "Id": "236808",
    "ThreadId": "69059",
    "Html": "<p>I'm glad it worked out for you!</p>\r\n<p>I hope you found it relatively easy to accomplish the task.</p>\r\n<p>Sure, send over your source code and I will look at it and see if its a good sample ;-)</p>",
    "PostedDate": "2009-09-21T02:40:16.683-07:00",
    "UserRole": null,
    "MarkedAsAnswerDate": null
  },
  {
    "Id": "238473",
    "ThreadId": "69059",
    "Html": "<p>I've implemented the sample code you asked for in the MidiNoteMapper sample (and fixed the persistence which wasn;t working at all :-| ).</p>\r\n<p>The changeset 27121 contains these changes.</p>\r\n<p>Hope it helps.</p>\r\n<p>&nbsp;</p>",
    "PostedDate": "2009-09-24T12:55:50.8-07:00",
    "UserRole": null,
    "MarkedAsAnswerDate": null
  }
]