[
  {
    "Id": "823847",
    "ThreadId": "352306",
    "Html": "\r\n<p>Hello and thanks for sharing <a href=\"http://vst.net/\" target=\"_blank\">VST.NET</a>.</p>\r\n<p>I would like to use your library to create a custom &quot;midi info&quot; GUI plugin- my goal is to simply report midi-related info on a custom GUI editor (no remapping, no sound generation, no audio processing). As a starting point, I modified your MidiNoteMapper\r\n (c# code from source r66567) such that:<br>\r\n<br>\r\na. MidiProcessor: ignores the mapping settings and simply adds every Note On message to the NoteOnEvents Queue<br>\r\nb. MidiNoteMapperGUI: add label control<br>\r\nc. MidiNoteMapperGUI: Declare/initialize a NoteOns List&lt;Byte&gt; object <br>\r\nd. MidiNoteMapperGUI:On ProcessIdle Event: add dequeued noteNo value to NoteOns list and show list count using label:<br>\r\n<br>\r\n&nbsp;&nbsp;&nbsp;&nbsp;&nbsp;&nbsp;&nbsp;&nbsp;&nbsp;&nbsp;&nbsp;&nbsp;&nbsp;&nbsp;&nbsp; lock (((ICollection)NoteOnEvents).SyncRoot)<br>\r\n&nbsp;&nbsp;&nbsp;&nbsp;&nbsp;&nbsp;&nbsp;&nbsp;&nbsp;&nbsp;&nbsp;&nbsp;&nbsp;&nbsp;&nbsp; {<br>\r\n&nbsp;&nbsp;&nbsp;&nbsp;&nbsp;&nbsp;&nbsp;&nbsp;&nbsp;&nbsp;&nbsp;&nbsp;&nbsp;&nbsp;&nbsp;&nbsp;&nbsp;&nbsp;&nbsp; noteNo = NoteOnEvents.Dequeue();<br>\r\n&nbsp;&nbsp;&nbsp;&nbsp;&nbsp;&nbsp;&nbsp;&nbsp;&nbsp;&nbsp;&nbsp;&nbsp;&nbsp;&nbsp;&nbsp; }<br>\r\n<br>\r\n&nbsp;&nbsp;&nbsp;&nbsp;&nbsp;&nbsp;&nbsp;&nbsp;&nbsp;&nbsp;&nbsp;&nbsp;&nbsp;&nbsp;&nbsp; NoteOns.Add(noteNo);&nbsp; //NEW<br>\r\n&nbsp;&nbsp;&nbsp;&nbsp;&nbsp;&nbsp;&nbsp;&nbsp;&nbsp;&nbsp;&nbsp;&nbsp;&nbsp;&nbsp;&nbsp; label1.Text = NoteOns.Count.ToString();&nbsp;&nbsp; //NEW<br>\r\n<br>\r\n&nbsp;&nbsp;&nbsp;&nbsp;&nbsp;&nbsp;&nbsp;&nbsp;&nbsp;&nbsp;&nbsp;&nbsp;&nbsp;&nbsp;&nbsp; //SelectNoteMapItem(noteNo);&nbsp; //Original uncommented<br>\r\n<br>\r\n<br>\r\nEverything works as expected, except that the GUI refresh seems &quot;slow&quot;: if I press down five notes at once on my midi controller, I can &quot;see&quot; the GUI label actually incrementing to 5 (i.e. it takes about 1/2 second for the GUI label to get to 5, which seems\r\n &quot;slow&quot;. Is there any way to speed this up, i.e. pressing 5 notes shows 5 much more quickly?<br>\r\n<br>\r\nI don't believe this &quot;slow&quot; performance is a function of my ASIO driver settings-&nbsp; I didn't observe any change if the ASIO buffer was at a small or large value.<br>\r\n<br>\r\nI've observed this behavior using two different midi controllers and in two different hosts (Vst Host and Reaper).<br>\r\nMy system is configured to play standard VST instruments without dropouts, crackles, etc.<br>\r\n<br>\r\nMy system specs:<br>\r\nCore 2 Duo (2.54 GHz)<br>\r\nWin7 32 SP1<br>\r\nVS2010 SP1 (targeting the 2.0 framework)<br>\r\n**** NOTE: I'm referencing the compiled versions of your dlls from release 0.9 ****<br>\r\n<br>\r\nCould you shed any insight as to what is happening or what I'm doing wrong?<br>\r\n<br>\r\nThanks again for your time.</p>\r\n",
    "PostedDate": "2012-04-14T08:15:25.247-07:00",
    "UserRole": null,
    "MarkedAsAnswerDate": null
  },
  {
    "Id": "823907",
    "ThreadId": "352306",
    "Html": "<p>Well, first thing that strikes me is that the&nbsp;ProcessIdle method on the UI only processes one event, even when there are (potentially) more on the queue.</p>\r\n<p>So setting up a loop inside the lock should at least process all events available.</p>\r\n<p>Get back to me if that doesn't fix your problem.</p>\r\n<p>Hope it helps,<br />Marc&nbsp;</p>",
    "PostedDate": "2012-04-14T15:16:50.423-07:00",
    "UserRole": null,
    "MarkedAsAnswerDate": null
  },
  {
    "Id": "824030",
    "ThreadId": "352306",
    "Html": "<p>Thanks for pointing out that the problem was a result of the code logic. After modifying my code, I am now getting \"instant\" performance, i.e.:</p>\r\n<p>&nbsp;&nbsp;&nbsp;&nbsp;&nbsp;&nbsp;&nbsp;&nbsp;&nbsp;&nbsp;&nbsp;&nbsp;&nbsp;&nbsp;&nbsp; lock (((ICollection)NoteOnEvents).SyncRoot)</p>\r\n<p>&nbsp;&nbsp;&nbsp;&nbsp;&nbsp;&nbsp;&nbsp;&nbsp;&nbsp;&nbsp;&nbsp;&nbsp;&nbsp;&nbsp;&nbsp; {<br />&nbsp;&nbsp;&nbsp;&nbsp;&nbsp;&nbsp;&nbsp;&nbsp;&nbsp;&nbsp;&nbsp;&nbsp;&nbsp;&nbsp;&nbsp;&nbsp;&nbsp;&nbsp;&nbsp; NoteOns.Clear();<br />&nbsp;&nbsp;&nbsp;&nbsp;&nbsp;&nbsp;&nbsp;&nbsp;&nbsp;&nbsp;&nbsp;&nbsp;&nbsp;&nbsp;&nbsp;&nbsp;&nbsp;&nbsp;&nbsp; while (NoteOnEvents.Count != 0)<br />&nbsp;&nbsp;&nbsp;&nbsp;&nbsp;&nbsp;&nbsp;&nbsp;&nbsp;&nbsp;&nbsp;&nbsp;&nbsp;&nbsp;&nbsp;&nbsp;&nbsp;&nbsp;&nbsp; {<br />&nbsp;&nbsp;&nbsp;&nbsp;&nbsp;&nbsp;&nbsp;&nbsp;&nbsp;&nbsp;&nbsp;&nbsp;&nbsp;&nbsp;&nbsp;&nbsp;&nbsp;&nbsp;&nbsp;&nbsp;&nbsp;&nbsp;&nbsp; NoteOns.Add(NoteOnEvents.Dequeue());<br />&nbsp;&nbsp;&nbsp;&nbsp;&nbsp;&nbsp;&nbsp;&nbsp;&nbsp;&nbsp;&nbsp;&nbsp;&nbsp;&nbsp;&nbsp;&nbsp;&nbsp;&nbsp;&nbsp; }<br />&nbsp;&nbsp;&nbsp;&nbsp;&nbsp;&nbsp;&nbsp;&nbsp;&nbsp;&nbsp;&nbsp;&nbsp;&nbsp;&nbsp;&nbsp;&nbsp; }</p>\r\n<p>&nbsp;&nbsp;&nbsp;&nbsp;&nbsp;&nbsp;&nbsp;&nbsp;&nbsp;&nbsp;&nbsp;&nbsp;&nbsp;&nbsp;&nbsp; label1.text = NoteOns.Count.ToString();</p>\r\n<p>&nbsp;</p>\r\n<p>Your help is very much appreciated.</p>\r\n<p>Greg</p>",
    "PostedDate": "2012-04-15T08:51:33.707-07:00",
    "UserRole": null,
    "MarkedAsAnswerDate": null
  }
]