[
  {
    "Id": "1448983",
    "ThreadId": "646345",
    "Html": "In one VST (using Jacobi.Vst.Core), I've been experimenting with automation of my parameters.<br />\nBasically working ok, although it took a while to figure out that your parameter values have to be converted to a value between 0.0 and 1.0F.<br />\n(and then back again).<br />\nBut it works.<br />\n<br />\nProblem is, I have some parameters that should never be automated, so I'm trying to set them in the &quot;CanParameterBeAutomated&quot; Function, based on the index.<br />\n(Actually based on (index mod 3), because only every third parameter should be automated.  If (index mod 3) = 2, then I return true else I return false.)<br />\nHowever, my host DAW always shows all of the parameters as available and allows them to be automated.  Automating some of these will produce fatal errors which is not good :)<br />\nIs this an issue with the host, or is there something else I have to update?<br />\n",
    "PostedDate": "2015-10-18T23:09:27.093-07:00",
    "UserRole": null,
    "MarkedAsAnswerDate": null
  },
  {
    "Id": "1448985",
    "ThreadId": "646345",
    "Html": "The Mod function is VB.net, i believe that's a percent (%) sign in C#...<br />\n",
    "PostedDate": "2015-10-18T23:14:11.137-07:00",
    "UserRole": null,
    "MarkedAsAnswerDate": null
  },
  {
    "Id": "1449600",
    "ThreadId": "646345",
    "Html": "Hmm...\r<br />\n<br />\nI may simply be the case that the DAW is ignoring the CanParameterBeAutomated method. The first question I guess, is is the DAW ever calling this method? If you put a breakpoint there, does it get hit? Secondly, is it perhaps buffering the value from before? I mean perhaps the DAW asked for that value at one point, and then the index of the parameter changed?\r<br />\n<br />\nI guess, I would say that if automating some parameter causes a fatal error, you should separate the value of the parameter in to a separate local variable. If the parameter has been automated through the DAW, perhaps just ignore the change and keep the value of the local variable.<br />\n",
    "PostedDate": "2015-10-24T17:26:01.83-07:00",
    "UserRole": null,
    "MarkedAsAnswerDate": null
  },
  {
    "Id": "1449620",
    "ThreadId": "646345",
    "Html": "<strong>Kruddler wrote:</strong><br />\n<blockquote>\nHmm...<br />\n<br />\nI may simply be the case that the DAW is ignoring the CanParameterBeAutomated method. The first question I guess, is is the DAW ever calling this method? If you put a breakpoint there, does it get hit? Secondly, is it perhaps buffering the value from before? I mean perhaps the DAW asked for that value at one point, and then the index of the parameter changed?<br />\n<br />\nI guess, I would say that if automating some parameter causes a fatal error, you should separate the value of the parameter in to a separate local variable. If the parameter has been automated through the DAW, perhaps just ignore the change and keep the value of the local variable.<br />\n</blockquote>\nI thought it might be ignoring it so I used simple msgbox flags and it is getting called.\r<br />\nMaybe it's just my DAW that doesn't distinguish between can be/can't be automated (just treats all parameters the same).\r<br />\nBuffering... maybe so, I'll think about that one.^^\r<br />\n<br />\nYes, good idea, and I have tried to implement some failsafe routines in my code so that even if those  parameters get automated to problem values they won't be fatal.  Still, would hope that having CanParameterBeAutomated set to false would just not make them available at all to the user....<br />\n",
    "PostedDate": "2015-10-25T00:35:10.753-07:00",
    "UserRole": null,
    "MarkedAsAnswerDate": null
  },
  {
    "Id": "1449895",
    "ThreadId": "646345",
    "Html": "Yeah that's a gotcha, have to keep a mental note to use that CanDo in my host.<br />\nActually that gave me an idea... I should also make those settings overridable by a user settings in the host.<br />\nBecause ya might just have that Vst plugin that says no can do on every automation settings and users will complain that it works fine in other hosts.<br />\n",
    "PostedDate": "2015-10-27T16:26:13.263-07:00",
    "UserRole": null,
    "MarkedAsAnswerDate": null
  },
  {
    "Id": "1449941",
    "ThreadId": "646345",
    "Html": "Yeah, don't expect every host to call that GetParameterProperties method. Some do, most don't.\r<br />\n<br />\nAnother option is to not make it a parameter. If you do that, you probably also have to save your own state (chunks)...<br />\n",
    "PostedDate": "2015-10-28T02:38:05.923-07:00",
    "UserRole": null,
    "MarkedAsAnswerDate": null
  }
]