[
  {
    "Id": "507255",
    "ThreadId": "230913",
    "Html": "<p>Hello Marc again!</p>\r\n<p>With some unmanaged plugins I still get unexpected behaviour. Problems usually occur when plugin is created or disposed. One of such plugins is A.O.M. Invisible Limiter LL.dll (or A.O.M. Invisible Limiter.dll).</p>\r\n<p>This one crashes badly with Jacobi.Vst.Samples.Host.exe also. The exception I get is Attempted to read o write protected memory... From exception details I would say GetProgramName method is the faulty one.</p>\r\n<p>In my code I get the ﻿Attempted to read or write protected memory also, but at totally unexpected locations that are not part of actual plugin host application (audio device handling for ex...). Something smells like memory leak or something. Again, vith other hosts I own this plugin runs perfect.</p>\r\n<p>regards, kasaudio</p>",
    "PostedDate": "2010-10-14T07:30:47.97-07:00",
    "UserRole": null,
    "MarkedAsAnswerDate": null
  },
  {
    "Id": "507272",
    "ThreadId": "230913",
    "Html": "<p>Hello again,</p>\r\n<p>just to be precise... I am able to make A.O.M. Invisible limiter to run. But if I call GetEffectName or GetProgramName thing crashes. I assume GetEffectName is not somehow forbidden for host to call. &lt;-&gt; There are no explicite flags that prohibit that. GetProgramName might be problematic with some plugins (those that have only 1 program), so I don't call it in such cases. But GetEffectName is somehow essential.</p>\r\n<p>regards, kasaudio</p>",
    "PostedDate": "2010-10-14T08:01:52.523-07:00",
    "UserRole": null,
    "MarkedAsAnswerDate": null
  },
  {
    "Id": "507535",
    "ThreadId": "230913",
    "Html": "<p>Hi Kas.</p>\r\n<p>This is a fairly generic exception, do you&nbsp;have two threads accessing the HostCommandStubs? I had the Attempted to read write protected memory exception thrown by ProcessReplacing at random interval. I solved this problem by using a&nbsp;thread lock for each call to HostCommandStub&nbsp;plugin host.</p>\r\n<p>regards, Yury&nbsp;</p>",
    "PostedDate": "2010-10-14T19:23:27.08-07:00",
    "UserRole": null,
    "MarkedAsAnswerDate": null
  },
  {
    "Id": "507584",
    "ThreadId": "230913",
    "Html": "<p>Yury has a valid point: VST.NET does no locking whatsoever! So keep that in mind.</p>\r\n<p>If you look at the GetParameterLabel method in <a href=\"http://vstnet.codeplex.com/SourceControl/changeset/view/50709#343837\">http://vstnet.codeplex.com/SourceControl/changeset/view/50709#343837</a>&nbsp;<br>you can see I increased the size of the memory that is allocated to receive the label string in. It turned out that some plugins weren't playing by the rules.</p>\r\n<p>That same issue might be going on with GetProgramName (24 chars)&nbsp;and GetEffectName (32 chars). You could try increasing the size of the UnmanagedString and see if it relieves the problem.</p>\r\n<p>If not, then I need the plugin (send it to my email address)&nbsp;to further research the issue...</p>",
    "PostedDate": "2010-10-14T22:36:04.747-07:00",
    "UserRole": null,
    "MarkedAsAnswerDate": null
  },
  {
    "Id": "507691",
    "ThreadId": "230913",
    "Html": "<p>Hello everyone!</p>\r\n<p>@ YuryK:</p>\r\n<p>A.O.M. Invisible Limiter.dll crashes with Jacobi.Vst.Samples.Host.exe which is, to my knowlege, a single thread app. In my software it crashes at the very start (before audio device is initialized) and there is only one thread active at crash moment. I do lock things of course and I don't have any problems with 95% of unmanaged vst hosts i own.</p>\r\n<p>@ Marc:</p>\r\n<p>Your explanation makes a lot of sense as I can see no real reason why GetEffectName would fail. Will try that soon and inform you about that.</p>\r\n<p>regards, kasaudio</p>\r\n<p>&nbsp;</p>",
    "PostedDate": "2010-10-15T04:44:19.123-07:00",
    "UserRole": null,
    "MarkedAsAnswerDate": null
  },
  {
    "Id": "507730",
    "ThreadId": "230913",
    "Html": "<p>Hello Marc again!</p>\r\n<div style=\"color:black;background-color:white\">\r\n<pre><span style=\"color:blue\">enum</span> VstStringConstants\r\n{\r\n<span style=\"color:green\">//-------------------------------------------------------------------------------------------------------</span>\r\n\tkVstMaxProgNameLen   = 128,\t<span style=\"color:green\">///&lt; used for #effGetProgramName, #effSetProgramName, #effGetProgramNameIndexed</span>\r\n\tkVstMaxParamStrLen   = 128,\t<span style=\"color:green\">///&lt; used for #effGetParamLabel, #effGetParamDisplay, #effGetParamName</span>\r\n\tkVstMaxVendorStrLen  = 128,\t<span style=\"color:green\">///&lt; used for #effGetVendorString, #audioMasterGetVendorString</span>\r\n\tkVstMaxProductStrLen = 128,\t<span style=\"color:green\">///&lt; used for #effGetProductString, #audioMasterGetProductString</span>\r\n\tkVstMaxEffectNameLen = 128\t<span style=\"color:green\">///&lt; used for #effGetEffectName</span>\r\n<span style=\"color:green\">//-------------------------------------------------------------------------------------------------------</span>\r\n};\r\n</pre>\r\n</div>\r\n<p>This has solved the problem!</p>\r\n<p>All unmanaged plugins I own seem to run flawlessly now with my host! Great work.</p>\r\n<p>cheers, kasaudio</p>",
    "PostedDate": "2010-10-15T05:43:07.047-07:00",
    "UserRole": null,
    "MarkedAsAnswerDate": null
  },
  {
    "Id": "507955",
    "ThreadId": "230913",
    "Html": "This discussion has been copied to a work item. Click <a href=\"http://vstnet.codeplex.com/workitem/7382\">here</a> to go to the work item and continue the discussion.",
    "PostedDate": "2010-10-15T12:07:06.713-07:00",
    "UserRole": null,
    "MarkedAsAnswerDate": null
  }
]