[
  {
    "Id": "457628",
    "ThreadId": "216635",
    "Html": "Hi All,\r\nI am new to VST.Net and don't have much idea how to use it. I downloaded and successfully debug the VST.net 0.8. I downloaded free VST Plugin from http://ariearadaz.googlepages.com/AradazMaximizer5_v1.5.zip and loaded on the form VST.Net Sample Host.. On plugin detail form whein i click to Process Noise no sound is produced. can you specify what is the problem. if the problem is in plugin then do tell me any plugin which i can use as sample.\r\nThanks.",
    "PostedDate": "2010-06-19T12:50:59.423-07:00",
    "UserRole": null,
    "MarkedAsAnswerDate": null
  },
  {
    "Id": "457875",
    "ThreadId": "216635",
    "Html": "<p>Process Noise just sents random 'audio' to the plugin. It then determines afterward if the plugin has processed (changed) the input or not. It meant as a plugin debug aid. <br>It will never make ay sound...</p>",
    "PostedDate": "2010-06-20T21:52:11.433-07:00",
    "UserRole": null,
    "MarkedAsAnswerDate": null
  }
]