[
  {
    "Id": "1436975",
    "ThreadId": "642254",
    "Html": "The way pretty much all VSTs that I know about work is that they are completely separate application compartments in and of themselves. Today, I realised that when I load up 2 instances of my VST in ableton, they are actually sharing static variables.\r<br />\n<br />\nI tried this code:<br />\n<pre><code>        private static int Test;\n\n        public MySynthPluginStub()\n        {\n            Test++;\n            System.Diagnostics.Debug.WriteLine(Test.ToString());\n        }</code></pre>\n\nOn the loading of the second instance, the number was 2. That means that both instances on my VST share the same static variables, and I guess therefore the same AppDomain.\r<br />\n<br />\nIs this reasoning correct? \r<br />\n<br />\nIs this by design? I just find that in what I'm doing, a lot of variables need to be passed around, and I'd much prefer them to be static for easy access rather than passing them around through each class.<br />\n",
    "PostedDate": "2015-08-03T01:38:46.693-07:00",
    "UserRole": null,
    "MarkedAsAnswerDate": null
  },
  {
    "Id": "1436982",
    "ThreadId": "642254",
    "Html": "The host determines how and if plugins are isolated. Typically most common Hosts will run all plugins in the same process (unmanaged), expect for specific remoting scenarios where the audio processing is done on a separate machine than the UI of the plugin is running on - not a very common scenario. So VST plugins are NOT separate compartments in and of itself!\r<br />\n<br />\nSo a static var is global within the process and that also means across all instances of that plugin. I would not recommend using separated AppDomains (in a managed Host and certainly not in a managed Plugin) because the coding will become a lot more complex as well as introducing a substantial marshaling performance overhead.\r<br />\n<br />\nI would recommend you create a Data Transfer Object (DTO) for all your 'static vars' and pass only the reference to the DTO around. I would not recommend ANY statics in your Plugin (and as few as possible for the Host)...\r<br />\n<br />\n[2c]\r<br />\nMarc<br />\n",
    "PostedDate": "2015-08-03T03:00:24.257-07:00",
    "UserRole": null,
    "MarkedAsAnswerDate": null
  },
  {
    "Id": "1436988",
    "ThreadId": "642254",
    "Html": "Thanks Marc!<br />\n",
    "PostedDate": "2015-08-03T04:04:05.023-07:00",
    "UserRole": null,
    "MarkedAsAnswerDate": null
  },
  {
    "Id": "1436992",
    "ThreadId": "642254",
    "Html": "That really helped me to get over a hump!<br />\n<br />\nAlso, I can see this as a major advantage because the first time a plugin is loaded it can load all the necessary stuff, but it will never need to load that stuff again. It can share stuff across plugins. That will save a lot of CPU and memory.<br />\n<br />\nWell, to put it another way, it's already made my shit load a lot quicker on the second instance!<br />\n<br />\nAnother win!<br />\n",
    "PostedDate": "2015-08-03T04:24:16.223-07:00",
    "UserRole": null,
    "MarkedAsAnswerDate": null
  },
  {
    "Id": "1436997",
    "ThreadId": "642254",
    "Html": "When this method is called:<br />\n<pre><code>public VstPluginInfo GetPluginInfo(IVstHostCommandStub stub)\n{\n}</code></pre>\n\nWill every single plugin that is loaded in the process share this same variable? I've called it stub.<br />\n",
    "PostedDate": "2015-08-03T04:41:24.217-07:00",
    "UserRole": null,
    "MarkedAsAnswerDate": null
  },
  {
    "Id": "1437005",
    "ThreadId": "642254",
    "Html": "For a managed plugin in an unmanaged host the instance will be provided by VST.NET.\r<br />\nFor a managed plugin in a managed host - it is the exact same instance you pass into the (Host)VstPluginContext.Create method. \r<br />\nAs a host you can decide if you will reuse one instance for all plugins or give each plugin (instance) its own instance.\r<br />\n<br />\nI envisioned you would, as a Host dev, create a custom PluginContext class for maintaining all plugin specific state (where it is in the chain etc) and mapping of host functions available to the plugin and therefor implement that interface on that PluginContext class as well and each Plugin instance would get its own instance...<br />\n",
    "PostedDate": "2015-08-03T05:17:13.72-07:00",
    "UserRole": null,
    "MarkedAsAnswerDate": null
  }
]