[
  {
    "Id": "1497727",
    "ThreadId": "663604",
    "Html": "hello!\r<br />\n<br />\nprobably i've missed something, but i can't figure out where to find a solution (.sln file) among the downloads. i've already downloaded the 1.1, the 1.0 and the samples many times, but haven't found any. is that possible? i had clicked 'unblock' at the properties tab before unzipping.\r<br />\n<br />\nthe VST.NET 1.0 VS2008/VS2010 Templates file looks like a template installer, but VS2015 could not launch it (even if i had downloaded the 'Microsoft Visual Studio 2015 Installer Projects' extension). anyway, i read that it's better to use the samples from the 1.1 version. \r<br />\n<br />\nwhat did i wrong? i'd really appreciate your help,\r<br />\nPatricia  <br />\n",
    "PostedDate": "2017-08-14T13:38:57.437-07:00",
    "UserRole": null,
    "MarkedAsAnswerDate": null
  },
  {
    "Id": "1497744",
    "ThreadId": "663604",
    "Html": "The downloads are binaries. Download a zip from the Source Code tab for the project and solution files. \r<br />\nEither $/Source/Code for the source of VST.NET itself or $/Source/Samples for the samples.\r<br />\nThe VS project templates are also under the source code tab at $/Support/VS Projects/CSharp/Plugin/Source<br />\n",
    "PostedDate": "2017-08-16T07:11:07.547-07:00",
    "UserRole": null,
    "MarkedAsAnswerDate": null
  },
  {
    "Id": "1497759",
    "ThreadId": "663604",
    "Html": "oh, i only browsed the downloads tab unfortunately.\r<br />\nthank you for the quick response! <br />\n",
    "PostedDate": "2017-08-17T07:06:19.903-07:00",
    "UserRole": null,
    "MarkedAsAnswerDate": null
  }
]