[
  {
    "Id": "1354538",
    "ThreadId": "581521",
    "Html": "Hello. Will first say that i really like VST.NET and it is going preaty good with my application.\r<br />\n<br />\nBut now I wounder how I will animate vst parameters from sequencer.\r<br />\n<br />\nIs it a VstMidiEvent who will pass the changed parameter? Like this:\r<br />\nmVstPlugin.PluginCommandStub.ProcessEvents(vstevents);\r<br />\n<br />\nOr is it Another way to do it?\r<br />\n<br />\nRight now I just set the parameter directly, like Volyme = value, Pan = value and so on. But if a parameter is changeing very often, more often than the buffer size it will be wrong.\r<br />\n<br />\nRegards :)<br />\n",
    "PostedDate": "2015-02-21T00:51:08.54-08:00",
    "UserRole": null,
    "MarkedAsAnswerDate": null
  },
  {
    "Id": "1354592",
    "ThreadId": "581521",
    "Html": "Thank you.\r<br />\n<br />\nTypically a host can manipulate the parameters a VST plugin publishes directly. So if you implement parameters in the normal VST.NET way (see the delay sample), the host should be able to see those and manipulate them. You can test this by bringing up the VST plugin UI in the Host (if you do not implement the UI yourself). The host should generate the UI for all the parameters it can find on your VST plugin. Some hosts will also allow incoming MIDI to be mapped to VST plugin parameters, but not all. \r<br />\n<br />\nYou can still intercept MIDI yourself (ProcessEvents) and process it any way you like inside your VST plugin. But I wouldn't bother unless you want to do something special with it... The Midi Note Mapper and Note Sampler sample projects demonstrate how you could handle ProcessEvents (check the source code tab).\r<br />\n<br />\nHope it helps,\r<br />\nMarc<br />\n",
    "PostedDate": "2015-02-21T07:30:02.027-08:00",
    "UserRole": null,
    "MarkedAsAnswerDate": null
  },
  {
    "Id": "1354637",
    "ThreadId": "581521",
    "Html": "Thanks you. I really thought it seems trange, so I googled more about it and saw this forum:\r<br />\n<a href=\"http://www.juce.com/forum/topic/how-does-sample-accurate-host-plugin-automation-work\" rel=\"nofollow\">http://www.juce.com/forum/topic/how-does-sample-accurate-host-plugin-automation-work</a>\r<br />\n<br />\nAnd it seems that FL studio and other DAW application splits the buffer size to smaller Peaces to get an accurate animation.\r<br />\nBut I will do that as well and continue with my application :)<br />\n",
    "PostedDate": "2015-02-21T12:54:16.207-08:00",
    "UserRole": null,
    "MarkedAsAnswerDate": null
  },
  {
    "Id": "1354672",
    "ThreadId": "581521",
    "Html": "In the case of parameter automation, the host calls into the plugin with a SetParameter method just before Process(replacing). That means that the new parameter value is active for the entire block (BlockSize) of samples that is passed. That means that parameter value changes are not sample accurate. To remedy this, the current sample block is split on the moment the paramater change has to happen. So the first call to Process only contains the sample before the parameter change, then the parameter is changed and then a second call to Process to handle the samples after the parameter change. \r<br />\n<br />\nImportant to note is that you should always look at the actual size of the buffer that is passed to Process - for it can be smaller than the BlockSize occasionally.\r<br />\n<br />\nHope it helps,\r<br />\nMarc<br />\n",
    "PostedDate": "2015-02-21T23:43:35.007-08:00",
    "UserRole": null,
    "MarkedAsAnswerDate": null
  },
  {
    "Id": "1354674",
    "ThreadId": "581521",
    "Html": "Aahh ahokey now I got it! Thank you very much! Now back to work! :)<br />\n",
    "PostedDate": "2015-02-21T23:57:27.53-08:00",
    "UserRole": null,
    "MarkedAsAnswerDate": null
  }
]