[
  {
    "Id": "474659",
    "ThreadId": "221975",
    "Html": "Hi,\r\nI'm writing an VST instrument. I've implemented both MidiProcessor and AudioProcessor according to samples codes and documentation. I tested MidiProcessor and it works correctly. Then I copied code from documentation (sends data from input channel to output channel) but in host application (Cubase SX 3), it doesn't produce any sound. I'm pasting my code. Please, could you help me and tell me where's the problem? Thanks very much.<br><br>\r\n\r\ninternal class Plugin : VstPluginWithInterfaceManagerBase<br>\r\n    {<br>\r\n        public Core Core { get; private set; }<br>\r\n<br>\r\n        public Plugin(): base(<br>\r\n            &quot;VSTi&quot;, new VstProductInfo(&quot;VSTi&quot;, &quot;olesh&quot;, 0900), VstPluginCategory.Synth, VstPluginCapabilities.NoSoundInStop,  0, 36373435)<br>\r\n        {<br>\r\n            Core = new Core();<br>\r\n        }<br>\r\n\r\n        protected override IVstPluginAudioProcessor CreateAudioProcessor(IVstPluginAudioProcessor instance)<br>\r\n        {<br>\r\n            if (instance == null) return new AudioProcessor(this);<br>\r\n            return base.CreateAudioProcessor(instance);<br>\r\n        }<br>\r\n<br>\r\n        protected override IVstMidiProcessor CreateMidiProcessor(IVstMidiProcessor instance)<br>\r\n        {<br>\r\n            if (instance == null) return new MidiProcessor(this);<br>\r\n            return base.CreateMidiProcessor(instance);<br>\r\n        }<br>\r\n    }<br>\r\n<br>\r\ninternal class AudioProcessor : IVstPluginAudioProcessor<br>\r\n    {<br>\r\n        private Plugin plugin;<br>\r\n        <br>\r\n        public AudioProcessor(Plugin plugin)<br>\r\n        {<br>\r\n            this.plugin = plugin;<br>\r\n        }<br>\r\n<br>\r\n        public void Process(VstAudioBuffer[] inputs, VstAudioBuffer[] outputs)<br>\r\n        {<br>\r\n            VstAudioBuffer input = inputs[0];<br>\r\n            VstAudioBuffer output = outputs[0];<br>\r\n<br>\r\n            for (int index = 0; index &lt; output.SampleCount; index++)<br>\r\n            {<br>\r\n                output[index] = input[index];<br>\r\n            }<br>\r\n<br>\r\n            input = inputs[1];<br>\r\n            output = outputs[1];<br>\r\n<br>\r\n            for (int index = 0; index &lt; output.SampleCount; index++)<br>\r\n            {<br>\r\n                output[index] = input[index];<br>\r\n            }<br>\r\n<br>\r\n        }<br>\r\n        <br>\r\n        public bool SetPanLaw(VstPanLaw vpl, float f)<br>\r\n        {<br>\r\n            return false;<br>\r\n        }<br>\r\n<br>\r\n        public int BlockSize { get; set; }<br>\r\n        public int InputCount<br>\r\n        {<br>\r\n            get { return 2; }<br>\r\n        }<br>\r\n        public int OutputCount<br>\r\n        {<br>\r\n            get { return 2; }<br>\r\n        }<br>\r\n        public float SampleRate { get; set; }<br>\r\n        public int TailSize<br>\r\n        {<br>\r\n            get { return 0; }<br>\r\n        }<br>\r\n    }<br>",
    "PostedDate": "2010-07-30T03:04:58.897-07:00",
    "UserRole": null,
    "MarkedAsAnswerDate": null
  },
  {
    "Id": "474675",
    "ThreadId": "221975",
    "Html": "<blockquote style=\"border:solid .1em #ccc;font-style:italic;margin:.25em 1em 0 1em;padding:0 .25em 0 .25em\"><strong>olesh wrote:</strong><br>Hi, I'm writing an VST instrument. I've implemented both MidiProcessor and AudioProcessor according to samples codes and documentation. I tested MidiProcessor and it works correctly.\r\n<p>Then I copied code from documentation (sends data from input channel to output channel) but in host application, it doesn't produce any sound. <br>I'm pasting my code. Please, could you help me and tell me where's the problem?</p>\r\n<p>Thanks very much.</p>\r\n<p>internal class Plugin : VstPluginWithInterfaceManagerBase<br>{<br>&nbsp; &nbsp;public Core Core { get; private set; }<br>&nbsp; &nbsp;public Plugin(): base( &quot;VSTi&quot;, new VstProductInfo(&quot;VSTi&quot;, &quot;olesh&quot;, 0900), VstPluginCategory.Synth, VstPluginCapabilities.NoSoundInStop, 0, 36373435)<br>&nbsp; &nbsp;{ Core = new Core(); }&nbsp;<br>&nbsp;&nbsp;&nbsp;protected override IVstPluginAudioProcessor CreateAudioProcessor(IVstPluginAudioProcessor instance)<br>&nbsp; &nbsp;{<br>&nbsp;&nbsp;&nbsp; &nbsp;if (instance == null) return new AudioProcessor(this);<br>&nbsp;&nbsp;&nbsp; &nbsp;return base.CreateAudioProcessor(instance);<br>&nbsp; &nbsp;}<br>&nbsp; &nbsp;protected override IVstMidiProcessor CreateMidiProcessor(IVstMidiProcessor instance)<br>&nbsp; &nbsp;{<br>&nbsp;&nbsp;&nbsp; &nbsp;if (instance == null) return new MidiProcessor(this);<br>&nbsp;&nbsp; &nbsp;return base.CreateMidiProcessor(instance);<br>&nbsp; &nbsp;}<br>}<br><br>internal class AudioProcessor : IVstPluginAudioProcessor<br>{<br>&nbsp; &nbsp;private Plugin plugin;<br>&nbsp; &nbsp;public AudioProcessor(Plugin plugin)<br>&nbsp; { this.plugin = plugin; }<br>&nbsp; &nbsp;public void Process(VstAudioBuffer[] inputs, VstAudioBuffer[] outputs)<br>&nbsp; &nbsp;{<br>&nbsp; &nbsp;&nbsp; VstAudioBuffer input = inputs[0];<br>&nbsp; &nbsp; &nbsp;VstAudioBuffer output = outputs[0];<br>&nbsp;&nbsp;&nbsp; &nbsp;for (int index = 0; index &lt; output.SampleCount; index++)<br>&nbsp; &nbsp; &nbsp;{<br>&nbsp;&nbsp;&nbsp; &nbsp; &nbsp;output[index] = input[index];<br>&nbsp; &nbsp; &nbsp;}<br>&nbsp;&nbsp;&nbsp; &nbsp;input = inputs[1]; <br>&nbsp; &nbsp;&nbsp; output = outputs[1]; <br>&nbsp;&nbsp;&nbsp; &nbsp;for (int index = 0; index &lt; output.SampleCount; index++)<br>&nbsp; &nbsp; &nbsp;{ output[index] = input[index]; }<br>&nbsp;&nbsp;&nbsp; }<br>&nbsp; &nbsp;public bool SetPanLaw(VstPanLaw vpl, float f)<br>&nbsp; &nbsp;{ return false; } <br>&nbsp; public int BlockSize { get; set; } <br>&nbsp; public int InputCount { get { return 2; } }<br>&nbsp;&nbsp;public int OutputCount { get { return 2; } }<br>&nbsp; &nbsp;public float SampleRate { get; set; }<br>&nbsp; &nbsp;public int TailSize { get { return 0; } }<br>}</p>\r\n</blockquote>\r\n<p>I took the liberty to format the text a bit, otherwise it was impossible to read.</p>\r\n<p>Well, a VST instrument is a Plugin that converts midi notes to audio. So you have to generate audio in the AudioProcessor. I don't think many host applications will supply audio to a VSTi (although they should when it has inputs) so copying input to output will not likely&nbsp;result in sound. You have to queue up those midi events that your plugin receives (ProcessEvents) and produce sounds for those events during AudioProcessor.Process. The MidiNoteSampler sample sort of does this (and it also records).</p>\r\n<p>One easy way to check if all is working is to fill the output buffers with random numbers (this will sound terrible) when you receive midi input. Then at least you can check if the host wires your plugin correctly.</p>\r\n<p>Hope it helps.</p>",
    "PostedDate": "2010-07-30T03:22:26.047-07:00",
    "UserRole": null,
    "MarkedAsAnswerDate": null
  },
  {
    "Id": "474699",
    "ThreadId": "221975",
    "Html": "Hi, I tried it but it also doesn't work. Do you have any idea where the problem could be?",
    "PostedDate": "2010-07-30T04:43:29.013-07:00",
    "UserRole": null,
    "MarkedAsAnswerDate": null
  },
  {
    "Id": "474700",
    "ThreadId": "221975",
    "Html": "<p>No sorry, not without seeing more code...</p>",
    "PostedDate": "2010-07-30T04:48:46.493-07:00",
    "UserRole": null,
    "MarkedAsAnswerDate": null
  },
  {
    "Id": "474743",
    "ThreadId": "221975",
    "Html": "Here is all of it:<br>\r\n<a href=\"http://olesh.czechian.net/Core.cs\">Core</a><br>\r\n<a href=\"http://olesh.czechian.net/Plugin.cs\">Plugin</a><br>\r\n<a href=\"http://olesh.czechian.net/SoundFont.cs\">Soundfont</a><br>",
    "PostedDate": "2010-07-30T06:32:43.66-07:00",
    "UserRole": null,
    "MarkedAsAnswerDate": null
  },
  {
    "Id": "474978",
    "ThreadId": "221975",
    "Html": "<p>In your Core class you set the canPlay flag to false in ProcessNoteOnEvent (last statement). So during the Core.PlayAudio method (called from the AudioProcessor) all logic for playing the sound is skipped.</p>\r\n<p>Did I interpret this correcly?</p>\r\n<p>Hope it helps.</p>",
    "PostedDate": "2010-07-31T00:08:16.017-07:00",
    "UserRole": null,
    "MarkedAsAnswerDate": null
  },
  {
    "Id": "475023",
    "ThreadId": "221975",
    "Html": "<p>Hi, I re-writed my code, because after reading your answer I realised that it doesn't make sense. I tried the simplest function you recommanded (random numbers) and now it plays something. Thank you very much.</p>\r\n<p>By the way, your work is brilliant ;-) thanks also for that.</p>",
    "PostedDate": "2010-07-31T07:57:51.097-07:00",
    "UserRole": null,
    "MarkedAsAnswerDate": null
  }
]