[
  {
    "Id": "120618",
    "ThreadId": "36360",
    "Html": "Hi,<br>\r\nI'm totally new to VST.NET.<br>\r\nI have downloaded the &quot;<a id=\"ctl00_ctl00_Content_TabContentPanel_Content_ReleasePanelOrderingContainer_ReleaseFilesCtrl_FileList_ctl02_FileNameLink\" tabindex=9>VST.NET Samples Source Code and Help</a>&quot;.<br>\r\nI use http://www.hermannseib.com/programs/<em>vsthostsrc</em>.zip host.<br>\r\nAll sorts of plugins that i have found on the internet work with this host without any issues, but when I try to load Jacobi.vst.Delay.dll nothing happens.<br>\r\nWhat am I doing wrong?<br>\r\nThanks in advance for any support.<br>\r\n",
    "PostedDate": "2008-09-24T06:15:06.563-07:00",
    "UserRole": null,
    "MarkedAsAnswerDate": null
  },
  {
    "Id": "120635",
    "ThreadId": "36360",
    "Html": "Ok, nevermind, I got confused by the documentation as I am not an English native speaker.<br>\r\n<br>\r\n",
    "PostedDate": "2008-09-24T07:17:05.713-07:00",
    "UserRole": null,
    "MarkedAsAnswerDate": null
  },
  {
    "Id": "120998",
    "ThreadId": "36360",
    "Html": "Did you get confused by the VST.NET documentation or your Host's?<br>\r\n<br>\r\nIf it was the VST.NET documentation that was not clear, could you please indicate the section?<br>\r\nThen I can fix it.<br>\r\n<br>\r\nThanx.\r\n",
    "PostedDate": "2008-09-25T09:37:15.56-07:00",
    "UserRole": null,
    "MarkedAsAnswerDate": null
  },
  {
    "Id": "137043",
    "ThreadId": "36360",
    "Html": "Hello,<br>\r\n<br>\r\nI also suffer from the same problem. I only downloaded the examples (I haven't installed visual studio yet) and cannot get the VST plugin to get recognized in my host (ableton live 7.0.12).<br>\r\nDo I need to do something special? If so, could you please let me know what to do?<br>\r\nI have tried dragging (as an admin in windows vista) to the windows/assembly directory but it fails to do so.<br>\r\n<br>\r\nI haven't seen any instructions on how to do this in either the .chm help file, nor in the Home--&gt;VST Samples section.<br>\r\n<br>\r\nAny help would be greatly appreciated.<br>\r\n<br>\r\nDimitris<br>\r\n<br>\r\nPS. Many thanks for your wonderful effort in this project!<br>\r\n",
    "PostedDate": "2008-12-02T13:19:47.907-08:00",
    "UserRole": null,
    "MarkedAsAnswerDate": null
  },
  {
    "Id": "137365",
    "ThreadId": "36360",
    "Html": "Hi Dimitris,<br>\r\n<br>\r\nI'm not that very familiar with Live 7, but in the Preferences dialog (from menu) on the File Folder tab there is a VST Plugin Custom folder setting with a browse button next to it. I think I managed to get it working to point that folder to my &quot;_SharedAssemblies&quot; folder...<br>\r\n<br>\r\nI also renamed all *.net.dll files (that contain the managed plugin code) to *.net.vstdll. This will prevent the host from trying to load the dll's that are not actual VST plugins. The Loader will load both .net.dll as .net.vstdll assemblies.<br>\r\n<br>\r\nIt is a known defect that the CorePlugin sample does not load/run correctly in Ableton Live. I have no idea why this is and have had no time to find out why.<br>\r\n<br>\r\nHope this will get you going.\r\n",
    "PostedDate": "2008-12-03T11:26:40.91-08:00",
    "UserRole": null,
    "MarkedAsAnswerDate": null
  },
  {
    "Id": "138497",
    "ThreadId": "36360",
    "Html": "I'm also having trouble getting the sample vst recognized by cakewalk. I'm using the 0.5 bin release.<div><br></div><div>I'm using the instructions <a href=\"http://www.codeplex.com/vstnet/Wiki/View.aspx?title=Using VST.NET&referringTitle=Home\">http://www.codeplex.com/vstnet/Wiki/View.aspx?title=Using%20VST.NET&amp;referringTitle=Home </a>as my guide.</div><div><br><div>I took Jacobi.Vst.Interop.dll and renamed it to DelayTest.dll</div><div><br></div><div>Then I took the Jacobi.Vst.Samples.Delay.dll and renamed it to DelayTest.net.vstdll </div><div><br></div><div>Both of these went into the Cakewalk VST directory. Upon a re-scan in cakewalk, it complains that &quot;DelayTest&quot; had a failure point that was reported as &quot;Main Call&quot;</div><div><br></div><div>Note I wasn't able to install the Core &amp; Framework DLLs into GAC for a reason I cannot yet figure out. Is the reason the cakewalk is complaining due to the fact that the core dll isn't in the gac? Is anyone aware if this has been used with Cakewalk?<br></div><div><br></div><div>Thanks, vst.net looks really, really promising.</div></div>",
    "PostedDate": "2008-12-07T22:14:22.097-08:00",
    "UserRole": null,
    "MarkedAsAnswerDate": null
  },
  {
    "Id": "138855",
    "ThreadId": "36360",
    "Html": "Here's a quick update. <div><br></div><div>I took Jacobi.Vst.Interop.dll and renamed it to DelayTest.dll</div><div><br></div><div>I took the Jacobi.Vst.Samples.Delay.dll and renamed it to DelayTest.net.dll</div><div><br></div><div>I copied the dll from the core and framework dirs to the same directory as above. Thus, there were 4 dlls in total in that directory. And again, the directory was a sub dir in a vst dir that cakewalk had setup.</div><div><br></div><div>Upon scan, cakewalk asked zero questions. It's looks to not care about other dlls in the dir, so no need to use the vstdll naming.</div><div><br></div><div>Upon re-scan completion, I was able to drop the delay into an effects biin. However, it's not delay. But I did see the simple delay UI come up. It's making some zipper noise when the delay slider is adjusted, and the left audio seems to go quite when the delay is activated. I'll try to figure out what's up next when I try to build my own dlls.</div><div><br></div><div>But for those with cakewalk, it loads no problem.</div>",
    "PostedDate": "2008-12-08T22:05:31.253-08:00",
    "UserRole": null,
    "MarkedAsAnswerDate": null
  },
  {
    "Id": "138969",
    "ThreadId": "36360",
    "Html": "Hi Seattledev,<br>\r\n<br>\r\nThe Core and the Framework assemblies should be either in the GAC or in the same folder as the renamed interop assembly (DelayTest.dll in your case). So that is probably the reason why it worked in you second scenario. It is strange you can't register the assemblies in the GAC though. Try the Core first and then the Framework assembly (Framework is dependend on Core). Just drag and drop them in the Windows/assembly folder.<br>\r\n<br>\r\nI cannot explain the zipper noise. I never tested with cakewalk though. I primarily used vsthost.exe for testing. One way to find out what is happening is attaching a debugger (visual studio for instance) to the cakewalk process and set break points in the sample code.<br>\r\n<br>\r\nKeep us posted how you're doing.\r\n",
    "PostedDate": "2008-12-09T08:05:50.903-08:00",
    "UserRole": null,
    "MarkedAsAnswerDate": null
  },
  {
    "Id": "149769",
    "ThreadId": "36360",
    "Html": "Hi obiwanjacobi,<br>\r\n<br>\r\nEven a newbie like me, using the instructions in this thread, could get the Delay VST up and running in no time! Great :-)<br>\r\nWhen trying to pull the same trick for the Sample player VSTi, the following error popped up in the host (Reaper):<br>\r\n<br>\r\nVST.NET Error<br>\r\nSystem.InvalidOperationException: The plugin returned a name that is too long.<br>\r\nby Jacobi.Vst.Framework.Plugin.StdPluginCommandStub.GetEffectName()<br>\r\nby PluginCommandProxy.Dispatch(Int32 opcode, Int32 index, Int32 value, Void% ptr, Single opt)<br>\r\n<br>\r\nHELP!!!\r\n",
    "PostedDate": "2009-01-22T07:37:29.633-08:00",
    "UserRole": null,
    "MarkedAsAnswerDate": null
  },
  {
    "Id": "150097",
    "ThreadId": "36360",
    "Html": "<p>I think you've found a bug.</p>\r\n<p>Go into the source code of the sample and reduce the size of the effect name. Recompile and you should be ok.</p>\r\n<p>I will fix this in the next release.</p>\r\n<p>Thanx,<br>\r\nMarc</p>\r\n",
    "PostedDate": "2009-01-22T23:46:59.917-08:00",
    "UserRole": null,
    "MarkedAsAnswerDate": null
  }
]