[
  {
    "Id": "192909",
    "ThreadId": "57090",
    "Html": "<p>Hello,</p>\r\n<p>First of all, congrats with the excellent project!</p>\r\n<p>In the MidiNoteMapper sample, the midi is sent to the host using a dummy audio processor. Why don't you send the data to the host directly from the Process function of the MidiProcessor?</p>",
    "PostedDate": "2009-05-21T12:07:07.14-07:00",
    "UserRole": null,
    "MarkedAsAnswerDate": null
  },
  {
    "Id": "193660",
    "ThreadId": "57090",
    "Html": "<p>Thanx!</p>\r\n<p>The Dummy Audio Processor in the MidiNoteMapper sample is to&nbsp;fool some hosts who like also to have an audio processing part to a plugin. And it also demonstrates how to do such a dummy Audio&nbsp;Processor.</p>",
    "PostedDate": "2009-05-24T04:44:47.22-07:00",
    "UserRole": null,
    "MarkedAsAnswerDate": null
  }
]