[
  {
    "Id": "215892",
    "ThreadId": "63485",
    "Html": "<p>I'm quite anxious to try the sample plug in, but have no luck loading it into either of &nbsp;two hosts, CuBase LE4&nbsp;nor Brainspawn's Forte ( a very usful performance tool that accomodates a wide variety of plugins).&nbsp; Any thing I should know that is getting in the way?&nbsp; Thanks,</p>",
    "PostedDate": "2009-07-24T16:14:05.683-07:00",
    "UserRole": null,
    "MarkedAsAnswerDate": null
  },
  {
    "Id": "216105",
    "ThreadId": "63485",
    "Html": "<p>Can you describe the steps you took?</p>\r\n<p>Cubase will probably never work, for it is notoriously stuborn with VST 2.4 midi plugins (it only sees plugins based on the Module Architecture as midi plugins).</p>",
    "PostedDate": "2009-07-25T23:40:50.113-07:00",
    "UserRole": null,
    "MarkedAsAnswerDate": null
  }
]