[
  {
    "Id": "416252",
    "ThreadId": "204412",
    "Html": "<p>Hello, I hope it's not a dumb question as I don't have much experience with dll loading. I created some VST plugins using vst.net and I have problems loading them with common DAW's like WaveLab or Cubase. Both WaveLab and Cubase require that plugins are located in a special folder - in my case C:\\Program Files\\Steinberg\\Vstplugins and they reject any other .dll in that folder that is NOT a vst plugin.</p>\r\n<p>My problem is, I cannot load essential dll's to make my plugin work. In my recent projects (not VST) I used the AppDomain.CurrentDomain.AssemblyResolve += new ResolveEventHandler(CurrentDomain_AssemblyResolve) mechanism to load dll's stored in a different folder than program's run folder. But those projets were stand-alone .net programs.</p>\r\n<p>I can run my plugins without problems with DAW's that have the ability to manually specify VST plugin path (like ASIO FX Processor LE).</p>\r\n<p>I think that AssemblyResolve event should work even in case of VST plugins, but I don't know when dll loader actually loads all necessary dll's. In case of stand-alone program I make subscription to AssemblyResolve event in the first code line of static void Main() routine.</p>\r\n<p><br>public class MyVstInterface : IVstPluginCommandStub<br>{<br>&nbsp;&nbsp; private VstPluginInfo _pluginInfo;<br>&nbsp;&nbsp; private IVstHostCommandStub _hostStub;<br>&nbsp;&nbsp; private WinFormsWrapper&lt;MyVstControl&gt; _editorCtrl; // MyVstControl implements all DSP stuff and references additional dll's.<br>&nbsp;&nbsp; private float[] inputBuffer;<br>&nbsp;&nbsp; private float[] outputBuffer;</p>\r\n<p>&nbsp;&nbsp; public MyVstInterface()<br>&nbsp;&nbsp; {<br>&nbsp;&nbsp;&nbsp;&nbsp;&nbsp; AppDomain.CurrentDomain.AssemblyResolve += new ResolveEventHandler(CurrentDomain_AssemblyResolve);<br>&nbsp;&nbsp;&nbsp;&nbsp;&nbsp; _editorCtrl = new WinFormsWrapper&lt;MyVstControl&gt;();<br>&nbsp;&nbsp;&nbsp;&nbsp;&nbsp; // Custom code follows...<br>&nbsp;&nbsp; }</p>\r\n<p>&nbsp;&nbsp; private System.Reflection.Assembly CurrentDomain_AssemblyResolve(object sender, ResolveEventArgs args)<br>&nbsp;&nbsp; {<br>&nbsp;&nbsp;&nbsp;&nbsp;&nbsp; System.Windows.Forms.MessageBox.Show(&quot;Dll loading failed!&quot;);<br>&nbsp;&nbsp;&nbsp;&nbsp;&nbsp; return null;<br>&nbsp;&nbsp; }</p>\r\n<p>&nbsp;&nbsp; // Implementation code follows...<br>}</p>\r\n<p>If I delete some&nbsp;essential dll's for test purpose and run the plugin, I get VST.NET Error message box with quite long error description instead of &quot;Dll loading failed!&quot; message.</p>\r\n<p>I do not like the solution with GAC or config files, but if it is the only one, I&nbsp;have to&nbsp;accept it.</p>\r\n<p>Any suggestions? Tnx in advance, An</p>",
    "PostedDate": "2010-03-10T00:37:18.533-08:00",
    "UserRole": null,
    "MarkedAsAnswerDate": null
  },
  {
    "Id": "416262",
    "ThreadId": "204412",
    "Html": "<p>Hi An,</p>\r\n<p>I use Cubase (SX 2.0) myself as a test host and it works fine. I must say that my VST.NET assemblies <span style=\"text-decoration:underline\">are</span> registered in the GAC.</p>\r\n<p>But it should also be possible that all dependent assemblies (inlcuding VST.NET asemblies) are located in the plugin directory. So in theory you should be able to create a seperate (sub) folder for each individual plugin and version/manage all dependencies independent of other plugins.</p>\r\n<p>The&nbsp;VST.NET boot-up code also hooks up onto the AssemblyResolve event on the current Domain (see the AssemblyLoader class in Interop). It uses the passed-in assembly name to look for it in the plugin folder (that is the same folder that contains the renamed Jacobi.Vst.Interop assembly as well as your custom managed plugin assembly).</p>\r\n<p>So I would not hook onto the AssemblyResolve event yourself and return null. That might bypass the code thats in the VST.NET AssemblyLoader.</p>\r\n<p>You could try to register the Jacobi.Vst.Core and Jacobi.Vst.Framework assemblies in the GAC and try again.</p>\r\n<p>If nothing works, send me your assemblies and I will try to find out whats wrong (time permitting).</p>\r\n<p>Hope it helps.</p>\r\n<p>&nbsp;Marc Jacobi</p>",
    "PostedDate": "2010-03-10T01:05:26.713-08:00",
    "UserRole": null,
    "MarkedAsAnswerDate": null
  },
  {
    "Id": "416280",
    "ThreadId": "204412",
    "Html": "<p>Hi Marc, tnx for fast reply.</p>\r\n<p>In my demo code I just returned null for compilers's sake to see whether execution steps inside... I svn the latest source code and I have problems compiling it. (Interop project). Compiler returns 60 build errors, for ex:</p>\r\n<p>error C2039: 'MidiData' : is not a member of 'Jacobi::Vst::Core::VstMidiEvent'</p>\r\n<p>error C2227: left of '-&gt;Length' must point to class/struct/union/generic type</p>\r\n<p>tnx</p>",
    "PostedDate": "2010-03-10T01:58:31.31-08:00",
    "UserRole": null,
    "MarkedAsAnswerDate": null
  },
  {
    "Id": "416292",
    "ThreadId": "204412",
    "Html": "<p>Oh shoot!</p>\r\n<p>I refactored the VstEvent hierarchy but forgot to update the samples and Interop! I'll fix that tonight. Sorry 'bout that</p>",
    "PostedDate": "2010-03-10T02:35:24.753-08:00",
    "UserRole": null,
    "MarkedAsAnswerDate": null
  },
  {
    "Id": "416297",
    "ThreadId": "204412",
    "Html": "<p>Hi again!</p>\r\n<p>Using the 36975 build I managed to compiled it.</p>\r\n<p>// The handler that resolves assemblies.<br>System::Reflection::Assembly^ AssemblyLoader::LoadAssembly(System::Object^ sender, System::ResolveEventArgs^ e)<br>{<br>&nbsp;&nbsp; array&lt;System::String^&gt;^ parts = e-&gt;Name-&gt;Split(',');<br>&nbsp;&nbsp; //System::Windows::Forms::MessageBox::Show(&quot;WUHU : &quot;+e-&gt;Name);<br>&nbsp;&nbsp; <span style=\"color:#ff0000\">System::String^ fileName = &quot;D:/xx/&quot;+parts[0] + &quot;.dll&quot;; // Here I specified my additional libs path...<br></span>&nbsp;&nbsp; return System::Reflection::Assembly::LoadFile(System::IO::Path::Combine(_baseDir, fileName));<br>}</p>\r\n<p>I added the path manually and now everything works. Only the two files of each plugin must now&nbsp;be in effect's folder; myPlugin.dll and myPlugin.net.vstdll. All my available (farely OLD) test DAWs accept that. Technically problem solved.</p>\r\n<p>My custom subscription to the assembly resolve event in was in fact made too late. Question is, is it somehow possible that vst.net passes this event to the user-side (where actual plugin is implemented) so the user can handle resolve it in a custom way?</p>\r\n<p>tnx an</p>",
    "PostedDate": "2010-03-10T02:54:10.737-08:00",
    "UserRole": null,
    "MarkedAsAnswerDate": null
  },
  {
    "Id": "416307",
    "ThreadId": "204412",
    "Html": "<p>Great!</p>\r\n<p>Its very hard to promote this event to the plugin, because it happens during the loading of the plugin and its dependencies. So there is no (user-side) object yet to call.</p>\r\n<p>I could provide you with an option to configure extra (libs) dependency folders in .config? That could be a usefull feature. You would create a .config file with the same name as the host .exe. For instance: Cubase.exe.config and add the extra paths there.</p>\r\n<p>Thats about the best I can think of right now.</p>",
    "PostedDate": "2010-03-10T03:23:13.82-08:00",
    "UserRole": null,
    "MarkedAsAnswerDate": null
  },
  {
    "Id": "416335",
    "ThreadId": "204412",
    "Html": "<p>Hi Marc</p>\r\n<p>Since it is impossible to do something with the thing if it does not exist yet, config file is obviously the only choice. In my case GAC would not work as I have also unmanaged dlls to load. GAC also requires signed assemblies.</p>\r\n<p>myPlugin.dll.config should be the config file name. If it is present, AssemblyLoader&nbsp;should take care of dlls paths... otherwise all additional dlls are expected to be in the plugin folder. Simple, but how will format of cfg file look like?</p>\r\n<p>I think config files for each host like you stated is not a good idea. Plugin sholud load allways in the same way no matter what the host is and therefore config is related to plugin not to actual host.</p>\r\n<p>tnx an</p>",
    "PostedDate": "2010-03-10T04:48:44.05-08:00",
    "UserRole": null,
    "MarkedAsAnswerDate": null
  },
  {
    "Id": "416336",
    "ThreadId": "204412",
    "Html": "<p>Yeah, a config file per plugin would be great, but I never got that to work ;-) But I can look into that again.</p>\r\n<p>I was thinking of simply using one application setting in config that can hold &quot;;&quot;-separated paths...<br>Nice and simple.</p>",
    "PostedDate": "2010-03-10T05:01:07.217-08:00",
    "UserRole": null,
    "MarkedAsAnswerDate": null
  },
  {
    "Id": "416493",
    "ThreadId": "204412",
    "Html": "<p>Hi An,</p>\r\n<p>I hope the latest code will help you a bit. I have not looked into a per-plugin configuration yet, but at least you have some options now.</p>\r\n<p>There is a vstnetProbePaths appSettings key that can be used in the (exe)config to specify a semi-colon separated list of global probe paths.</p>\r\n<p>There are two new classes in Core.Plugin: The AssemblyLoader is a replacement for the class that was in Interop. It contains two collections of probe paths you can use to managed how assemblies are resolved. It also has a public CreateFileFinder method that returns a new FileFinder instance pre-filled with the probe paths from the AssemblyLoader. You can call this in you own code to find (custom) dependencies but still using the default probe paths. The FileFinder helps you to find files based on multiple paths and file extensions.</p>\r\n<p>If you have any questions, don't hesitate to ask.</p>\r\n<p>Hope it helps.</p>",
    "PostedDate": "2010-03-10T11:00:20.817-08:00",
    "UserRole": null,
    "MarkedAsAnswerDate": null
  },
  {
    "Id": "416502",
    "ThreadId": "204412",
    "Html": "<p>Hello Marc and thanks for all your effort with this.</p>\r\n<p>I have to check the latest source code. With build 36975 I managed to add some &quot;ResolveClass&quot; in Interop. that checks for possible library path resolves. But with that solution my custom &quot;Jacobi.Vst.LibraryPath.config&quot; must be present in run folder. It is then difficult to manage that config file in order to instal/uninstall plugins with Windows Installer. I'll check the latest.</p>\r\n<p>Tnx alot, an</p>",
    "PostedDate": "2010-03-10T11:22:21.567-08:00",
    "UserRole": null,
    "MarkedAsAnswerDate": null
  },
  {
    "Id": "416801",
    "ThreadId": "204412",
    "Html": "<p>I just realized that the current implementation is flawed...</p>\r\n<p>Will try to fix it ASAP.</p>\r\n<p>What is the problem with using a config file in combination with Windows Installer?</p>",
    "PostedDate": "2010-03-10T22:41:27.447-08:00",
    "UserRole": null,
    "MarkedAsAnswerDate": null
  },
  {
    "Id": "416935",
    "ThreadId": "204412",
    "Html": "<p>Hi Marc!</p>\r\n<p>Using the latest source code I am not able to open demo plugins any more (delay) with VST Host 1.47 and also any other unmanaged DAW. My managed (and Jacobi.Vst.Samples.Host.exe) host opens all my managed plugins without problems. I tried to attach to the process but with no success. With managed host I can go line by line through the code.</p>\r\n<p>I think current implementation is not flawed. The fact is, DAWs don't like any other dlls except VST dlls in plugin folder and things must somehow get linked together. It is very difficult to do a tool that will handle all cases with ease.&nbsp;If we look to some commercial plugins... there is a lot of stuff istalled behind simple dreamPlugin.dll. But I&nbsp;think that per-host config file is very unpractical to the end users.</p>\r\n<p>For my solution I added some helper class in your latest Core project that resolves for link paths according to &quot;config&quot; file that must be near myPlugind.dll and renamed interop copy. It must have name &quot;VST.DLL.PathResolve.cfg&quot;. If not present things go default way. There is ONE config file for all managed plugins in given&nbsp;plugin folder. Per-plugin config file will be great, but this is also acceptable.</p>\r\n<p>In the end I&nbsp;would just like to create installer, that drops plugins to given folder and&nbsp;creates appropriate&nbsp;config file (there will still be registry stuff involved).&nbsp;Plugins should then run without any effort. If someone&nbsp;manually moves plugin to different location -&gt; not my problem.</p>\r\n<p>There is in fact no problems with config files and Windows Installer. Install program must then have custom action program that creates apropriate config file according to &quot;prerequisite&quot; location.</p>\r\n<p>tnx an</p>",
    "PostedDate": "2010-03-11T05:47:07.47-08:00",
    "UserRole": null,
    "MarkedAsAnswerDate": null
  },
  {
    "Id": "416951",
    "ThreadId": "204412",
    "Html": "<p><span style=\"color:#000000\">Hi again!</span></p>\r\n<p><span style=\"color:#000000\">I think I </span><span style=\"color:#000000\">actually found &quot;clean&quot; solution for myself. If I comment the subscription to <span style=\"color:#008000;font-size:x-small\"><span style=\"color:#008000;font-size:x-small\"><span style=\"color:#000000\">AssemblyResolve event in Core I can subscript to that event in my plugin implementation and handle things all by myself. If that actually works it is the best solution of all.</span></span></span></span></p>\r\n<p><span style=\"color:#000000\"><span style=\"color:#008000;font-size:x-small\"><span style=\"color:#008000;font-size:x-small\"><span style=\"color:#000000\">an</span></span></span></span></p>",
    "PostedDate": "2010-03-11T06:24:37.65-08:00",
    "UserRole": null,
    "MarkedAsAnswerDate": null
  },
  {
    "Id": "417144",
    "ThreadId": "204412",
    "Html": "<p>Hi An,</p>\r\n<p>I've checked in some new code that seems to be working ok. The Core assembly is now resolved by the Bootstrapper class (Interop) and the AssemblyLoader (in Core) takes over from there. The bootstrapper also looks at the vstnetProbePaths in the appSettings of the (exe)config.</p>\r\n<p>My next step is to also allow plugin specific config. This would give you enough options to do your custom dependency loading I think, will it not?</p>\r\n<p>NOTE: Remember that VST.NET has a LGPL license. That means you can use the binaries in any way you want, but as soon as you (re)use or change the source code, your code has to become open source as well!</p>",
    "PostedDate": "2010-03-11T12:52:36.82-08:00",
    "UserRole": null,
    "MarkedAsAnswerDate": null
  },
  {
    "Id": "417159",
    "ThreadId": "204412",
    "Html": "<p>Tnx a lot!</p>\r\n<p>I have read and I understand the LGPL license. My projects related to VST technology are (for now) for my personal usage only and are not intended to be exposed to the public in any case. I use vst net to learn the VST technology and to investigate the benefit of migrating&nbsp;my sealed DSP system to VST. &nbsp;And right now I am quite far away from anything other than strictly personal usage.</p>\r\n<p>Plugin specific config would be a great thing indeed, but in general I planed even more granular solution. This has nothing to do with vst .net. Actual plugin implementation must be responsible for its own linking and rigth now I work on dynamic runtime linking of all stuff my plugin needs.</p>\r\n<p>an</p>",
    "PostedDate": "2010-03-11T13:28:56.123-08:00",
    "UserRole": null,
    "MarkedAsAnswerDate": null
  },
  {
    "Id": "417361",
    "ThreadId": "204412",
    "Html": "<p>Personal use is&nbsp;ok of course&nbsp;;-)</p>\r\n<p>Even when the (managed) plugin wants to take care of its own dependency loading, I still want them to be able to reuse the plumbing VST.NET already does. That is why AssemblyLoader and FileFinder classes are public.</p>\r\n<p>I already started work on the plugin specific config and its a lot simpeler than I thought. My current train of thought (and impl ;-) is:</p>\r\n<p>- The config name is the same name as the renamed Jacobi.Vst.Interop name (so MyPlugin.dll.config) and should be located next to that assembly.<br>- The plugin specific config can also contain the vstnetProbePaths appSettings config and will be used by the AssemblyLoader (PrivateProbePaths).<br>- The full configuration is passed to the plugin (command stub) as a System.Configuration.Configuration object.</p>\r\n<p>That should allow the plugin to extract any custom config you might need. Problem is that non of the standard configuration features of the .NET framework will work (as far as I can see). This means that you cannot configure (say) diagnostics trace listeners in the plugin specific config and expect the System.Diagnostics.Trace class to know about it. AFAIK the .NET framework alsway looks at the main (exe) config.</p>\r\n<p>When i've got this working I also plan to introduce an appSettings key that allows you to name the managed plugin assembly so you can override the naming convention that VST.NET currently uses (.net.dll/.net.vstdll).</p>\r\n<p>How does this sound? usefull?</p>",
    "PostedDate": "2010-03-12T02:58:06.687-08:00",
    "UserRole": null,
    "MarkedAsAnswerDate": null
  },
  {
    "Id": "417609",
    "ThreadId": "204412",
    "Html": "<p>I (think I) got the plugin config working. There are still some small 'issues' I want to iron out, but it should be usable at its current state.&nbsp;</p>\r\n<p>Its pretty simple: next to your renamed Interop assembly you place a config file with the same name and a .config extension. So MyPlugin.dll and MyPlugin.dll.config.</p>\r\n<p>The appSetting 'vstnetProbePaths' can be specified in the config file and will be used for assembly resolvement (also VST.NET assemblies when its the first time). The System.Configuration.Configuration object is assigned to the plugin Command Stub and accessable just after the ctor has executed.</p>\r\n<p>Give it a spin and tell me what you think.</p>",
    "PostedDate": "2010-03-12T12:09:34.973-08:00",
    "UserRole": null,
    "MarkedAsAnswerDate": null
  },
  {
    "Id": "417866",
    "ThreadId": "204412",
    "Html": "<p>Hello Marc!</p>\r\n<p>I also noticed Trace class only looks after exe config. (To extract actual App domain I think....). Your current plugin-specific MyPlugin.dll.config seem very OK to me. I'll give it a try as soon as possible.</p>\r\n<p>I tried things according to my latest post; -&gt;&nbsp;Actual plugin implementation must be responsible for its own linking and rigth now I work on dynamic runtime linking of all stuff my plugin needs. This statement is easy to write down but complicated to implement. It is possible, but in order to achieve that I would have to change my code a lot. -&gt; Working with System.Object class an invoking methods on it. UGLY. If you have one (stand alone) assembly to link my statement is OK. If that assembly internally references to other assemblies than you got UGLY things to do.</p>\r\n<p>Just one comment: if you don't use that AssemblyResolve event in your classes, than users can resolve linking problems themselve using it. With config file you solved linking problems of course, but in your way (which is good of course) but someone will more like some Registry oriented solution rather config file.</p>\r\n<p>an</p>",
    "PostedDate": "2010-03-14T01:06:04.963-08:00",
    "UserRole": null,
    "MarkedAsAnswerDate": null
  },
  {
    "Id": "417899",
    "ThreadId": "204412",
    "Html": "<p>Yep: I use the standard TraceSource object and that only takes its 'orders' from the .exe.config. I dont think any standard .NET config can be placed in the plugin dll.config and work automatically. But custom config will. See how I use the plugin dll.config (very simple) in a new wrapper plugin sample.</p>\r\n<p>I dont understand your dynamic linking comments. To my knowledge .NET only supports dynamic linking. It only becomes a problem when you deploy on non-default probe paths (like in VST.NET) and that can be fixed by handling the AssemblyResolve event. There is no need to abstract to system.object AFAIK.</p>\r\n<p>Would it be a good idea to implement a Detach method on the AssemblyResolver, so a plugin can always decide to inject their own assembly resolvement logic?</p>\r\n<p>Hope it helps.</p>",
    "PostedDate": "2010-03-14T06:46:48.68-07:00",
    "UserRole": null,
    "MarkedAsAnswerDate": null
  },
  {
    "Id": "417936",
    "ThreadId": "204412",
    "Html": "<p><span style=\"color:#000000\">When trying things with the latest source code after running a plugin (with .dll.cnfig file</span></p>\r\n<p><span style=\"color:#0000ff;font-size:x-small\"><span style=\"color:#000000\">&lt;?xml version=&quot;1.0&quot; encoding=&quot;utf-8&quot; ?&gt;<br>&lt;configuration&gt;<br>&nbsp; &lt;appSettings&gt;<br>&nbsp;&nbsp;&nbsp; &lt;add key=&quot;vstnetProbePaths&quot; value=&quot;D:myTestFolder\\VstKasRta\\bin\\Release&quot;/&gt;<br>&nbsp; &lt;/appSettings&gt;<br>&lt;/configuration&gt;</span></span></p>\r\n<p><span style=\"color:#0000ff;font-size:x-small\"><span style=\"color:#000000\">I got the following error message:</span></span></p>\r\n<p><span style=\"color:#0000ff;font-size:x-small\"><span style=\"color:#000000\">Could not laod file or assembly 'XYZ, Version=1.0.3400.39959, Cultur=neutral, PublicKeyToke=null' or one of its dependencies. Invalid pointer (Exception from HRESULT: 0x80004003 (E_POINTER))</span></span></p>\r\n<p><span style=\"color:#0000ff;font-size:x-small\"><span style=\"color:#000000\">ALL assemblies are in the folder specified by the config file and the thing runs properly if I put all dll's with actual plugin dll together and run it with vsthost 1.47</span></span></p>\r\n<p><span style=\"color:#0000ff;font-size:x-small\"><span style=\"color:#000000\">?? An</span></span></p>\r\n<p><span style=\"color:#0000ff;font-size:x-small\"><span style=\"color:#000000\">&nbsp;</span></span></p>",
    "PostedDate": "2010-03-14T10:29:00.603-07:00",
    "UserRole": null,
    "MarkedAsAnswerDate": null
  },
  {
    "Id": "417939",
    "ThreadId": "204412",
    "Html": "<p>All assemblies are in that folder?</p>\r\n<p>But not the renamed Interop and the config, right?</p>\r\n<p>If that is the case I would like to dbug that scenario. could you email me the assemblies?</p>\r\n<p>obiwanjacobi at hotmail dot com</p>\r\n<p>Thanx.</p>",
    "PostedDate": "2010-03-14T10:51:52.823-07:00",
    "UserRole": null,
    "MarkedAsAnswerDate": null
  },
  {
    "Id": "418013",
    "ThreadId": "204412",
    "Html": "<p>I created very simple demo project and the same thing happens. More info inside the&nbsp;sent project.</p>\r\n<p>Comment to my previous post:</p>\r\n<p>I tried things according to my latest post; -&gt;&nbsp;Actual plugin implementation must be responsible for its own linking and rigth now I work on dynamic runtime linking of all stuff my plugin needs. This statement is easy to write down but complicated to implement. It is possible, but in order to achieve that I would have to change my code a lot. -&gt; Working with System.Object class an invoking methods on it. UGLY. If you have one (stand alone) assembly to link my statement is OK. If that assembly internally references to other assemblies than you got UGLY things to do.</p>\r\n<p>Code snippet explains...</p>\r\n<p>private void doSomething()<br>{<br>&nbsp;&nbsp; Assembly assembly = Assembly.LoadFile(&quot;D:/myMagicDll.dll&quot;);<br>&nbsp;&nbsp; Type type = assembly.GetType(&quot;MagicLibrary.Processor&quot;);<br>&nbsp;&nbsp; ConstructorInfo ci = type.GetConstructor(Type.EmptyTypes);<br>&nbsp;&nbsp; object obj = ci.Invoke(null);<br>&nbsp;&nbsp; MethodInfo mi = type.GetMethod(&quot;Process&quot;);<br>&nbsp;&nbsp; object processResult = mi.Invoke(obj, new object[] { 1, 2 });<br>&nbsp;&nbsp; .<br>&nbsp;&nbsp; .<br>&nbsp;&nbsp; .<br>}</p>\r\n<p>If I have to reorganize my code, to (programmaticaly) dinamically link things together (using no referenced assemblies) then interacting between objects would be done like in the snippet. UGLY. So any other way is better. But in fact there is no Assembly resolver needed.</p>\r\n<p>an</p>",
    "PostedDate": "2010-03-14T15:39:48.457-07:00",
    "UserRole": null,
    "MarkedAsAnswerDate": null
  },
  {
    "Id": "418088",
    "ThreadId": "204412",
    "Html": "<p>This late binding that you do, can be a real performance drain. Why do you not want to take a (compile time) dependency on the types in myMagigDll?</p>\r\n<p>Another option could be to create a seperate assembly with just the interfaces (contracts) and use that to communicate. Thats basically what I do in VST.NET: Core contains the contracts, the managed plugin contains the implementation. The root class is created -the plugin command stub- by locating a public class that implements a certain interface. See the ManagedPluginFactory (Core.Plugin)</p>\r\n<p>I would not advice you to rewrite your code to use reflection/late binding like that.</p>",
    "PostedDate": "2010-03-15T00:24:53.093-07:00",
    "UserRole": null,
    "MarkedAsAnswerDate": null
  },
  {
    "Id": "418093",
    "ThreadId": "204412",
    "Html": "<p>Hello.</p>\r\n<p>At first I don't know whether your answer relates to project I sent to you by email or to &quot;doSomething&quot; code snippet.</p>\r\n<p>I agree that late binding could be a performance drain. I&nbsp;would not&nbsp;late-bind parts of code that gets executed many times in any way. The &quot;do something&quot; snippet is just an explanation to my post on <span id=\"ctl00_ctl00_MasterContent_Content_PostRepeater_ctl34_Timestamp\">Sun at 9:06 AM. If there is not any other chance to control binding (but there is, according to your per-plugin config file) then someone could actualy bind things together this way. This is NOT the way i bind things together.</span></p>\r\n<p><span>An</span></p>",
    "PostedDate": "2010-03-15T00:49:20.453-07:00",
    "UserRole": null,
    "MarkedAsAnswerDate": null
  },
  {
    "Id": "418145",
    "ThreadId": "204412",
    "Html": "<p>Hello again.</p>\r\n<p>I changed my code in a way everything binds at a compile time during the ctor of actual plugin implementation. Still with no success (i got some sort of argument null exception...).</p>\r\n<p>An</p>",
    "PostedDate": "2010-03-15T03:45:11.307-07:00",
    "UserRole": null,
    "MarkedAsAnswerDate": null
  },
  {
    "Id": "418152",
    "ThreadId": "204412",
    "Html": "<p>The constructor of the Plugin Command Stub is very early in the creation process. I do not understand the type of problem you're now facing but you might try moving you code from the ctor to the GetPluginInfo method.</p>\r\n<p>Perhaps a stack trace of the exception would clarify things for me?</p>",
    "PostedDate": "2010-03-15T04:00:18.507-07:00",
    "UserRole": null,
    "MarkedAsAnswerDate": null
  },
  {
    "Id": "418167",
    "ThreadId": "204412",
    "Html": "<p>I actually did that. Things work now.</p>\r\n<p>An</p>",
    "PostedDate": "2010-03-15T04:38:03.687-07:00",
    "UserRole": null,
    "MarkedAsAnswerDate": null
  },
  {
    "Id": "418179",
    "ThreadId": "204412",
    "Html": "<p>Great!</p>\r\n<p>Do I still need to look at the code you sent me?</p>",
    "PostedDate": "2010-03-15T05:13:57.393-07:00",
    "UserRole": null,
    "MarkedAsAnswerDate": null
  },
  {
    "Id": "418190",
    "ThreadId": "204412",
    "Html": "<p>Hello Marc</p>\r\n<p>Actually there's no need to look at that code... :). I think we are yet not far from things to run. When I try to load another managed plugin with my DAW I still get an exception. (VST.NET bootsraper something... quite long to write) When I&nbsp;load only one managed VST plugin thing work.</p>\r\n<p>an</p>",
    "PostedDate": "2010-03-15T05:46:46.053-07:00",
    "UserRole": null,
    "MarkedAsAnswerDate": null
  },
  {
    "Id": "418191",
    "ThreadId": "204412",
    "Html": "<p>You can copy the text from any message box to the clipboard by using Ctrl+Shift+C.</p>\r\n<p>Bootstrapper error means that something goes wrong at a very early stage. Are you sure Jacobi.Vst.Core can be found: <br>- either next to the plugin dll (renamed interop)<br>- probe path in exe.config<br>- probe path in dll.config</p>\r\n<p>Hope it helps.</p>",
    "PostedDate": "2010-03-15T05:50:06.783-07:00",
    "UserRole": null,
    "MarkedAsAnswerDate": null
  },
  {
    "Id": "418449",
    "ThreadId": "204412",
    "Html": "<p>Hello</p>\r\n<p>To make things clear I created test project and sent it to you by email. There are two VST projects VSTTest and VSTTest2. I can sucessfuly load each one of them using vsthost, but loading fails if I try to load both. All requirements are succeeded -&gt; valid config file and vst.core at probe path. Exception I get:</p>\r\n<p>System.IO.FileLoadException: Could not load file or assembly 'Jacobi.Vst.Core, Version=0.9.0.0, Culture=neutral, PublicKeyToken=null' or one of its dependencies. Invalid pointer (Exception from HRESULT: 0x80004003 (E_POINTER))</p>\r\n<p>File name: 'Jacobi.Vst.Core, Version=0.9.0.0, Culture=neutral, PublicKeyToken=null' ---&gt; System.ArgumentNullException: Value cannot be null.</p>\r\n<p>Parameter name: str</p>\r\n<p>&nbsp;&nbsp; at System.Security.Permissions.FileIOPermission.HasIllegalCharacters(String[] str)</p>\r\n<p>&nbsp;&nbsp; at System.Security.Permissions.FileIOPermission.AddPathList(FileIOPermissionAccess access, AccessControlActions control, String[] pathListOrig, Boolean checkForDuplicates, Boolean needFullPath, Boolean copyPathList)</p>\r\n<p>&nbsp;&nbsp; at System.Security.Permissions.FileIOPermission..ctor(FileIOPermissionAccess access, String path)</p>\r\n<p>&nbsp;&nbsp; at System.Reflection.Assembly.LoadFile(String path)</p>\r\n<p>&nbsp;&nbsp; at Jacobi.Vst.Core.Plugin.AssemblyLoader.CurrentDomain_AssemblyResolve(Object sender, ResolveEventArgs args)</p>\r\n<p>&nbsp;&nbsp; at System.AppDomain.OnAssemblyResolveEvent(String assemblyFullName)</p>\r\n<p>&nbsp;&nbsp; at Jacobi.Vst.Interop.VSTPluginMainInternal(Bootstrapper bootstrapper, IntPtr hostCallback)</p>\r\n<p>&nbsp;&nbsp; at Jacobi.Vst.Interop.VSTPluginMain(IntPtr hostCallback)</p>\r\n<p>I have also 2 questions stated in&nbsp;<span style=\"font-size:x-small\">GetPluginInfo method in the VSTTest project.</span></p>\r\n<p><span style=\"font-size:x-small\">This demo project DIFFERS from the one I sent yesterday. Same thing happens also with my regular .net vst plugins</span></p>\r\n<p><span style=\"font-size:x-small\">An</span></p>",
    "PostedDate": "2010-03-15T15:02:09.967-07:00",
    "UserRole": null,
    "MarkedAsAnswerDate": null
  },
  {
    "Id": "418817",
    "ThreadId": "204412",
    "Html": "<p>Hi An,</p>\r\n<p>I've checked in a fix for the problem of loading multiple VST.NET plugins at once. That should work now.</p>\r\n<p>FYI: you can subscribe multiple events to the AssemblyResolve event (checked the code with Reflector): the first event handler that returns non-null is the winner ;-)</p>\r\n<p>The problem with resolving the dependencies you bring in at runtime (button) is that all the temporary paths that the bootstrapper and AssemblyLoader use are cleared when the plugin is loaded. So You have to grab these paths from the AssemblyLoader.PrivateProbePaths either during the ctor of the plugin command stub or the GetPluginInfo method. You could also call the CreateFileFinder method on the AssemblyLoader at that point to retrieve an instance that also contains the global paths.</p>\r\n<p>With this information (either the private probe paths or the file finder) and your own event handler registered at the AppDomain.AssemblyResolve event, you should be able to locate these runtime dependencies.</p>\r\n<p>Let me know if you run into any more trouble and thanx for sticking with this and helping me to get this working properly.</p>\r\n<p>BTW: the path to the renamed interop assembly is added to the private probe paths during loading, so a config with a vstnetProbePath setting specifying the same path, does not really add anything to the resolvement logic. So in the examples you sent me, you can delete the config files.</p>\r\n<p>Hope it helps.</p>",
    "PostedDate": "2010-03-16T11:35:34.803-07:00",
    "UserRole": null,
    "MarkedAsAnswerDate": null
  },
  {
    "Id": "418874",
    "ThreadId": "204412",
    "Html": "<p>Hello Marc,</p>\r\n<p>I just checked latest source code. It works now. Tnx for all your effort. I understand now how to even create custom way linking. In the &quot;first&quot; (and in most cases the only)&nbsp;phase things gets linked according to your bootstraper config file implementation. In the possible &quot;second&quot; phase things can get linked through AssemblyResolve event. (This is useful when you want to somehow &quot;hide&quot; dlls you use and pack them in .xy file)... Cool thing, very cool.</p>\r\n<p>I have just one q for now... in fact it is to be in a separate topic, but is related to example I sent to you yesterday. Cubase LE 1.0.10 Build 110, built on feb 20, 2006 doesn't show any properties of these demo plugins and marks them red&nbsp;-&gt; &quot;invalid&quot; VST plugin. Vsthost displays wrong number of inputs and outputs also. That happens&nbsp;with all my managed vst plugins.&nbsp;Is it possible to give a look at what am I doing wrong?</p>\r\n<p>Tnx an</p>",
    "PostedDate": "2010-03-16T13:55:44.183-07:00",
    "UserRole": null,
    "MarkedAsAnswerDate": null
  },
  {
    "Id": "419038",
    "ThreadId": "204412",
    "Html": "<p>Actually, both the Bootstrapper and the AssemblyLoader use the AppDomain.AssemblyResolve event and both are always used. The job of the bootstrapper basically, is to bring in the Core assembly, where the AssemblyLoader is located. Once thats done it unregisters from the AssemblyResolve event and hands proceedings over to the AssemblyLoader. Big difference is that the bootstrapper is instantiated for every plugin that is loaded, while the AssemblyLoader is created only once and is static. So for subsequent plugins that are loaded, the bootstrapper is loaded and will only be called upon when the AssemblyLoader cannot find the dependencies.</p>\r\n<p>All plugin capabilities are communicated to the host using the VstPluginInfo and the implementation of the CanDo method. So double check if you setup your VstPluginInfo correctly and if you want to respond to some of the CanDo's (there's an enum with most common options and a helper to convert those to VST-compatible strings).</p>\r\n<p>Also all plugins must have an unique ID. The ID I saw in your code is not 'typical' (too short). Use the FourCharacterCode class (Core) to create the ID. Pick 4 characters (a-zA-Z) and instantiate the FourCharacterCode class with them and then call the ToInt32() method on the class instance.&nbsp;<strong>Disclaimer</strong>: Officially you should apply for a Plugin ID at Steinberg.</p>\r\n<p>You might want to consider using the Framework. The Framework takes a lot of this low-level stuff out of your hands. You only need to implement interfaces of the features you want to support. So you can focus more on the functional aspects not on the technical ones. It also provides you with some base classes you can inherit from, speeding up development even more. And it has facilities for Programs and Parameters (and Persistence). Is that (Parameters) what you mean by properties?</p>\r\n<p>Take a look at the sample plugins that come with VST.NET (other than the CorePlugin ;-). They are all build on this Framework.</p>\r\n<p>&nbsp;</p>\r\n<p>Hope it helps.</p>",
    "PostedDate": "2010-03-16T23:55:01.013-07:00",
    "UserRole": null,
    "MarkedAsAnswerDate": null
  },
  {
    "Id": "419098",
    "ThreadId": "204412",
    "Html": "<p>Tnx a lot, I'll take a look over framework and framework samples.</p>\r\n<p>an</p>",
    "PostedDate": "2010-03-17T02:20:52.737-07:00",
    "UserRole": null,
    "MarkedAsAnswerDate": null
  }
]