[
  {
    "Id": "541700",
    "ThreadId": "239896",
    "Html": "\r\n<p>I have two questions, namely:</p>\r\n<p>1. When it is suitable to call refresh method when automation changing value of knob? Is for example good to call refresh in EditorIdle() plugin method? I ask because redraw | refresh is cpu consuming and it is not good way to call refresh each time SetParameter\r\n method is called. I think there should be some special method only for refreshing GUI of plugin (such a method is in the FL Studio SDK).</p>\r\n<p>2. How to access host (HostCommandStub exactly) via plugin? (Where this object is located?)</p>\r\n<p>Thanks in advance for help.</p>\r\n<p>BTW Can I post a link to my plugin when it will be done, here?</p>\r\n",
    "PostedDate": "2010-12-29T07:29:53.103-08:00",
    "UserRole": null,
    "MarkedAsAnswerDate": null
  },
  {
    "Id": "541759",
    "ThreadId": "239896",
    "Html": "\r\n<p>1) Not sure what Refresh method you imply. But in general a refresh-all should not be used to update your UI. I believe&nbsp;small incremental updates that refresh UI for values (parameters) that actually have changed are better, perhaps a little more work\r\n for the developer, but better for performance.</p>\r\n<p>2) The Open method on the IVstPlugin (your plugin root object) receives a IVstHost references. This object also implements the IExtensible interface and allows you to retrieve all IVstHostXxxx interfaces and the IVstMidiProcessor interface. Note that some\r\n interfaces can return null when the host does not support the feature (group). Also check out the Capabilities property on the IVstHost interface.</p>\r\n<p>Sure, I would love to place your link in the wiki area. Let me know when you're done.</p>\r\n<p>Hope it helps.</p>\r\n<p>Marc</p>\r\n<p>&nbsp;</p>\r\n",
    "PostedDate": "2010-12-29T09:05:47.627-08:00",
    "UserRole": null,
    "MarkedAsAnswerDate": null
  }
]