[
  {
    "Id": "573271",
    "ThreadId": "247878",
    "Html": "\r\n<p>Hi,</p>\r\n<p>&nbsp;</p>\r\n<p>Im trying to implement a simple host program that will allow a user to load a set plugin and adjust the parameters using the editor window. I have got a VSTi loaded and midi data passed to it with audio out, but if i adjust the parameters using the editor\r\n window it has no effect. How do I link the editor controls to the actual parameters of the plugin? I have looked at the functions in PluginCommandStub and it only seems possible to set manually?</p>\r\n<p>&nbsp;</p>\r\n<p>Sgt.Perm</p>\r\n",
    "PostedDate": "2011-02-28T07:03:43.66-08:00",
    "UserRole": null,
    "MarkedAsAnswerDate": null
  },
  {
    "Id": "573480",
    "ThreadId": "247878",
    "Html": "<p>If you use: PluginCommandStub.EditorOpen(IntPtr hWnd) method it should work.</p>\n<p>Are you sure you are using the same instance of PluginCommandStub for EditorOpen and ProcessReplacing calls?</p>",
    "PostedDate": "2011-02-28T12:57:45.65-08:00",
    "UserRole": null,
    "MarkedAsAnswerDate": null
  },
  {
    "Id": "573669",
    "ThreadId": "247878",
    "Html": "<p>If the plugin supports an editor it is NOT the job of the host to connect the changes in the editor UI to the parameters of the plugin. It IS the job of the Host to supply a default UI for plugins without editors (but with parameters) to allow the user to change those parameters.</p>\r\n<p>If you're sure you're using the same instance (like Yuri said) for calls to Process (audio/midi) and opening the editor window, I would suggest you try another plugin (perhaps one of the samples?) to make sure its not a mallfunction in the plugin itself.</p>\r\n<p>You can also try to set the parameters programmatically using the Get/SetParameter methods to test if the plugin respsonds to those.</p>\r\n<p>Hope it helps,<br />Marc</p>",
    "PostedDate": "2011-02-28T22:24:58.293-08:00",
    "UserRole": null,
    "MarkedAsAnswerDate": null
  },
  {
    "Id": "573898",
    "ThreadId": "247878",
    "Html": "<p>Also, some plugins requires that you call EditorIdle periodically to enable their UI animation.</p>",
    "PostedDate": "2011-03-01T08:30:35.91-08:00",
    "UserRole": null,
    "MarkedAsAnswerDate": null
  },
  {
    "Id": "577648",
    "ThreadId": "247878",
    "Html": "<p>Hi thanks for the advice i have got the editor to work now and can adjust the parameters on it using the setParameter method.</p>\r\n<p>&nbsp;</p>\r\n<p>Once again thanks for the help</p>",
    "PostedDate": "2011-03-09T03:23:45.86-08:00",
    "UserRole": null,
    "MarkedAsAnswerDate": null
  }
]