[
  {
    "Id": "1249626",
    "ThreadId": "546589",
    "Html": "When I call the service from test project - all fine<br />\nWhen putting it in 'Ableton Live 9' plugin directory - he can't find the config file<br />\nTried change the config file to '##pluginname##.net.config' and to  '##pluginname##.config' with no success<br />\n",
    "PostedDate": "2014-05-26T05:46:05.55-07:00",
    "UserRole": null,
    "MarkedAsAnswerDate": null
  },
  {
    "Id": "1249644",
    "ThreadId": "546589",
    "Html": "I believe WCF only looks at the process config. Rename your config to the name of the ableton .exe and add the .config extension and put it next to the ableton exe (same folder).\r<br />\n<br />\nI would suggest you hardcode all of the WCF objects and use the plugin config file only for the one or two settings you really want to be configurable...\r<br />\n<br />\nHope it helps,\r<br />\nMarc<br />\n",
    "PostedDate": "2014-05-26T06:23:13.517-07:00",
    "UserRole": null,
    "MarkedAsAnswerDate": null
  },
  {
    "Id": "1249656",
    "ThreadId": "546589",
    "Html": "Thanks\r<br />\n<br />\nHere is the configuration in code for a duplex WCF<br />\n<pre><code>        public static ServiceClient CreateServiceClient(IServiceCallback callback = null)\n        {\n            var b = new NetTcpBinding { ReliableSession = new OptionalReliableSession { InactivityTimeout = TimeSpan.FromMinutes(10), Enabled = true } };\n            var ep = new EndpointAddress(&quot;net.tcp://----------:84/Service.svc&quot;);\n            var result = new ServiceClient(new InstanceContext(callback), b, ep);\n            return result;\n        }</code></pre>\n\n",
    "PostedDate": "2014-05-26T06:46:13.69-07:00",
    "UserRole": null,
    "MarkedAsAnswerDate": null
  }
]