[
  {
    "Id": "833414",
    "ThreadId": "354914",
    "Html": "\r\n<p>Hi <a href=\"http://www.codeplex.com/site/users/view/obiwanjacobi\">obiwanjacobi</a></p>\r\n<p>I've had some time to resume work on my workstation and am getting a persistent problem on one or two synth vsts regarding hanging notes.</p>\r\n<p>If i should hold down one key after the other so I end up with 4 or 5 notes togeteher I get hanging notes.</p>\r\n<p>If I should use vsthost it works just fine.</p>\r\n<p>Now I used to procject in the samples which allows me to proxy the calls and I monitored the calls from&nbsp; vsthost this seemed to be slightly different when sending midi via calling&nbsp; hostCmdStubs[vstKey].PluginContext.PluginCommandStub.ProcessEvents(ve);</p>\r\n<p>The first difference was that vsthost never sends MIDIOn with a volume of 0, it always turns them into NOTEOffs.</p>\r\n<p>I tried implementing the same but to no avail.</p>\r\n<p>The next I noticed the delta argument was being populated in VstMidiEvent, although it was only ever 0 for note offs (this could just be a coincidence)</p>\r\n<p>So I attempted to emulate that, however I think I did this incorrectly and this caused the note to hang for more predicably so I believe the problem is related to the delta argument when I'm playing (and holding) the notes one after the other.</p>\r\n<p>This is how I am implenting my delta changes</p>\r\n<p>My host</p>\r\n<p></p>\r\n<div style=\"color:black; background-color:white\">\r\n<pre><span style=\"color:blue\">private</span> <span style=\"color:blue\">static</span> <span style=\"color:blue\">object</span> lockDelta = <span style=\"color:blue\">new</span> Object();\r\n        <span style=\"color:blue\">private</span> <span style=\"color:blue\">int</span> delta = 0;\r\n        <span style=\"color:blue\">public</span> <span style=\"color:blue\">int</span> Delta\r\n        {\r\n            <span style=\"color:blue\">get</span>\r\n            {\r\n                <span style=\"color:blue\">lock</span> (lockDelta)\r\n                {\r\n                    <span style=\"color:blue\">return</span> delta;\r\n                }\r\n            }\r\n            <span style=\"color:blue\">set</span>\r\n            {\r\n                <span style=\"color:blue\">lock</span> (lockDelta)\r\n                {\r\n                     delta = value;\r\n                }\r\n            }\r\n        }\r\n</pre>\r\n</div>\r\n<p></p>\r\n<p>&nbsp;</p>\r\n<p>&nbsp;</p>\r\n<div style=\"color:black; background-color:white\">\r\n<pre> <span style=\"color:blue\">void</span> IVstHostAudioManager.IncrementSamplePos(<span style=\"color:blue\">int</span> blockPos)\r\n        {\r\n            Delta = blockPos;\r\n        }<br>&nbsp;<div style=\"color:black; background-color:white\"><pre><span style=\"color:blue\">public</span> <span style=\"color:blue\">void</span> SendMidiData(<span style=\"color:blue\">byte</span>[] midiData, Guid vstKey)\r\n        {\r\n            VstEvent[] ve = <span style=\"color:blue\">new</span> VstEvent[] { <span style=\"color:blue\">new</span> VstMidiEvent(Delta, 0, 0, midiData, 0, 0) };\r\n            hostCmdStubs[vstKey].PluginContext.PluginCommandStub.ProcessEvents(ve);\r\n\r\n        }\r\n</pre>\r\n</div>\r\n.......................................<br>In the VstPlayback\r\n<div style=\"color:black; background-color:white\">\r\n<pre> <span style=\"color:blue\">if</span> (host != <span style=\"color:blue\">null</span> &amp;&amp; host.VstOutputBuffers != <span style=\"color:blue\">null</span>)\r\n                {\r\n                    <span style=\"color:green\">// This function fills vstOutputBuffers with audio processed by a plugin</span>\r\n                    host.ProcessReplacing(blockSize);\r\n\r\n                    <span style=\"color:green\">// Init loop indexes</span>\r\n                    i = 0;\r\n                    j = 0;\r\n\r\n                    <span style=\"color:blue\">unsafe</span>\r\n                    {\r\n                        <span style=\"color:green\">// Fill audio buffer for all channels, multiply samples by volume range [0, 1]</span>\r\n                        audioBuffer = (<span style=\"color:blue\">float</span>*)audioOutputBuffer.ToPointer();\r\n\r\n                        <span style=\"color:blue\">while</span> (i &lt; blockSize * AudioParameters.NbChannels)\r\n                        {\r\n                            <span style=\"color:blue\">for</span> (k = 0; k &lt; AudioParameters.NbChannels; k&#43;&#43;)\r\n                            {\r\n                                audioBuffer[i&#43;&#43;] = host.VstOutputBuffers[k][j] * AudioParameters.globalVolume;\r\n                            }\r\n                            host.IncrementSamplePos(j);\r\n                            j&#43;&#43;;\r\n                        }\r\n                    }\r\n                }\r\n</pre>\r\n</div>\r\n<br>So in effect\r\n<pre><pre>host.IncrementSamplePos(j) send the position within the buffer block that the playback is at<br><br>Now the questions, if you would be so kind:-<br></pre>\r\n</pre>\r\n</pre>\r\n<ul>\r\n<li>Does my implemenation look OK ? </li></ul>\r\n<ul>\r\n<li>Do you know of such an issue ? </li></ul>\r\n<ul>\r\n<li>My Delta value is always 511 despite thread locking? </li></ul>\r\n<pre><pre><pre><br>Any help we be great, since I'm bouncing of the walls here<br><br>Thanks in advance T</pre>\r\n</pre>\r\n<br></pre>\r\n</div>\r\n<p>&nbsp;</p>\r\n",
    "PostedDate": "2012-05-08T05:25:07.923-07:00",
    "UserRole": null,
    "MarkedAsAnswerDate": null
  },
  {
    "Id": "833550",
    "ThreadId": "354914",
    "Html": "<p>The standard way I think is to first send a note on, then follow it with an equivalent note off of the same note value. Try hardcoding two events with a sleep in between until it works out and continue from there. I wouldn't worry about the delta argument, shouldn't make a difference in most case. If you don't need delta precision just leave it at 0.</p>",
    "PostedDate": "2012-05-08T09:49:14.197-07:00",
    "UserRole": null,
    "MarkedAsAnswerDate": null
  },
  {
    "Id": "833674",
    "ThreadId": "354914",
    "Html": "<p>Hi Yurk</p>\r\n<p>Sorry , just need to make myself a little clearer.&nbsp; What I've done it terms of note on note off works on lots of synths, what i have a problem with i playing say a chord and releasing they keys in some sort of unordered way.&nbsp; the VstHost seems to handle this on a particular vst synth where as mine does not.</p>\r\n<p>It particularly problematic on this synth on some sounds</p>\r\n<p><a title=\"http://www.kvraudio.com/product/phadiz_by_algomusic\" href=\"http://www.kvraudio.com/product/phadiz_by_algomusic\" target=\"_blank\">http://www.kvraudio.com/product/phadiz_by_algomusic</a></p>\r\n<p>Below is a typical scenario that causes the hanging notes</p>\r\n<p>&nbsp;</p>\r\n<p>---------------------------------------------<br />Event type :MidiEvent<br />Detune :0<br />DElta :0<br />Len :0<br />Offset :0<br />NoteOffVelo :0<br />byte0 :144<br />byte1 :72<br />byte2 :127<br />byte3 :0<br />---------------------------------------------<br />---------------------------------------------<br />Event type :MidiEvent<br />Detune :0<br />DElta :0<br />Len :0<br />Offset :0<br />NoteOffVelo :0<br />byte0 :144<br />byte1 :76<br />byte2 :127<br />byte3 :0<br />---------------------------------------------<br />---------------------------------------------<br />Event type :MidiEvent<br />Detune :0<br />DElta :0<br />Len :0<br />Offset :0<br />NoteOffVelo :0<br />byte0 :144<br />byte1 :79<br />byte2 :127<br />byte3 :0<br />---------------------------------------------<br />---------------------------------------------<br />Event type :MidiEvent<br />Detune :0<br />DElta :0<br />Len :0<br />Offset :0<br />NoteOffVelo :0<br />byte0 :144<br />byte1 :81<br />byte2 :127<br />byte3 :0<br />---------------------------------------------<br />---------------------------------------------<br />Event type :MidiEvent<br />Detune :0<br />DElta :0<br />Len :0<br />Offset :0<br />NoteOffVelo :0<br />byte0 :128<br />byte1 :72<br />byte2 :64<br />byte3 :0<br />---------------------------------------------<br />---------------------------------------------<br />Event type :MidiEvent<br />Detune :0<br />DElta :0<br />Len :0<br />Offset :0<br />NoteOffVelo :0<br />byte0 :128<br />byte1 :76<br />byte2 :64<br />byte3 :0<br />---------------------------------------------<br />---------------------------------------------<br />Event type :MidiEvent<br />Detune :0<br />DElta :0<br />Len :0<br />Offset :0<br />NoteOffVelo :0<br />byte0 :128<br />byte1 :81<br />byte2 :64<br />byte3 :0<br />---------------------------------------------<br />---------------------------------------------<br />Event type :MidiEvent<br />Detune :0<br />DElta :0<br />Len :0<br />Offset :0<br />NoteOffVelo :0<br />byte0 :128<br />byte1 :79<br />byte2 :64<br />byte3 :0</p>",
    "PostedDate": "2012-05-08T14:59:41.04-07:00",
    "UserRole": null,
    "MarkedAsAnswerDate": null
  },
  {
    "Id": "833857",
    "ThreadId": "354914",
    "Html": "<p>If you are using a midi library and keyboard to test I would still try to replicate the issue programmatically just to be sure what is going on.</p>\n<p>Something like :</p>\n<div style=\"color: black; background-color: white;\">\n<pre>SendMidiData(<span style=\"color: blue;\">new</span> <span style=\"color: blue;\">byte</span>[4] { 144, 72, 127, 0}, vstKey);\nSendMidiData(<span style=\"color: blue;\">new</span> <span style=\"color: blue;\">byte</span>[4] { 144, 76, 127, 0}, vstKey);\nSendMidiData(<span style=\"color: blue;\">new</span> <span style=\"color: blue;\">byte</span>[4] { 144, 79, 127, 0}, vstKey);\nSendMidiData(<span style=\"color: blue;\">new</span> <span style=\"color: blue;\">byte</span>[4] { 144, 81, 127, 0}, vstKey);\nThread.Sleep(2000);\nSendMidiData(<span style=\"color: blue;\">new</span> <span style=\"color: blue;\">byte</span>[4] { 128, 72, 0, 0}, vstKey);\nSendMidiData(<span style=\"color: blue;\">new</span> <span style=\"color: blue;\">byte</span>[4] { 128, 76, 0, 0}, vstKey);\nSendMidiData(<span style=\"color: blue;\">new</span> <span style=\"color: blue;\">byte</span>[4] { 128, 81, 0, 0}, vstKey);\nSendMidiData(<span style=\"color: blue;\">new</span> <span style=\"color: blue;\">byte</span>[4] { 128, 79, 0, 0}, vstKey);\n</pre>\n</div>\n<p>If this doesn't work and&nbsp;flipping&nbsp;the last 79 and 81 note off message fix it for polyphonic SynthEdit plugins like Phadiz, you'll at least be sure where the problem comes from. From there you can narrow it down to a specific issue with SynthEdit. Maybe the  bug occurs only with polyphonic Vst made by SynthEdit and doesn't affect every other native vst plugins programmed in C and compiled with VisualC++.</p>\n<p>VstHost by H<span>ermann Seib is notorious for implementing every possible hacks needed by SynthEdit plugins who deviates from the vst standard. The hanging note issue for SynthEdit is certainly a known fact as can be seen from various hosts forums. </span></p>\n<p><span>For example reaper host has many threads on that issue:</span></p>\n<p><span><a href=\"http://forum.cockos.com/project.php?issueid=1296\">http://forum.cockos.com/project.php?issueid=1296</a><br /> </span></p>\n<p><span><a href=\"http://forum.cockos.com/archive/index.php/t-43819.html\">http://forum.cockos.com/archive/index.php/t-43819.html</a><br /> </span></p>\n<p><span>&nbsp;</span><a href=\"http://forum.cockos.com/archive/index.php/t-44231.html\">http://forum.cockos.com/archive/index.php/t-44231.html</a>&nbsp;release note:&nbsp;<span>v3.13pre2 - October 9 2009 -&nbsp;<span>+ VST MIDI: fixed hanging note bug from synthedit and possibly  other plugins</span></span></p>\n<p>To sum it up, I wouldn't be especially concerned if the bug affects only polyphonic plugins made with SynthEdit. Unfortunately without much research I don't know the specific hack needed to make this work. In the case of Reaper, from the user perspective  they made an option called&nbsp;<span>\"buggy plugin compatibility\" that fixes the hanging note bugs from synth edit plugins.</span></p>",
    "PostedDate": "2012-05-09T00:57:49.473-07:00",
    "UserRole": null,
    "MarkedAsAnswerDate": null
  },
  {
    "Id": "841620",
    "ThreadId": "354914",
    "Html": "<p>Hi YuryK</p>\r\n<p>I have found the answer to the hanging notes problem.&nbsp; I had a feeling in my water that it was my code, so I've hunted down the error like a dog!</p>\r\n<p>The point that aroused my suspicions was when i monitored the call made to ProcessEvents by the VstHost.&nbsp; It constantly calls this method even if there is no midi to send !!.&nbsp; This got me thinking, VstHost is written in C, which tends not to deal with events, rather it would poll, so I did a stack trace and this revealed that</p>\r\n<p>ProcessEvents was called before&nbsp; <strong><em>every&nbsp; </em></strong>ProcessReplacing.</p>\r\n<p>This is due to , (i believe) to the midi data being releveant to the following data populated in <strong><em>&nbsp;</em></strong>ProcessReplacing.</p>\r\n<p>I suspect my issue was caused by a note off being sent whilst <strong><em>&nbsp;</em></strong>ProcessReplacing was doing some work. <strong><em></em></strong>ProcessReplacing runs on its own high priority thread,</p>\r\n<p>since i was sending midi data on another thread without any locking the note off was getting lost. So in short ProcessEvents should be called before <strong><em></em></strong>ProcessReplacing.&nbsp; The documentation seems to support this too.</p>\r\n<div style=\"color: black; background-color: white;\">\r\n<pre><span style=\"color: green;\">// vst playback using port audio</span>\r\n\r\n <span style=\"color: blue;\">private</span> PortAudio.PaStreamCallbackResult AudioCallback(IntPtr audioInputBuffer, IntPtr audioOutputBuffer, <span style=\"color: blue;\">uint</span> blockSize, <span style=\"color: blue;\">ref</span> PortAudio.PaStreamCallbackTimeInfo timeInfo, PortAudio.PaStreamCallbackFlags statusFlags, IntPtr userData)\r\n            {\r\n\r\n                <span style=\"color: green;\">// If host and VstBuffer are initialized</span>\r\n                <span style=\"color: blue;\">if</span> (host != <span style=\"color: blue;\">null</span> &amp;&amp; host.VstOutputBuffers != <span style=\"color: blue;\">null</span>)\r\n                {\r\n                    <span style=\"color: green;\">//process any pending midi data to be actioned before getting the sample data</span>\r\n                   <strong> host.ProcessEvents();</strong>\r\n\r\n                    <span style=\"color: green;\">// This function fills vstOutputBuffers with audio processed by a plugin</span>\r\n                    host.ProcessReplacing(blockSize);<br />                 }<br />             ........<br />           }<br /><br /><br /><div style=\"color: black; background-color: white;\"><pre>\r\n<span style=\"color: green;\">// the code for the VstHost</span>\r\n\r\n        <span style=\"color: gray;\">///</span> <span style=\"color: gray;\">&lt;summary&gt;</span>\r\n        <span style=\"color: gray;\">///</span><span style=\"color: green;\"> A Queue of midi data to be processed keyed by the vsts GUI</span>\r\n        <span style=\"color: gray;\">///</span> <span style=\"color: gray;\">&lt;/summary&gt;</span>\r\n        <span style=\"color: blue;\">private</span> ConcurrentQueue&lt;KeyValuePair&lt;Guid, VstEvent&gt;&gt; midiMessageQueue =\r\n            <span style=\"color: blue;\">new</span> ConcurrentQueue&lt;KeyValuePair&lt;Guid, VstEvent&gt;&gt;();\r\n\r\n        <span style=\"color: gray;\">///</span> <span style=\"color: gray;\">&lt;summary&gt;</span>\r\n        <span style=\"color: gray;\">///</span><span style=\"color: green;\"> to be called by the audio provider to process pending midi data for a vst(s)</span>\r\n        <span style=\"color: gray;\">///</span> <span style=\"color: gray;\">&lt;/summary&gt;</span>\r\n        <span style=\"color: blue;\">public</span> <span style=\"color: blue;\">void</span> ProcessEvents()\r\n        {\r\n            <span style=\"color: green;\">// a midi data item keyed by vst guid</span>\r\n            KeyValuePair&lt;Guid, VstEvent&gt; midiDeQItem;\r\n\r\n            <span style=\"color: green;\">// holds up a list of pending data for each vst keyed by guid</span>\r\n            Dictionary&lt;Guid, List&lt;VstEvent&gt;&gt; midiOutData = <span style=\"color: blue;\">new</span> Dictionary&lt;Guid, List&lt;VstEvent&gt;&gt;();\r\n\r\n            <span style=\"color: green;\">//look at all pending midi</span>\r\n            <span style=\"color: blue;\">while</span> (midiMessageQueue.TryDequeue(<span style=\"color: blue;\">out</span> midiDeQItem))\r\n            {\r\n                <span style=\"color: green;\">//holds midi data for current vst</span>\r\n                List&lt;VstEvent&gt; midiForThisVst;\r\n                <span style=\"color: blue;\">if</span> (!midiOutData.TryGetValue(midiDeQItem.Key, <span style=\"color: blue;\">out</span> midiForThisVst))\r\n                {\r\n                    midiForThisVst = <span style=\"color: blue;\">new</span> List&lt;VstEvent&gt;();\r\n                    midiOutData.Add(midiDeQItem.Key,midiForThisVst);\r\n                }\r\n\r\n                <span style=\"color: green;\">// add midi data for this vst</span>\r\n                midiForThisVst.Add(midiDeQItem.Value);\r\n            }\r\n\r\n            <span style=\"color: green;\">//get all pending midi data for each vsts</span>\r\n            <span style=\"color: blue;\">foreach</span> (<span style=\"color: blue;\">var</span> midiWithKey <span style=\"color: blue;\">in</span> midiOutData)\r\n            {\r\n                <span style=\"color: green;\">//send the array of pending midi events to the associated vst</span>\r\n                hostCmdStubs[midiWithKey.Key].PluginContext.PluginCommandStub.ProcessEvents(midiWithKey.Value.ToArray());\r\n            }\r\n        }\r\n\r\n        <span style=\"color: gray;\">///</span> <span style=\"color: gray;\">&lt;summary&gt;</span>\r\n        <span style=\"color: gray;\">///</span><span style=\"color: green;\"> Queue up incoming midi data for actioning by vstis</span>\r\n        <span style=\"color: gray;\">///</span> <span style=\"color: gray;\">&lt;/summary&gt;</span>\r\n        <span style=\"color: gray;\">///</span> <span style=\"color: gray;\">&lt;param name=\"midiData\"&gt;</span><span style=\"color: green;\">the midi data to be actioned&lt;/param&gt;</span>\r\n        <span style=\"color: gray;\">///</span> <span style=\"color: gray;\">&lt;param name=\"vstKey\"&gt;</span><span style=\"color: green;\">the key of the vst to pay attention to the midi data&lt;/param&gt;</span>\r\n        <span style=\"color: blue;\">public</span> <span style=\"color: blue;\">void</span> SendMidiData(<span style=\"color: blue;\">byte</span>[] midiData, Guid vstKey)\r\n        {\r\n            <span style=\"color: blue;\">if</span> (vstKey != Guid.Empty)\r\n            {\r\n                <span style=\"color: green;\">//create a midi data event associated with a vst</span>\r\n                <span style=\"color: blue;\">var</span> qItem = <span style=\"color: blue;\">new</span> KeyValuePair&lt;Guid, VstEvent&gt;(vstKey, <span style=\"color: blue;\">new</span> VstMidiEvent((<span style=\"color: blue;\">int</span>)Delta, 0, 0, midiData, 0, 0));\r\n\r\n                <span style=\"color: green;\">//queue it up for processing</span>\r\n                midiMessageQueue.Enqueue(qItem);\r\n            }\r\n        }\r\n\r\n</pre>\r\n</div>\r\n<br />&nbsp;</pre>\r\n</div>\r\n<p>Everything now works like a charm no hanging note, I hope others find this usefull</p>\r\n<p>regards T</p>\r\n<p>&nbsp;</p>",
    "PostedDate": "2012-05-28T06:14:38.253-07:00",
    "UserRole": null,
    "MarkedAsAnswerDate": null
  },
  {
    "Id": "841720",
    "ThreadId": "354914",
    "Html": "<p><span>&gt; So in short ProcessEvents should be called before&nbsp;</span><strong><em></em></strong><span>ProcessReplacing.&nbsp; The documentation seems to support this too.</span></p>\r\n<p><span>Yeah that's right, and ProcessEvents should be called even if there is no events to process if you want to support every plugin out there...</span></p>\r\n<p>Also every native calls through the PluginContext should be locked with a critical section, even the most trivial ones like ProcessIdle. Good job on finding this bug, multi-threading glitches are a pain.</p>",
    "PostedDate": "2012-05-28T09:38:29.293-07:00",
    "UserRole": null,
    "MarkedAsAnswerDate": null
  }
]