[
  {
    "Id": "1496752",
    "ThreadId": "663092",
    "Html": "I have spent quite a bit of time trying to find an existing (commercial is OK) MIDI plugin that would take midi events of one channel (recorded or directly from keyboard) and forward it to one or more other midi channels. It is OK to assume that all the channels will share the same VST instrument. If I missed the obvious please suggest. Meanwhile, I looked at this library and it sounds very interesting. It might be possible to do what I am thinking of, but not sure.\r<br />\nI am new to this whole concept (VST Wrapper) and to VST SDK itself and have following questions (this is what I would need from inside of the processor function):<br />\n<ol>\n<li>Do the plugin I write will know what MIDI channel it is sitting on?</li>\n<li>Assuming plugin is on channel 1, how can I forward all events to channel 2, 3, 4, 5? I plan to record to the channel 1 expression events and/or unison parts..</li>\n<li>\nIs MidiNoteMapper sample a good start?<br />\n</li>\n</ol>\nThank you in advance,\r<br />\n-PK<br />\n",
    "PostedDate": "2017-05-25T18:13:16.527-07:00",
    "UserRole": null,
    "MarkedAsAnswerDate": null
  },
  {
    "Id": "1497746",
    "ThreadId": "663092",
    "Html": "If you mean a track inside the DAW with what you call channel, than it is not possible to do that with a VST plugin. A VST plugin is unaware of its place /context inside the DAW. If you mean MIDI channel with what you call channel, then it is very simple and MidiNoteMapper would be a good starting point.<br />\n",
    "PostedDate": "2017-08-16T07:17:23.89-07:00",
    "UserRole": null,
    "MarkedAsAnswerDate": null
  }
]