[
  {
    "Id": "1453263",
    "ThreadId": "647875",
    "Html": "How can I detect when my host's Transport Stop/Start events have been fired, and how can I pass that down to VSTs I host?<br />\n",
    "PostedDate": "2015-11-19T23:52:44.237-08:00",
    "UserRole": null,
    "MarkedAsAnswerDate": null
  },
  {
    "Id": "1453265",
    "ThreadId": "647875",
    "Html": "I have found that in Ableton, when the stop button is pushed, a midi event is sent. <br />\n<br />\nThe data is:<br />\n176<br />\n123<br />\n0<br />\n0<br />\n<br />\nBut, it doesn't send data when the start button is pushed. Is there a midi event for this?<br />\n<br />\nIs there an enumeration available somewhere for midi events?<br />\n<br />\nAccording to the midi standards Start = 0xFA. How do I send that to a VST? I'm sure I'd call process events, but how do I structure the Data array for that?<br />\n",
    "PostedDate": "2015-11-20T00:07:16.263-08:00",
    "UserRole": null,
    "MarkedAsAnswerDate": null
  },
  {
    "Id": "1453266",
    "ThreadId": "647875",
    "Html": "There are no dedicated events on the VST interface for that. As you have discovered the events do exist as MIDI messages but it's up to the host to send them.<br />\n<br />\nAs a work around you could try to look at &quot;GetTimeInfo&quot; repeatedly and infer from the result if the transport is running (not sure)?<br />\n",
    "PostedDate": "2015-11-20T00:24:08.157-08:00",
    "UserRole": null,
    "MarkedAsAnswerDate": null
  },
  {
    "Id": "1453267",
    "ThreadId": "647875",
    "Html": "OK. My confusion with events is that they are 7bit? Is that right? So 0xFA is actually 127?\r<br />\n<br />\nAnyway, to be more specific, my issue is that I'm trying to host and start a step sequencer. It starts in Ableton when the play button is pressed, but I'm not sure what message to send it when I want to start it. It's like Ableton is starting it with ozmosis.<br />\n",
    "PostedDate": "2015-11-20T00:26:29.417-08:00",
    "UserRole": null,
    "MarkedAsAnswerDate": null
  },
  {
    "Id": "1453268",
    "ThreadId": "647875",
    "Html": "At this point I don't really care if Ableton has started or stopped. I just want the step sequencer I'm hosting to start...<br />\n",
    "PostedDate": "2015-11-20T00:27:38.79-08:00",
    "UserRole": null,
    "MarkedAsAnswerDate": null
  },
  {
    "Id": "1453269",
    "ThreadId": "647875",
    "Html": "I think you've put me on the right track. I've discovered that the VST keeps calling GetTimeInfo on me, so i guess I just need to feed it the right thing...<br />\n<br />\nWhat flags do you reckon it wants?<br />\n<br />\nThis is my code so far:<br />\n<pre><code>\n            return new Jacobi.Vst.Core.VstTimeInfo\n            {\n                Tempo = 120,\n                Flags = Jacobi.Vst.Core.VstTimeInfoFlags.TransportPlaying |\n                Jacobi.Vst.Core.VstTimeInfoFlags.TransportCycleActive |\n                Jacobi.Vst.Core.VstTimeInfoFlags.TimeSignatureValid |\n                Jacobi.Vst.Core.VstTimeInfoFlags.ClockValid |\n                Jacobi.Vst.Core.VstTimeInfoFlags.AutomationReading\n            };</code></pre>\n\n",
    "PostedDate": "2015-11-20T00:34:37.83-08:00",
    "UserRole": null,
    "MarkedAsAnswerDate": null
  },
  {
    "Id": "1453278",
    "ThreadId": "647875",
    "Html": "I'm really struggling here. I'm trying to constantly poll ableton for the time info, but something is going wrong.\r<br />\n<br />\nThis is my horrible code on my synth's constructor:<br />\n<pre><code>            var bgWorker = new BackgroundWorker();\n            bgWorker.DoWork += (s2, e2) =&gt;\n            {\n                System.Threading.Thread.Sleep(10000);\n                var timer = new Timer();\n                timer.Interval = 500;\n                timer.Elapsed += (s, e) =&gt;\n                {\n                    if (_HostStubAdapter != null &amp;&amp; _HostStubAdapter.IsInitialized())\n                    {\n                        _TimeInfo = _HostStubAdapter.GetTimeInfo(VstTimeInfoFlags.TempoValid);\n                    }\n                };\n                timer.Start();\n                while (true)\n                {\n\n                }\n            };\n            bgWorker.RunWorkerAsync();</code></pre>\n\nIt keeps erroring on the line &quot;if (_HostStubAdapter != null &amp;&amp; _HostStubAdapter.IsInitialized())&quot; with an &quot;Object reference not set to an instance of an object&quot; exception. But the object _HostStubAdapter is not null at runtime! I can see that it's not null in the debugger.<br />\n",
    "PostedDate": "2015-11-20T01:16:04.223-08:00",
    "UserRole": null,
    "MarkedAsAnswerDate": null
  },
  {
    "Id": "1453282",
    "ThreadId": "647875",
    "Html": "MIDI messages are 8-bits - but the MSB indicates a status-byte, the start of a MIDI message (command). There are MIDI messages that consist of 1 to 3 bytes (not counting sysex).\r<br />\n<br />\nStart with passing the GetTimeInfo call back to the host - just pass it through.\r<br />\nSee how that goes. <br />\n",
    "PostedDate": "2015-11-20T01:47:38.487-08:00",
    "UserRole": null,
    "MarkedAsAnswerDate": null
  },
  {
    "Id": "1453355",
    "ThreadId": "647875",
    "Html": "<strong><em>EDITED</em></strong><br />\n<br />\nOK. I've done that.<br />\n<br />\nThe sequencer plugin still doesn't startup. It's still not firing midi.<br />\n<br />\nThe plugin keeps calling &quot;GetProcessLevel&quot;. Ableton keeps returning &quot;Realtime&quot; so that's what I am passing through. <br />\n<br />\nLost again....<br />\n<br />\nThis is the TimeInfo that Ableton is passing through to the plugin:<br />\n<pre><code>    BarStartPosition    88  double\n    CycleEndPosition    24  double\n    CycleStartPosition  8   double\n    Flags   TransportPlaying | PpqPositionValid | TempoValid | BarStartPositionValid | CyclePositionValid | TimeSignatureValid  Jacobi.Vst.Core.VstTimeInfoFlags\n    NanoSeconds 0   double\n    PpqPosition 91.672380952380948  double\n    SamplePosition  2021376 double\n    SampleRate  44100   double\n    SamplesToNearestClock   0   int\n    SmpteFrameRate  Smpte24fps  Jacobi.Vst.Core.VstSmpteFrameRate\n    SmpteOffset 0   int\n    Tempo   120 double\n    TimeSignatureDenominator    4   int\n    TimeSignatureNumerator  4   int</code></pre>\n\n",
    "PostedDate": "2015-11-20T13:24:40.333-08:00",
    "UserRole": null,
    "MarkedAsAnswerDate": null
  },
  {
    "Id": "1453361",
    "ThreadId": "647875",
    "Html": "When I load these plugins up in Ableton, they flash with lights when I hit play on the transport. When I host them, they don't flash. What is it that Ableton is magically doing that I'm not doing? I've confirmed that I'm passing through everything that the plugin is asking for. It was asking for the version, and I pass that.<br />\n",
    "PostedDate": "2015-11-20T14:02:40.077-08:00",
    "UserRole": null,
    "MarkedAsAnswerDate": null
  },
  {
    "Id": "1453373",
    "ThreadId": "647875",
    "Html": "I tried loading both of the plugins that I'm trying to work with in the Plugin Wrapper. They both lock Ableton up. One of them opens the plugin successfully, and the other throws an error. But, with both of them, when I hit the play button on the transport, it freezes up all controls in Ableton. I can't remove the plugin, I can't exit the app. Here's the error I see when I load the plugin. This doesn't happen when I load the plugin in Ableton directly.\r<br />\n<br />\n<img src=\"https://dl.dropboxusercontent.com/u/79781769/Images/Plugin%20Error.png\" alt=\"Image\" /><br />\n",
    "PostedDate": "2015-11-20T15:57:31.017-08:00",
    "UserRole": null,
    "MarkedAsAnswerDate": null
  },
  {
    "Id": "1453385",
    "ThreadId": "647875",
    "Html": "Pfjew that sounds messy. One thing you could try is to turn on VST.NET tracing while using the wrapper plugin - and/or your own plugin.\r<br />\n<br />\n<a href=\"http://vstnet.codeplex.com/SourceControl/latest#Source/Code/Jacobi.Vst.Interop/app.config\" rel=\"nofollow\">http://vstnet.codeplex.com/SourceControl/latest#Source/Code/Jacobi.Vst.Interop/app.config</a>\r<br />\nHere is a template app.config you need to put next to the host (Ableton) and rename it to the exact name of the host (for instance Ableton.exe) and append '.config' (Ableton.exe.config)\r<br />\n Fill in the plugin name (the name of the renamed interop .dll) and set the levels of tracing and the output (TraceListeners) you want. Perhaps you can see if there is something more to this...?\r<br />\n<br />\nThe assertion has something to dp with sampleFrames - it expects them to be 0. Perhaps you can attach a debugger and break when this dialog is shown to see what the callstack is?<br />\n",
    "PostedDate": "2015-11-21T00:04:40.747-08:00",
    "UserRole": null,
    "MarkedAsAnswerDate": null
  },
  {
    "Id": "1453447",
    "ThreadId": "647875",
    "Html": "That midi VST sequencer I remember that b***** of a plugin. It was tough to make it work as it tends to not check it's parameter leading to segfaults but it is possible to host it accurately in Vt.Net.  It will call GetVstInfo quite often, make sure everything in VstTimeInfo is implemented and at valid values. Don't leave important fields like tempo at 0. You can search in the Discussion tab of CodePlex to find examples of VstTimeInfo I posted previously.<br />\n",
    "PostedDate": "2015-11-21T13:21:39.13-08:00",
    "UserRole": null,
    "MarkedAsAnswerDate": null
  },
  {
    "Id": "1453448",
    "ThreadId": "647875",
    "Html": "You also need to set TransportPlaying. This is working for me:<br />\n<pre><code>        public Jacobi.Vst.Core.VstTimeInfo GetTimeInfo(Jacobi.Vst.Core.VstTimeInfoFlags filterFlags)\n        {            \n            vstTimeInfo.SamplePosition = ConstAudio.SamplePlayed;\n            vstTimeInfo.SampleRate = ConstAudio.SampleRate;\n            vstTimeInfo.Tempo = tempo;\n            vstTimeInfo.PpqPosition = (vstTimeInfo.SamplePosition / vstTimeInfo.SampleRate) * (vstTimeInfo.Tempo / 60.0);\n            vstTimeInfo.NanoSeconds = 0.0;\n            vstTimeInfo.BarStartPosition = 0.0;\n            vstTimeInfo.CycleStartPosition = 0.0;\n            vstTimeInfo.CycleEndPosition = 0.0;\n            vstTimeInfo.TimeSignatureNumerator = 4;\n            vstTimeInfo.TimeSignatureDenominator = 4;\n            vstTimeInfo.SmpteOffset = 0;\n            vstTimeInfo.SmpteFrameRate = new Jacobi.Vst.Core.VstSmpteFrameRate();\n            vstTimeInfo.SamplesToNearestClock = 0;\n            vstTimeInfo.Flags = VstTimeInfoFlags.TempoValid &amp; \n                                VstTimeInfoFlags.PpqPositionValid;\n\n            if (RunActions.IsPlaying())\n                vstTimeInfo.Flags |= VstTimeInfoFlags.TransportPlaying;\n\n            return vstTimeInfo;\n        }</code></pre>\n\n",
    "PostedDate": "2015-11-21T13:24:09.933-08:00",
    "UserRole": null,
    "MarkedAsAnswerDate": null
  },
  {
    "Id": "1453456",
    "ThreadId": "647875",
    "Html": "Thanks Yury. I tried this and it has't worked:<br />\n<pre><code>        public VstTimeInfo GetTimeInfo(VstTimeInfoFlags filterFlags)\n        {\n            var hostTimeInfo = _DAWCommandStub.GetTimeInfo(filterFlags);\n\n            var vstTimeInfo = new VstTimeInfo();\n\n            vstTimeInfo.SamplePosition = hostTimeInfo.SamplePosition;\n            vstTimeInfo.SampleRate = hostTimeInfo.SampleRate;\n            vstTimeInfo.Tempo = hostTimeInfo.Tempo;\n            vstTimeInfo.PpqPosition = (vstTimeInfo.SamplePosition / vstTimeInfo.SampleRate) * (vstTimeInfo.Tempo / 60.0);\n            vstTimeInfo.NanoSeconds = 0.0;\n            vstTimeInfo.BarStartPosition = 0.0;\n            vstTimeInfo.CycleStartPosition = 0.0;\n            vstTimeInfo.CycleEndPosition = 0.0;\n            vstTimeInfo.TimeSignatureNumerator = 4;\n            vstTimeInfo.TimeSignatureDenominator = 4;\n            vstTimeInfo.SmpteOffset = 0;\n            vstTimeInfo.SmpteFrameRate = new VstSmpteFrameRate();\n            vstTimeInfo.SamplesToNearestClock = 0;\n            vstTimeInfo.Flags = VstTimeInfoFlags.TempoValid &amp;\n                                VstTimeInfoFlags.PpqPositionValid;\n\n            vstTimeInfo.Flags |= VstTimeInfoFlags.TransportPlaying;\n\n\n            return vstTimeInfo;\n        }</code></pre>\n\nIs there any chance you could try this plugin for me? Basically, if a light flashes, you will know it is working:\r<br />\n<br />\n<a href=\"http://www.meesha.nl/vst/apollo.html\" rel=\"nofollow\">http://www.meesha.nl/vst/apollo.html</a><br />\n",
    "PostedDate": "2015-11-21T15:50:47.043-08:00",
    "UserRole": null,
    "MarkedAsAnswerDate": null
  },
  {
    "Id": "1453457",
    "ThreadId": "647875",
    "Html": "Obiwan, when I get time, I'll try to set this up.<br />\n",
    "PostedDate": "2015-11-21T15:52:03.06-08:00",
    "UserRole": null,
    "MarkedAsAnswerDate": null
  },
  {
    "Id": "1453467",
    "ThreadId": "647875",
    "Html": "Looks like that plugin is made with SyndEdit. Perhaps there are some clue's in their documentation...?\r<br />\n<br />\n[2c]<br />\n",
    "PostedDate": "2015-11-21T23:29:36.077-08:00",
    "UserRole": null,
    "MarkedAsAnswerDate": null
  },
  {
    "Id": "1453913",
    "ThreadId": "647875",
    "Html": "Well, I believe my original question is answered. I guess this is a weird midi thing. My original question was how to pass the start transport message to a VST. The answer to that is that while some VSTs might expect that, at least some VSTs don't. Actually, in my case, theses VSTs are simply waiting for TimeInfo. They constantly poll for Time Info. This makes sense because a step sequencer will constantly need updated Time Info. \r<br />\n<br />\nSo, in my case, rather than implement my own Time Info system, I'm simply passing the time info from the DAW Host. I never got the original Apollo sequencer to work inside my modular, so that is still an outstanding issue, but I got another one called B-Step to work without an issue:\r<br />\n<br />\nWhen I create the vst context, I pass in an interface with this. The _DAWCommandStub variable is just what I get from my host Ableton on GetPluginInfo:<br />\n<pre><code> public plugin.VstPluginInfo GetPluginInfo(plugin.IVstHostCommandStub hostCmdStub)</code></pre>\n\n<pre><code>        public Jacobi.Vst.Core.VstTimeInfo GetTimeInfo(Jacobi.Vst.Core.VstTimeInfoFlags filterFlags)\n        {\n            try\n            {\n                return _DAWCommandStub.GetTimeInfo(filterFlags);\n            }\n            catch\n            {\n                return null;\n            }\n        }</code></pre>\n\n",
    "PostedDate": "2015-11-27T15:58:46.77-08:00",
    "UserRole": null,
    "MarkedAsAnswerDate": null
  },
  {
    "Id": "1454605",
    "ThreadId": "647875",
    "Html": "@Mark yep this looks like a SynthEdit abomination.\r<br />\n@Kruddler I've checked again maybe checking this can help:<br />\n<pre><code>public VstCanDoResult CanDo(string cando)\n{\n    cando = cando.ToLowerInvariant().Trim();\n\n    if (cando == &quot;sendvstevents&quot; || \n        cando == &quot;sendvstmidievent&quot; ||\n        cando == &quot;sendvsttimeinfo&quot; ||\n        cando == &quot;receivevstevents&quot; ||\n        cando == &quot;receivevstmidievent&quot; ||\n        cando == &quot;sizewindow&quot; ||\n        cando == &quot;asyncprocessing&quot; ||\n        cando == &quot;offline&quot; ||\n        cando == &quot;supplyidle&quot; ||\n        cando == &quot;editfile&quot; ||\n        cando == &quot;closefileselector&quot; ||\n        cando == &quot;startstopprocess&quot; ||\n        cando == &quot;sendvstmidieventflagisrealtime&quot;)\n        return VstCanDoResult.Yes;\n    else if (cando == &quot;shellcategory&quot; ||\n                cando == &quot;supportshell&quot; ||\n                cando == &quot;acceptiochanges&quot; ||\n                cando == &quot;openfileselector&quot; ||\n                cando == &quot;reportconnectionchanges&quot;)\n        return VstCanDoResult.No;\n\n    return Jacobi.Vst.Core.VstCanDoResult.Unknown;\n}</code></pre>\n\n",
    "PostedDate": "2015-12-04T10:40:23.283-08:00",
    "UserRole": null,
    "MarkedAsAnswerDate": null
  },
  {
    "Id": "1454675",
    "ThreadId": "647875",
    "Html": "Sorry Yury. It seems to make no difference.\r<br />\n<br />\nAt the end of the day, I'm not too worried about this one. I just wanted to get a step sequencer to output midi to another VST plugin, and I achieved that with B-Step which works perfectly. Basically, it looks like this plugin does something weird. I would like to fix this, but I can't get too caught up on this one.<br />\n",
    "PostedDate": "2015-12-04T19:46:16.54-08:00",
    "UserRole": null,
    "MarkedAsAnswerDate": null
  }
]