[
  {
    "Id": "272468",
    "ThreadId": "79579",
    "Html": "<p>Hello there !</p>\r\n<p>&nbsp;</p>\r\n<p>My plugin gets time ( _ti ) in seconds as an input, then it tells the host ( an audio file has been loaded by the host) to go to the specified time ( _ ti ), how to make that easily ?</p>\r\n<p>I read about <em>gettimeinfo()</em>, is there any method to help me 'setting' the time ?</p>\r\n<p>Thanks..</p>",
    "PostedDate": "2010-01-02T15:52:38.85-08:00",
    "UserRole": null,
    "MarkedAsAnswerDate": null
  },
  {
    "Id": "272539",
    "ThreadId": "79579",
    "Html": "<p>Try this forum for these kinds of questions</p>\r\n<div>http://www.kvraudio.com/forum/viewforum.php?f=33</div>\r\n<div>To my knowledge it is not possible to set the time a host uses to start playing in VST 2.4.  But I think there was a deprecated method for that on the audioMaster callback called SetTime.</div>",
    "PostedDate": "2010-01-03T03:10:42.88-08:00",
    "UserRole": null,
    "MarkedAsAnswerDate": null
  },
  {
    "Id": "272565",
    "ThreadId": "79579",
    "Html": "<p>Thanks Marc.</p>\r\n<p>I found <a href=\"http://ygrabit.steinberg.de/~ygrabit/public_html/vstgui/vstsupport5.html\"><em>audioMasterSetTime </em></a>in VST 2.0, how can I use it within my vst.net project ?</p>",
    "PostedDate": "2010-01-03T09:09:26.887-08:00",
    "UserRole": null,
    "MarkedAsAnswerDate": null
  },
  {
    "Id": "272581",
    "ThreadId": "79579",
    "Html": "<p>As of version 0.8 of VST.NET (almost) all deprecated members (as of VST 2.4) are supported.</p>\r\n<p>Here's a code example of how to get the deprecated members for calling the host (taken from the implementation of VstPluginBase.Resume in the framework). The Host property is the reference of the host command stub passed to the plugin during the Open call.</p>\r\n<div style=\"color:Black;background-color:White\">\r\n<pre>IVstHostCommandsDeprecated20 deprecated = Host.GetInstance&lt;IVstHostCommandsDeprecated20&gt;();\r\n\r\n<span style=\"color:Blue\">if</span> (deprecated != <span style=\"color:Blue\">null</span>)\r\n{\r\n    deprecated.WantMidi();\r\n}\r\n</pre>\r\n</div>\r\n<p>To support deprecated members as a plugin implement the IVstPluginCommandsDeprecated20 interface (in Jacobi.Vst.Core.Deprecated) or derive your public VstPluginCommandStub class from the &nbsp;StdVstPluginDeprecatedCommandStub base class and override the methods you wish to support (most of them are <strong>not</strong> implemented by this base class).</p>\r\n<p>Do realize that in your specific case, SetTime might not be supported by every host.</p>",
    "PostedDate": "2010-01-03T10:34:24.087-08:00",
    "UserRole": null,
    "MarkedAsAnswerDate": null
  }
]