[
  {
    "Id": "507168",
    "ThreadId": "230887",
    "Html": "<p>Hi marc, I have a problem obtaining chunks from unmanaged plugin. I'm talking about ReaEq plugin, which has flag &quot;ProgramChunks&quot; set. As I understand, this flag tells user, that plugin has implemented own mechanism for obtaining its state (to save it to .fxp or .fxb file). Unfortunately method GetChunks(bool preset) returns null with all appropriate unmanaged plugins I own. I was able to set breakpoint in d:\\vstnet-48968\\Source\\Code\\Jacobi.Vst.Interop\\Host\\VstPluginCommandStub.cpp at GetChunk(System::Boolean isPreset). Length of data returned by CallDispatch is allways 0.</p>\r\n<p>Regards, kasaudio</p>",
    "PostedDate": "2010-10-14T04:32:52.663-07:00",
    "UserRole": null,
    "MarkedAsAnswerDate": null
  },
  {
    "Id": "507169",
    "ThreadId": "230887",
    "Html": "<p>Yes. that was a bug (missing return statement in CallDispatch - big oops! ;-).</p>\r\n<p>Get the latest source and try again, please. If the problem persists I'll have a look.</p>\r\n<p>Hope it helps,<br>Marc</p>",
    "PostedDate": "2010-10-14T04:38:06.83-07:00",
    "UserRole": null,
    "MarkedAsAnswerDate": null
  },
  {
    "Id": "507171",
    "ThreadId": "230887",
    "Html": "<p>Hello again!</p>\r\n<p>Sorry, I did not notice there is a new version. Will try it as soon as p.</p>\r\n<p>Regards, kasaudio</p>",
    "PostedDate": "2010-10-14T04:46:01.07-07:00",
    "UserRole": null,
    "MarkedAsAnswerDate": null
  },
  {
    "Id": "507181",
    "ThreadId": "230887",
    "Html": "<p>Tested with new version... it works!</p>\r\n<p>cheers, kasaudio</p>",
    "PostedDate": "2010-10-14T05:00:52.82-07:00",
    "UserRole": null,
    "MarkedAsAnswerDate": null
  }
]