[
  {
    "Id": "417753",
    "ThreadId": "204854",
    "Html": "<p>Hello again!</p>\r\n<p>When implementing the audio processor, can I assume that the length of each input/output are always equal?</p>\r\n<p>&nbsp;</p>\r\n<pre>public override void Process(VstAudioBuffer[] inputs, VstAudioBuffer[] outputs)</pre>\r\n<p>&nbsp;</p>\r\n<p>For example if I want to make an effect that switches the left and right channel I have 4 buffers (input[0], input[1], output[0] and output[1])</p>\r\n<p>Each of the buffers has a SampleCount property which is the same for all buffers.</p>\r\n<p>Could it be possible that a host processes the left and right channel with different buffer lengths?<br>If so, how would a stereo shaping plugin work in that environment?</p>\r\n<p>For example., here I just use the length of <strong><span style=\"text-decoration:underline\"><span style=\"color:#ff0000\">in1</span></span></strong> to process all buffers. what if the other buffers would have different lengths?</p>\r\n<p>\r\n<div style=\"color:Black;background-color:White\">\r\n<pre>    <span style=\"color:Blue\">public</span> <span style=\"color:Blue\">override</span> <span style=\"color:Blue\">void</span> Process(VstAudioBuffer[] inputs, VstAudioBuffer[] outputs)<br>    {<br>        VstAudioBuffer in1 = inputs[0], in2 = inputs[1];<br>        VstAudioBuffer out1 = outputs[0], out2 = outputs[1];<br>        <br><br>        <span style=\"color:Blue\">for</span> (<span style=\"color:Blue\">int</span> i = 0; i &lt; <span style=\"color:#ff0000\"><span style=\"text-decoration:underline\"><strong>in1</strong></span></span>.SampleCount; i++)<br>        {<br>            out1[i] = in2[i];<br>            out2[i] = in1[i];<br>        }<br>    }<br></pre>\r\n</div>\r\n</p>",
    "PostedDate": "2010-03-13T06:42:33.337-08:00",
    "UserRole": null,
    "MarkedAsAnswerDate": null
  },
  {
    "Id": "417854",
    "ThreadId": "204854",
    "Html": "<p>Yes, you can. The SampleCount of all input buffers and all output buffers are always the same. So these conditions are all true:</p>\r\n<p>in1.SampleCount == in2.SampleCount<br>in1.SampleCount == out1.SampleCount<br>out1.SampleCount == out2.SampleCount</p>\r\n<p>The SampleCount property on the audio buffer was put there to always have that number handy. The underlying VST C++ API only specifies one sample count value for all buffers during process (replacing).</p>\r\n<p>&nbsp;</p>",
    "PostedDate": "2010-03-13T22:58:45.343-08:00",
    "UserRole": null,
    "MarkedAsAnswerDate": null
  },
  {
    "Id": "417918",
    "ThreadId": "204854",
    "Html": "<p>Thanks!</p>\r\n<p>Another question: How would I create a buffer that always contains the last, for example, 512 samples processed?<br>I tried making a buffer with &quot;new VstAudioBuffer()&quot; but what is the first argument &quot;buffer&quot;?</p>",
    "PostedDate": "2010-03-14T08:29:57.65-07:00",
    "UserRole": null,
    "MarkedAsAnswerDate": null
  },
  {
    "Id": "417923",
    "ThreadId": "204854",
    "Html": "<p>Alright, I found a way...</p>\r\n<p>I built myself a Buffer class instead of using VstAudioBuffer.</p>\r\n<p>\r\n<div style=\"color:Black;background-color:White\">\r\n<pre><span style=\"color:Blue\">public</span> <span style=\"color:Blue\">class</span> Buffer\r\n{\r\n    <span style=\"color:Blue\">public</span> <span style=\"color:Blue\">float</span>[] buffer;\r\n    <span style=\"color:Blue\">public</span> <span style=\"color:Blue\">int</span> index;\r\n    <span style=\"color:Blue\">private</span> <span style=\"color:Blue\">int</span> _len;\r\n    <span style=\"color:Blue\">public</span> <span style=\"color:Blue\">int</span> length{\r\n        <span style=\"color:Blue\">get</span> { <span style=\"color:Blue\">return</span> _len; }\r\n        <span style=\"color:Blue\">set</span> { _len = value; updateLength(); }\r\n    }\r\n\r\n    <span style=\"color:Blue\">private</span> <span style=\"color:Blue\">void</span> updateLength()\r\n    {\r\n        buffer = <span style=\"color:Blue\">new</span> <span style=\"color:Blue\">float</span>[_len];\r\n        index = 0;\r\n    }\r\n    <span style=\"color:Blue\">public</span> Buffer(<span style=\"color:Blue\">int</span> length)\r\n    {\r\n        _len = length;\r\n        updateLength();\r\n    }\r\n    <span style=\"color:Blue\">public</span> <span style=\"color:Blue\">void</span> addSample(<span style=\"color:Blue\">float</span> sample)\r\n    {\r\n        buffer[index] = sample;\r\n        <span style=\"color:Blue\">if</span> (++index &gt;= _len) index = 0;\r\n    }\r\n}\r\n</pre>\r\n</div>\r\n</p>",
    "PostedDate": "2010-03-14T09:12:30.83-07:00",
    "UserRole": null,
    "MarkedAsAnswerDate": null
  },
  {
    "Id": "417937",
    "ThreadId": "204854",
    "Html": "<p>You never need to create a VstAudioBuffer by hand. The VstAudioBuffer just wraps unmanaged memory and allows managed access to it. It is the only data structure in VST.NET that is not marshaled from C++ to .NET. That first param in the ctor is an unmanaged pointer to a buffer containing samples.</p>\r\n<p>If you need a buffer for internal plugin processing, you need to write your own code (as you have done).</p>\r\n<p>Hope it helps.</p>",
    "PostedDate": "2010-03-14T10:47:06.25-07:00",
    "UserRole": null,
    "MarkedAsAnswerDate": null
  },
  {
    "Id": "417948",
    "ThreadId": "204854",
    "Html": "<p>Thx again! I really appreciate your help!</p>",
    "PostedDate": "2010-03-14T11:29:28.41-07:00",
    "UserRole": null,
    "MarkedAsAnswerDate": null
  }
]