[
  {
    "Id": "515153",
    "ThreadId": "232961",
    "Html": "\r\n<p>&#65279;Hi Obiwan,</p>\r\n<p>I was able to build and run&nbsp;my first vst using vst.net last night. As a c# developper I find your API great of course !!</p>\r\n<p>I have not been deep into it&nbsp;yet, nor into steinberg vst sdk behind, but could you tell me briefly if the api can (and maybe how it could)&nbsp;list other plugins that are currently loaded into the host my plug is loaded in.</p>\r\n<p>Hope the question is clear !! Thanks</p>\r\n",
    "PostedDate": "2010-10-31T09:15:53.443-07:00",
    "UserRole": null,
    "MarkedAsAnswerDate": null
  },
  {
    "Id": "515182",
    "ThreadId": "232961",
    "Html": "\r\n<p>Hi Rodo,</p>\r\n<p>Thanx. Glad you like it.</p>\r\n<p>The VST 2.4 specs do not allow any sort of loaded plugin list to be communicated to a plugin.\r\n<br>\r\nI think a plugin is meant to be ambiguous to other (loaded) plugins.</p>\r\n<p>Hope it helps.<br>\r\nMarc</p>\r\n",
    "PostedDate": "2010-10-31T11:56:26.273-07:00",
    "UserRole": null,
    "MarkedAsAnswerDate": null
  }
]