[
  {
    "Id": "525285",
    "ThreadId": "235577",
    "Html": "\r\n<p>Hi, I have a slight problem with the AudioProcessor() class. I want to be able to store audio samples in the input audio buffer so i can use them for further processing.</p>\r\n<p>I tried with the resource folder of visual c#, but when i play the files, the host (fl studio) does not recognise it (there's no audio feedback from the mixer). i later figured out i was only playing the file directly from my sound card just like media player.</p>\r\n<p>upon repeated reading of vst.net documentation (AudioProcessor class), i realise the vst host only recognise audio samples only when stores into a buffer. not the big&nbsp; question is: How do I store audio samples?</p>\r\n<p>Any help, no matter how little will be most appreciated. thanx</p>\r\n",
    "PostedDate": "2010-11-22T06:16:34.417-08:00",
    "UserRole": null,
    "MarkedAsAnswerDate": null
  },
  {
    "Id": "525291",
    "ThreadId": "235577",
    "Html": "\r\n<p>The title suggest you want to store the IN the input buffer...?</p>\r\n<p>If you would write out the samples to a file format that the host understood (a common format, like .wav), would that satisfy the 'further processing'?</p>\r\n",
    "PostedDate": "2010-11-22T06:22:07.5-08:00",
    "UserRole": null,
    "MarkedAsAnswerDate": null
  },
  {
    "Id": "525311",
    "ThreadId": "235577",
    "Html": "\r\n<p>&nbsp;</p>\r\n<p>Yes it would. because the whole idea is to later process the files back to the host as audio file (.wav)</p>\r\n",
    "PostedDate": "2010-11-22T06:55:33.67-08:00",
    "UserRole": null,
    "MarkedAsAnswerDate": null
  },
  {
    "Id": "525364",
    "ThreadId": "235577",
    "Html": "\r\n<p>Well, then you should check out NAudio here on codeplex. It has, when I remember correctly, a class to read and (perhaps also write)&nbsp;a wav file. Assuming .wav is a format that most hosts know how to read (which is probably true).</p>\r\n<p>Note that the .wav file uses an interlaced format using integers and VST uses separate buffers using floats. So you need to do some conversion.\r\n<br>\r\nThere are several discussion threads here that also discuss this (search for it).</p>\r\n<p>You also have to think about when the files are written (at what time). Do you append to it as you 'record' or do you allow manipulation in your plugin and save the result. Be mindfull of how much memory you use buffering these recorded samples.</p>\r\n<p>Hope it helps.<br>\r\nMarc</p>\r\n",
    "PostedDate": "2010-11-22T08:51:53.933-08:00",
    "UserRole": null,
    "MarkedAsAnswerDate": null
  }
]