[
  {
    "Id": "1338289",
    "ThreadId": "576611",
    "Html": "Hello.\r<br />\nI have problems with some VST synthesizers to generate sound.\r<br />\nI have reed ProcessEvents with midi events with correct information (i Think) and have a working host sequencer to play sequences with notes and so on. Everything seems to work.\r<br />\n<br />\nBut, when I load some vst synthesizers, they do not generate sound. But I can get programs, parameters and so on from it. So it seems to be loaded correctly. Even when I play on the vsts built in keyboard there is no sound.\r<br />\n<br />\nI am using Startprocess, ProcessReplace.\r<br />\nWhat can make some vst not to sound? Any ideas?<br />\n",
    "PostedDate": "2015-01-01T03:19:31.01-08:00",
    "UserRole": null,
    "MarkedAsAnswerDate": null
  },
  {
    "Id": "1338298",
    "ThreadId": "576611",
    "Html": "The Synth VST convert MIDI events into audio. So you need to call ProcessEvents AND ProcessReplace...\r<br />\n<br />\n[2c]<br />\n",
    "PostedDate": "2015-01-01T04:24:35.453-08:00",
    "UserRole": null,
    "MarkedAsAnswerDate": null
  },
  {
    "Id": "1338300",
    "ThreadId": "576611",
    "Html": "Yes, sorry I was not clear. I am calling ProcessEvents(vstevents); Before ProcessReplace.\r<br />\nI have synthesizers like Freqatic, DSK TechSynth PRO and they sounds. But AlphatronFreeMain, DigiDrum Pro, GTG DPC 3 do not sound anything. And all vst feeds with midi events and Calling ProccessReplace.\r<br />\n<br />\nAnd I have sitting here in hours and trying to find out why some vst synths works and some not works.<br />\n",
    "PostedDate": "2015-01-01T04:40:47.63-08:00",
    "UserRole": null,
    "MarkedAsAnswerDate": null
  },
  {
    "Id": "1338330",
    "ThreadId": "576611",
    "Html": "I know some plugins require the EditorIdle() method to be called. Usually this is related to UI problems, but still...\r<br />\n<br />\nCan you see any difference in support in the VST plugins? - like PluginFlags and CanDo's?\r<br />\nDo you provide a real implementation for GetTimeInfo()? I can imagine that plugins fail to work if that method is stubbed or not working correctly.\r<br />\nYou can try to trace what Host methods these plugins use. Perhaps a critical method that you didn't implement is called?\r<br />\nSimilar: debug what CanDo's are asked of the host by these plugins?<br />\n",
    "PostedDate": "2015-01-01T09:36:15.767-08:00",
    "UserRole": null,
    "MarkedAsAnswerDate": null
  },
  {
    "Id": "1338384",
    "ThreadId": "576611",
    "Html": "Now I got more synthesizers to work!\r<br />\nI added MainsChanged(true); when I creates and instance of my vst and now all synthesizers works except one. I got 'System.AccessViolationException' occurred in Jacobi.Vst.Interop.dll in ProcessReplace. And i dont event processing any events at all. I got that exception on the first call in ProcessReplace.\r<br />\n<br />\nCanDo, there was only one vst synth that request a CanDo and that vst works.\r<br />\n<br />\nGetTimeInfo is correct I Think, I am setting ppqPosition, samplePosition, nanoseconds.\r<br />\n<br />\nThe plugin flags is the same as other vst so i Think there is no problem.\r<br />\n<br />\nBut the vst is only Calling GetVersion and GetVendorString and after that it goes into ProcessReplacing and crash.\r<br />\n<br />\nI have also tested the vst that not works in FL Studio and it works there.\r<br />\n<br />\nThanks very much for helping :)<br />\n",
    "PostedDate": "2015-01-01T14:45:14.55-08:00",
    "UserRole": null,
    "MarkedAsAnswerDate": null
  },
  {
    "Id": "1338395",
    "ThreadId": "576611",
    "Html": "Can you tell me which vst makes a memory access violation?\r<br />\nI have time to test it in the next few days to see what could be wrong.\r<br />\nThis error could be related to the size of the buffer, ie: plugins expect more channels to be in the buffer but you only have stereo. Plugin will read past the soze of the buffer you provided.<br />\n",
    "PostedDate": "2015-01-01T16:41:09.51-08:00",
    "UserRole": null,
    "MarkedAsAnswerDate": null
  },
  {
    "Id": "1338471",
    "ThreadId": "576611",
    "Html": "DigiDrum Pro.dll\r<br />\n<br />\nHere inte the download link:\r<br />\n<a href=\"http://www.vst4free.com/free_vst.php?plugin=DigiDrum_Pro&amp;id=396\" rel=\"nofollow\">http://www.vst4free.com/free_vst.php?plugin=DigiDrum_Pro&id=396</a>\r<br />\n<br />\nThank you so much for helping me! :)<br />\n",
    "PostedDate": "2015-01-02T02:01:18.443-08:00",
    "UserRole": null,
    "MarkedAsAnswerDate": null
  },
  {
    "Id": "1338705",
    "ThreadId": "576611",
    "Html": "Plugin is crap, it kept crashing but luckily I figured it out in less than 5 min. I loaded the bugger from 'c:\\' like I always do for debugging and I noticed it kept recreating folder 'c:\\DigiDrum Pro' before the crash. I moved the dll in 'c:\\DigiDrum Pro' and it loaded fine from there. Not much you can do about it, it's pretty obvious the plugin hardcoded the path to it's settings folder and does no bug checks when attempting to read them triggering a memory access violation. Only fix I can think of is to open it from it's hardcoded path or change the startup path to that location which probably is not an option.<br />\n",
    "PostedDate": "2015-01-03T01:05:56.667-08:00",
    "UserRole": null,
    "MarkedAsAnswerDate": null
  },
  {
    "Id": "1338784",
    "ThreadId": "576611",
    "Html": "Hmm okey, I wounder how FL Studio can open it? But thank you for checking up that. I will look at more about that vst synth later. :)<br />\n",
    "PostedDate": "2015-01-03T14:31:37.457-08:00",
    "UserRole": null,
    "MarkedAsAnswerDate": null
  },
  {
    "Id": "1338797",
    "ThreadId": "576611",
    "Html": "Hard to know without seeing the code, it could be a simple shim: if (pluginName == &quot;DigiDrum Pro&quot;) startUpPath = &quot;c:\\DigiDrum Pro&quot;\r<br />\nOr alternatively if (pluginName == &quot;DigiDrum Pro&quot;) make directory &quot;c:\\DigiDrum Pro&quot;; copy plugin.dll to &quot;c:\\DigiDrum Pro&quot;; load &quot;c:\\DigiDrum Pro\\plugin.dll&quot;\r<br />\n<br />\nFL Studio is full of these kinds of shims, if that's the way you're going you'll have to patch specific plugins left and right to emulate it's behavior.\r<br />\n<br />\nI opened DigiDrum Pro in ModPlug Tracker which I know doesn't have many shims. The plugin crashes when opened outside of it's hardcoded path just like my host.\r<br />\nIf you still have a problem opening the plugin in your host from the path 'c:\\DigiDrum Pro' then I might be able to figure out what's still missing.<br />\n",
    "PostedDate": "2015-01-03T18:03:33.77-08:00",
    "UserRole": null,
    "MarkedAsAnswerDate": null
  },
  {
    "Id": "1339331",
    "ThreadId": "576611",
    "Html": "I implemented the following shim for this particular plugin:<br />\n<pre><code>public static String CheckPath(String path)\n{\n    String fileName = Path.GetFileName(path);\n\n    // Plugin 'DigiDrum Pro' works only in hardcoded path 'C:\\DigiDrum Pro'\n    if (fileName.Contains(&quot;DigiDrum Pro&quot;))\n    {\n        String pluginDirectory = @&quot;C:\\DigiDrum Pro&quot;;\n\n        if (!Directory.Exists(pluginDirectory))\n            Directory.CreateDirectory(pluginDirectory);\n\n        String newPath = Path.Combine(pluginDirectory, fileName);\n\n        if (!File.Exists(newPath))\n            File.Copy(path, newPath);\n\n        path = newPath;\n    }\n\n    return path;\n}</code></pre>\n\n",
    "PostedDate": "2015-01-06T02:27:10.327-08:00",
    "UserRole": null,
    "MarkedAsAnswerDate": null
  }
]