[
  {
    "Id": "597504",
    "ThreadId": "253952",
    "Html": "\r\n<p>Hi,</p>\r\n<p>I'd like to create a very simple VST that connects to a live internet audio stream (for example a stream from radioreference.com) and outputs that sampledata.<br>\r\nThis way I can use this VST in a track, and everytime I play the track the audiodata is live, and I can chain other effects on it.</p>\r\n<p>What would be the best starting point ?<br>\r\nI know how to get the sampledata from the livestream, so what I need to know is how to actually create the VST that outputs it.<br>\r\nIs there a simple example of a VST that outputs sampledata, where I could just plug in the code to fetch the streamdata and use that as output ?</p>\r\n<p>Cheers,</p>\r\n<p>Pygmy.</p>\r\n",
    "PostedDate": "2011-04-14T14:26:54.64-07:00",
    "UserRole": null,
    "MarkedAsAnswerDate": null
  },
  {
    "Id": "597727",
    "ThreadId": "253952",
    "Html": "<p>Download the VS2008/2010 Project templates and choose a new Audio project. That gives you a working delay effect (similar to the Delay Sample).<br />Locate the AudioProcessor and adjust the number of audio inputs (NOTE it may very well be necessary to fake some inputs in order to be able to be called at all by the host).<br />Call your stream in the Process method of the AudioProcessor. Make sure you fill the output buffers with [-1.0, 1.0] values. For each channel there is a separate buffer. You may have to convert the audio samples from the the live stream to fit this format.</p>\r\n<p>Build your project and deploy (copy) the [MyProject].dll, [MyProject].net.vstdll and the Jacobi.Vst.Core and the Jacobi.Vst.Framework assemblies to one folder (one that is scanned by the host) and start the host. You should be able to load the [MyProject].dll (choose this dll when asked to locate the plugin dll) into the host.</p>\r\n<p>Thats about it. You should now have a VST plugin that injects your live stream feed into the host.</p>\r\n<p>Hope it helps.<br />Marc</p>",
    "PostedDate": "2011-04-15T00:17:16.973-07:00",
    "UserRole": null,
    "MarkedAsAnswerDate": null
  },
  {
    "Id": "599133",
    "ThreadId": "253952",
    "Html": "<p>Ok, cheers.<br />So I figure, since I'm only generating audio, I'll set the input-count to 0, and ignore the inChannels in the Process method.<br />In the Process method, for an effect-processor like the delay you write as much samples to the output as there are in the input, but since I have no inputs - how do I know how many samples&nbsp;I can write ?</p>\r\n<p>&nbsp;</p>\r\n<p>&nbsp;</p>\r\n<p><br /><br /></p>",
    "PostedDate": "2011-04-18T07:55:43.963-07:00",
    "UserRole": null,
    "MarkedAsAnswerDate": null
  },
  {
    "Id": "599236",
    "ThreadId": "253952",
    "Html": "<p>The output buffers all have a SampleCount property, which is the same for all channels (buffers). A Sample is one float value.</p>\r\n<p><a href=\"http://vstnet.codeplex.com/SourceControl/changeset/view/57494#191416\">http://vstnet.codeplex.com/SourceControl/changeset/view/57494#191416</a></p>",
    "PostedDate": "2011-04-18T10:00:13.77-07:00",
    "UserRole": null,
    "MarkedAsAnswerDate": null
  },
  {
    "Id": "599407",
    "ThreadId": "253952",
    "Html": "<p>So just to be sure, the output buffers' Samplecount property specifies how many samples are expected ?</p>\n<p>&nbsp;</p>\n<p>Edit:<br />By the way, I think it would be a good idea to have a sample that implements a synth that just outputs a sinewave at a midi-keyed frequency, as a base for synth-development.<br />(Or does something like this exist already and have I missed it ?)</p>",
    "PostedDate": "2011-04-18T15:05:43.06-07:00",
    "UserRole": null,
    "MarkedAsAnswerDate": null
  },
  {
    "Id": "599567",
    "ThreadId": "253952",
    "Html": "<p>Yes. and the SampleCount property on all buffers is the same (because it came from a single native value). I just added the SampleCount property to the buffer class for ease - so you'd always have access to the correct size of the buffer for every reference to any buffer you might route through your program. And don't worry, if you try to write beyond the buffer's end, you'll get an ArgumentOutOfRange exception ;-)</p>\r\n<p>Yes I think that would also be a good idea ;-) <a href=\"http://vstnet.codeplex.com/workitem/6165\">http://vstnet.codeplex.com/workitem/6165</a>&nbsp;You can vote on it, if you'd like. I just haven't had the time to work on it yet. I've been busy with several other home projects as well...</p>\r\n<p>Hope it helps,<br />Marc</p>",
    "PostedDate": "2011-04-18T22:21:34.933-07:00",
    "UserRole": null,
    "MarkedAsAnswerDate": null
  },
  {
    "Id": "604660",
    "ThreadId": "253952",
    "Html": "<p>Ok, I've got it up and running playing internet streams.... Almost.</p>\n<p>Running it i﻿n vsthost it works perfectly.<br />Then I tried to use it in Ableton, and it doesn't work.<br /><br />It's seen as an VSTfx, not as a VSTi, which makes sense since it was basicly built on top of the Delay sample.<br />So what do I exactly need to do to switch it from VSTfx to VSTi ?<br />Should it just be derived from IVstPluginMidiSource and/or should I do / implement something else as well ?</p>\n<p><br />By the way, once I get my plugin to work they way it's supposed to work,&nbsp;I'll make the sources available so other people can have a look and poke fun at it :)</p>",
    "PostedDate": "2011-04-29T00:18:33.16-07:00",
    "UserRole": null,
    "MarkedAsAnswerDate": null
  },
  {
    "Id": "604976",
    "ThreadId": "253952",
    "Html": "<p>My suggestion would be to have a dummy midi processor in your plugin. This tricks the host into thinking you need midi to produce the sound. This would also mean you can only insert the plugin on a midi track...? You could also think of setting the audio inputs to 2 just (and do nothing with them). This is just because some hosts have some weird notions how plugins should 'be'...</p>\r\n<p>Hope it helps,<br />Marc</p>",
    "PostedDate": "2011-04-29T10:53:48.643-07:00",
    "UserRole": null,
    "MarkedAsAnswerDate": null
  },
  {
    "Id": "611240",
    "ThreadId": "253952",
    "Html": "<p>Cheers.</p>\r\n<p>I've changed my mind and settled for it being an audioprocessor for the time being. The trick was indeed that to set it to have 2 (unused) inputs.<br />Another question though : I have only one parameter in my AudioProcessor, the stream index (an int).<br />Currently when loading a track using my VST, it's always set to default.</p>\r\n<p>How do I save / restore the state of my single parameter ?</p>",
    "PostedDate": "2011-05-11T14:11:41.42-07:00",
    "UserRole": null,
    "MarkedAsAnswerDate": null
  },
  {
    "Id": "611430",
    "ThreadId": "253952",
    "Html": "<p>A \"normal\" parameter would typically not change due to operation of the plugin. For example:&nbsp;a volume parameter would typically not adjust itself.</p>\r\n<p>Typically a (sequencer) Host will take a snapshot of the plugins parameter values and store them in the song. When the song is loaded into the host, those same parameter values are applied by the host to the plugin.</p>\r\n<p>In your case I would suggest you implement the IVstPluginPersistence interface. There is a base class (Plugin namespace) that provides a typical implementation and only requires you to fill in the specifics of your plugin. Refer to the Delay sample plugin where it is implemented.</p>\r\n<p>Hope it helps,<br />Marc</p>",
    "PostedDate": "2011-05-11T22:27:15.34-07:00",
    "UserRole": null,
    "MarkedAsAnswerDate": null
  }
]