[
  {
    "Id": "1463793",
    "ThreadId": "651534",
    "Html": "Does VST.NET support OSX and Linux?<br />\n<br />\nDo the plug-ins developed run on OSX and Linux?<br />\n",
    "PostedDate": "2016-02-20T03:04:39.633-08:00",
    "UserRole": null,
    "MarkedAsAnswerDate": null
  },
  {
    "Id": "1463819",
    "ThreadId": "651534",
    "Html": "I'm not 100% sure, but I think the basic answer is not currently. You could vote for it here:\r<br />\n<a href=\"https://vstnet.codeplex.com/workitem/list/basic\" rel=\"nofollow\">https://vstnet.codeplex.com/workitem/list/basic</a>\r<br />\n<br />\nI guess the question for me is, if anyone was to invest time in getting VST.Net to work on other platforms, would they do it for Xamarin (iOS/MacOS/Android)? Or, UWP?\r<br />\n<br />\nPersonally, I hope that one day, VST .Net is ported to all the major platforms. If you're a C++ programmer, or know someone who is, you should look at what would be involved with helping out on these ports.<br />\n",
    "PostedDate": "2016-02-20T16:26:00.74-08:00",
    "UserRole": null,
    "MarkedAsAnswerDate": null
  },
  {
    "Id": "1464082",
    "ThreadId": "651534",
    "Html": "No, the current version of VST.NET is Windows only. This has to do with the use of the C++ CLI extensions in the Interop assembly.\r<br />\n<br />\nI have tried to create a VST3 compatible version that would also work on OSX and Linux with the use of Mono, but I ran into serious problems I was unable to resolve and I have abandoned that.<br />\n",
    "PostedDate": "2016-02-23T02:57:39.303-08:00",
    "UserRole": null,
    "MarkedAsAnswerDate": null
  }
]