[
  {
    "Id": "495348",
    "ThreadId": "227708",
    "Html": "<p>Hello Marc, I'm back, finished 2 projects and started 3 new ones...</p>\r\n<p>In free time I'm currently working on a custom VST host, and I would like to create Load/Save program and Load/Save program bank functionality. I noticed, that with some plugins GetProgramNameIndexed(int index) function returns empty strings while GetProgramName() returns correct value.</p>\r\n<p>However I can still list all program names, if I at first set program at given index and then with GetProgramName() obtain program's name. The &quot;problematic&quot; plugin is (like allways) &quot;TC Native Reverb VST&quot;, but with other hosts I have, it openes flawless. Is there anything (I'm doing wrong/you can look after) about this issue?</p>\r\n<p>Regards, an</p>",
    "PostedDate": "2010-09-18T02:22:30.497-07:00",
    "UserRole": null,
    "MarkedAsAnswerDate": null
  },
  {
    "Id": "495352",
    "ThreadId": "227708",
    "Html": "<p>I forgot to mention; I'm using vstnet-48968.</p>\r\n<p>Regards, an</p>",
    "PostedDate": "2010-09-18T02:35:20.917-07:00",
    "UserRole": null,
    "MarkedAsAnswerDate": null
  },
  {
    "Id": "495411",
    "ThreadId": "227708",
    "Html": "<p>Hello again, 2 more questions:</p>\r\n<p>1. question is related to parameter properties;</p>\r\n<div style=\"color:black;background-color:white\">\r\n<pre>        <span style=\"color:blue\">private</span> <span style=\"color:blue\">void</span> showParametersToolStripMenuItem_Click(<span style=\"color:blue\">object</span> sender, EventArgs e)\r\n        {\r\n            <span style=\"color:blue\">if</span> (vstPluginContext != <span style=\"color:blue\">null</span>)\r\n            {\r\n                IVstPluginCommandStub pcs = vstPluginContext.PluginCommandStub;\r\n                <span style=\"color:blue\">int</span> n = vstPluginContext.PluginInfo.ParameterCount;\r\n                VstParameterProperties vpp;\r\n                <span style=\"color:blue\">string</span> parameterName;\r\n                <span style=\"color:blue\">for</span> (<span style=\"color:blue\">int</span> i = 0; i &lt; n; i++)\r\n                {\r\n                    parameterName = pcs.GetParameterName(i);\r\n                    vpp = pcs.GetParameterProperties(i);\r\n                    <span style=\"color:blue\">if</span> (parameterName == <span style=\"color:blue\">null</span> || parameterName == <span style=\"color:#a31515\">&quot;&quot;</span>)\r\n                        MessageBox.Show(<span style=\"color:#a31515\">&quot;Empty or null parameter name!&quot;</span>, <span style=\"color:#a31515\">&quot;Error!&quot;</span>);\r\n                    <span style=\"color:blue\">if</span> (vpp == <span style=\"color:blue\">null</span>)\r\n                        MessageBox.Show(<span style=\"color:#a31515\">&quot;Null parameter properties!&quot;</span>, <span style=\"color:#a31515\">&quot;Error!&quot;</span>);\r\n                }\r\n            }\r\n        }\r\n</pre>\r\n</div>\r\n<p>If I run the following code vpp is always null no matter which plugin I use. Parameter name makes sense with some plugins while with others empty string is returned. VST Host (from Hermann Seib) displays parameters correctly with all test plugins.</p>\r\n<p>2. Question is related to saving vst parameters (to .fxp file);</p>\r\n<div style=\"color:black;background-color:white\">\r\n<pre>        <span style=\"color:blue\">private</span> <span style=\"color:blue\">void</span> savePresetToolStripMenuItem_Click(<span style=\"color:blue\">object</span> sender, EventArgs e)\r\n        {\r\n            <span style=\"color:blue\">if</span> (vstPluginContext != <span style=\"color:blue\">null</span>)\r\n            {\r\n                <span style=\"color:blue\">if</span> (savePresetDialog.ShowDialog() == DialogResult.OK)\r\n                {\r\n                    <span style=\"color:blue\">byte</span>[] buffer = vstPluginContext.PluginCommandStub.GetChunk(<span style=\"color:blue\">true</span>);\r\n                    <span style=\"color:blue\">if</span> (buffer == <span style=\"color:blue\">null</span>)\r\n                        MessageBox.Show(<span style=\"color:#a31515\">&quot;Buffer is null!&quot;</span>, <span style=\"color:#a31515\">&quot;Error!&quot;</span>);\r\n                    <span style=\"color:blue\">else</span>\r\n                    {\r\n                        FileStream fs = <span style=\"color:blue\">new</span> FileStream(savePresetDialog.FileName, FileMode.OpenOrCreate);\r\n                        fs.Write(buffer, 0, buffer.Length);\r\n                        fs.Flush();\r\n                        fs.Close();\r\n                    }\r\n                }\r\n            }\r\n        }\r\n</pre>\r\n<pre>If I run the following code, buffer I get is allways null no matter which plugin I choose.</pre>\r\n<pre>Regards, an</pre>\r\n</div>",
    "PostedDate": "2010-09-18T07:43:06.647-07:00",
    "UserRole": null,
    "MarkedAsAnswerDate": null
  },
  {
    "Id": "495587",
    "ThreadId": "227708",
    "Html": "<p>Hi An,</p>\r\n<p>0) I'm not getting your first question (first message). What exactly is the problem? I understand that some plugins do not (correctly) implement the ByIndex method, its the last part I dont get.</p>\r\n<p>Writing a host, you&acute;ll find out that there is a lot of variance in implementation details across the various plugins. You sort of have to find a way that works for most while keeping to the intention of the specs a much as possible.</p>\r\n<p>1) ParameterProperties is not something that every plugin would implement (unfortunatly). Assume a default value range for each parameter of [0.0, 1.0]. Please test this with the Delay Sample plugin to see if it works (that plugin implements the method). Please let me know if it doesn't - then we have a bug.</p>\r\n<p>2) Thats not good (I assume it only happens with unmanaged plugins) . Can you set a breakpoint at the GetChunk in the source file. <a href=\"http://vstnet.codeplex.com/SourceControl/changeset/view/48968#343837\">http://vstnet.codeplex.com/SourceControl/changeset/view/48968#343837</a><br>and check if the buffer is filled?</p>\r\n<p>Thanx for bringing this to my attention and let me know how you do on these issues.</p>\r\n<p>Hope it helps.</p>\r\n<p>Marc</p>",
    "PostedDate": "2010-09-19T06:12:39.317-07:00",
    "UserRole": null,
    "MarkedAsAnswerDate": null
  },
  {
    "Id": "495634",
    "ThreadId": "227708",
    "Html": "<p>Hello Marc,</p>\r\n<p>My first question explanation:</p>\r\n<p>To get the list of plugin programs I would do the following:</p>\r\n<div style=\"color:black;background-color:white\">\r\n<pre>        <span style=\"color:gray\">///</span> <span style=\"color:gray\">&lt;summary&gt;</span>\r\n        <span style=\"color:gray\">///</span><span style=\"color:green\"> Gets program names.</span>\r\n        <span style=\"color:gray\">///</span> <span style=\"color:gray\">&lt;/summary&gt;</span>\r\n        <span style=\"color:gray\">///</span> <span style=\"color:gray\">&lt;returns&gt;</span><span style=\"color:green\">Program names array.&lt;/returns&gt;</span>\r\n        <span style=\"color:blue\">private</span> <span style=\"color:blue\">string</span>[] getAllProgramsNames()\r\n        {\r\n            <span style=\"color:blue\">string</span>[] res = <span style=\"color:blue\">null</span>;\r\n            <span style=\"color:blue\">if</span> (vstPluginContext != <span style=\"color:blue\">null</span>)\r\n            {\r\n                <span style=\"color:blue\">int</span> nProgs = vstPluginContext.PluginInfo.ProgramCount;\r\n                res = <span style=\"color:blue\">new</span> <span style=\"color:blue\">string</span>[nProgs];\r\n                IVstPluginCommandStub pcs = vstPluginContext.PluginCommandStub;\r\n                <span style=\"color:blue\">for</span> (<span style=\"color:blue\">int</span> i = 0; i &lt; nProgs; i++)\r\n                    res[i] = pcs.GetProgramNameIndexed(i);\r\n            }\r\n            <span style=\"color:blue\">return</span> res;\r\n        }\r\n</pre>\r\n<pre>But as I noticed GetProgramNameIndexed(int index) returns empty string with some plugins I've tested. To overcome this situation I did the the following:</pre>\r\n<pre><div style=\"color:black;background-color:white\"><pre>        <span style=\"color:gray\">///</span> <span style=\"color:gray\">&lt;summary&gt;</span>\r\n        <span style=\"color:gray\">///</span><span style=\"color:green\"> Gets program names.</span>\r\n        <span style=\"color:gray\">///</span> <span style=\"color:gray\">&lt;/summary&gt;</span>\r\n        <span style=\"color:gray\">///</span> <span style=\"color:gray\">&lt;param name=&quot;currentProgramIndex&quot;&gt;</span><span style=\"color:green\">Index of the current program.&lt;/param&gt;</span>\r\n        <span style=\"color:gray\">///</span> <span style=\"color:gray\">&lt;returns&gt;</span><span style=\"color:green\">Program names array.&lt;/returns&gt;</span>\r\n        <span style=\"color:blue\">private</span> <span style=\"color:blue\">string</span>[] getAllProgramsNames(<span style=\"color:blue\">int</span> currentProgramIndex)\r\n        {\r\n            <span style=\"color:blue\">string</span>[] res = <span style=\"color:blue\">null</span>;\r\n            <span style=\"color:blue\">if</span> (vstPluginContext != <span style=\"color:blue\">null</span>)\r\n            {\r\n                <span style=\"color:blue\">int</span> nProgs = vstPluginContext.PluginInfo.ProgramCount;\r\n                res = <span style=\"color:blue\">new</span> <span style=\"color:blue\">string</span>[nProgs];\r\n                IVstPluginCommandStub pcs = vstPluginContext.PluginCommandStub;\r\n                <span style=\"color:blue\">for</span> (<span style=\"color:blue\">int</span> i = 0; i &lt; nProgs; i++)\r\n                {\r\n                    pcs.SetProgram(i);\r\n                    res[i] = pcs.GetProgramName();\r\n                }\r\n                pcs.SetProgram(currentProgramIndex);\r\n            }\r\n            <span style=\"color:blue\">return</span> res;\r\n        }\r\n</pre>\r\n<pre>This works with all plugins I've tested, but is a little unpractical because of two reasons:</pre>\r\n<pre>First is, I have to handle current program index in my code (to obtain state before function call).</pre>\r\n<pre>Second reason is, that changing program (parameter values) can cause unexpected things with some plugins (transients or discontinuity in sound) and of course, unwanted cpu usage. Is there maybe better solution?</pre>\r\n<pre>I tested the Delay Sample plugin like you suggested and it works fine, I can get parameter properties and also serialize parameters in .fxp file. Most my problems relate to hosting unmanaged plugins.</pre>\r\n<pre>regards, an</pre>\r\n</div>\r\n</pre>\r\n</div>",
    "PostedDate": "2010-09-19T09:21:58.847-07:00",
    "UserRole": null,
    "MarkedAsAnswerDate": null
  },
  {
    "Id": "495814",
    "ThreadId": "227708",
    "Html": "<p>Hi An,</p>\r\n<p>Like I said: programming a host is living with compromise. So I would make a routine like you've showed that uses the ByIndex method to retrieve the program names from the plugin. That routine should detect if its getting null or valid strings. Fall back to the second scenario if you do get nulls returned from the ByIndeex method. So you attempt to be most optimal, but if the plugin does not support it, fallback to blunt-force tactics. I dont see any other way (other than changing the requirement that needs this functionality in the first place).</p>\r\n<p>Are you sure these plugins you test with support chunks? (assuming you didnt know this already) A host has two serialization mechanisms. One default way when the plugin does not support (need) custom serialization (chunks) and one when it does.<br>In the first scenario the Host just uses the parameter values published by the plugin to save its state. In the second you call Get/SetChunk (there is a flag set (ProgramChunks) on the plugin info when it supports it).</p>\r\n<p>So check to see the plugins you're testing with have this flag set.</p>\r\n<p>Hope it helps.</p>\r\n<p>Marc</p>",
    "PostedDate": "2010-09-19T23:51:32.387-07:00",
    "UserRole": null,
    "MarkedAsAnswerDate": null
  },
  {
    "Id": "495920",
    "ThreadId": "227708",
    "Html": "<p>Hi marc.</p>\r\n<p>Sorry for bugging you, unmanaged plugins I tested don't support chunks. I get some strange flag values from them like 23 or 25. I also did not know about the two serialisation mechanisms; I taught vst plugins MUST strictly implement serialisation by itself. Now I know.</p>\r\n<p>&nbsp;</p>\r\n<p>regards, an</p>",
    "PostedDate": "2010-09-20T04:21:54.46-07:00",
    "UserRole": null,
    "MarkedAsAnswerDate": null
  },
  {
    "Id": "496336",
    "ThreadId": "227708",
    "Html": "<p>Remember that those flag-values are multiple flags bit-wise or-ed together.</p>\r\n<p>So convert the value to binary (or Hex) so you can easily see what bits are set to 1. Then look those up in the VST SDK.</p>\r\n<p>Hope it helps.</p>\r\n<p>Marc</p>",
    "PostedDate": "2010-09-20T23:31:23.7-07:00",
    "UserRole": null,
    "MarkedAsAnswerDate": null
  },
  {
    "Id": "496565",
    "ThreadId": "227708",
    "Html": "<p>Hi an,</p>\r\n<p>I had similar problems with empty parameter names, if you haven't done it yet I suggest you rebuild the&nbsp;binaries&nbsp;from source instead of using the precompiled ones in the archive. It solved this problem along with many others in my case.</p>\r\n<p>regards, Yury</p>",
    "PostedDate": "2010-09-21T08:55:16.76-07:00",
    "UserRole": null,
    "MarkedAsAnswerDate": null
  },
  {
    "Id": "496583",
    "ThreadId": "227708",
    "Html": "<p>Hi,</p>\r\n<p>@ YuryK:</p>\r\n<p>I'm using vstnet-48968, I downloaded the source code and compiled it myself.</p>\r\n<p>@ Marc:</p>\r\n<p>Ooops, did not think of that... Tnx. Just general question:</p>\r\n<p>If plugin does not support chunks, host is resposible to collect data and save it... Should be data stored in some &quot;general&quot; format or is format host dependent. I attached to Delay sample and I see how it formats (writes) data. Is that the way also my host should do it?</p>\r\n<p>regards, kasaudio</p>",
    "PostedDate": "2010-09-21T09:31:35.827-07:00",
    "UserRole": null,
    "MarkedAsAnswerDate": null
  },
  {
    "Id": "496627",
    "ThreadId": "227708",
    "Html": "<p>I dont know if there are any standard formats for writing that information. If there are, I suggest you use those. That way the user can transfer program settings between hosts.</p>\r\n<p>If you choose to write it with a host-specific format you can choose anything you want.</p>\r\n<p>VST.NET framework uses a binary format (not human readble) but you could also choose Xml and use the XmlSerializer to read and write it.</p>\r\n<p>Hope it helps.</p>",
    "PostedDate": "2010-09-21T10:57:18.04-07:00",
    "UserRole": null,
    "MarkedAsAnswerDate": null
  },
  {
    "Id": "496637",
    "ThreadId": "227708",
    "Html": "<p>Hi Marc, tnx for fast answer.</p>\r\n<p>Again question about chunks... I have unmanaged VST plugin which has ProgramChunks flag set (reaeq-standalone.dll, minimal.dll). If I call GetChunk(true/false) I allways get null. Is that ok or not. Delay demo works fine...</p>\r\n<p>effFlagsProgramChunks = 1 &lt;&lt; 5; as I understand all plugins with flag value less than 32 will not support chunks.</p>\r\n<p>This is how I get current program chunks in my code:</p>\r\n<div style=\"color:black;background-color:white\">\r\n<pre>\r\n<div style=\"color:black;background-color:white\"><pre>        <span style=\"color:gray\">///</span> <span style=\"color:gray\">&lt;summary&gt;</span>\r\n        <span style=\"color:gray\">///</span><span style=\"color:green\"> Gets current program chunks.</span>\r\n        <span style=\"color:gray\">///</span> <span style=\"color:gray\">&lt;/summary&gt;</span>\r\n        <span style=\"color:gray\">///</span> <span style=\"color:gray\">&lt;returns&gt;</span><span style=\"color:green\">Byte array.&lt;/returns&gt;</span>\r\n        <span style=\"color:blue\">private</span> <span style=\"color:blue\">byte</span>[] getCurrentProgramChunks()\r\n        {\r\n            <span style=\"color:blue\">if</span> (vstPluginContext != <span style=\"color:blue\">null</span>)\r\n            {\r\n                <span style=\"color:blue\">if</span> ((vstPluginContext.PluginInfo.Flags &amp; VstPluginFlags.ProgramChunks) == 0) <span style=\"color:green\">// Chunks not supported.</span>\r\n                    <span style=\"color:blue\">return</span> getCurrentProgramChunksByHost();\r\n                <span style=\"color:blue\">else</span> <span style=\"color:green\">// Chuks supported.</span>\r\n                    <span style=\"color:blue\">return</span> vstPluginContext.PluginCommandStub.GetChunk(<span style=\"color:blue\">true</span>);\r\n            }\r\n            <span style=\"color:blue\">else</span>\r\n                <span style=\"color:blue\">return</span> <span style=\"color:blue\">null</span>;\r\n        }\r\n</pre>\r\n<pre>Looks OK or not?</pre>\r\n<pre>regards, an</pre>\r\n</div>\r\n</pre>\r\n</div>",
    "PostedDate": "2010-09-21T11:15:55.97-07:00",
    "UserRole": null,
    "MarkedAsAnswerDate": null
  },
  {
    "Id": "496846",
    "ThreadId": "227708",
    "Html": "<p>Hmm, looks fine by me.</p>\r\n<p>Correct: 1 &lt;&lt; 5 == 32</p>\r\n<p>You could try to set that breakpoint in the VST.NET code (<a href=\"http://vstnet.codeplex.com/SourceControl/changeset/view/48968#343837\">http://vstnet.codeplex.com/SourceControl/changeset/view/48968#343837</a>) and see if the buffer is filled. Perhaps the plugin returns zero but it does fill the buffer?</p>\r\n<p>&nbsp;</p>",
    "PostedDate": "2010-09-21T23:29:36.283-07:00",
    "UserRole": null,
    "MarkedAsAnswerDate": null
  },
  {
    "Id": "496886",
    "ThreadId": "227708",
    "Html": "<p>Hello Marc,</p>\r\n<p>another stupid question (I asked something simmilar in the past allready but it is a different case now). How&nbsp;to debug with unmanaged plugins - no breakpoint gets hit?</p>\r\n<p>Im using Jacobi.Vst.Samples.Host.exe and Jacobi.Vst.sln. At first I start Host.exe, and then attach to Jacobi.Vst.Samples.Host.exe using Visual studio (Jacobi.Vst loaded). In the &quot;Attach to&quot; field I set Managed code, Native code. Then I set breakpoins (where you suggested in the last post), but nothing gets hit. What am I doing wrong? I compiled code and samples using Debug configuration.</p>\r\n<p>regards an</p>",
    "PostedDate": "2010-09-22T01:14:35.107-07:00",
    "UserRole": null,
    "MarkedAsAnswerDate": null
  },
  {
    "Id": "498527",
    "ThreadId": "227708",
    "Html": "<p>Yeah, sometimes the debugger doesn't 'take'. Make sure the project is freshly build. That will sometimes do the trick.</p>\r\n<p>Sorry I can't help you further.</p>",
    "PostedDate": "2010-09-26T02:37:51.823-07:00",
    "UserRole": null,
    "MarkedAsAnswerDate": null
  }
]