[
  {
    "Id": "248208",
    "ThreadId": "72685",
    "Html": "<p>You don't have to wait for .Net 4.0 to create a single DLL C# VST plugin. Using a technique&nbsp;I found on the internet (called reverse P/Invoke), I was able to write a little utility program that runs as a post-build step and does the following:</p>\r\n<ol>\r\n<li>Decompiles the C# DLL into IL code</li>\r\n<li>Parses throught the IL text file and looks for a special DllExport attribute that tags a method that needs to be exported as a C function</li>\r\n<li>Modifies the IL text file to export the method as a C function (reverse P/Invoke)</li>\r\n<li>Recompiles the IL text file back into a C# DLL.</li>\r\n</ol>\r\n<p>This happens very fast after each build and isn't even noticeable (takes less than a second). The recompile even creates a new pdb file so that you can debug the DLL just like any other C# DLL. The only thing that doesn't work is Edit &amp; Continue, and even though I usually use it a lot in other projects, it isn't a huge loss.</p>\r\n<p>If you think about it for a while, you will realize why this works: All .Net languages are compiled down to IL code, including managed C++. This implies that IL itself supports reverse P/Invoke, since managed C++ does. Unfortunately this functionality is not exposed all the way through to C# (there is no DllExport attribute). But by doing all the steps above, it is possible to add the neccesary attributes to mark methods to be exported.</p>\r\n<p>To find out more about this reverse P/Invoke mechanism, start here:</p>\r\n<p><a href=\"http://www.codeproject.com/KB/dotnet/DllExporter.aspx\">http://www.codeproject.com/KB/dotnet/DllExporter.aspx</a></p>\r\n<p><a href=\"http://www.csharphelp.com/archives3/archive500.html\">http://www.csharphelp.com/archives3/archive500.html</a></p>\r\n<p><a href=\"http://www.codeproject.com/KB/dotnet/DllExport.aspx?fid=356836&df=90&mpp=25&noise=3&sort=Position&view=Quick&fr=26\">http://www.codeproject.com/KB/dotnet/DllExport.aspx?fid=356836&amp;df=90&amp;mpp=25&amp;noise=3&amp;sort=Position&amp;view=Quick&amp;fr=26</a></p>\r\n<p><a href=\"http://www.codeproject.com/KB/dotnet/emilio_managed_unmanaged.aspx\">http://www.codeproject.com/KB/dotnet/emilio_managed_unmanaged.aspx</a></p>\r\n<p>A couple of points:</p>\r\n<ol>\r\n<li>A lot of the code from the above links are buggy. I had to rewritea lot of it to make it work. I ended up writing a completely new utility that works the way I want it to work.</li>\r\n<li>Some of the examples above do not deal with calling convention. One of the examples do, and you need to use that since a VST plugin needs to use the cdecl calling convention, which is <strong>not</strong> the default.</li>\r\n<li>None of the examples use the <strong>/pdb</strong> command line switch when recompiling back into a DLL. You need to specify that if you want to debug the resulting DLL in Visual Studio.</li>\r\n</ol>\r\n<p>If enough people show interest, I <em>might</em> post a working VS project that contains all the required code to create a functional single file C# VST plugin DLL.</p>\r\n<p><strong>EDIT:</strong> BTW, using the above technique, I created a single plugin base class that you derive from and override methods like OnGetVendorString, OnCanDo, OnPluginOpen, OnEditorOpen, OnProcess32, OnProcess64, etc. I think this is a much cleaner implementation than what the current VST.Net framework provides. Simple and it works well. I was also able to add code that makes your plugin UI resizable in most hosts by simply resizing the plugin window itself.</p>\r\n<p>BitFlipper</p>",
    "PostedDate": "2009-10-21T10:10:54.933-07:00",
    "UserRole": null,
    "MarkedAsAnswerDate": null
  },
  {
    "Id": "248232",
    "ThreadId": "72685",
    "Html": "<p>Sounds very interesting! If you could sent me the code of your base class then I can get my around the way this works (with custom marshaling types/structs etc).</p>\r\n<p>Thanx very much.</p>",
    "PostedDate": "2009-10-21T11:45:35.777-07:00",
    "UserRole": null,
    "MarkedAsAnswerDate": null
  },
  {
    "Id": "248260",
    "ThreadId": "72685",
    "Html": "<p>I posted the code here:</p>\r\n<p><a href=\"http://www.alienworks.com\\files\\VstDotNet\\DotNetVstPlugins.zip\">www.alienworks.com\\files\\VstDotNet\\DotNetVstPlugins.zip</a></p>\r\n<p>A couple of notes:</p>\r\n<ol>\r\n<li>You will need to modify the post build steps in the &quot;Chords&quot; and &quot;PluginTemplate&quot; projects to set your correct VST folder path. I made the project relatively portable since I sync it between my desktop and tablet PC, and it compiles and runs on both. Just update the VST paths though.</li>\r\n<li>You need to compile both projects under the &quot;Utilities&quot; folder. One project is the DllExport utility, the other is a SyncFolders utility that will sync two folders depending on which files are newer. This runs as a pre-build step and is required because the base class files are copied from the &quot;PluginTemplate&quot; project into any other project you might have. This is because you can't create typical dependencies on other projects since we want a single DLL. Using the SyncFolders utility, you can make changes to the base classes in any other project that uses the base classes and those changes will automatically be copied back to the PluginTemplate project, and then to any other plugin projects you might also have.</li>\r\n<li>You will need to modify the Debug properties that point to your host path&nbsp;as well as the project path to load when you start debugging.</li>\r\n</ol>\r\n<p>If you run into any problems, please let me know.</p>\r\n<p>BitFlipper</p>",
    "PostedDate": "2009-10-21T12:50:40.297-07:00",
    "UserRole": null,
    "MarkedAsAnswerDate": null
  },
  {
    "Id": "248300",
    "ThreadId": "72685",
    "Html": "<p>I can see how this works. But a lot would ride on the quality of the DllExport.exe.&nbsp;</p>\r\n<p>Thanx very much for bringing this to my attention. I will further investigate this option and the consequence of having a customized post-build step.</p>\r\n<p>I'm also very curious about the performance difference between Reversed P/Invoke and mixed C++ ;-)</p>",
    "PostedDate": "2009-10-21T14:56:29.603-07:00",
    "UserRole": null,
    "MarkedAsAnswerDate": null
  },
  {
    "Id": "248311",
    "ThreadId": "72685",
    "Html": "<blockquote style=\"border:solid .1em #ccc;font-style:italic;margin:.25em 1em 0 1em;padding:0 .25em 0 .25em\"><strong>obiwanjacobi wrote:</strong><br>\r\n<p>I can see how this works. But a lot would ride on the quality of the DllExport.exe.&nbsp;</p>\r\n<p>Thanx very much for bringing this to my attention. I will further investigate this option and the consequence of having a customized post-build step.</p>\r\n<p>I'm also very curious about the performance difference between Reversed P/Invoke and mixed C++ ;-)</p>\r\n</blockquote>\r\n<p>True you&nbsp;depend on DllExport being reliable. In fact I know that there are bugs in it because I saw it fail when I did various different things, but if you use it in its current form with the supplied PluginBase class, it should be very reliable (only&nbsp;1 C# method&nbsp;needs to be&nbsp;exported). Also, because the DllExport code is right there,&nbsp;you can always fix it if a bug pops up. As far as a customized post-build step... It really is seamless. I don't even notice it unless I carefully look at the build output. The whole process is also very fast - it looks like roughly 0.5 seconds to run the DllExport post-build step.</p>\r\n<p>As far as performance, I think it will be an improvement because you are cutting out a few intermediate calls (the whole managed C++ wrapper).</p>\r\n<p>Overall, for me it is a much better solution than the managed C++ intermediate assembly. Things are just really much cleaner.</p>",
    "PostedDate": "2009-10-21T15:14:52.16-07:00",
    "UserRole": null,
    "MarkedAsAnswerDate": null
  },
  {
    "Id": "256448",
    "ThreadId": "72685",
    "Html": "<p>BTW,</p>\r\n<p>I found an additional nice feature of using this mechanism to create a single C# DLL:</p>\r\n<p>After I compile the C# DLL, I have a post-build step that calls my DllExport utility. I have now updated this utility so that you can specify that it should create a 32-bit VST DLL, <strong>as well</strong> as a 64-bit VST DLL. For instance if my original VST DLL was called <strong>MyPlugin.dll</strong>, and I then run DllExport (all automated as a post-build step, of course), it&nbsp;pops out&nbsp;two new DLLs, <strong>MyPlugin x86.dll</strong> (32-bit) and <strong>MyPlugin x64.dll</strong> (64-bit). As far as VST hosts are concerned, one is a native 32-bit DLL and the other is a native 64-bit DLL. So 64-bit hosts can use the 64-bit version natively (instead of having to go through a wrapper like BitBridge in the case of Sonar x64). And the 64-bit DLL is a true 64-bit DLL: Pointers are 64-bit pointers. And I found that I really only had to make very minimal changes in my C# code to handle both platforms. The only thing really was that my VST structures are broken up (in my case the header and the body are different structures in cases like VstMidiEvent, etc), so&nbsp;in 2 cases I had to special case the pointer offsets when converting to/from managed/unmanaged. Other than that the code just works on 64-bit.</p>\r\n<p>Seriously... How cool is that!!??</p>",
    "PostedDate": "2009-11-12T11:53:05.097-08:00",
    "UserRole": null,
    "MarkedAsAnswerDate": null
  },
  {
    "Id": "256629",
    "ThreadId": "72685",
    "Html": "<p>Very cool!</p>\r\n<p>Unfortunately, I am a complete x64 noob. I also run on 32 bit system myself (XP). But supporting 64 bit is something that should be in VST.NET, eventually ;-).</p>\r\n<p>I have a question for you:<br>Does the use of you DllExport post-build utility mean that all managed VST structure must look like their unmanaged counterparts?</p>\r\n<p>I made a very deliberate decision to leave some of the fields out of the managed structures. For one, I think their version scheme sucks with allocating extra room at the end of the structure. But also I do not need a separate length field for an array for instance. So my managed VST structures are similar but not exactly the same as the unmanaged VST structures. How do you handle the variable length structures like VstEvents and VstEvent?</p>",
    "PostedDate": "2009-11-13T00:57:44.14-08:00",
    "UserRole": null,
    "MarkedAsAnswerDate": null
  },
  {
    "Id": "256836",
    "ThreadId": "72685",
    "Html": "<blockquote style=\"border:solid .1em #ccc;font-style:italic;margin:.25em 1em 0 1em;padding:0 .25em 0 .25em\"><strong>obiwanjacobi wrote:</strong><br>\r\n<p>Very cool!</p>\r\n<p>Unfortunately, I am a complete x64 noob. I also run on 32 bit system myself (XP). But supporting 64 bit is something that should be in VST.NET, eventually ;-).</p>\r\n<p>I have a question for you:<br>Does the use of you DllExport post-build utility mean that all managed VST structure must look like their unmanaged counterparts?</p>\r\n<p>I made a very deliberate decision to leave some of the fields out of the managed structures. For one, I think their version scheme sucks with allocating extra room at the end of the structure. But also I do not need a separate length field for an array for instance. So my managed VST structures are similar but not exactly the same as the unmanaged VST structures. How do you handle the variable length structures like VstEvents and VstEvent?</p>\r\n</blockquote>\r\n<p>The use of DllExport does not require any changes in the way the structures look or work, nor does it modify the structures in any way. After DllExport the code is still 100% managed like it was before. In fact all DllExport does is twiddle some flags that tells the .Net runtime how to load the DLL, and adds some flags to the methods that needs to be exported (which is fully supported by the .Net framework but not exposed&nbsp;via C#). No structures are touched. In fact if you use Reflector and look at the original vs post-DllExport DLLs, they&nbsp;should be identical.</p>\r\n<p>As far as how I handle the structures (or classes)... In some cases I break the&nbsp;class up into two, like in the case of VstEvent. I have a VstEventHeader that contains only the type and byte size properties. Once I read that class using Marshal.PtrToStructure, I know what follows and then offset the IntPtr value to point to the new memory location and read the &quot;body&quot; of the event into either a VstMidiEvent or a VstSysexEvent class (which doesn't contain the header part). In some cases I have managed-specific classes that only copy over the properties I want when I get it from the unmanaged side, or I will simply mark the reserved or unneeded properties as private so&nbsp;you never see them&nbsp;anywhere else. Of course you can call the properties anything you want, they don't need to follow the unmanaged names.</p>\r\n<p>Also,&nbsp;since the&nbsp;managed version of a&nbsp;class doesn't need the variable lenght array at the end, I simply leave it out of the class altogether. When reading in the class&nbsp;by using Marshal.PtrToStructure, it will then simply read up to the variable array and then afterwards I just read in the variable array using other means. This is one of the few places I needed to have 32-bit vs 64-bit specific code. It looks something like:</p>\r\n<p>IntPtr bodyPtr = hdrPtr.Offset(IntPtr.Size == 4 ? 8 : 16);</p>\r\n<p>Where IntPtr.Offset is an extension method I added to IntPtr.&nbsp; IntPtr.Size will be 4 on 32-bit and 8 on 64-bit.</p>",
    "PostedDate": "2009-11-13T09:25:39.627-08:00",
    "UserRole": null,
    "MarkedAsAnswerDate": null
  }
]