[
  {
    "Id": "777403",
    "ThreadId": "325064",
    "Html": "<p>I'm trying to write a managed VST host. I have the plugin loaded and audio running. When I open plugins' provided GUI I can hear the sound when I click on notes on its virtual keyboard. However plugin does not respond to my MIDI messages (no sound output and the  MIDI IN light on the plugin GUI also does not flash). Am I doing something wrong? Basically I just start plugin and processing:</p>\n<p>plugin.MainsChanged(true);<br /> plugin.StartProcess();</p>\n<p>and then when there are incoming MIDI messages I just send VstMidiEvent with approprate MIDI data to the plugin</p>\n<p>plugin.ProcessEvents(myVstMidiEvent);</p>\n<p>Also is it normal that plugin repeatedly sends to host the following information:</p>\n<p>Plugin 1316373042 called:GetTimeInfo(PpqPositionValid, TempoValid)</p>",
    "PostedDate": "2012-02-18T05:33:01.473-08:00",
    "UserRole": null,
    "MarkedAsAnswerDate": null
  },
  {
    "Id": "777631",
    "ThreadId": "325064",
    "Html": "<p>Yes, a plugin typically will ask the host for time info during each ProcessReplacing call. It is expected that the Host will have this info&nbsp;readily&nbsp;available.</p>\r\n<p>- Do you call the ProcessReplacing function repeatedly? Most plugin processing is usually done there. It is likely the place where the Midi is actually turned into audio.<br />- Make sure you call ProcessEvents first, before calling ProcessReplacing.<br />- Check the plugin flags and the CanDo's the plugin reports (you can write the code or use VstHost.exe which reports it nicely). Make sure you call the correct methods that are compatible with/supported by the plugin.<br />- Also check the (Get)VstVersion the plugin reports. If it reports a version lower than 2.4 (2400) you might also have to look into the deprecated methods (Core.Deprecated types) and call those (functions like Idle).<br />- You can use System.Diagnostics TraceSources to log all the calls made to and from the host.<br />- You might want to use the WrapperPlugin sample to wrap the actual plugin and allow you to set breakpoints for certain method calls.</p>\r\n<p>Hope it helps,<br />Marc&nbsp;</p>",
    "PostedDate": "2012-02-18T08:40:44.153-08:00",
    "UserRole": null,
    "MarkedAsAnswerDate": null
  },
  {
    "Id": "784814",
    "ThreadId": "325064",
    "Html": "<p>Yes, I call&nbsp;ProcessReplacing function repeatedly. Right before I call ProcessEvents function. And still plugin does not receive MIDI data. Maybe it has something to do with the fact that I'm running host, plugin and audio (midi) engine each in its own threads?</p>",
    "PostedDate": "2012-02-20T10:12:29.833-08:00",
    "UserRole": null,
    "MarkedAsAnswerDate": null
  },
  {
    "Id": "784958",
    "ThreadId": "325064",
    "Html": "<p>It is normal to have a separate audio/midi engine thread. That is also the thread that calls into the plugin on the ProcessEvents and ProcessReplacing methods.</p>\r\n<p>Other parts of the Host - like the UI - call into the plugin using other threads. There is a function that the host should implement called&nbsp;GetProcessLevel, that allows the plugin to query what thread it is called on. See also&nbsp;<a href=\"http://vstnet.codeplex.com/SourceControl/changeset/view/63261#191470\">http://vstnet.codeplex.com/SourceControl/changeset/view/63261#191470</a></p>\r\n<p>I would suggest you use the wrapper plugin to log (trace) the calls the plugin (and host) make when you load the (wrapped) plugin into another host like vsthost.exe. That way you can see quickly if you forget to call something important or that the plugin calls something you dont implement yet.</p>\r\n<p>Hope it helps.<br />Marc&nbsp;</p>",
    "PostedDate": "2012-02-20T10:46:25.413-08:00",
    "UserRole": null,
    "MarkedAsAnswerDate": null
  }
]