[
  {
    "Id": "145982",
    "ThreadId": "43900",
    "Html": "Hello, I am trying to create a simple synth but i can't find any tutorial or sample code. If anyone has a sample or some links please be kind and help me :D<br>\r\n",
    "PostedDate": "2009-01-10T15:04:28.383-08:00",
    "UserRole": null,
    "MarkedAsAnswerDate": null
  },
  {
    "Id": "146038",
    "ThreadId": "43900",
    "Html": "Hi Quenterro,<br>\r\n<br>\r\nCorrect, there is no sample of a pure synth. The closest to a synth is the MidiNoteSampler sample. It shows a very simple way of acting on midi note information and producing sounds.<br>\r\nThere is a toolkit available for building synths at codeproject by Leslie Sanford: The C# Synth Toolkit. He's also the author of the C# Midi Toolkit. Both could be useful when building a Synth.<br>\r\n<br>\r\n<a href=\"http://www.codeproject.com/KB/audio-video/synthtoolkitparti.aspx\">http://www.codeproject.com/KB/audio-video/synthtoolkitparti.aspx</a><br>\r\n<a href=\"http://www.codeproject.com/KB/audio-video/MIDIToolkit.aspx\">http://www.codeproject.com/KB/audio-video/MIDIToolkit.aspx</a><br>\r\n<br>\r\nHope it helps.<br>\r\nMarc Jacobi\r\n",
    "PostedDate": "2009-01-11T03:13:25.603-08:00",
    "UserRole": null,
    "MarkedAsAnswerDate": null
  }
]