[
  {
    "Id": "1283716",
    "ThreadId": "557640",
    "Html": "Hello all\r<br />\n<br />\nI want to develop a application to load a VST plugin, and convert a MIDI file to Wave file. I find this library looks maybe useful.\r<br />\n<br />\nSo I download the .dll and install the templates. \r<br />\nI create a VstNetMidiPlugin template in .NET framework 4.5. There are some errors... \r<br />\nI add the references Jacobi.Vst.Core. Framework and Interop. I found the references from CLR4(means .NET framework 4?) have errors, &quot;Framework does not exist in Jacobi.Vst&quot;. But CLR2 is work.\r<br />\nAnd then, there are one more error. It need reference &quot;System.configuration&quot;, and I just add it. Error is gone.\r<br />\n<br />\nOkay, I can run the project. But it return this is a library class, so it can't begin.\r<br />\nI try hard to create a interface, so I add a new WinForm project. But I founda can't refer VstNetMidiPlugin anything. And I try some other way to begin my project, but just fail.\r<br />\n<br />\nI am so confused, please give me some tips to continue my project. \r<br />\nThanks.<br />\n",
    "PostedDate": "2014-08-03T10:08:24.47-07:00",
    "UserRole": null,
    "MarkedAsAnswerDate": null
  },
  {
    "Id": "1283978",
    "ThreadId": "557640",
    "Html": "Hey dohhlight, \r<br />\n<br />\nI haven't used Obiwans newest build but his project is brilliant as I'm sure you're finding out, getting your setup can be a pain as Visual Studio will get touchy with interops but you only have to do it once :)\r<br />\n<br />\nI guess id ask whether you have a 64 bit version of Windows? I'm using Win 8.1-64 and have to set the cpu target to Any Cpu to get it working ... Core and Framework certainly have to be changed anyways...\r<br />\n<br />\nIf I get a chance tonight ill pull the latest build and have a go.<br />\n",
    "PostedDate": "2014-08-03T12:45:37.657-07:00",
    "UserRole": null,
    "MarkedAsAnswerDate": null
  },
  {
    "Id": "1284083",
    "ThreadId": "557640",
    "Html": "Hello again,\r<br />\n<br />\nI just pulled a copy of 70713 and went through the build process; \r<br />\n<br />\nThe long and the short is that the templates are targeting Framework 2.0 which is lower than the Core, Framework and Interop references.\r<br />\n<br />\nSo, setting your new plugins Properties\\Application\\Target to .Net Framework 4 should allow you to build it.\r<br />\n<br />\nCopy your Jacobi.Vst.Core.dll, Jacobi.Vst.Framework.dll, VstNetMidiPlugin.net.vstdll and VstNetMidiPlugin.dll to your host folder and you should be good to go...\r<br />\n<br />\nWhat version of VS are you using ? And which host ?<br />\n",
    "PostedDate": "2014-08-03T13:54:41.627-07:00",
    "UserRole": null,
    "MarkedAsAnswerDate": null
  },
  {
    "Id": "1284371",
    "ThreadId": "557640",
    "Html": "Thanks for helps,\r<br />\n<br />\nI'm using Windows 8-64bit, and Visual Studio 2012.\r<br />\nI set it and warning are reduced, The project looks better.\r<br />\nBut I still don't know how to go. \r<br />\nI created a new WinForm project and add the dlls. I can't see and use anything in VstNetMidiPlugin...\r<br />\nAnd I expect there are some sample code lead me to get start?\r<br />\nI hope it is not too much to ask. Or just tell me where they are in the documentation?<br />\n",
    "PostedDate": "2014-08-03T18:31:36.03-07:00",
    "UserRole": null,
    "MarkedAsAnswerDate": null
  },
  {
    "Id": "1284552",
    "ThreadId": "557640",
    "Html": "Not at all, I'm out and about at the moment but will dig out a working midi plugin later.\r<br />\n<br />\nI'm pretty sure there are working demos in the download - is it the Source/ Samples folder - I cant remember off the top of my head ?\r<br />\n<br />\nBack in a bit...<br />\n",
    "PostedDate": "2014-08-04T05:52:01.667-07:00",
    "UserRole": null,
    "MarkedAsAnswerDate": null
  },
  {
    "Id": "1284555",
    "ThreadId": "557640",
    "Html": "There is also some documentation in the tab Doc tab above and also a downloadable chm in the Downloads tab too I think. Might help a bit.<br />\n",
    "PostedDate": "2014-08-04T05:55:58.367-07:00",
    "UserRole": null,
    "MarkedAsAnswerDate": null
  },
  {
    "Id": "1284570",
    "ThreadId": "557640",
    "Html": "<strong>dohhlight wrote:</strong><br />\n<blockquote>\nI want to develop a application to load a VST plugin, and convert a MIDI file to Wave file. I find this library looks maybe useful.<br />\n</blockquote>\nSo you want to write a host application that loads a midi file and runs VST (instruments) to produce an audio file..?\r<br />\n<br />\nYet by the looks of it you are trying to build a VST plugin?\r<br />\n<br />\nRefer to the Host sample application to get a notion how to use VST.NET in a Host scenario. But I must warn you: writing VST Hosts is not easy and it requires intricate knowledge of the VST protocol.\r<br />\n<br />\nThe samples can be found in the download .zip as well as the Source Code tab...\r<br />\n<br />\nHope it helps,\r<br />\nMarc<br />\n",
    "PostedDate": "2014-08-04T06:23:08.853-07:00",
    "UserRole": null,
    "MarkedAsAnswerDate": null
  },
  {
    "Id": "1284785",
    "ThreadId": "557640",
    "Html": "Thanks for helps again<br />\n<br />\nThere are a folder named &quot;Sample&quot; in the zip &quot;VST.NET RTM&quot;.<br />\nBut...except the folders &quot;Sample/CLR2/AnyCPU/Debug&quot; and &quot;Release&quot; had some DLL and XML.<br />\nOthers folders are all empty!<br />\n<br />\nI checked the files and redownloaded they many time, but can't find the code.<br />\nI think there are must  something wrong...<br />\n",
    "PostedDate": "2014-08-04T09:31:53.463-07:00",
    "UserRole": null,
    "MarkedAsAnswerDate": null
  },
  {
    "Id": "1284825",
    "ThreadId": "557640",
    "Html": "Nah, just never got round to making CLR4 projects for the samples...\r<br />\n<br />\nYou can use the CLR2 project and change the target .NET Framework in the project settings.<br />\n",
    "PostedDate": "2014-08-04T10:02:26.98-07:00",
    "UserRole": null,
    "MarkedAsAnswerDate": null
  },
  {
    "Id": "1284862",
    "ThreadId": "557640",
    "Html": "That's OK. \r<br />\nBut there are just DLL. XML and .exe? No sample code?\r<br />\nThat empty folders are right?<br />\n",
    "PostedDate": "2014-08-04T10:38:02.573-07:00",
    "UserRole": null,
    "MarkedAsAnswerDate": null
  },
  {
    "Id": "1284985",
    "ThreadId": "557640",
    "Html": "\r\n<div>\r\n<div style=\"font-family:Calibri,sans-serif; font-size:11pt\">That's strange, I have the expected demo plugin projects I my Source\\Samples folder. Did you grab the latest download package from the downloads page ?<br>\r\n<br>\r\nSent from my Windows Phone</div>\r\n</div>\r\n<div dir=\"ltr\">\r\n<hr>\r\n<span style=\"font-family:Calibri,sans-serif; font-size:11pt; font-weight:bold\"></span></div>\r\n",
    "PostedDate": "2014-08-04T11:57:47.56-07:00",
    "UserRole": null,
    "MarkedAsAnswerDate": null
  },
  {
    "Id": "1285655",
    "ThreadId": "557640",
    "Html": "Oh, I found it in Version 8.0.\r<br />\nLooks like I have to study it many time. \r<br />\n<br />\nBest thanks.<br />\n",
    "PostedDate": "2014-08-04T18:08:10.263-07:00",
    "UserRole": null,
    "MarkedAsAnswerDate": null
  },
  {
    "Id": "1286691",
    "ThreadId": "557640",
    "Html": "You might want to look into a midi file parsing library first.<br />\n",
    "PostedDate": "2014-08-05T15:23:35.93-07:00",
    "UserRole": null,
    "MarkedAsAnswerDate": null
  }
]