[
  {
    "Id": "522962",
    "ThreadId": "234954",
    "Html": "\r\n<p>Hi guys,</p>\r\n<p>I need a little help. can someone please show me how to store audio samples with the SampleManager class. This class, i have read, is used to record, playback and store audio samples. an example or two of how to particularly store audio samples will be very\r\n much appreciated. thanx</p>\r\n",
    "PostedDate": "2010-11-16T15:33:02.577-08:00",
    "UserRole": null,
    "MarkedAsAnswerDate": null
  },
  {
    "Id": "523642",
    "ThreadId": "234954",
    "Html": "\r\n<p>Just open a file and write the samples (bytes) to disk. Make sure the format is always the same, so you read it back correctly.</p>\r\n<p>I would <strong>not</strong> recommend saving samples to the plugin chunk (Get/SetChunk). Some hosts are really picky about the length of the chunk.</p>\r\n<p>Hope it helps.<br>\r\nMarc&nbsp;</p>\r\n",
    "PostedDate": "2010-11-17T23:18:26.827-08:00",
    "UserRole": null,
    "MarkedAsAnswerDate": null
  },
  {
    "Id": "525259",
    "ThreadId": "234954",
    "Html": "\r\n<p>&nbsp;</p>\r\n<p>Hi Obiwanjacobi, thanx for the help. but can you be be a bit more explanative. i dont quite understand solution/suggestion. am i to put all my samples unter a named folder under C:// ? please help. thanx</p>\r\n",
    "PostedDate": "2010-11-22T05:18:04.02-08:00",
    "UserRole": null,
    "MarkedAsAnswerDate": null
  },
  {
    "Id": "525262",
    "ThreadId": "234954",
    "Html": "\r\n<p>Sure. Perhaps I misunderstood your question.</p>\r\n<p>Are you refering to the MidiNoteSampler sample application that contains the SampleManager class?</p>\r\n<p>And where do you want to store the samples? (what purpose?)</p>\r\n",
    "PostedDate": "2010-11-22T05:24:37.167-08:00",
    "UserRole": null,
    "MarkedAsAnswerDate": null
  },
  {
    "Id": "525306",
    "ThreadId": "234954",
    "Html": "\r\n<p>Yes, I am using the SampleManager class. I want to be able to store and play back my audio files. on the host (fl studio)</p>\r\n",
    "PostedDate": "2010-11-22T06:52:19.68-08:00",
    "UserRole": null,
    "MarkedAsAnswerDate": null
  },
  {
    "Id": "525367",
    "ThreadId": "234954",
    "Html": "\r\n<p>Shall we continue this discussion here: <a href=\"http://vstnet.codeplex.com/Thread/View.aspx?ThreadId=235577&ANCHOR#Post525311\">\r\nhttp://vstnet.codeplex.com/Thread/View.aspx?ThreadId=235577&amp;ANCHOR#Post525311</a></p>\r\n<p>&nbsp;</p>\r\n",
    "PostedDate": "2010-11-22T08:57:07.223-08:00",
    "UserRole": null,
    "MarkedAsAnswerDate": null
  }
]