[
  {
    "Id": "1481134",
    "ThreadId": "657139",
    "Html": "The ZIP files do not contain the samples...<br />\n",
    "PostedDate": "2016-08-14T16:30:48.953-07:00",
    "UserRole": null,
    "MarkedAsAnswerDate": null
  },
  {
    "Id": "1481141",
    "ThreadId": "657139",
    "Html": "Sample binaries are in the VST.NET 1.1 zip file's debug and release folders. The sources for the samples are available on the Source Code tab.<br />\n",
    "PostedDate": "2016-08-14T22:36:21.34-07:00",
    "UserRole": null,
    "MarkedAsAnswerDate": null
  }
]