[
  {
    "Id": "594996",
    "ThreadId": "253324",
    "Html": "\r\n<p>I am creating a synth in VST.NET, and when I process my noteOn event with a simple sine wave, i get a constant horizontal clipping sound. It seems like the waveform is prematurely ended in the middle of the sample buffer. When this buffer is output repeatedly\r\n (until the note Off event occurs), I end up with a bunch of sine wave segments instead of a continuous sine wave. Is this something anyone has run into before, and does anyone have any idea of how to solve this?</p>\r\n<p>Thanks.</p>\r\n<p>Jake</p>\r\n",
    "PostedDate": "2011-04-10T15:26:36.543-07:00",
    "UserRole": null,
    "MarkedAsAnswerDate": null
  }
]