[
  {
    "Id": "1085604",
    "ThreadId": "454710",
    "Html": "I am struggling to understand what is meant by the line &quot;REM out the gacutil call in post build events (Core &amp; Framework)&quot;. I'm sure it is something simple but I have followed the steps to the letter thus far. I appreciate any help.<br />\n<br />\nI should also preemptively ask for some more explanation for the next line. <br />\n<br />\nIm using VS2012 express, on windows 7.<br />\n",
    "PostedDate": "2013-08-27T17:52:22.173-07:00",
    "UserRole": null,
    "MarkedAsAnswerDate": null
  },
  {
    "Id": "1085609",
    "ThreadId": "454710",
    "Html": "In the project properties, under post build you'll find a gacutil command line, remove it.<br />\nThis is meant to register an official release of the library in windows shared assemblies cache but since you don't have the official keys you shouldn't sign or redistribute the assemblies.<br />\n",
    "PostedDate": "2013-08-27T18:19:04.877-07:00",
    "UserRole": null,
    "MarkedAsAnswerDate": null
  },
  {
    "Id": "1085967",
    "ThreadId": "454710",
    "Html": "Thank you! I'm a bit of a noob when it comes to this stuff, ill probably be back with more questions in the future <br />\n",
    "PostedDate": "2013-08-28T15:36:43.17-07:00",
    "UserRole": null,
    "MarkedAsAnswerDate": null
  },
  {
    "Id": "1085972",
    "ThreadId": "454710",
    "Html": "Okay, I am back! I'm trying to build the sample projects, but they are all failing due to missing the AssemblyInfo.Common.vs. I attempted to remove them and rebuild and came out with something around 300 errors for all kinds of stuff. The instructions don't mention anything along these lines and I am a bit lost. Hope you're willing to bear with me.<br />\n",
    "PostedDate": "2013-08-28T16:19:42.257-07:00",
    "UserRole": null,
    "MarkedAsAnswerDate": null
  },
  {
    "Id": "1085981",
    "ThreadId": "454710",
    "Html": "Please put the assembly back in and copy paste the exact errors, especially the first ones occurring, they are labelled by numbers in VS. Locate which project is the main dependency and build only that project (not all). Also make sure you have removed code signing in the project properties.<br />\n",
    "PostedDate": "2013-08-28T17:32:50.007-07:00",
    "UserRole": null,
    "MarkedAsAnswerDate": null
  },
  {
    "Id": "1086414",
    "ThreadId": "454710",
    "Html": "OK, i am back with the errors. the first that shows is \r<br />\n<br />\nError\t2\tSource file '............_AssemblyInfo\\AssemblyInfo.General.cs' could not be found\tC:\\Users\\Jeff\\Documents\\VSTFiles\\Source\\Samples\\Jacobi.Vst.Samples.CorePlugin\\CSC\tJacobi.Vst.Samples.CorePlugin\r<br />\n<br />\nit seems like this error is coming up in every one of the projects. \r<br />\n<br />\nI should also mention that when attempting to open them i was prompted to update for VS2012 and every one of these failed. \r<br />\n<br />\nThanks for your help<br />\n",
    "PostedDate": "2013-08-29T17:18:03.33-07:00",
    "UserRole": null,
    "MarkedAsAnswerDate": null
  },
  {
    "Id": "1086420",
    "ThreadId": "454710",
    "Html": "OK now I get it, you don't need these AssemblyInfo.General.cs files keep only the AssemblyInfo.cs and AssemblyInfo.Version.cs.\r<br />\nAgain make sure you remove all code signing, for Jacobi.Vst.Interop go into project properties configuration properties linker advanced and remove key file entry.\r<br />\n<br />\nI downloaded from sources and it does compile after these steps.<br />\n",
    "PostedDate": "2013-08-29T17:47:38.517-07:00",
    "UserRole": null,
    "MarkedAsAnswerDate": null
  },
  {
    "Id": "1086428",
    "ThreadId": "454710",
    "Html": "I must not have been clear, I am building the Samples, these errors are showing up in the sample solution. I have followed those instructions, build core, framework and interop all before even opening this solution.\r<br />\n<br />\nI removed the key file entry, and made sure all of the projects are unsigned, now i am getting errors such as:\r<br />\n<br />\n&quot;Error\t33\tType 'VstPluginAudioProcessorBase' is not defined.\tC:\\Users\\Jeff\\Documents\\VSTFiles\\Source\\Samples\\Jacobi.Vst.Samples.Delay.VB\\AudioProcessor.vb\t6\t14\tJacobi.Vst.Samples.Delay.VB&quot;\r<br />\n<br />\nand:\r<br />\n<br />\n&quot;Error\t1\tThe type or namespace name 'Framework' does not exist in the namespace 'Jacobi.Vst' (are you missing an assembly reference?)\tC:\\Users\\Jeff\\Documents\\VSTFiles\\Source\\Samples\\Jacobi.Vst.Samples.Delay\\TestPluginCommandStub.cs\t3\t22\tJacobi.Vst.Samples.Delay&quot;\r<br />\n<br />\nMaybe i need to set all of the references to the DLLs in my directory? thank you again for all the help.<br />\n",
    "PostedDate": "2013-08-29T18:09:08.607-07:00",
    "UserRole": null,
    "MarkedAsAnswerDate": null
  },
  {
    "Id": "1086432",
    "ThreadId": "454710",
    "Html": "Before building the samples, you need to build the dependencies which are the Vst.net libraries.\r<br />\n<br />\nThe solution you should look for first is in:\r<br />\n\\Source\\Code\\Jacobi.Vst.Clr4.sln\r<br />\n<br />\nAfter this successful build you should see the DLL references in:\r<br />\n\\Source_SharedAssemblies\r<br />\n<br />\nTo confirm it is working, then open the sample solutions and check under the References folder.\r<br />\nAny missing assembly reference will be shown with a yellow triangle.\r<br />\n<br />\nIf it is a Vst.Net reference (think Jacobi.xxx), you need to build Vst.Net libraries and add the correct reference in the sample project.\r<br />\nIf you can't build the Vst.Net libraries it might be easier to download the binary version and put it in \\Source_SharedAssemblies<br />\n",
    "PostedDate": "2013-08-29T18:18:59.377-07:00",
    "UserRole": null,
    "MarkedAsAnswerDate": null
  },
  {
    "Id": "1087975",
    "ThreadId": "454710",
    "Html": "So I had to take a break over the holiday, but I have fixed my dependency problems. Back with a couple (and hopefully last) errors.\r<br />\n<br />\nThis same error with relative file paths shows up for each project:\r<br />\n<br />\n&quot;Error\t8\tThe command &quot;copy &quot;C:\\Users\\Jeff\\Documents\\VSTFiles\\Source\\Samples\\Jacobi.Vst.Samples.MidiNoteSampler\\bin\\Debug\\Jacobi.Vst.Samples.MidiNoteSampler.dll&quot; &quot;C:\\Users\\Jeff\\Documents\\VSTFiles\\Source\\Samples.._SharedAssemblies\\Jacobi.Vst.Samples.MidiNoteSampler.net.vstdll&quot;\r<br />\ncopy &quot;C:\\Users\\Jeff\\Documents\\VSTFiles\\Source\\Samples.._SharedAssemblies\\Jacobi.Vst.Interop.dll&quot; &quot;C:\\Users\\Jeff\\Documents\\VSTFiles\\Source\\Samples.._SharedAssemblies\\Jacobi.Vst.Samples.MidiNoteSampler.dll&quot;\r<br />\ncopy &quot;C:\\Users\\Jeff\\Documents\\VSTFiles\\Source\\Samples\\Jacobi.Vst.Samples.MidiNoteSampler\\bin\\Debug\\Jacobi.Vst.Samples.MidiNoteSampler.*&quot; &quot;C:\\Users\\Jeff\\Documents\\VSTFiles\\Source\\Samples\\BuildResults\\CLR2\\AnyCPU\\Debug\\&quot;\r<br />\ncopy /Y &quot;C:\\Users\\Jeff\\Documents\\VSTFiles\\Source\\Samples.._SharedAssemblies\\Jacobi.Vst.Samples.MidiNoteSampler.*&quot;  &quot;C:\\Users\\Jeff\\Documents\\VSTFiles\\Source\\Samples\\BuildResults\\CLR2\\AnyCPU\\Debug\\&quot;\r<br />\n&quot; exited with code 1.\tJacobi.Vst.Samples.MidiNoteSampler&quot;\r<br />\n<br />\nCould this be a difference in the workings between vs2012 and vs2010?\r<br />\n<br />\nThere were also acouple dependency problems; System.Drawing and System.configuration references were missing, but after adding those it all works fine.\r<br />\n<br />\nThanks for all your help again, i hope these questions havent gotten annoying :D<br />\n",
    "PostedDate": "2013-09-03T16:14:58.237-07:00",
    "UserRole": null,
    "MarkedAsAnswerDate": null
  },
  {
    "Id": "1088023",
    "ThreadId": "454710",
    "Html": "This looks like a path doesn't exist. Make sure the path exists, check by executing the copy instruction directly in the command prompt. I'm pretty sure these instructions are in the post build in project properties. As long as everything compiles these errors are not crucial because you could just copy the files manually or put the commands in an external batch file and remove the post build. Another option if this is a path error would be to hardcode the path (remove variables in the post build like SolutionDir, ProjectDir ect.. use c:\\xxx\\ *.dll ). <br />\nDon't worry about asking questions I like to help when people are trying :)<br />\n",
    "PostedDate": "2013-09-03T21:16:03.71-07:00",
    "UserRole": null,
    "MarkedAsAnswerDate": null
  },
  {
    "Id": "1088692",
    "ThreadId": "454710",
    "Html": "Good news!! The directories do exist, and the calls are completing. I am not sure why the error messages are popping up, but when I run the commands in cmd they prompt me to overwrite the files. I assume this might be because of differences between vs2012 and previous versions. Other than that the projects are building correctly. \r<br />\n<br />\nThanks for your help YuryK<br />\n",
    "PostedDate": "2013-09-05T04:12:34.11-07:00",
    "UserRole": null,
    "MarkedAsAnswerDate": null
  },
  {
    "Id": "1088700",
    "ThreadId": "454710",
    "Html": "These copy commands were added to automate the build (see also the build folder) to help me with being able to release consistently and quickly. Any of the copy commands that refer to the &quot;BuildResults&quot; as target folder can be ignored/deleted.<br />\n<br />\nOR you can run the CreateBuildResults.cmd batch file from the Build sub folder - call it from the Source/Samples folder. That will create all the required folders for you.<br />\n",
    "PostedDate": "2013-09-05T04:28:53.26-07:00",
    "UserRole": null,
    "MarkedAsAnswerDate": null
  },
  {
    "Id": "1108571",
    "ThreadId": "454710",
    "Html": "Hi. I'm having a similar problem when trying to build the source code. The only modification I've made was in app.config, to allow this to run on my machine. <br />\n<br />\nThe top of my app.config looks like this now:<br />\n<pre><code>&lt;configuration&gt;\n  &lt;startup useLegacyV2RuntimeActivationPolicy=&quot;true&quot;&gt;\n    &lt;supportedRuntime version=&quot;v4.0&quot; sku=&quot;.NETFramework,Version=v4.0&quot;/&gt;\n  &lt;/startup&gt;\n  &lt;runtime&gt;\n    &lt;legacyCorruptedStateExceptionsPolicy enabled=&quot;true&quot;/&gt;\n  &lt;/runtime&gt;\n  &lt;appSettings&gt;</code></pre>\n\nI've removed all code signing  and tried following the steps here but I'm getting the following output.<br />\n<br />\n1&gt;------ Build started: Project: Jacobi.Vst.Core.Clr4, Configuration: Debug Any CPU ------<br />\n1&gt;CSC : error CS2001: Source file '............_AssemblyInfo\\AssemblyInfo.General.cs' could not be found<br />\n2&gt;------ Build started: Project: Jacobi.Vst.Interop, Configuration: Debug Win32 ------<br />\n3&gt;------ Build started: Project: Jacobi.Vst.Framework.Clr4, Configuration: Debug Any CPU ------<br />\n3&gt;CSC : error CS2001: Source file '............_AssemblyInfo\\AssemblyInfo.General.cs' could not be found<br />\n2&gt;  Microsoft (R) C/C++ Optimizing Compiler Version 17.00.50727.1<br />\n2&gt;  for Microsoft (R) .NET Framework version 4.00.30319.18331<br />\n2&gt;  Copyright (C) Microsoft Corporation.  All rights reserved.<br />\n2&gt;<br />\n2&gt;  cl /c /AI&quot;C:\\Program Files (x86)\\Reference Assemblies\\Microsoft\\Framework.NETFramework\\v4.0&quot; /AI&quot;C:\\Program Files (x86)\\Windows Kits\\8.0\\References\\CommonConfiguration\\Neutral&quot; /Zi /clr /nologo- /W3 /WX- /Od /Oy- /D WIN32 /D _DEBUG /D _WINDOWS /D _USRDLL /D JACOBIVSTINTEROP_EXPORTS /D _WINDLL /Gm- /EHa /MDd /GS /fp:precise /Zc:wchar_t /Zc:forScope /Yc&quot;stdafx.h&quot; /Fp&quot;obj\\Win32\\Debug\\Jacobi.Vst.Interop.pch&quot; /Fo&quot;obj\\Win32\\Debug\\&quot; /Fd&quot;obj\\Win32\\Debug\\vc110.pdb&quot; /doc&quot;obj\\Win32\\Debug\\&quot; /TP /FU&quot;C:\\Users\\Jake\\Downloads\\vstnet-71210\\Source\\Code\\Jacobi.Vst.Core\\bin\\Debug\\Jacobi.Vst.Core.dll&quot; /FU&quot;C:\\Program Files (x86)\\Reference Assemblies\\Microsoft\\Framework.NETFramework\\v4.0\\mscorlib.dll&quot; /FU&quot;C:\\Program Files (x86)\\Reference Assemblies\\Microsoft\\Framework.NETFramework\\v4.0\\System.Configuration.dll&quot; /FU&quot;C:\\Program Files (x86)\\Reference Assemblies\\Microsoft\\Framework.NETFramework\\v4.0\\System.dll&quot; /FU&quot;C:\\Program Files (x86)\\Reference Assemblies\\Microsoft\\Framework.NETFramework\\v4.0\\System.Drawing.dll&quot; /FU&quot;C:\\Program Files (x86)\\Reference Assemblies\\Microsoft\\Framework.NETFramework\\v4.0\\System.Windows.Forms.dll&quot; /analyze- /errorReport:prompt /clr:nostdlib stdafx.cpp<br />\n2&gt;cl : Command line warning D9035: option 'nologo-' has been deprecated and will be removed in a future release<br />\n2&gt;<br />\n2&gt;  stdafx.cpp<br />\n2&gt;stdafx.cpp : fatal error C1192: #using failed on 'C:\\Users\\Jake\\Downloads\\vstnet-71210\\Source\\Code\\Jacobi.Vst.Core\\bin\\Debug\\Jacobi.Vst.Core.dll'<br />\n2&gt;          'The system cannot find the file specified.'<br />\n4&gt;------ Build started: Project: Jacobi.Vst.UnitTest.Clr4, Configuration: Debug Any CPU ------<br />\n4&gt;CSC : error CS2001: Source file '............_AssemblyInfo\\AssemblyInfo.General.cs' could not be found<br />\n========== Build: 0 succeeded, 4 failed, 0 up-to-date, 0 skipped ==========<br />\n<br />\nI apologize, I'm also super new at Visual Studio, and although I am a great researcher, I really don't know where to start with this bug. Thank you.<br />\n",
    "PostedDate": "2013-10-16T18:17:38.697-07:00",
    "UserRole": null,
    "MarkedAsAnswerDate": null
  },
  {
    "Id": "1108769",
    "ThreadId": "454710",
    "Html": "Read post at Aug 29 at 8:47 PM.\r<br />\n<br />\nYou don't need references to 'AssemblyInfo.General.cs', these are used to build an official build. Remove the reference to this file in all the projects.<br />\n",
    "PostedDate": "2013-10-17T06:49:23.363-07:00",
    "UserRole": null,
    "MarkedAsAnswerDate": null
  },
  {
    "Id": "1109032",
    "ThreadId": "454710",
    "Html": "I see. Forgive my lack of familiarity with Visual Studio. I did not know how to remove them properly. Thanks for pointing me in the right direction. Core and Framework built fine, but Interop was throwing an error.\r<br />\n<br />\n1&gt;------ Build started: Project: Jacobi.Vst.Interop, Configuration: Debug Win32 ------\r<br />\n1&gt;     Creating library C:\\Users\\Jake\\Downloads\\vstnet-71210\\Source\\Code\\Jacobi.Vst.Interop\\bin\\Win32\\Debug\\Jacobi.Vst.Interop.lib and object C:\\Users\\Jake\\Downloads\\vstnet-71210\\Source\\Code\\Jacobi.Vst.Interop\\bin\\Win32\\Debug\\Jacobi.Vst.Interop.exp\r<br />\n1&gt;LINK : fatal error LNK1256: ALINK operation failed (80040414) : Error reading key file '............_keyfile\\Jacobi.snk' -- The system cannot find the path specified.\r<br />\n========== Build: 0 succeeded, 1 failed, 1 up-to-date, 0 skipped ==========\r<br />\n<br />\nFor anyone else running into this error (who is as much of a noob as I am :p), you need to remove the signing from Interop by Right Clicking Jacobi.Vst.Interop in your Solution Explorer window and clicking Properties. Once the Properties window pops up, go to:\r<br />\n<br />\nConfiguration Properties &gt; Linker &gt; Advanced &gt; Key File\r<br />\n<br />\nThen, you click &lt;inherit from parent&gt; (or something like that) or I THINK you can just delete the string in that field.\r<br />\n<br />\nThanks for you help YuryK, very much looking forward to using this!<br />\n",
    "PostedDate": "2013-10-17T21:09:20.143-07:00",
    "UserRole": null,
    "MarkedAsAnswerDate": null
  }
]