[
  {
    "Id": "997023",
    "ThreadId": "432123",
    "Html": "Firstly, thanks for the great library!\r<br />\n<br />\nI'm currently catching midi-in using MidiProcessor and converting the midi signals to audio streams/samples using soundfont but how exactly do I output the audio within the Midi.Process function?<br />\n",
    "PostedDate": "2013-02-05T19:58:09-08:00",
    "UserRole": null,
    "MarkedAsAnswerDate": null
  },
  {
    "Id": "997080",
    "ThreadId": "432123",
    "Html": "Thanx!\r<br />\n<br />\nThe AudioProcessor gets called by the host on its Process method. As a midi instrument you would typically ignore the audio inputs and write your samples to the audio output. \r<br />\n<br />\nTypically the MidiProcessor.Process method is called just before the AudioProcessor.Process method. I would suggest you pre-process the midi data in the MidiProcessor.Process method in such a way that producing the samples in the AudioProcessor.Process method is as quick and easy as possible - both methods are time critical.\r<br />\n<br />\nThe MidiNoteSampler sample plugin is close to the way you would need your plugin to work.\r<br />\n<a href=\"http://vstnet.codeplex.com/SourceControl/changeset/view/71210#258726\" rel=\"nofollow\">http://vstnet.codeplex.com/SourceControl/changeset/view/71210#258726</a>\r<br />\n<br />\nHope it helps.<br />\n",
    "PostedDate": "2013-02-05T23:55:55.417-08:00",
    "UserRole": null,
    "MarkedAsAnswerDate": null
  },
  {
    "Id": "997126",
    "ThreadId": "432123",
    "Html": "Thanks for the speedy reply. I just grasped the concept, it seems like Audio Process method is called at a frequency(even without any midi event). And if i dont want to output any sound i just don't return anything in the buffer. Now the problem seems to be converting my stream/sample to fit the buffer. Still doing more research on this because I dont get the concept of buffer, its size, the relation to sample rates, and the frequency the audio process method is called. Any idea on this?<br />\n",
    "PostedDate": "2013-02-06T02:03:42.12-08:00",
    "UserRole": null,
    "MarkedAsAnswerDate": null
  },
  {
    "Id": "997254",
    "ThreadId": "432123",
    "Html": "The host usually has (advanced) settings for setting buffer size (also known as block size). Audio is processed in small blocks and each plugin (in a chain) gets a go at manipulating the audio samples. Your instrument plugin will be at the start of that chain - you generate the audio. Possible effect plugins could follow each manipulating the samples in the in-buffers.\r<br />\n<br />\nThe (Audio) Process method receives an array of input buffers and an array of output buffers. A buffer is just a small piece of allocated memory used to transfer sample data between plugin and host. Each position in the array corresponds to an audio channel in the host. So a Stereo effects plugin would receive an array of [2] for both input and output (note that the host could pass you more than the input and output channels you need). You specify the number these audio channels in the constructor of the AudioProcessor base class.\r<br />\n<br />\nAll AudioBuffers (input and output) are all of the same length. You can access the Count property on any one of the AudioBuffer instances to retrieve the length. If all is well it is the same value as was set by the host for the BlockSize property (on the AudioProcessor).\r<br />\n<br />\nSo each time the AudioProcessor.Process method is called you need to fill up the output buffers with the audio samples for a count of 'BlockSize'. You need to keep track on where you stand on copying samples to the output buffers because the block size is very likely to be smaller than a single waveform (or whatever it is that you use) - so it might take multiple calls to the AudioProcessor.Process method to get the complete wave in the output buffers.\r<br />\n<br />\nHope it helps.<br />\n",
    "PostedDate": "2013-02-06T05:27:29.83-08:00",
    "UserRole": null,
    "MarkedAsAnswerDate": null
  },
  {
    "Id": "997316",
    "ThreadId": "432123",
    "Html": "Thanks for the explanation, I finally got it working, sort of.\r<br />\n<br />\nWhat I do is when I receive a midi-in I convert it to samples and store them in a buffer.\r<br />\n<br />\nAnd when Audio Process gets called I output the stored buffer in BlockSize specified and remove the block from the buffer. (4410)\r<br />\n<br />\nNow the sound become like this <a href=\"http://www.vios.com.au/VH20130206_230224.wav\" rel=\"nofollow\">http://www.vios.com.au/VH20130206_230224.wav</a>\r<br />\n<br />\nThere seems to be a tiny gaps between each buffer block? I have checked Audio.Process and it took less than 1ms to execute \r<br />\n<br />\nAny idea why?<br />\n",
    "PostedDate": "2013-02-06T07:09:36.963-08:00",
    "UserRole": null,
    "MarkedAsAnswerDate": null
  },
  {
    "Id": "997348",
    "ThreadId": "432123",
    "Html": "I can hear some sort of delay/repeat but I don't hear gaps...?? Could it be you re-output the same wave data multiple times?\r<br />\n<br />\nPerhaps the BlockSize is not set correctly? Use the Count property on the AudioBuffer - that is the value that is passed to the Process method by the host.\r<br />\n<br />\nAlso make sure you don't do any memory allocation during either Process method. Pre-allocate the buffers you need to store the samples and use a ring-buffer mechanism to keep track on where you write new data and read out during the (Audio) Process method.\r<br />\n<br />\n[2c]<br />\n",
    "PostedDate": "2013-02-06T07:48:28.083-08:00",
    "UserRole": null,
    "MarkedAsAnswerDate": null
  },
  {
    "Id": "997362",
    "ThreadId": "432123",
    "Html": "You are right, its some kind of repeat.\r<br />\n<br />\nSome how if I remove BlockSize*8 from the Buffer everything works perfectly\r<br />\n<br />\nThe first 2 blocks are for stereo left and right I wonder what the remaining 6 blocks contains....weird<br />\n",
    "PostedDate": "2013-02-06T08:03:32.74-08:00",
    "UserRole": null,
    "MarkedAsAnswerDate": null
  },
  {
    "Id": "997685",
    "ThreadId": "432123",
    "Html": "Perhaps post a small code snippet so we can follow along? ;-)\r<br />\nWhy are you doing BlockSize*8?<br />\n",
    "PostedDate": "2013-02-06T22:27:21.727-08:00",
    "UserRole": null,
    "MarkedAsAnswerDate": null
  },
  {
    "Id": "997767",
    "ThreadId": "432123",
    "Html": "I mixed up sample count with bytes hence I needed to mutiply it by bytes per sample(stereo 32 bit floating is 8 bytes per sample.)<br />\n<br />\nI do have a few new problems.<br />\n<ol>\n<li>\nI copied the exact structure for PluginEditor in MidiNoteMapper, and created my own form. I added some random controls onto the form and the editor interacts perfectly in VSTHost. However when the same plugin is loaded in MixCraft 6, if I click on anywhere within the editor, the editor and DAW freezes and a force end process is required. (Note it is just a dummy editor, there are no code whatsoever except a blank ProcessIdle function along with Component Initialization). If I remove all controls and leave a blank form, it wont freeze if i click on the blank form.<br />\n</li>\n<li>\nIf my plugin is loaded (even without any editor UI). When I close the MixCraft 6 it says &quot;MixCraft 6&quot; has stopped working....is it just a bad DAW or do I need to call certain function when the VST is being unloaded?<br />\n</li>\n</ol>\nThanks for your valuable input...greatly appreciated!<br />\n",
    "PostedDate": "2013-02-07T00:57:34.54-08:00",
    "UserRole": null,
    "MarkedAsAnswerDate": null
  },
  {
    "Id": "997781",
    "ThreadId": "432123",
    "Html": "Attach the debugger and break into the process after you have clicked on the form. Then examine the call stack to see where execution halts. Copy in the stack trace in your next post.<br />\n",
    "PostedDate": "2013-02-07T01:28:35.803-08:00",
    "UserRole": null,
    "MarkedAsAnswerDate": null
  },
  {
    "Id": "997789",
    "ThreadId": "432123",
    "Html": "I paused the debugger after application freezes but it says no call stack information because no symbol loaded any call stack frame.<br />\n<br />\nIn modules I can see my .net dll it says the DLL is not loaded at default load address, manualing loading symbol did nothing...<br />\n",
    "PostedDate": "2013-02-07T01:48:10.78-08:00",
    "UserRole": null,
    "MarkedAsAnswerDate": null
  },
  {
    "Id": "997800",
    "ThreadId": "432123",
    "Html": "Try specifying the host exe as the debug exe (project properties) and press F5?\r<br />\nMake sure the host opens/loads your debug version and the .pdb files are deployed next to the .dll's...<br />\n",
    "PostedDate": "2013-02-07T02:05:54.347-08:00",
    "UserRole": null,
    "MarkedAsAnswerDate": null
  },
  {
    "Id": "997840",
    "ThreadId": "432123",
    "Html": "I tried your solution and I can confirm that the pdb is loaded through the Modules window.\r<br />\n<br />\nNext to my .net.dll it says Symbol loaded and points to my debug folder.\r<br />\n<br />\nWhen I Pause after freezing I get the following:\r<br />\n<br />\nNo Source Available\r<br />\n<br />\nThe current thread is not currently running code or the call stack could not be obtained.<br />\n",
    "PostedDate": "2013-02-07T03:11:10.503-08:00",
    "UserRole": null,
    "MarkedAsAnswerDate": null
  },
  {
    "Id": "997844",
    "ThreadId": "432123",
    "Html": "Any other threads (Threads Window) that do contain call stacks?<br />\n",
    "PostedDate": "2013-02-07T03:21:32.84-08:00",
    "UserRole": null,
    "MarkedAsAnswerDate": null
  },
  {
    "Id": "997852",
    "ThreadId": "432123",
    "Html": "Not Flagged\t&gt;\t5448\t1\tMain Thread\tMain Thread\t\tLowest\r<br />\nNot Flagged\t\t3964\t0\tWorker Thread\t&lt;No Name&gt;\t\tHighest\r<br />\nNot Flagged\t\t10872\t4\tWorker Thread\t&lt;No Name&gt;\t\t\r<br />\nNot Flagged\t\t6556\t5\tWorker Thread\t&lt;No Name&gt;\t\t\r<br />\nNot Flagged\t\t2336\t6\tWorker Thread\t&lt;No Name&gt;\t\t\r<br />\nNot Flagged\t\t5656\t7\tWorker Thread\t&lt;No Name&gt;\t\t\r<br />\n<br />\n<br />\nNone of the threads contains any call stack. :(<br />\n",
    "PostedDate": "2013-02-07T03:29:06.043-08:00",
    "UserRole": null,
    "MarkedAsAnswerDate": null
  },
  {
    "Id": "997889",
    "ThreadId": "432123",
    "Html": "Problem Solved. Totally my bad. My form wasnt inheriting Forms.UserControl it was Inheriting Forms.Form.<br />\n",
    "PostedDate": "2013-02-07T05:11:46.623-08:00",
    "UserRole": null,
    "MarkedAsAnswerDate": null
  },
  {
    "Id": "997908",
    "ThreadId": "432123",
    "Html": "Ah, yes, it must be a UserControl. The host provides the 'frame' - something that the Form otherwise does....\r<br />\nThe wrapper class just attaches the host provide frame window to the windows form user control.\r<br />\n<br />\nHave fun.<br />\n",
    "PostedDate": "2013-02-07T05:49:59.93-08:00",
    "UserRole": null,
    "MarkedAsAnswerDate": null
  },
  {
    "Id": "997944",
    "ThreadId": "432123",
    "Html": "I seem to have endless questions.....Sorry! My head has been literally aching since the day I downloaded this library which is the same day I heard the word VST. On top of that OO programming with VB background is also painful!<br />\n<br />\nHow do I change Plugin base class' variable or call a plugin base method upon clicking a button in the UI editor.<br />\n<br />\nMy base class Inherits VstPluginWithInterfaceManagerBase<br />\n<br />\nI suppose upon clicking a button i could set a public variable in the usercontrol to some value, and in the plugin editor class's ProcessIdle I will compare the value in the usercontrol to the value in _plugin......this seems to be a mary go around though...<br />\n",
    "PostedDate": "2013-02-07T07:09:27.367-08:00",
    "UserRole": null,
    "MarkedAsAnswerDate": null
  },
  {
    "Id": "997955",
    "ThreadId": "432123",
    "Html": "There are several way's to do that.\r<br />\n<br />\nIf you have values that you also (want to) expose as parameters, you can pass the ParameterManager instances to the UI. This is what the VST.NET Visual Studio Templates do. <a href=\"http://vstnet.codeplex.com/SourceControl/changeset/view/71210#1108764\" rel=\"nofollow\">http://vstnet.codeplex.com/SourceControl/changeset/view/71210#1108764</a>\r<br />\nBTW: do you know about programs and parameters?? See also the Delay sample plugin for an example.\r<br />\n<br />\nI would advise you to reference the processor classes from the UI and NOT reference the UI class(es) from the processor classes. Note that the UI thread is a different Thread from the Audio thread - the thread that calls the Process methods. So some sort of synchronization is advisable. If you use simple values, the Interlocked class can be all you need.<br />\n",
    "PostedDate": "2013-02-07T07:37:54.14-08:00",
    "UserRole": null,
    "MarkedAsAnswerDate": null
  },
  {
    "Id": "997961",
    "ThreadId": "432123",
    "Html": "EDIT: nevermind I could just use a module what was i thinking...<br />\n<br />\nTo my knowledege Programs is the list of presets available to the Host, and parameter is similar concept.<br />\n<br />\nBut I dont want to expose any program or parameter to the Host, all changes are made through my own UI and stored as internal variable.<br />\n<br />\nThe problem is how do I reference back to the main plugin object created in stub from the UI form?  There is no _plugin reference in the UI form like every other class.<br />\n<pre><code>Private _plugin As Plugin\nSub SetPlugin(ByRef plg As Plugin)  ' This will throw error saying I cant expose type outside the project\n</code></pre>\n\n",
    "PostedDate": "2013-02-07T07:51:18.383-08:00",
    "UserRole": null,
    "MarkedAsAnswerDate": null
  },
  {
    "Id": "998355",
    "ThreadId": "432123",
    "Html": "I'm not a VB.NET programmer but you should be able to add a property to your User Control and set it...?\r<br />\nMake sure that the property has the same access modifier (public, private, friend - is that what's its called in VB?) as the plugin class. You cannot have a public property that exposes a private or friend type. My guess is, that is what the error is about...\r<br />\n<br />\n[2c]<br />\n",
    "PostedDate": "2013-02-07T23:39:47.367-08:00",
    "UserRole": null,
    "MarkedAsAnswerDate": null
  }
]