[
  {
    "Id": "1089975",
    "ThreadId": "456181",
    "Html": "I'm porting some of my older C++ MIDI-based code to C#, and I've been looking for ways to generate sound output.  Previous versions were wired MIDI, so functions are in place\r<br />\nto send note-on/off and related commands.  I obviously need to convert those calls to use software-based sound generators (VSTi's or similar).\r<br />\n<br />\nI've heard that some on the forum have created VSTi hosts using Marc's VST.Net, but haven't noticed any direct references to those projects.  Do they exist?<br />\n",
    "PostedDate": "2013-09-08T17:50:27.28-07:00",
    "UserRole": null,
    "MarkedAsAnswerDate": null
  }
]