[
  {
    "Id": "162784",
    "ThreadId": "48744",
    "Html": "Great to hear about this project! But for now I'll be sticking to C++ because of all the code written already...<br>\r\n<br>\r\nWhen adding (foreign) references to an assembly, you'll end up with a lot of files for just one single application (or library). Personally, I don't like to keep track of all these files. I found out that Microsoft has an application called &quot;ILMerge.exe&quot; which will convert all these assemblies into one. Wouldn't this be great for VST.NET too? <br>\r\n<br>\r\nAnyway, here's the link:<br>\r\n<br>\r\nhttp://www.microsoft.com/downloads/details.aspx?FamilyID=22914587-b4ad-4eae-87cf-b14ae6a939b0&amp;displaylang=en<br>\r\n<br>\r\nRegards,<br>\r\n<br>\r\nMartin <br>\r\n<br>\r\n\r\n",
    "PostedDate": "2009-02-27T08:15:34.123-08:00",
    "UserRole": null,
    "MarkedAsAnswerDate": null
  },
  {
    "Id": "162990",
    "ThreadId": "48744",
    "Html": "Thanx. I know about ILMerge and used it for some of my other projects (exe) to create one binary and then obfuscate it.<br>\r\n<br>\r\nI don't believe ILMerge will handle mixed C++ assemblies and merging Core and Framework doesn't make much sense because Interop also depends on Core, so you'd need a separate Core assembly anyway.\r\n",
    "PostedDate": "2009-02-27T23:27:58.01-08:00",
    "UserRole": null,
    "MarkedAsAnswerDate": null
  }
]