[
  {
    "Id": "478829",
    "ThreadId": "223133",
    "Html": "Hi all, \r\nI am a programmer fascinated from this project, and I catched the opportunity to learn C# using this library.\r\nMy goal is to create my host to customize the interface of some VST plugin, in this way I'll can create my personal effects panel.\r\nMy problem is that i can't not able to compile any of the samples that i found, receiving errors anytime.\r\nI follow all 'readme' and downloaded many samples but my VS2008 Pro refuse to complete any compilation.\r\nObviously many problems come from my low knowledge of the C# language (and english too), so I ask where I can download\r\nsome simple sample 'hello world' source including only the the main libraries and classes to create a base to integrate and\r\ndevelop complete application.\r\n\r\nI hope to be clear\r\n\r\nRegards\r\n\r\nPaolo Pini",
    "PostedDate": "2010-08-10T14:38:46.57-07:00",
    "UserRole": null,
    "MarkedAsAnswerDate": null
  },
  {
    "Id": "478931",
    "ThreadId": "223133",
    "Html": "<p>If you download the samples .zip from the &quot;Downloads&quot; page, you should be alright. Can you copy-paste some of these errors here, so we (I) can have a look.</p>",
    "PostedDate": "2010-08-10T22:13:12.017-07:00",
    "UserRole": null,
    "MarkedAsAnswerDate": null
  },
  {
    "Id": "479419",
    "ThreadId": "223133",
    "Html": "Make sure you remove missing files references: &quot;AssemblyInfo.General&quot; in every project.<br>\r\nMake sure you remove missing files references: key files (*.snk) in every project.<br>\r\nMake sure you remove key signing in every project configuration.<br><br>\r\n\r\nThe samples should compile after following these steps.",
    "PostedDate": "2010-08-11T16:36:40.133-07:00",
    "UserRole": null,
    "MarkedAsAnswerDate": null
  },
  {
    "Id": "479430",
    "ThreadId": "223133",
    "Html": "<p>Many thanks,</p>\r\n<p>I've compiled the samples succesfully!<br>Now I'm tryng to understand the Host sample to try to hear something from an effect plugin, but for now <span lang=en>it's still </span>misterious how pass an audio file to the plugin loaded (if it can).<br>When I'll understood more I'll come back&nbsp; here with specifics questions.</p>",
    "PostedDate": "2010-08-11T17:22:05.96-07:00",
    "UserRole": null,
    "MarkedAsAnswerDate": null
  },
  {
    "Id": "479456",
    "ThreadId": "223133",
    "Html": "<p>Vst.Net (and the Vst sdk) does not include classes for audio playback or audio file reading. So while you can pass an audio buffer to the ProcessReplacing function in order to process it with a Vst effect, you will not hear anything. I suggest using NAudio library (also hosted on CodePlex) for the Audio input/output.<br><br> To get you started here are the steps I suggest for your requirements:<br> 1. Read an audio file with NAudio, the library will convert it to an Audio buffer.<br> 2. If necessary convert the NAudio buffer format (interlaced bytes) to the Vst.Net audio buffer format (-1 to 1 floats).<br> 3. Process the input buffer from step 2 with Vst.Net (ProcessReplacing).<br> 4. Convert Vst.Net processed audio buffer to the NAudio buffer format, you can avoid this step with NAudio WaveProvider32 Class.<br> 5. Write the output buffer from step 4 to NAudio audio output (write file or audio device output).<br><br> You can find code and advices on how to use ProcessReplacing and a Audio output device in this thread: <br>http://vstnet.codeplex.com/Thread/View.aspx?ThreadId=79792<br><br> To convert  NAudio wave buffer to Vst.Net buffer you need to know how the buffer is structured.<br><br> For example NAudio 16 bit 2 channel audio buffer is structured like this:<br> WaveBuffer[x]         // Channel 1, first byte<br> WaveBuffer[x + 1]  // Channel 1, second byte<br> WaveBuffer[x + 2]  // Channel 2, first byte<br> WaveBuffer[x + 3]  // Channel 2, second byte<br><br> Vst.Net 16 bit 2 channel audio buffer is structured like this:<br> VstBuffer[0][x] // Channel 1, 1 float<br> VstBuffer[1][x] // Channel 2, 1 float<br><br> Note that for 16 bit audio you need to convert two NAudio buffer bytes to a [-1, 1] range float (Vst format), the second byte should be shifted when you convert bytes to float (endianness matters).<br><br> The code for conversion should look like this (not tested):</p>\r\n<div style=\"color:black;background-color:white\">\r\n<pre><span style=\"color:blue\">int</span> x=0;\r\n<span style=\"color:blue\">int</span> y=0;\r\n\r\n<span style=\"color:blue\">while</span> (y &lt; WaveBuffer.Count)\r\n{\r\n   VstBuffer[0][x] = ConvertUShortToMinus1to1Float( (<span style=\"color:blue\">ushort</span>)WaveBuffer[y] + ( (<span style=\"color:blue\">ushort</span>)WaveBuffer[y+1] &gt;&gt; 8) );\r\n\r\n   VstBuffer[1][x] = ConvertUShortToMinus1to1Float( (<span style=\"color:blue\">ushort</span>)WaveBuffer[y+2] + ( (<span style=\"color:blue\">ushort</span>)WaveBuffer[y+3] &gt;&gt; 8) );\r\n   x++;\r\n   y += 4;\r\n}\r\n\r\n<span style=\"color:blue\">float</span> ConvertUShortToMinus1to1Float(<span style=\"color:blue\">ushort</span> inParam)\r\n{\r\n   <span style=\"color:blue\">return</span> inParam * (1f / (<span style=\"color:blue\">ushort</span>.MaxValue / 2f)) - 1f;\r\n}\r\n</pre>\r\n</div>\r\n<p>&nbsp;</p>\r\n<p>Audio programming is much easier than it seems when you strip out the DSP / Math jargon...</p>\r\n<p>Remember that lazy programmers are the best programmers XD</p>\r\n<p>Tell me if you need more info about anything. Happy coding :D</p>",
    "PostedDate": "2010-08-11T19:13:41.473-07:00",
    "UserRole": null,
    "MarkedAsAnswerDate": null
  },
  {
    "Id": "479537",
    "ThreadId": "223133",
    "Html": "<p>&nbsp;</p>\r\n<p>Many thanks YuryK your reply is very precious!</p>\r\n<p>I began to compose the puzzle.</p>\r\n<p>Let me digest all this code (I'm tryng to learn .NET &amp;&amp; VC# &amp;&amp; VST.NET,at same time) then I'll back soon.</p>\r\n<p>Only 1 question, you think my project to create a customized visual interface for 3/4 audio and/or midi plugins can be some hope of success?</p>\r\n<p>Regards</p>",
    "PostedDate": "2010-08-12T00:31:02.427-07:00",
    "UserRole": null,
    "MarkedAsAnswerDate": null
  },
  {
    "Id": "479746",
    "ThreadId": "223133",
    "Html": "If I understand correctly you want to create a 4 audio mixer with vst plugins?<br>\r\nIf so than yes it's definitely possible, Vst exposes it's parameters separately from the Gui.<br>\r\nI created a custom generic Gui for plugins that don't expose a Gui, it's very easy.<br>\r\nFor that, take a look at the GetParameter(index) and SetParameter(index) as well as GetParameterName().<br>\r\nVst exposes parameter names, parameter values and parameter values label (%, ms, db etc..)",
    "PostedDate": "2010-08-12T08:22:09.547-07:00",
    "UserRole": null,
    "MarkedAsAnswerDate": null
  }
]