[
  {
    "Id": "1447421",
    "ThreadId": "645909",
    "Html": "I had a third question about audio (using the Core.dll)^^, but I managed to figure it out :-)<br />\n<br />\nThe particular VST Im making doesn't touch the audio buffers (in ProcessReplacing), so I have left them as they are in the Sample, but then if I loaded the VST onto an audio track in a host, the original stereo audio was coming out mono.<br />\n<br />\nThen I realized that ProcessReplacing was setting all the outputs to input(0), which I guess would be doing only one channel?<br />\n<br />\n{<br />\nforeach (VstAudioPrecisionBuffer audioBuffer in outputs)<br />\n<pre><code>        {\n            for (int n = 0; n &lt; audioBuffer.SampleCount; n++)\n            {\n                audioBuffer[n] = input[0][n];\n            }\n        }</code></pre>\n\n}<br />\n<br />\nAnyway, I found that changing that code to iterate through the outputs by index instead of &quot;for each &quot;, and setting each iteration to input[<em>index</em>] did the trick so I get full stereo.<br />\n<br />\nCheers,<br />\n",
    "PostedDate": "2015-10-07T03:46:48.293-07:00",
    "UserRole": null,
    "MarkedAsAnswerDate": null
  },
  {
    "Id": "1447588",
    "ThreadId": "645909",
    "Html": "Hmm, that code is indeed not entirely correct. \r<br />\nThe entire sample is meant to give you an idea what programming against the core is like. The method implementations should all be removed if you use it as a skeleton to get started.\r<br />\n<br />\nTo be even more efficient you may want to check out the VstAudioBuffer.CopyTo method...\r<br />\n<a href=\"https://vstnet.codeplex.com/SourceControl/latest#Source/Code/Jacobi.Vst.Core/VstAudioBuffer.cs\" rel=\"nofollow\">https://vstnet.codeplex.com/SourceControl/latest#Source/Code/Jacobi.Vst.Core/VstAudioBuffer.cs</a>\r<br />\n<br />\nIt's quicker that the code you have now.<br />\n",
    "PostedDate": "2015-10-07T23:48:30.65-07:00",
    "UserRole": null,
    "MarkedAsAnswerDate": null
  },
  {
    "Id": "1447781",
    "ThreadId": "645909",
    "Html": "Thanks, I'll check it out!<br />\n",
    "PostedDate": "2015-10-08T23:16:09.987-07:00",
    "UserRole": null,
    "MarkedAsAnswerDate": null
  }
]