[
  {
    "Id": "1320290",
    "ThreadId": "571596",
    "Html": "In my vst plugin I have dependencies on some external dll libs, and when Cubase does the initialization, it reports that it cannot locate components (i.e. mentioned dlls). Is there a way to pass to Cubase, path of those libs, or some specific folder where we can put necessary additional components? <br />\n",
    "PostedDate": "2014-11-08T09:48:45.063-08:00",
    "UserRole": null,
    "MarkedAsAnswerDate": null
  },
  {
    "Id": "1320305",
    "ThreadId": "571596",
    "Html": "you could always register them with gacutil. it is the dotnet assembly loader that can't locate the assembly.<br />\n",
    "PostedDate": "2014-11-08T13:42:05.047-08:00",
    "UserRole": null,
    "MarkedAsAnswerDate": null
  },
  {
    "Id": "1320347",
    "ThreadId": "571596",
    "Html": "Please paste in the error message dialog text (Ctrl+Shift+C).\r<br />\n<br />\nCubase does not load the dependent assemblies. VST.NET attempts to load all dependencies from the same folder where the renamed Jacobi.Vst.Interop.dll is located. Using the GAC is possible, but not recommended.\r<br />\n<br />\nMarc<br />\n",
    "PostedDate": "2014-11-08T23:22:09.847-08:00",
    "UserRole": null,
    "MarkedAsAnswerDate": null
  },
  {
    "Id": "1320388",
    "ThreadId": "571596",
    "Html": "<hr />\nThis is the error message:<br />\n<blockquote>\nCubase: Cubase5.exe - Unable To Locate Component<br />\n<br />\n This application has failed to start because mylib.dll was not found. Re-installing the application may fix this problem. <br />\n<br />\nOK   \n<br />\n</blockquote>\n",
    "PostedDate": "2014-11-09T10:43:35.713-08:00",
    "UserRole": null,
    "MarkedAsAnswerDate": null
  },
  {
    "Id": "1320465",
    "ThreadId": "571596",
    "Html": "Please describe the situation in more detail. The VST.NET interop catches all exceptions (at least attempts to). So a VST.NET Error dialog should show, not a Cubase dialog.\r<br />\nPosting part of your source code may help also...\r<br />\n<br />\nMarc<br />\n",
    "PostedDate": "2014-11-09T22:51:25.543-08:00",
    "UserRole": null,
    "MarkedAsAnswerDate": null
  }
]