[
  {
    "Id": "158126",
    "ThreadId": "47252",
    "Html": "I have successfully created my own plugins based on VST.NET and they run fine on a Windows XP system with .NET 3.5 installed. But I cannot get them, or the sample effect (Jacobi.Vst.Samples.Delay), to work on a Windows 2000 machine that has only .NET 3.0 or 2.0 installed. <br>\r\n<br>\r\nHas anyone else had problems deploying their plugins on other systems than Windows XP with .NET 3.5?<br>\r\n<br>\r\nI have followed the instructions, putting the requried libraries (Jacobi.Vst.Core.dll and Jacobi.Vst.Framework.dll) in the same folder as my plugin (renamed to plugin name + .net.vstdll) and the interop library (renamed to plugin name + .dll).<br>\r\nBut none of the programs I have tried (SoundForge, Vegas, Samplitude, Fruity Loops) can load it. Either they crash or I get the message &quot;Run a DLL as an App has encountered a problem....&quot;<br>\r\n<br>\r\n",
    "PostedDate": "2009-02-16T08:58:58.657-08:00",
    "UserRole": null,
    "MarkedAsAnswerDate": null
  },
  {
    "Id": "158198",
    "ThreadId": "47252",
    "Html": "All VST.NET projects (all samples and Core, Interop and Framework) target the .NET Framework 2.0.<br>\r\n<br>\r\nMy guess that the .NET framework is not the problem, but perhaps Windows 2000 is?<br>\r\nI never tested on Win2000. I run on WinXP.<br>\r\n<br>\r\nThats a weird error message to get from a VST host, isn't it?<br>\r\n<br>\r\nWould it be an idea if you build the Interop assembly yourself and put message boxes in the VSTPluginMain function?<br>\r\n(provided you know enough C++ to get it working. Hint: take a look at the Utils class)<br>\r\n<br>\r\nThen you would have an idea how far code execution actually comes...<br>\r\n<br>\r\nHope it helps?\r\n",
    "PostedDate": "2009-02-16T11:33:55.377-08:00",
    "UserRole": null,
    "MarkedAsAnswerDate": null
  },
  {
    "Id": "158317",
    "ThreadId": "47252",
    "Html": "Thank you for your suggestions.<br>\r\nThe obvious test was to try and run it on a Windows XP machine with .NET 3.0. I tried it on my own laptop which I downgraded to .NET 3.0 and a friend's system that has always been running .NET 3.0. On neither system it worked. Buzz can load the plugin but there is no sound and no interface and FruityLoops crashes.<br>\r\nI wouldn't mind trying to recompile the Interop lib, but this must be a problem that other people have too if they distribute their plugins to platforms with .NET lower than 3.5. <br>\r\nHave you tested it yourself on a .net 2.0 or 3.0 platform?<br>\r\n<br>\r\nthanks<br>\r\nThor Asmund<br>\r\n",
    "PostedDate": "2009-02-16T17:40:30.603-08:00",
    "UserRole": null,
    "MarkedAsAnswerDate": null
  },
  {
    "Id": "158442",
    "ThreadId": "47252",
    "Html": "You're right, Thor.<br>\r\n<br>\r\nThere is one dependency that I totaly overlooked. Its the CRT dependency of the Interop assembly. Interop is built with Vs2008 and that requires the Microsoft.VC90.CRT package.<br>\r\nI ran a simple test on a WinXP/.NET 2.0 VPC (this is what I'm targeting) trying to start the host sample application (after copying Interop and Core ;-). I saw events in the System event log that tells you Microsoft.VC90.CRT is not found. Can you confirm that?<br>\r\n<br>\r\nSo your quick fix will probably be to install the Microsoft.VC90.CRT package (redistributable). But I have not tested that yet.<br>\r\nHere are some helpful links:<br>\r\n<a href=\"http://blogs.msdn.com/aymans/archive/2006/04/04/568466.aspx\">http://blogs.msdn.com/aymans/archive/2006/04/04/568466.aspx</a><br>\r\n<a href=\"http://msdn.microsoft.com/en-us/ms235291(VS.80).aspx\">http://msdn.microsoft.com/en-us/ms235291(VS.80).aspx</a><br>\r\n<br>\r\nMeanwhile I will look into how I will solve this for future releases of VST.NET.<br>\r\n<br>\r\nCan you tell me if your system (win2000 and Xp) has the following folder?<br>\r\n%WINDOWS%\\WinSxS\\x86_Microsoft.VC80.CRT_1fc8b3b9a1e18e3b_8.0.50727.42_x-ww_0de06acd<br>\r\n<br>\r\nThe WinSxS is the target folder where these dependencies are installed these days. This is the only CRT I could find on my WinXp/NET2.0 machine. But as you can see, its from the previous version (Vs2005)...<br>\r\n<br>\r\nThanx,<br>\r\nMarc \r\n",
    "PostedDate": "2009-02-17T04:13:40.423-08:00",
    "UserRole": null,
    "MarkedAsAnswerDate": null
  },
  {
    "Id": "158683",
    "ThreadId": "47252",
    "Html": "There seems no way around the VC90.CRT when building a mixed language C++ assembly.<br>\r\n<br>\r\nSo I've tried to install the VC90.CRT on my test machine and everything worked.<br>\r\nI used the redistributable package that was on my development machine.<br>\r\nC:\\Program Files\\Microsoft SDKs\\Windows\\v6.0A\\Bootstrapper\\Packages\\vcredist_x86\\vcredist_x86.exe<br>\r\n<br>\r\nMoved that over to the test machine. Run the installer. Run the Host sample and Bingo!<br>\r\n<br>\r\nHope it works for you to. \r\n",
    "PostedDate": "2009-02-17T14:11:47.083-08:00",
    "UserRole": null,
    "MarkedAsAnswerDate": null
  },
  {
    "Id": "159267",
    "ThreadId": "47252",
    "Html": "Hello again,<br>\r\nI checked the system log, and you were right! WinSxS reports that the VC90.CRT is missing.<br>\r\n<br>\r\nI looked in the WinSxS directory on my XP machine with .NET 3.0 and the following subdirectory was present:<br>\r\n&nbsp;&nbsp; x86_Microsoft.VC80.CRT_1fc8b3b9a1e18e3b_8.0.50727.3053_x-ww_b80fa8ca<br>\r\n<br>\r\nI will now try and install the VC90.CRT distributable.<br>\r\n",
    "PostedDate": "2009-02-18T21:50:35.687-08:00",
    "UserRole": null,
    "MarkedAsAnswerDate": null
  },
  {
    "Id": "159268",
    "ThreadId": "47252",
    "Html": "I installed the VC++ 2008 redistributable from this link, and all my VST.NET plugins now work!<br>\r\nhttp://www.microsoft.com/downloads/details.aspx?familyid=A5C84275-3B97-4AB7-A40D-3802B2AF5FC2&amp;displaylang=en<br>\r\n<br>\r\nThanks a lot for the help!<br>\r\n<br>\r\ncheers,<br>\r\nThor <br>\r\n<br>\r\n<br>\r\n\r\n",
    "PostedDate": "2009-02-18T21:59:15.567-08:00",
    "UserRole": null,
    "MarkedAsAnswerDate": null
  },
  {
    "Id": "159668",
    "ThreadId": "47252",
    "Html": "Just FYI, my friend who has the Win 2000 .NET 2.0 machine still cannot get the plugins to work. The aforementioned programs crash with a null pointer reference when you start adjusting the parameters. The plugin can be loaded, but nothing happens when you send sound through the plugin. There is no information in the system log, he said.<br>\r\n<br>\r\ncheers,<br>\r\nThor<br>\r\n",
    "PostedDate": "2009-02-19T04:56:37.47-08:00",
    "UserRole": null,
    "MarkedAsAnswerDate": null
  },
  {
    "Id": "159849",
    "ThreadId": "47252",
    "Html": "Does it bring up a &quot;VST.NET Error&quot; message box with the NullReferenceException? If so, could you ask him to copy the message (press Ctrl+Shift+C when the message box is up) and post it into this thread?<br>\r\n<br>\r\nThanx,<br>\r\nMarc\r\n",
    "PostedDate": "2009-02-19T11:54:54.423-08:00",
    "UserRole": null,
    "MarkedAsAnswerDate": null
  },
  {
    "Id": "160097",
    "ThreadId": "47252",
    "Html": "He only got this message, which doesn't say much<br>\r\nhttp://www.robotplanet.dk/f/other/jacobidelaycrash.gif<br>\r\n<br>\r\nWhen I have some time I might try and install 2000 to see if I can reproduce the error and maybe get some more information.<br>\r\n<br>\r\ncheers,<br>\r\nThor <br>\r\n<br>\r\n<br>\r\n\r\n",
    "PostedDate": "2009-02-20T03:34:23.203-08:00",
    "UserRole": null,
    "MarkedAsAnswerDate": null
  },
  {
    "Id": "160146",
    "ThreadId": "47252",
    "Html": "The <a href=\"http://www.robotplanet.dk/f/other/jacobidelaycrash.gif\">error message</a> tells about a log. Perhaps you can post that log?\r\n",
    "PostedDate": "2009-02-20T06:52:33.27-08:00",
    "UserRole": null,
    "MarkedAsAnswerDate": null
  },
  {
    "Id": "160936",
    "ThreadId": "47252",
    "Html": "I think this is the kind of standard error message you get when programs crash on Windows 2000. Whether an actual log file is created I don't know. I wouldn't know where to look for it. There was no information in the system log.<br>\r\n",
    "PostedDate": "2009-02-23T06:00:35.553-08:00",
    "UserRole": null,
    "MarkedAsAnswerDate": null
  },
  {
    "Id": "510349",
    "ThreadId": "47252",
    "Html": "This discussion has been copied to a work item. Click <a href=\"http://vstnet.codeplex.com/workitem/7403\">here</a> to go to the work item and continue the discussion.",
    "PostedDate": "2010-10-21T01:45:34.137-07:00",
    "UserRole": null,
    "MarkedAsAnswerDate": null
  }
]