[
  {
    "Id": "418017",
    "ThreadId": "204934",
    "Html": "<p>Do you know an easy way to load WAV files in .NET/C#?</p>\r\n<p>Or maybe even a general Audio decoder that can load different formats? (wav, ogg, mp3, ...)</p>",
    "PostedDate": "2010-03-14T16:28:59.647-07:00",
    "UserRole": null,
    "MarkedAsAnswerDate": null
  },
  {
    "Id": "418087",
    "ThreadId": "204934",
    "Html": "<p>Checkout NAudio here on codeplex.</p>",
    "PostedDate": "2010-03-15T00:17:43.14-07:00",
    "UserRole": null,
    "MarkedAsAnswerDate": null
  },
  {
    "Id": "418229",
    "ThreadId": "204934",
    "Html": "<p>thx!</p>\r\n<p>I also found (and already used in my project) this one:<br>http://www.vbaccelerator.com/home/net/Code/Media/Audio/WaveStream/article.asp</p>\r\n<p>It is very basic, it just extracts the info from the WAV files and lets you read the content.</p>\r\n<p>I'll have a look at naudio later.</p>",
    "PostedDate": "2010-03-15T07:08:02.903-07:00",
    "UserRole": null,
    "MarkedAsAnswerDate": null
  }
]