[
  {
    "Id": "895379",
    "ThreadId": "390226",
    "Html": "\r\n<p>Hello,</p>\r\n<p>i wonder, because i used &quot;JACOBIE VST SAMPLES HOST&quot; and the VST-ID looks different. I watched for the real unique id and the real unique id was like &quot;208i&quot;. But &quot;jacobi vst host example&quot; gave me the VST-ID-number&quot;842020969&quot;. Why? What about the unique 4-int\r\n number?</p>\r\n<p>I used &quot;JACOBIE VST SAMPLES HOST&quot; within C# (VS2008Pro/Ultimate, DEMO)</p>\r\n<p>Within &quot;PlugInForm.cs&quot; there is a call like this: PluginContext.PluginInfo.PluginID.ToString());</p>\r\n<p>But why i can&acute;t get the real ID? How can i &quot;read&quot; the true VST-ID or convert? What&acute;s my false thought?</p>\r\n<p>Thank you very much for assistance</p>\r\n",
    "PostedDate": "2012-08-03T13:43:39.887-07:00",
    "UserRole": null,
    "MarkedAsAnswerDate": null
  },
  {
    "Id": "895677",
    "ThreadId": "390226",
    "Html": "<p>Every plugin is identified by a unique ID. You're suppose to request a unique ID at Steinberg, but for the samples I just created a fictional one.</p>\r\n<p>The Plugin Id is a 4-character code. These four characters are packaged into an int and returned as an ID.</p>\r\n<p>Unfortunately you can not use the FourCharacterCode class to decipher the int back to 4 chars....</p>\r\n<p>Hope it helps,<br />Marc&nbsp;</p>",
    "PostedDate": "2012-08-05T01:32:18.55-07:00",
    "UserRole": null,
    "MarkedAsAnswerDate": null
  },
  {
    "Id": "895692",
    "ThreadId": "390226",
    "Html": "\r\n<p>@obiwanjacobi</p>\r\n<p>Thank you very much for your reply and assistance. Well, i can&acute;t speak and read english very well, but i&acute;ll try my best.</p>\r\n<p>&nbsp;</p>\r\n<p>Is this right?</p>\r\n<p>With &quot;VST-NET SDK&quot; it isn&acute;t possible to create/write an &quot;DAW/HOST&quot; Software which can &quot;read&quot; the unique-ID?</p>\r\n<p>I want to create an simple programm that load an plugin and show me some information. But the unique ID is very important for me.</p>\r\n<p>&nbsp;</p>\r\n<p>So, is this possible or not? Or is it not possible, if i use this =&gt; PluginContext.PluginInfo.PluginID.ToString());</p>\r\n<p>I know C&#43;&#43; VST-SDK, Delphi VST-SDK and JAVA VST-SDK. And i thought i can read the unique Id with VB.NET-VST-SDK also. ( &quot;i know&quot; means, i have only heard about that!)</p>\r\n<p>How do this cubase, fl-studio, reaper, sadie, proTools, logic, ableton?</p>\r\n<p>How can i &quot;decipher&quot;? I thought, i call the &quot;MAIN&quot;-Function, load a plugin and get the real ID?</p>\r\n<p>Is this with VB.NET-VST-SDK possible or i confuse the issue and basic-knowledge about that?</p>\r\n<p>&nbsp;</p>\r\n<p>Maybe you can help me again. Thank you very much!</p>\r\n<p>&nbsp;</p>\r\n<p>Thomas</p>\r\n<p>&nbsp;</p>\r\n<p>&nbsp;</p>\r\n<p>By the way: You are very smart and thanks a lot for this work. I&acute;m just a beginner, but i want to learn more and more.</p>\r\n",
    "PostedDate": "2012-08-05T04:10:19.837-07:00",
    "UserRole": null,
    "MarkedAsAnswerDate": null
  },
  {
    "Id": "895736",
    "ThreadId": "390226",
    "Html": "<p>Yes you have found the correct property. That property gives you an int. If you call ToString() you will get the int value as a string NOT the four charcaters!</p>\r\n<p>An int is 4 bytes and each byte represents one of the four characters.</p>\r\n<p>If you look at the FourCharacterCode class source code you can see how the four characters are packed into the int. You have to reverse that in order to retrieve the four characters from that int.</p>\r\n<p>Have you looked at the Host sample application? Its not a real host but it demonstrates some of the calls you will need to make in order to load plugins...</p>\r\n<p>I hope I answered your question.<br />Marc&nbsp;</p>",
    "PostedDate": "2012-08-05T08:48:29.51-07:00",
    "UserRole": null,
    "MarkedAsAnswerDate": null
  },
  {
    "Id": "895802",
    "ThreadId": "390226",
    "Html": "\r\n<p>@obiwanjacobi</p>\r\n<p>Thank you very much for your help &amp; assistance again. Okay, i&acute;ll try it again. Thank you, Thomas</p>\r\n<p>&nbsp;</p>\r\n<p>Edit:</p>\r\n<p>Okay, i found it. Thanks!</p>\r\n",
    "PostedDate": "2012-08-05T14:34:22.277-07:00",
    "UserRole": null,
    "MarkedAsAnswerDate": null
  },
  {
    "Id": "946240",
    "ThreadId": "390226",
    "Html": "\r\n<blockquote style=\"border:solid .1em #ccc; font-style:italic; margin:.25em 1em 0 1em; padding:0 .25em 0 .25em\">\r\n<strong>obiwanjacobi wrote:</strong><br>\r\n<p>...If you call ToString() you will get the int value as a string NOT the four charcaters!</p>\r\n<p>An int is 4 bytes and each byte represents one of the four characters.</p>\r\n<p>If you look at the FourCharacterCode class source code you can see how the four characters are packed into the int. You have to reverse that in order to retrieve the four characters from that int.</p>\r\n</blockquote>\r\n<p>Please, can someone post a function to reverse the FourCharacterCode in the four charcaters ?</p>\r\n<p>thanks, vespadj</p>\r\n",
    "PostedDate": "2012-11-23T12:49:25.807-08:00",
    "UserRole": null,
    "MarkedAsAnswerDate": null
  },
  {
    "Id": "946256",
    "ThreadId": "390226",
    "Html": "\r\n<p>You mean from an int to a string with four chars?</p>\r\n<p>There is currently no support for that.</p>\r\n<p>Mask of each byte in the int and reconstruct the string that way.</p>\r\n<p>Or you can hang on to the FourCharacterCode instance and use its ToString method...</p>\r\n<p>Hope it helps.<br>\r\nMarc&nbsp;</p>\r\n",
    "PostedDate": "2012-11-23T13:48:10.017-08:00",
    "UserRole": null,
    "MarkedAsAnswerDate": null
  },
  {
    "Id": "946460",
    "ThreadId": "390226",
    "Html": "\r\n<p>Done:</p>\r\n<div style=\"color:black; background-color:white\">\r\n<pre><span style=\"color:blue\">private</span> <span style=\"color:blue\">string</span> HexAsciiConvert(Int32 uid)\n{\n    <span style=\"color:green\">// Convert a decimal integer as a hex in a string variable</span>\n    <span style=\"color:blue\">string</span> hex = uid.ToString(<span style=\"color:#a31515\">&quot;X&quot;</span>);\n    <span style=\"color:green\">// Convert the hex string back to the number</span>\n    <span style=\"color:green\">// int decAgain = int.Parse(hex, System.Globalization.NumberStyles.HexNumber);</span>\n    StringBuilder sb = <span style=\"color:blue\">new</span> StringBuilder();\n    <span style=\"color:blue\">for</span> (<span style=\"color:blue\">int</span> i = 0; i &lt;= hex.Length - 2; i &#43;= 2)\n    {\n        sb.Append(Convert.ToString(Convert.ToChar(Int32.Parse(hex.Substring(i, 2),\n        System.Globalization.NumberStyles.HexNumber))));\n    }\n    <span style=\"color:blue\">return</span> sb.ToString();\n}</pre>\r\n</div>\r\n",
    "PostedDate": "2012-11-24T10:19:26.403-08:00",
    "UserRole": null,
    "MarkedAsAnswerDate": null
  }
]