[
  {
    "Id": "127157",
    "ThreadId": "38333",
    "Html": "Hi,<br>\r\n<br>\r\nFirst of all, congratulations to your work, very high quality code indeed.<br>\r\n<br>\r\nMy problem is the following: I am working on a tempo-based effect plugin and it would be very useful if I could get the exact tempo along with the amount of the groove (or shuffle, the terminology is not uniform), so that I could slice the flow of samples into, let's say, 16th's. Obviously, if the groove amount is high, there is a notable difference between the length of neighboring 16th's, so if the currently processed block of samples contains the end of the previous 16th and the beginning of the next 16th, finding their boundary requires the knowledge of the groove amount.<br>\r\n<br>\r\nCurrently I use the IVstHostSequencer.GetTime to get the current song position, the tempo, the time signature etc. but could not find any clue of the groove amount. If getting the groove amount is not possible by using the VstTimeInfo struct, could you suggest any workaround? I hope that this problem can be solved because most hosts support some kind of groove amount.<br>\r\n<br>\r\nBy the way, I have discovered a bug, which is easy to fix, fortunatelly. It is in the ToTimeInfo function in TypeConverter.h, the problem is with the following two lines:<br>\r\n&nbsp;&nbsp;&nbsp; &nbsp;&nbsp;&nbsp; timeInfo-&gt;CycleStartPosition = pTimeInfo-&gt;cycleEndPos;<br>\r\n&nbsp;&nbsp;&nbsp; &nbsp;&nbsp;&nbsp; timeInfo-&gt;CysleEndPosition = pTimeInfo-&gt;cycleStartPos;<br>\r\nFinding the bug is up to you, I won't help you any further.. :D<br>\r\n(Just being fusspot: the name of CysleEndPosition is mistyped.)<br>\r\n<br>\r\nI hope that my question was clear enough and you can suggest a solution. Thanks in advance and keep up the good work!<br>\r\n<br>\r\nPhaphus<br>\r\n",
    "PostedDate": "2008-10-23T04:57:46.247-07:00",
    "UserRole": null,
    "MarkedAsAnswerDate": null
  },
  {
    "Id": "127829",
    "ThreadId": "38333",
    "Html": "Hi Phaphus,<br>\r\n<br>\r\nI'm not aware of any groove information being exposed by the VST interface standard.<br>\r\nI propose you ask you're question on the kvr audio DSP/plugin forum.<br>\r\n<a href=\"http://www.kvraudio.com/forum/viewforum.php?f=33\">http://www.kvraudio.com/forum/viewforum.php?f=33</a><br>\r\n<br>\r\nThanks for the bug report. I'll fix it right away.\r\n",
    "PostedDate": "2008-10-26T06:18:53.517-07:00",
    "UserRole": null,
    "MarkedAsAnswerDate": null
  }
]