[
  {
    "Id": "1041510",
    "ThreadId": "443155",
    "Html": "Hello,<br />\n<br />\nThis is my first try to build a midi plug-in with the help of VST.NET.<br />\n<br />\nI made a project using the VST.NET Midi Template and referenced the CLR4 x86 DLLs.<br />\n<br />\nThe project is compileable and can be loaded into Cubase, but can't figure out, what the shown exceptions mean.<br />\n<br />\nThe project includes the referenced <em>.dlls in a folder called DLL. When you download the project, you can open it with Visual Studio 2010 and should be compileable rightaway, because the </em>.dlls are part of the project.<br />\n<br />\n<strong>My question is:</strong> Would it be possible, that someone downloads the project, compile it and give it a try under Cubase, to figure out, what I have done wrong?<br />\n<br />\nAs the exception is really weird and complex, I made a screenshot, that you can see here:<br />\n<br />\n<img src=\"http://abload.de/img/vstnet_ex_1mvxzg.png\" alt=\"Image\" /><br />\n<br />\nI think, it is some kind of UI error, because the GUI is only showing white space. I tried debugging under Cubase, which works, but I could not figure out, what the problem is.<br />\n<br />\nAlso, I am not sure, if I used the right *.dlls. My target platform would be Windows x86 and Cubase 5.1.<br />\n<br />\n<strong>Thank you.</strong><br />\n",
    "PostedDate": "2013-05-09T11:42:54.173-07:00",
    "UserRole": null,
    "MarkedAsAnswerDate": null
  },
  {
    "Id": "1041707",
    "ThreadId": "443155",
    "Html": "Hi,\r<br />\n<br />\nI'm sorry I don't have time to run and debug your program. But from what I see in the exception stack trace you have a PluginEditorView.BindParameter method that adds some sort of binding to some control. That is the point where it goes wrong. Try to debug you code with a break point in that method and see if 'something' is 'wrong' (like a null reference?). You can also try to comment out all BindParameter calls from your PluginEditorView.InitializeParameters method and see which parameter introduces the problem as you try them one by one.\r<br />\n<br />\nHope it helps,\r<br />\nMarc<br />\n",
    "PostedDate": "2013-05-09T22:34:26.783-07:00",
    "UserRole": null,
    "MarkedAsAnswerDate": null
  },
  {
    "Id": "1042505",
    "ThreadId": "443155",
    "Html": "Hello Marc,\r<br />\n<br />\nthank you for answer. \r<br />\n<br />\nAfter reviewing, what is going on in the VST.NET Midi Template, I now have a bigger picture, how and and where MIDI data is processed. My first aim would be, to show a list of the incoming midi data in the UI. As I can see where the MIDI data is processed, I will start there.\r<br />\n<br />\nWhat is really hard to get, is how to customize/change the UI. I have added a ListBox Control to the PlugInEditorView Control. The size of the control changed, the listbox is visible and everthing seems ok.\r<br />\n<br />\nIn the DAW, the control has still the original size and I just can not figure out, where to set width and height of the control. I can see the PluginEditor class, with the IVstPluginEditor Interface and you also described: &quot;This object manages the custom editor (UI) for your plugin.&quot; \r<br />\n<br />\nI am developer with 7 years experience and I was looking in the code, tested this and that, but I just don't get. I don't need a deep explanation, but it would be very helpful, if you give me hint, where to change the width and height of the UI. Just adding controls to UI doesn't seem to be the way, that I have to go. I also see, that you wrapped the PlugInEditor in  the class WinFormsControlWrapper. I tried to return different values for the Rectangle, but nothing helped.\r<br />\n<br />\nThanks you.\r<br />\n<br />\nMichael, Hamburg.<br />\n",
    "PostedDate": "2013-05-12T12:15:26.233-07:00",
    "UserRole": null,
    "MarkedAsAnswerDate": null
  },
  {
    "Id": "1042619",
    "ThreadId": "443155",
    "Html": "I assume you are not building a resizable editor form. In that case it should be as simple as designing the WinForms UserControl that represents your Plugin Editor in Visual Studio. The size you make it in the designer, is the size it will be at runtime. Couldn't be simpler. <br />\n<br />\nThere are two objects at play. 1) The object that implement the IVstPluginEditor interface - remember to override the CreatePluginEditor method on the Plugin root object to return it there- and 2) the WinForms UserControl that represents your plugin UI. The WinFormsControlWrapper is just an adapter class that takes the WinForms UserControl (the root that represent your Editor) and attatches it to the parent window (frame) the Host provides. A basic PluginEditor implementation would look something like: <a href=\"https://vstnet.codeplex.com/SourceControl/latest#255902\" rel=\"nofollow\">https://vstnet.codeplex.com/SourceControl/latest#255902</a><br />\nRemember that the object that implement the IVstPluginEditor interface is NOT the UI itself. Its just an object that manages the interaction between the Host and your plugin UI. <br />\n<br />\nSo:<br />\n1) Create a WinForms UserControl that represents your plugin UI. Use normal Visual Studio practices - nothing special here.<br />\n<a href=\"https://vstnet.codeplex.com/SourceControl/latest#255897\" rel=\"nofollow\">https://vstnet.codeplex.com/SourceControl/latest#255897</a><br />\n<pre><code>partial class MidiNoteMapperUI : UserControl\n{\n  // use visual WinForms designer in Visual Studio.\n}\n</code></pre>\n\n2) Create an object that implement IVstPluginEditor that manages the interaction between the WinForm UserControl and the Host.<br />\n<a href=\"https://vstnet.codeplex.com/SourceControl/latest#255902\" rel=\"nofollow\">https://vstnet.codeplex.com/SourceControl/latest#255902</a><br />\n<pre><code>class PluginEditor : IVstPluginEditor\n{\n    private WinFormsControlWrapper&lt;MidiNoteMapperUI&gt; _uiWrapper = new WinFormsControlWrapper&lt;MidiNoteMapperUI&gt;();\n\n    // rest of the impl of the IVstPluginEditor methods.\n}</code></pre>\n\n3) Override the Create function on the plugin root object (the object that implements IVstPlugin).<br />\n<a href=\"https://vstnet.codeplex.com/SourceControl/latest#255900\" rel=\"nofollow\">https://vstnet.codeplex.com/SourceControl/latest#255900</a><br />\n<pre><code>class Plugin : VstPluginWithInterfaceManagerBase, IVstPluginMidiSource\n    {\n        /// &lt;summary&gt;\n        /// Creates a default instance and reuses that for all threads.\n        /// &lt;/summary&gt;\n        /// &lt;param name=&quot;instance&quot;&gt;A reference to the default instance or null.&lt;/param&gt;\n        /// &lt;returns&gt;Returns the default instance.&lt;/returns&gt;\n        protected override IVstPluginEditor CreateEditor(IVstPluginEditor instance)\n        {\n            if (instance == null) return new PluginEditor(this);\n\n            return instance;\n        }\n\n        // rest omitted...\n    }\n</code></pre>\n\nTake a look at the midi mapper plugin. It uses midi and a custom WinForms UI. Make a copy of that sample project and start playing with that. You should be able to get that going. <a href=\"https://vstnet.codeplex.com/SourceControl/latest#255897\" rel=\"nofollow\">https://vstnet.codeplex.com/SourceControl/latest#255897</a><br />\n<br />\nAlso make sure that when you are testing you are always testing the the assemblies you've just build. I usually add my project output directory (bin/debug) to the plugin path of the host I'm testing with - and press rescan (or similar) in the host - so it picks up the changed assemblies.<br />\n<br />\nHope it helps.<br />\n",
    "PostedDate": "2013-05-12T23:45:15.427-07:00",
    "UserRole": null,
    "MarkedAsAnswerDate": null
  },
  {
    "Id": "1042639",
    "ThreadId": "443155",
    "Html": "Hello Marc,<br />\n<br />\nthank you for your advise. I really appreciate your help.<br />\n<br />\nI will look through it and test it out. As this is a &quot;weekend fun&quot; project for me, I will give you some feedback, when I find the time this week.<br />\n<br />\nEDIT: What I found out, that Cubase is very sensitive in case of execptions. For that reason I downloaded Reaper, which is also a great VST host, fully functional and it just doesn't crash on exceptions. <br />\n<br />\nHappy Coding.<br />\n<br />\nMichael.<br />\n",
    "PostedDate": "2013-05-13T00:27:53.147-07:00",
    "UserRole": null,
    "MarkedAsAnswerDate": null
  },
  {
    "Id": "1045634",
    "ThreadId": "443155",
    "Html": "Hello Marc,\r<br />\n<br />\nI deleted my old project and have started a complete new approach. I works now. I can see, change and debug the UI under Cubase or Reaper.\r<br />\n<br />\nSo, at this point everything is going well and I can start with my &quot;midi dream machine&quot;. I am absolutely sure, that I won't have started programming a VST Plugin without your work. The steinberg VST SDK is such a pain in the ass. I have no idea why they don't go your way and provide some simple DLLs with a template that just works.\r<br />\n<br />\nThanks again.<br />\n",
    "PostedDate": "2013-05-19T05:55:44.217-07:00",
    "UserRole": null,
    "MarkedAsAnswerDate": null
  },
  {
    "Id": "1045716",
    "ThreadId": "443155",
    "Html": "Thanx! Good to hear that you've got it all working.<br />\n",
    "PostedDate": "2013-05-19T11:11:41.4-07:00",
    "UserRole": null,
    "MarkedAsAnswerDate": null
  }
]