[
  {
    "Id": "1437344",
    "ThreadId": "642365",
    "Html": "I'm having with DLL dependencies. I'm a bit stuck.\r<br />\n<br />\nMy VST has many dependencies. I need to break my DLLs up for various reasons. For one thing, this VST will be compiling DLLs on the fly.\r<br />\n<br />\nFor some reason though, the framework doesn't seem to pick up DLL dependencies when I simply put them in the same folder as the VST dll. I used the fusion logger, and I found that it was looking for DLLs in my host's bin folder (Ableton). So, I stuck my DLLs in there and it worked fine.\r<br />\n<br />\nI just need to know what the usual procedure is for deploying DLL dependencies so that the framework picks them up and loads them in to the App Domain...<br />\n",
    "PostedDate": "2015-08-05T04:14:01.073-07:00",
    "UserRole": null,
    "MarkedAsAnswerDate": null
  },
  {
    "Id": "1437359",
    "ThreadId": "642365",
    "Html": "VST.NET has an AssemblyLoader that is used to load static dependencies from the installation folder (where the MyPlugin.dll and MyPlugin.net.vstdll are located).\r<br />\n<a href=\"https://vstnet.codeplex.com/SourceControl/latest#Source/Code/Jacobi.Vst.Core/Plugin/AssemblyLoader.cs\" rel=\"nofollow\">https://vstnet.codeplex.com/SourceControl/latest#Source/Code/Jacobi.Vst.Core/Plugin/AssemblyLoader.cs</a>\r<br />\n<br />\nDynamic dependencies - the generated assemblies, should be handled manually by you. So if you have code the (end) user can manipulate and need to compile an assembly from that, you need to manage that separately.\r<br />\n<br />\nI think I remember seeing an open source c#-script compiler app somewhere that used Roslyn to do its magic. That may be an helpful starting point for seeing how to do assembly reloads and compile C# on the fly...\r<br />\nI think this was it: <a href=\"https://github.com/scriptcs/scriptcs\" rel=\"nofollow\">https://github.com/scriptcs/scriptcs</a><br />\n",
    "PostedDate": "2015-08-05T05:31:09.36-07:00",
    "UserRole": null,
    "MarkedAsAnswerDate": null
  },
  {
    "Id": "1437407",
    "ThreadId": "642365",
    "Html": "I plan on deploying Vst.Net assemblies in the GAC because of the licensing issues.\r<br />\nIt provides a reliable search path for your dependencies system-wide.\r<br />\n<br />\nDynamic loading accepts full path to the library, I don't see a problem here, you could just reload the path from a configuration settings set by your installer.\r<br />\n<br />\nI can vouch for CS-Script and AvalonEdit, using these for scripting in my host and no issues so far.<br />\n",
    "PostedDate": "2015-08-05T11:12:32.637-07:00",
    "UserRole": null,
    "MarkedAsAnswerDate": null
  },
  {
    "Id": "1437444",
    "ThreadId": "642365",
    "Html": "<em>&quot;AssemblyLoader that is used to load static dependencies from the installation folder (where the MyPlugin.dll and MyPlugin.net.vstdll are located). &quot;</em>\r<br />\n<br />\nThat's what I was looking for! I will get on to this soon.\r<br />\n<br />\n<em>Dynamic dependencies - the generated assemblies, should be handled manually by you. So if you have code the (end) user can manipulate and need to compile an assembly from that, you need to manage that separately.</em> \r<br />\n<br />\nYes. Understood. In the past, the way I have done this is to compile using .Net's built in compiler, and when I reload the DLL, I don't use the normal assembly loading routines. I read the file in to a byte buffer and then load that byte buffer in to the app domain. This way, the DLL doesn't get locked up next time you try to compile it.<br />\n<pre><code>I plan on deploying Vst.Net assemblies in the GAC because of the licensing issues. </code></pre>\n\nI see. What re the licensing issues?<br />\n",
    "PostedDate": "2015-08-05T15:26:07.143-07:00",
    "UserRole": null,
    "MarkedAsAnswerDate": null
  },
  {
    "Id": "1437461",
    "ThreadId": "642365",
    "Html": "Vst.Net is distributed under the LGPL license (lesser GNU).\r<br />\n<br />\nMy understanding is that the GNU license absorb your software license in most cases. If you use a GNU licenced component then your software is automatically attributed the GNU licence unless you communicate with the component via interprocess mecanism such as pipes or standard streams. Avoid like hell... last resort.\r<br />\n<br />\nThe lesser GNU license has lowered the bar. You are allowed to statically link to a LGPL component that is logically and physically separate from your program in the file system. IE if the same unmodified component on the storage medium can be successfully linked to by any process wishing to use that library then usage of LGPL is compliant and your software isn't required to be redistributed under LGPL. The GAC acts as a repository of memory shared libraries for any programs wishing to use a specific library so it falls under the proper guidelīnes of the LGPL and it helps alleviate assembly location resolving issues like your problem with ableton.\r<br />\n<br />\nIf I distribute the official signed build of Vst.Net and register it into the GAC any program can statically linked to the trusted build of Vst.Net. The installer/process can also install/use a specific version of the libray and/or overwrite my copy of Vst.Net without conflicts (dll hell). If I were to redistribute unsigned build of Vst.Net or worse like self signed assemblies (marc owns the official keys) then that would be a strict violation of the LGPL licence. I don't think registering the library in the GAC is a requirement but it is surely more inline with the spirit of the LGPL. \r<br />\n<br />\nWith liberally licensed libraries I just copy paste their files into my assembly and modify to my taste instead of linking to them. Of course you always have to give proper credits and include a copy or a link to sources and license documents in most cases. <br />\n",
    "PostedDate": "2015-08-05T18:14:40.14-07:00",
    "UserRole": null,
    "MarkedAsAnswerDate": null
  },
  {
    "Id": "1437474",
    "ThreadId": "642365",
    "Html": "The spirit of why I chose the LGPL license is the principle that if you use the official build you're free to do so (even commercially) - if you change the source code you have to open source those changes. That seemed fair to me.<br />\n<br />\nI never interpreted the LGPL license as something to do with how you deploy it...<br />\n<br />\nAnyway - for a plugin I would prefer to have all files in one location (as an end user). Makes life so much easier. For a host I would prefer the same but sometimes that is not possible. <br />\n<br />\nThe early versions of VST.NET assumed GAC deployment, but I quickly realized that that was not ideal.<br />\n",
    "PostedDate": "2015-08-05T22:21:19.987-07:00",
    "UserRole": null,
    "MarkedAsAnswerDate": null
  },
  {
    "Id": "1440734",
    "ThreadId": "642365",
    "Html": "This works a treat!<br />\n<pre><code>            AssemblyLoader.Current.GlobalProbePaths.Add(GlobalVariables.PluginPath);\n            AssemblyLoader.Current.LoadAssembly(&quot;MySynth.AudioProcessing&quot;, new List&lt;string&gt; { &quot;dll&quot; });\n            AssemblyLoader.Current.LoadAssembly(&quot;MySynth.AudioProcessing&quot;, new List&lt;string&gt; { &quot;dll&quot; });\n            AssemblyLoader.Current.LoadAssembly(&quot;MySynth.CodeEditing&quot;, new List&lt;string&gt; { &quot;dll&quot; });\n            AssemblyLoader.Current.LoadAssembly(&quot;MySynth.Hosting&quot;, new List&lt;string&gt; { &quot;dll&quot; });\n            AssemblyLoader.Current.LoadAssembly(&quot;MySynth.PluginManagement&quot;, new List&lt;string&gt; { &quot;dll&quot; });\n            AssemblyLoader.Current.LoadAssembly(&quot;MySynth.Utilities&quot;, new List&lt;string&gt; { &quot;dll&quot; });</code></pre>\n\nIt's a little different to normal deployment in that usually, I wouldn't want to load each of my app's dependencies manually, but it's not too onerous.<br />\n",
    "PostedDate": "2015-08-15T23:58:53.17-07:00",
    "UserRole": null,
    "MarkedAsAnswerDate": null
  },
  {
    "Id": "1441375",
    "ThreadId": "642365",
    "Html": "The AssemblyLoader is subscribed to the AppDomain.AssemblyResolve event. This 'connection' is part of the bootstrapping of a VST.NET plugin. .NET should raise the event when it is unable to locate a specific assembly (dependency) and the AssemblyLoader will then try to load the Assembly from one of the locations in its probe path collections.\r<br />\n<br />\nSo I am surprised you have to manually load the Assemblies. Would you mind debugging into VST.NET and see if the AssemblyResolve event is raised?\r<br />\nAlso the PluginPath should already be in the AssemblyLoader's probe paths...<br />\n",
    "PostedDate": "2015-08-21T23:03:52.073-07:00",
    "UserRole": null,
    "MarkedAsAnswerDate": null
  },
  {
    "Id": "1441421",
    "ThreadId": "642365",
    "Html": "I'll give it a go soon, but I did run the Fusion logging tool that you recommended a while back. What I found was that VST.Net wasn't probing the path of the of VST dll, it was actually only probing the Ableton bin directory. So, for a long time I just lumped them in there until the above code alleviated that necessity.<br />\n",
    "PostedDate": "2015-08-22T17:30:34.657-07:00",
    "UserRole": null,
    "MarkedAsAnswerDate": null
  },
  {
    "Id": "1444178",
    "ThreadId": "642365",
    "Html": "Oops. It turns out that I hadn't removed all the copy commands from the post build event and the reason why it was working was that it was actually still copying the DLLs in to the Ableton folder.\r<br />\n<br />\nObiwan, I will try this, however, quick question - am I supposed to supply a probing path somewhere? Do I need to specify this in the config or something?<br />\n",
    "PostedDate": "2015-09-12T20:25:10.26-07:00",
    "UserRole": null,
    "MarkedAsAnswerDate": null
  },
  {
    "Id": "1444179",
    "ThreadId": "642365",
    "Html": "Depends. If you have all your files in the same folder - the folder the plugin dll is loaded from, then no.\r<br />\nIf you wish to add extra probe paths - use the GlobalProbePaths collection on the AssemblyLoader. Make sure you don't add duplicates and it might be a good idea to remove them when you're done - because they are global - meaning, they're also used for loading other managed plugins.\r<br />\n<br />\nThere is a host configuration file app-setting 'vstnetProbePaths' but using host configuration files is not recommended and should be avoided. A host configuration file is where you add (to) a host.exe.config which is loaded when the first managed plugin is loaded (or when the host itself is managed). It's is hard to manage - not your first option.\r<br />\n<br />\nNote that there is a FileFinder class in Core: <a href=\"http://vstnet.codeplex.com/SourceControl/latest#Source/Code/Jacobi.Vst.Core/Plugin/FileFinder.cs\" rel=\"nofollow\">http://vstnet.codeplex.com/SourceControl/latest#Source/Code/Jacobi.Vst.Core/Plugin/FileFinder.cs</a>\r<br />\nOn the AssemblyLoaded there is a CreateFileFinder() method that creates one for you with the probe-paths already set. The FileFinder locates a specific file (name) in the probepaths - you can even look for different extensions. This was something I needed for loading managed plugin assemblies but the class is public and may be helpful.\r<br />\n<br />\nHope it helps,\r<br />\nMarc<br />\n",
    "PostedDate": "2015-09-12T22:08:54.687-07:00",
    "UserRole": null,
    "MarkedAsAnswerDate": null
  }
]