[
  {
    "Id": "768250",
    "ThreadId": "316932",
    "Html": "\r\n<p>I've built the delay-sample (x86), and copied all necessary files into a subfolder of my VST root.</p>\r\n<p>But nomatter what I do, I can't get the Delay to show up in Ableton.<br>\r\nLoading it into vsthost works fine though.<br>\r\nAny ideas ?</p>\r\n",
    "PostedDate": "2012-02-15T13:03:15.437-08:00",
    "UserRole": null,
    "MarkedAsAnswerDate": null
  },
  {
    "Id": "775983",
    "ThreadId": "316932",
    "Html": "<p>Have you tried other plugins and get them working in Ableton?</p>",
    "PostedDate": "2012-02-17T10:42:43.137-08:00",
    "UserRole": null,
    "MarkedAsAnswerDate": null
  },
  {
    "Id": "806026",
    "ThreadId": "316932",
    "Html": "<p>For people who might run into the same problem :</p>\n<p>It seems Ableton caches the location of problematic VST's or something alike. (And I'd been messing with the code :))<br /> Just renaming the folder did the trick - renamed it to something else, restart Ableton, and there it is again.</p>\n<p>Later renamed it back to the old name, and once again it shows up without any problems.</p>",
    "PostedDate": "2012-03-06T00:46:37.33-08:00",
    "UserRole": null,
    "MarkedAsAnswerDate": null
  }
]