[
  {
    "Id": "218885",
    "ThreadId": "64327",
    "Html": "<p>Hi all,</p>\r\n<p>I'm working with Reaper, and I'm seeing a situation that I think VST.NET might help solve.</p>\r\n<p>Basically, Reaper allows you to build FX chains by inserting various VST instruments/plugins on a single track. Normally, each VST will forward the MIDI messages to its output, and this is what allows the chainning.</p>\r\n<p>Unfortunately, some VST instruments don't forward the MIDI messages, and &quot;eat&quot; them up, making it impossible to use them in a chain.</p>\r\n<p>What I'm thinking of doing is to &quot;wrap&quot; those VSTs within some kind of hybrid host/plugin. In other words, to Reaper it would appear as a VST, but to the offending VST, it would appear as a host. From there the wrapper would pass all MIDI messages to the VST and would forward them to its own MIDI output.</p>\r\n<p>It's a bit like what this product does:</p>\r\n<p>http://www.midevice.com/Products.aspx?ProductID=0</p>\r\n<p>though in their case, they are mostly concerned with control messages than with note/velocity messages.</p>\r\n<p>Would VST.NET allow me to build such a thing, or should I go &quot;native&quot; VST SDK ?</p>\r\n<p>If possible with VST.NET, what do I need to implement/override to get at least the basic functionality of being a host/plugin hybrid ?</p>\r\n<p>Thank you</p>\r\n<p>&nbsp;</p>",
    "PostedDate": "2009-08-03T11:08:22.373-07:00",
    "UserRole": null,
    "MarkedAsAnswerDate": null
  },
  {
    "Id": "219084",
    "ThreadId": "64327",
    "Html": "<p>Yes you could, but I would not recommend it.</p>\r\n<p>But I would recommend using VST.NET to prototype your solution quickly and do the final version in C++. The problem with VST.NET and going from the unmanaged to the managed world and visa versa is that it incurs a bit of overhead. When you build a plugin that hosts another plugin you have <span style=\"text-decoration:underline\">two</span> interop layers in the chain and that can cause a problem. On the other hand, you can just try it and leave it, if the latency is acceptable.</p>\r\n<p>I would go for a core-level plugin, that is a managed plugin that does not use the VST.NET framework but implements the IVstPluginCommandStub interface (Core) directly. To load the plugin that is to be wrapped use the VstPluginContext (Interop.Plugin). This class will give you access to all the (unmanaged) plugin methods. Now all you have to do is forward calls from the IVstPluginCommandStub to the VstPluginContext and visa versa. I wrote 2 such adapters for use in VstPluginContext (Core.Host) perhaps you find those instructional.</p>\r\n<p>When programming the C++ solution do not use the classes from the VST SDK. Instead, implement the callback methods yourself and handle those by call on to the Plugin and doing your Midi thing (pass thru). I know there is an open source VST Plugin (just can't remember its name or who wrote it) that performs this technique (but now for oversampling). You could also take a look at the Interop code to see how VST.NET intercepts the calls and forwards them to a (managed) plugin interface.</p>\r\n<p>Hope it helps.</p>",
    "PostedDate": "2009-08-03T22:15:28.657-07:00",
    "UserRole": null,
    "MarkedAsAnswerDate": null
  }
]