[
  {
    "Id": "542302",
    "ThreadId": "240044",
    "Html": "\r\n<p><img src=\"http://mkinfo.i8p.eu/pub/wavestorm_promo1.png\" alt=\"\"></p>\r\n<p>Hi. I make this thread to share my new effect plugin. Thank you&nbsp;obiwanjacobi for all your help :) (and library of course). Due to the fact, that this is my first VST plugin, it is very simple and in alpha phase now (GUI &amp; Audio processing are 99%\r\n implemented, just few tweaks left). This effect includes all in Live-Mode features:</p>\r\n<ul>\r\n<li>4-voice delay </li><li>Tape-Stop with adjustable sensitivity </li><li>Shuffle (now need to be fixed somehow - it produces not quite perfect shuffles)\r\n</li><li>Retrigger with speed/pitch adjustment </li><li>Gate with rate &amp; with adjustment and flexible stereo gate effect </li><li>Quantizer - makes sound sounds like 8-bit and less old video games </li><li>Virtual Vinyl Scratcher - you can adjust how much sample is taken, the way of comming back to default position and sensitivity of device\r\n</li></ul>\r\n<p>Video presentation &amp; plugin for download will be posted here soon.</p>\r\n",
    "PostedDate": "2010-12-30T12:19:04.917-08:00",
    "UserRole": null,
    "MarkedAsAnswerDate": null
  },
  {
    "Id": "542558",
    "ThreadId": "240044",
    "Html": "\r\n<p>Plugin demonstration:</p>\r\n<p><a href=\"http://www.youtube.com/watch?v=szhXwMIwrNU\">http://www.youtube.com/watch?v=szhXwMIwrNU</a></p>\r\n<p>If you have any sugestions, opinions, comments about this plugin I'd love to see it here.</p>\r\n<p>PS. I need some time to fix few little bugs, and plugin will be ready to post its download link here.</p>\r\n",
    "PostedDate": "2010-12-31T10:03:21.853-08:00",
    "UserRole": null,
    "MarkedAsAnswerDate": null
  },
  {
    "Id": "543858",
    "ThreadId": "240044",
    "Html": "\r\n<p>Ok. It's done. You can download my plugin there:</p>\r\n<p><a title=\"wavestorm\" href=\"http://www.easy-share.com/1913469103/komorra_wavestorm.zip\" target=\"_blank\">http://www.easy-share.com/1913469103/komorra_wavestorm.zip</a></p>\r\n",
    "PostedDate": "2011-01-04T11:05:40.703-08:00",
    "UserRole": null,
    "MarkedAsAnswerDate": null
  },
  {
    "Id": "544165",
    "ThreadId": "240044",
    "Html": "\r\n<p>Congratulations!</p>\r\n<p>I saw the youtube demo and it looked nice. Not sure if I would be looking for these effects, but I'm sure other people would like them ;-)</p>\r\n<p>I took the liberty of looking at your implementation and have some questions on why you've implemented it the way you did.</p>\r\n<p>Would you like to take this offline (by email) or is it okay to talk about it here? I think the discussion could be&nbsp;beneficial&nbsp;to others as well.</p>\r\n<p>BTW: I didn't really like the download&nbsp;experience&nbsp;by easy-share. I would personally not make my 'customers' have to go through that ;-)</p>\r\n",
    "PostedDate": "2011-01-05T01:14:34.283-08:00",
    "UserRole": null,
    "MarkedAsAnswerDate": null
  },
  {
    "Id": "544259",
    "ThreadId": "240044",
    "Html": "\r\n<p>OK. Here is alternative download link:</p>\r\n<p><a title=\"wavestorm plugin\" href=\"http://mkinfo.i8p.eu/vst/komorra_wavestorm.zip\" target=\"_blank\">http://mkinfo.i8p.eu/vst/komorra_wavestorm.zip</a></p>\r\n<p>And plugin sources:</p>\r\n<p><a title=\"WaveStorm sources\" href=\"http://mkinfo.i8p.eu/vst/WaveStormSRC.zip\" target=\"_blank\">http://mkinfo.i8p.eu/vst/WaveStormSRC.zip</a></p>\r\n<p>We can talk about it here online, but my code is very bad looking (you have been warned! :D)</p>\r\n<p>Next plugins will be more &quot;code-friendly&quot;. I also plan to prepare some Visual C# 2008 Project Templates for VST Instrument and VST Effect.</p>\r\n",
    "PostedDate": "2011-01-05T04:59:10.44-08:00",
    "UserRole": null,
    "MarkedAsAnswerDate": null
  },
  {
    "Id": "544345",
    "ThreadId": "240044",
    "Html": "\r\n<p>Thats a nice idea to create a VS project template with the basics all setup. That would be a great addition to VST.NET ;-)</p>\r\n<p>Thank you for sharing the source code.</p>\r\n<p>My first question would be:</p>\r\n<p>- Why did you overload so many methods on the PluginCommandStub?</p>\r\n<p>If you look at the Delay sample, you can see how Parameters and Programs can be managed by the Framework.</p>\r\n<p>As a side note: I would derive the PluginCommandStub from the <span style=\"widows:2; text-transform:none; text-indent:0px; border-collapse:separate; font:medium 'Times New Roman'; white-space:normal; orphans:2; letter-spacing:normal; color:#000000; word-spacing:0px\">\r\n<span style=\"font-family:'Segoe UI','Microsoft Sans Serif',Arial,Geneva,sans-serif; white-space:nowrap; font-size:13px\">StdPluginDeprecatedCommandStub class. That would allow your plugin to be loaded into hosts that only support &lt; VST 2.4.</span></span></p>\r\n<p><span style=\"widows:2; text-transform:none; text-indent:0px; border-collapse:separate; font:medium 'Times New Roman'; white-space:normal; orphans:2; letter-spacing:normal; color:#000000; word-spacing:0px\"><span style=\"font-family:'Segoe UI','Microsoft Sans Serif',Arial,Geneva,sans-serif; white-space:nowrap; font-size:13px\">My\r\n Second question would be:</span></span></p>\r\n<p><span style=\"widows:2; text-transform:none; text-indent:0px; border-collapse:separate; font:medium 'Times New Roman'; white-space:normal; orphans:2; letter-spacing:normal; color:#000000; word-spacing:0px\"><span style=\"font-family:'Segoe UI','Microsoft Sans Serif',Arial,Geneva,sans-serif; white-space:nowrap; font-size:13px\">-\r\n Why did you not implement an AudioProcessor?</span></span></p>\r\n<p><span style=\"widows:2; text-transform:none; text-indent:0px; border-collapse:separate; font:medium 'Times New Roman'; white-space:normal; orphans:2; letter-spacing:normal; color:#000000; word-spacing:0px\"><span style=\"font-family:'Segoe UI','Microsoft Sans Serif',Arial,Geneva,sans-serif; white-space:nowrap; font-size:13px\">Looking\r\n forward to your answers and ideas.</span></span></p>\r\n",
    "PostedDate": "2011-01-05T07:18:12.787-08:00",
    "UserRole": null,
    "MarkedAsAnswerDate": null
  },
  {
    "Id": "545283",
    "ThreadId": "240044",
    "Html": "\r\n<p>1.&nbsp;Why did you overload so many methods on the PluginCommandStub?</p>\r\n<p>I think, I overload only neccessary parts. Methods resposible for handling parameters stuff are all implemented because they're used in automation.</p>\r\n<p>2.&nbsp;Why did you not implement an AudioProcessor?</p>\r\n<p>I think, it is unneccessary, because i overload one method ProcessReplacing. What are benefits of implementing one more class?</p>\r\n<p>I'am a 'wild' programmer and I write 'wild' code, so I'm often do many things in my own way, but this is sometimes waste of time/code.</p>\r\n<p>Another strange thing is that when I see &quot;Deprecated&quot; somewhere, I think &quot;don't touch this, problems will soon arrive&quot;</p>\r\n<p>I think, next plugin will be more smart and clear-coded. Correct me if I do something wrong with your library :) it will be good lesson for me.</p>\r\n",
    "PostedDate": "2011-01-07T02:09:17.007-08:00",
    "UserRole": null,
    "MarkedAsAnswerDate": null
  },
  {
    "Id": "545305",
    "ThreadId": "240044",
    "Html": "\r\n<p>Your 'deprecated' remark is a good one. I can understand that this puts you off. In this context it is an indication for deprecated VST functionality. With the introduction of VST 2.4, Steinberg deprecated parts of the VST interface. However a pure VST 2.4\r\n plugin can only run in a VST 2.4 Host. Older hosts&nbsp;may not load the Plugin. For instance: I have an old Cubase version (VST 2.3) and it will not load pure VST 2.4 plugins (needs the Identify method). For that reason I introduced explicit support for these\r\n deprecated features in the VST spec. Explicit, so you can/have to make a deliberate decision about it. So in this case you'll always want to use the Deprecated version unless you explicitly want to only support VST 2.4. See also the Samples, they all use the\r\n Deprecated functionality.</p>\r\n<p>The Framework has a mechanism that handles Parameters (and Programs if you like to support that). It would be interesting to see how your code would look when implementing Parameters using the Framework mechanism (see also the Delay sample).</p>\r\n<p>The design of VST.NET was made with Object-Orientation in mind. This brings in the &quot;overhead&quot; of more classes, but in return you can seperate and concerns and responsibilities into separate 'units' (classes). The actual runtime overhead of an extra class\r\n is minimal, it is foremost a feeling of having yet another class in your project that most people experience as overhead.</p>\r\n<p>Thanx for sharing your view.</p>\r\n",
    "PostedDate": "2011-01-07T03:07:25.523-08:00",
    "UserRole": null,
    "MarkedAsAnswerDate": null
  }
]