[
  {
    "Id": "561313",
    "ThreadId": "244802",
    "Html": "\r\n<p>would be nice to have it working also on mac using mono..</p>\r\n",
    "PostedDate": "2011-02-05T13:23:25.027-08:00",
    "UserRole": null,
    "MarkedAsAnswerDate": null
  },
  {
    "Id": "563819",
    "ThreadId": "244802",
    "Html": "\r\n<p>Yes it would.</p>\r\n<p>See also:&nbsp;<a href=\"http://vstnet.codeplex.com/Thread/View.aspx?ThreadId=30279\">http://vstnet.codeplex.com/Thread/View.aspx?ThreadId=30279</a></p>\r\n<p>There is a hack that allows you to do all marshalling between C&#43;&#43;/C# without any interop managed/cli C&#43;&#43; extension.<br>\r\n<a href=\"http://vstnet.codeplex.com/Thread/View.aspx?ThreadId=72685\">http://vstnet.codeplex.com/Thread/View.aspx?ThreadId=72685</a></p>\r\n<p>That is perhaps the best option to get this working on other platforms. But I don't know if that hack will work on other platforms.</p>\r\n<p>Also it would mean a considerable redesign/refactoring of the current code base and as it is, my available time is slim...</p>\r\n<p>Thoughts?</p>\r\n",
    "PostedDate": "2011-02-10T01:59:31.023-08:00",
    "UserRole": null,
    "MarkedAsAnswerDate": null
  }
]