[
  {
    "Id": "1122065",
    "ThreadId": "468154",
    "Html": "Hey all, I'm still pretty new at VST.NET and I'm trying to get it working in Unity. I'm getting the following error when trying to create a new plugin using VSTPluginContext.\r<br />\n<br />\nInvalidProgramException: Invalid IL code in Jacobi.Vst.Interop.Host.VstPluginContext:Create (string,Jacobi.Vst.Core.Host.IVstHostCommandStub): IL_005f: call      0x0600008b\r<br />\n<br />\nHere's my code, which is modeled after what I found in the AudioVSTToolbox, here\r<br />\n<a href=\"https://github.com/perivar/AudioVSTToolbox\" rel=\"nofollow\">https://github.com/perivar/AudioVSTToolbox</a><br />\n<pre><code>using UnityEngine;\nusing System.Collections;\nusing System.IO;\nusing Jacobi.Vst.Core;\nusing Jacobi.Vst.Core.Plugin;\nusing Jacobi.Vst.Framework;\nusing Jacobi.Vst.Framework.Plugin;\nusing Jacobi.Vst.Interop;\nusing Jacobi.Vst.Interop.Host;\n\npublic class VSTTest1 : MonoBehaviour {\n    \n    private string path = &quot;C:/Users/Jake/Dropbox/Pure/Assets/Plugins/VST Plugins/TAL-Reverb-2&quot;;\n    \n    void Start ()\n    {\n        HostCommandStub host = new HostCommandStub();\n        host.Directory = path;\n        \n        VstPluginContext pluginContext = VstPluginContext.Create(path, host);\n    }\n}</code></pre>\n\nI know my namespaces are a bit excessive, this isn't for a release build :p\r<br />\n<br />\nThanks for any insight or help you can give!\r<br />\n~Jake<br />\n",
    "PostedDate": "2013-11-11T12:05:14.23-08:00",
    "UserRole": null,
    "MarkedAsAnswerDate": null
  },
  {
    "Id": "1122110",
    "ThreadId": "468154",
    "Html": "Man your exceptions are deep o_O\r<br />\nGuess it's mono going down to IL.\r<br />\nIt's a runtime exception right? And you get it both into your debug and release build?\r<br />\nAnyway, your sample differs quite a lot from my host.\r<br />\n<br />\nFirst my class implement the host interface and is disposabe:\r<br />\npublic class VSTTest1 : IVstHost, IDisposable\r<br />\n<br />\nThan I initialize my plugin object with my host class object:\r<br />\nHostCommandStub host = new HostCommandStub(this);\r<br />\n<br />\nI don't know what 'host.Directory' stands for, I don't use it and don't have the source code documentation on hand right now.\r<br />\nCan you enlighten me on this Property Mark?\r<br />\n<br />\nThe 'path' you give seems wrong (assuming it's not a file without extension), you need to give the path to the DLL file, not a directory.<br />\n",
    "PostedDate": "2013-11-11T12:56:30.41-08:00",
    "UserRole": null,
    "MarkedAsAnswerDate": null
  },
  {
    "Id": "1122364",
    "ThreadId": "468154",
    "Html": "I suspect that mono does not like the IL generated by the C++ CLI extensions. Never tested VST.NET with mono - it's not supported...\r<br />\n<br />\n@Yurk: There is no Directory property in VST.NET - thats custom. Probably to implement the GetDirectory() method on the host command stub...?<br />\n",
    "PostedDate": "2013-11-12T06:51:06.733-08:00",
    "UserRole": null,
    "MarkedAsAnswerDate": null
  },
  {
    "Id": "1122722",
    "ThreadId": "468154",
    "Html": "I see how you're doing it YuryK, that makes a bit more sense. I'm just starting to get my head around implementing things in this manner. Jacobi is correct about the Directory property, which I borrowed from the AudioVSTToolbox code I mentioned above.\r<br />\n<br />\nI was unaware different editors would compile things in different ways. I'm going to see if I can connect Visual Studio with Unity.\r<br />\n<br />\nThanks very much for your quick replies! I will post my progress on this as it comes so others can learn.\r<br />\n~Jake<br />\n",
    "PostedDate": "2013-11-12T20:33:42.047-08:00",
    "UserRole": null,
    "MarkedAsAnswerDate": null
  },
  {
    "Id": "1122729",
    "ThreadId": "468154",
    "Html": "I didn't specify it explicitely but I'm also doubtful Vst.Net would run properly if you're not using Microsoft tools. It's pretty surprising it managed to compile at all.<br />\n",
    "PostedDate": "2013-11-12T21:36:16.92-08:00",
    "UserRole": null,
    "MarkedAsAnswerDate": null
  }
]