[
  {
    "Id": "1434038",
    "ThreadId": "641231",
    "Html": "Hello.<br />\n<br />\nI'm contributing this library to the community. One of the fundamental things that you will want to do if you want to host VSTS is to scan through the VSTs that exist on a user's hard drive. This library will do this for you. It takes some time depending on the speed of the computer, so it raises events along the way so that you can display progress. Lastly, it writes the plugin info to an XML file so that you can reload the list of plugins later.<br />\n<br />\nThanks to Yury for some code snippets.. <br />\n<br />\n<strong>Download link:</strong><br />\n<a href=\"https://onedrive.live.com/redir?resid=47321C0630B57E1D!4941&amp;authkey=!AFNCnDLB0-2R-WQ&amp;ithint=file%2c7z\" rel=\"nofollow\">https://onedrive.live.com/redir?resid=47321C0630B57E1D!4941&authkey=!AFNCnDLB0-2R-WQ&ithint=file%2c7z</a><br />\n<br />\nCode Sample:<br />\n<pre><code>       private void ScanPlugins_Click(object sender, RoutedEventArgs e)\n        {\n            ScanProgressBar.Value = 0;\n\n            var bgWorker = new BackgroundWorker();\n            bgWorker.DoWork += (s, e2) =&gt;\n            {\n                var pluginScanner = new PluginScanner(Globals.PluginPath, _MySynthHostCommandStubAdapter, true);\n                pluginScanner.PluginCountLoaded += PluginScanner_PluginCountLoaded;\n                pluginScanner.PluginScanned += PluginScanner_PluginScanned;\n                pluginScanner.Scan();\n                pluginScanner.WriteToFile(Path.Combine(Globals.MySynthPath, &quot;PluginList.xml&quot;));\n            };\n\n            bgWorker.RunWorkerCompleted += (s, e2) =&gt;\n            {\n                this.Dispatcher.BeginInvoke(new Action(() =&gt;\n                {\n                    DiplayPlugins();\n                }));\n            };\n\n            bgWorker.RunWorkerAsync();\n        }\n\n        private void PluginScanner_PluginCountLoaded(object sender, PluginScanner.PluginCountLoadedEventArgs e)\n        {\n            this.Dispatcher.BeginInvoke(new Action(() =&gt;\n            {\n                ScanProgressBar.Maximum = e.PluginCount;\n            }));\n        }\n\n        private void PluginScanner_PluginScanned(object sender, PluginScanner.PluginScannedEventArgs e)\n        {\n            this.Dispatcher.BeginInvoke(new Action(() =&gt;\n            {\n                ScanProgressBar.Value++;\n\n                if (e.IsSuccess)\n                {\n                    ScannedPluginBox.Text = e.PluginDetails.Name + &quot; Scanned&quot;;\n                }\n                else\n                {\n                    ScannedPluginBox.Text = e.FailedPluginPath + &quot; Failed&quot;;\n                }\n\n            }));\n\n        }\n</code></pre>\n\n<em>PS: I will be refactoring this library over time for my own use. I may or may not provide an update in time, but no promises.</em><br />\n",
    "PostedDate": "2015-07-12T00:13:20.9-07:00",
    "UserRole": null,
    "MarkedAsAnswerDate": null
  },
  {
    "Id": "1434048",
    "ThreadId": "641231",
    "Html": "If you're working on a lot of files, you'd want to filter files using the Windows shell through the Search Pattern parameter of GetFiles instead of getting all files and relying on the 'Foreach-If Antipattern'.<br />\n<pre><code>           foreach (var fileName in Directory.GetFiles(path))\n            {\n                if (Path.GetExtension(fileName).ToLower() == &quot;.dll&quot;)\n                {\n                    pluginPaths.Add(Path.Combine(path, fileName));\n                }\n            }</code></pre>\n\n<pre><code>           foreach (String fileName in Directory.GetFiles(path, &quot;*.dll&quot;))\n                    pluginPaths.Add(Path.Combine(path, fileName));</code></pre>\n\n",
    "PostedDate": "2015-07-12T05:19:31.69-07:00",
    "UserRole": null,
    "MarkedAsAnswerDate": null
  },
  {
    "Id": "1434073",
    "ThreadId": "641231",
    "Html": "Didn't anyone ever tell you that premature optimisation ruins the fun?<br />\n",
    "PostedDate": "2015-07-12T16:39:37.497-07:00",
    "UserRole": null,
    "MarkedAsAnswerDate": null
  },
  {
    "Id": "1436896",
    "ThreadId": "641231",
    "Html": "Thanx!\r<br />\n<br />\nI will look at it.<br />\n",
    "PostedDate": "2015-08-02T00:54:15.81-07:00",
    "UserRole": null,
    "MarkedAsAnswerDate": null
  }
]