[
  {
    "Id": "618024",
    "ThreadId": "258955",
    "Html": "\r\n<p>Hi Obiwan! I'm developing my first audio plug-in and I am in troubles...</p>\r\n<p>In .NET technology, I have written small application, which catches audio-in stream and, using the FFT, transforms the data into MIDI and sends them to MIDI-out channel.</p>\r\n<p>This stuff is being built as the .dll library project, with its own GUI, written in C#.</p>\r\n<p>My aim si to use this library as the VST plug-in, which is not working now, audio workstations [VST hosts] fail in attempt to initialize it.</p>\r\n<p>My question is, where is the point of being / not-being the VST plug-in? What do I have to do to make my common-.dll-file stand as VST?</p>\r\n<p>I have read somewhere, that InitModule() bool method is called when the library is loaded [and DeinitModule() when unloaded], are there any rules like this one which are enough to follow?</p>\r\n<p>&nbsp;</p>\r\n<p>Thanks a lot for the answer</p>\r\n<p>Dix</p>\r\n",
    "PostedDate": "2011-05-25T06:37:19.977-07:00",
    "UserRole": null,
    "MarkedAsAnswerDate": null
  },
  {
    "Id": "618485",
    "ThreadId": "258955",
    "Html": "<p>Hi Dix,</p>\n<p>Assuming you want to use VST.NET plugin framework, I suggest you start with the Delay sample plugin, or use the VS2008/2010 project template to create a new audio plugin project. Call your FFT logic from the Process method of the audio processor and output the midi calling the ProcessEvents on the Host reference. Start your custom UI using the plugin editor class, optionally using the WinFormsControlWrapper class.</p>\n<p>Important to note is that the Audio buffers in a VST plugin contain sample data for one channel (so for stereo you get 2 buffers) and use floats in the [-1, 1] value range. So you may have to convert the incoming audio before passing it to your custom processing logic.</p>\n<p>If all these calls can be made into your custom dll (you expose the API for it), it'll be a simple matter of glueing them in the plugin framework. Make sure you deploy your custom dll along side of the dlls VST.NET produces for the plugin. Open de [myplugin].dll in the host and you should be up and running.</p>\n<p>Hope it helps,<br />Marc</p>\n<p>PS: If you get the hang of it, you might also try to implement it without using the VST.NET plugin framework. Take a look at the CorePlugin sample on how to do that. It takes away the overhead of the plugin Framework but leaves you in charge of implementing all the VST interfacing details.</p>",
    "PostedDate": "2011-05-26T00:08:21.843-07:00",
    "UserRole": null,
    "MarkedAsAnswerDate": null
  },
  {
    "Id": "618766",
    "ThreadId": "258955",
    "Html": "<p>ObiWan, thank you for your rapid answer!</p>\r\n<p>I'm going to try that immediately. My app hasn't used VST.NET libraries until now, originally the question was meant for the cases with no plugin, if it is possible to write into the code some more lines which make it VST-compatible, because I actually still don't know where is the fundamental essence of 'being VST'.</p>\r\n<p>Maybe I'll find the answer inside the CorePlugin sample.</p>\r\n<p>My input stream provides data for one channel - those are doubles from &lt;-1;1&gt; range, output should be the MIDI stream into the host app. So this perhaps brings no more problems.</p>\r\n<p>Thanks! ... Going to notify again after having a look.</p>\r\n<p>Dix</p>",
    "PostedDate": "2011-05-26T08:18:33.19-07:00",
    "UserRole": null,
    "MarkedAsAnswerDate": null
  },
  {
    "Id": "619648",
    "ThreadId": "258955",
    "Html": "<p>Hello out there again, I'm back with new experiences...</p>\r\n<p>CorePlugin is exactly what I was looking for. Now it is possible just to fill its content with my stuff [I hope].</p>\r\n<p>When I did this for the first time, plugin was able to be loaded by the host [FL Studio in this case - Cubase seems to behave very specifically as I have realized from other threads in this discussion] but showed no GUI. The problem was in using 'Windows form' instead of 'User control' like you in your CorePlugin sample, so this was solved too.</p>\r\n<p>Now I have a few seconds to relocate my work here and try to debug it. When I meet some unsolvable problem, I'm gonna shout for help again... Otherwise I will refer the success.</p>\r\n<p>However, I'd like to thank you very very much, Obiwan, this VST.NET is wonderful project and you are very helpful in giving this assistance with a big patience and also very fast. My respect!</p>\r\n<p>Dix</p>",
    "PostedDate": "2011-05-27T18:18:56.073-07:00",
    "UserRole": null,
    "MarkedAsAnswerDate": null
  },
  {
    "Id": "619700",
    "ThreadId": "258955",
    "Html": "<p>Hello,</p>\r\n<p>I copiead all the code into the project based on CorePlugin sample. It seemed to be working fine [tested in VSThost] until I applied some .dll referencies out from the Jacobi's namespace. Since then, I'm still getting an error called</p>\r\n<p>System.Reflection.TargetInvocationException at System.Runtime.CreateInstance ... Inner exception: System.IO.FileNotFoundException: Could not load file or assembly or one of its dependencies. The system cannot find the file specified.</p>\r\n<p>I tried to put that [those] dll into the same directory as my plugin, even to system32 dir, but with no effect. Where am I missing something?</p>\r\n<p>Thanks</p>\r\n<p>Dix</p>",
    "PostedDate": "2011-05-28T00:14:19.433-07:00",
    "UserRole": null,
    "MarkedAsAnswerDate": null
  },
  {
    "Id": "620181",
    "ThreadId": "258955",
    "Html": "<p>Does it say what the file name is of the assembly that cant be loaded?</p>\n<p>Are you sure \"System.Runtime.CreateInstance\" is correct? Or is it&nbsp;System.Runtime.Activator.CreateInstance ??</p>\n<p>Do you do the standard renaming of the assemblies? Take a look in the post build events in the project file of one of the samples.</p>\n<p>Rename Jacobi.Vst.Interop to [MyPlugin].dll and the .net assembly of you plugin to [MyPlugin].net.vstdll. Deploy all these assemblies as well as the Jacobi.Vst.Core assembly (and optionally the Jacobi.Vst.Framework assembly) to the same folder and it should  work.</p>\n<p>See also&nbsp;<a href=\"http://vstnet.codeplex.com/wikipage?title=Using%20VST.NET&amp;referringTitle=Home\">http://vstnet.codeplex.com/wikipage?title=Using%20VST.NET</a>&nbsp;(note that deployment to the GAC is not a requirement anymore)</p>",
    "PostedDate": "2011-05-30T01:11:54.653-07:00",
    "UserRole": null,
    "MarkedAsAnswerDate": null
  },
  {
    "Id": "620565",
    "ThreadId": "258955",
    "Html": "<p>Hello,</p>\r\n<p>I realized that VSThost looks for all the referenced libraries into its directory (e.g. C:/VSThost/) only and not into the directory where plugin is. So this problem has been solved with copying them in here.</p>\r\n<p>In VSThost, everything is working correctly now, which makes me suppose it IS correctly written VST plugin.</p>\r\n<p>But none of the attempts to load it inside some DAW (tried at Cubase, FL Studio and Reaper as well) led to the success.</p>\r\n<p>In the reaction to your last post, I have followed getting-started part from your documentation, as to the post build events (Plugin.dll and Plugin.net.vstdll that's what I have) and it is also deployed to the Core assembly (not using Framework) which I always put together into the same directory.</p>\r\n<p>Unlike VSThost, other DAWs don't send me any error message, they just freeze while loading or even can't see this file in the directory, so I have no idea where the mistake could be.</p>\r\n<p>Is it possible to send you the project or only some classes via mail?</p>\r\n<p>Well, looking at the article you linked, I am not sure about my plugin's IVstPluginCommandStub implementation, if there is one. Unfortunately I'm not with the code now, I'll have a look in few hours.</p>\r\n<p>Thank you very much, Obiwan!</p>\r\n<p>&nbsp;</p>\r\n<p>Dix</p>",
    "PostedDate": "2011-05-30T23:16:09.263-07:00",
    "UserRole": null,
    "MarkedAsAnswerDate": null
  },
  {
    "Id": "621161",
    "ThreadId": "258955",
    "Html": "<p>In addition: Yes, there is an implementation of IVstPluginCommandStub from PluginCommandStub class.</p>",
    "PostedDate": "2011-05-31T21:29:30.15-07:00",
    "UserRole": null,
    "MarkedAsAnswerDate": null
  },
  {
    "Id": "621225",
    "ThreadId": "258955",
    "Html": "<p>VST.NET supports version before VST 2.4 in the Deprecated namespace (Core). Note that Cubase queries the plugin for olders methods (Specifically the Identify method). You can implement these methods by implementing the IVstPluginCommandsDeprecated20 in the same class the IVstPluginCommandStub is implemented (refer to Framework Plugin namespace for an example of how to implement it).</p>\n<p>When you cannot see any errors you can always try to debug the plugin while its in the host. Start the host, attach the VS debugger to the host process and then load the plugin. Note that most hosts instantiate the plugin when it startsup, just to discover its properties, so you want to find a way to activate the plugin after you've attached your debugger.</p>\n<p>You can send me your code to obiwanjacobi at hotmail dot com. But I cannot make any promises on when I will be able to comment on it.</p>\n<p>Hope it helps.<br />Marc</p>",
    "PostedDate": "2011-06-01T00:36:29.457-07:00",
    "UserRole": null,
    "MarkedAsAnswerDate": null
  },
  {
    "Id": "623455",
    "ThreadId": "258955",
    "Html": "<p>Hello Obiwan!</p>\r\n<p>I actually still don't understand why it does what it does, but due to today's deadline I can't try anything else in this project, maybe someday in the future. I tried a lot and the only thing which made the hosts (FLStudio and Reaper) accept, load and initialize my plugin was to copy all the referenced dlls into the application's work directory [C:/Program Files/REAPER and C:/Program Files/Image-Line/FL Studio 9]. I guess there is some reason written down in my code why they look for it into their own dirs and not into the plugin's dir, but I have no idea what is that.</p>\r\n<p>Thanks a lot for all your help, I would have achieved nothing without it. Next time, I'm gonna build it on VST.NET only, with no other references, hoping in better results.</p>\r\n<p>Have a nice time!</p>\r\n<p>Dix</p>",
    "PostedDate": "2011-06-06T06:03:41.44-07:00",
    "UserRole": null,
    "MarkedAsAnswerDate": null
  },
  {
    "Id": "760762",
    "ThreadId": "258955",
    "Html": "<p>Hi DixQ, Hi Obiwan!</p>\r\n<p>When I came across this topic i realised that I am building the same plugin as DixQ (Voice to MIDI).</p>\r\n<p>I was searching for an answer to same problem that DixQ had.</p>\r\n<p>When i use other assemblies (my own WPF controls) and I put all of them in VstPlugins directory along with the plugin i got the same error:</p>\r\n<p>\r\n<pre>System.Reflection.TargetInvocationException at System.Runtime.CreateInstance ... Inner exception: System.IO.FileNotFoundException: Could not load file or assembly or one of its dependencies. The system cannot find the file specified.</pre>\r\n</p>\r\n<p>When i put my custom .dll's in Host's directory (in my example FlStudio 10) there is no error displayied.&nbsp;</p>\r\n<p>I don't understand why:&nbsp;Jacobi.Vst.Core.dll,&nbsp;Jacobi.Vst.Framework.dll,&nbsp;Jacobi.Vst.Interop need to be in VstPlugins directory and other .dll's in main Host directory.</p>\r\n<p>I wish to be able to put all of the .dll's in one directory, so that in VstPlugins would be only C++ to C# renamed wrapper and rest of dlls (along with plugin written in C#) in other place. I know that Obiwan designed the wrapper to search for plugin file in the same directory and similar name, but my point is to make plugin that could be \"installed\" on others users machines which don't own Cotre.dll, Framework.dll and Interop.dll in GAC but have .NET 4.0 installed and put only one .dll to VstPlugins like all VST plugins does.</p>\r\n<p>I need some help with that.</p>\r\n<p>Thanx in advance,</p>\r\n<p>Tomek</p>",
    "PostedDate": "2012-02-13T07:51:15.837-08:00",
    "UserRole": null,
    "MarkedAsAnswerDate": null
  },
  {
    "Id": "760990",
    "ThreadId": "258955",
    "Html": "<p>The installation of the Core and Framework dlls in the GAC is no longer necessary. All assemblies should be installed in the same folder (point the host towards this folder to load the plugin). Note that for a plugin, Interop is NOT needed. You have renamed  interop to your plugin name and point the host towards this dll, it does not need to be distributed under its original name. (Host applications that use the VstPluginContext do need to distribute this dll using its original name).</p>\n<p>As an extra option, VST.NET allows a plugin configuration file (.config) to be deployed as well. This config can contain a&nbsp;<em>vstnetProbePaths</em>&nbsp;app-setting that points to other folders (semi-colon separated) that will be used to resolve dependent assemblies. The  WrapperPlugin sample uses a plugin configuration file (to store the path to the plugin it wraps).</p>\n<p>However, these mechanisms were only tested using a stand-alone plugin assembly. So the managed plugin assembly itself had no (custom) dependencies. I suspect that there is a bug in the loading code in the scenario where the managed plugin assembly has custom  dependencies of its own.</p>\n<p>I am very busy right now, but I will try to test is this is the case.</p>\n<p>If anyone has any additional information that is related to this issue, please post it here.</p>\n<p>Thanx for your patience.<br /> Marc.&nbsp;</p>",
    "PostedDate": "2012-02-13T10:09:29.617-08:00",
    "UserRole": null,
    "MarkedAsAnswerDate": null
  },
  {
    "Id": "761089",
    "ThreadId": "258955",
    "Html": "<p>Ok, I threw together a quick test plugin using the Visual Studio solution/project templates and a normal class library (set to .net2). Referenced the library from the plugin project and added a dummy class to the library with a property.</p>\r\n<p>Next I added a default ctor for the PluginCommandStub and in the ctor newed up an instance of the class out of the library and assigned a value to the property.</p>\r\n<p>Used a DEBUG build (so code optimization will not remove my bogus test code ;-) and pointed vsthost.exe towards my bin directory that contains all the assembly files. Attached my debugger to vsthost.exe before loading the plugin so any load exceptions (early in the plugin life cycle) would be caught.</p>\r\n<p>Vsthost.exe had no problem opening an instance of my test plugin and both the custom UI and the host generated UI worked. The plugin was loaded correctly.</p>\r\n<p>&nbsp;</p>\r\n<p>So, if you keep having trouble with managing dependencies I need a little more information to get to the bottom of it. Perhaps a scaled down version of the project you actually work on (I promise I will not steal your code ;-).</p>\r\n<p>Hope it helps.<br />Marc.&nbsp;</p>",
    "PostedDate": "2012-02-13T11:07:26.733-08:00",
    "UserRole": null,
    "MarkedAsAnswerDate": null
  },
  {
    "Id": "833070",
    "ThreadId": "258955",
    "Html": "<blockquote style=\"border: solid .1em #ccc; font-style: italic; margin: .25em 1em 0 1em; padding: 0 .25em 0 .25em;\"><strong>obiwanjacobi wrote:</strong>\n<p>Next I added a default ctor for the PluginCommandStub and in the ctor newed up an instance of the class out of the library and assigned a value to the property.</p>\n<p>Used a DEBUG build (so code optimization will not remove my bogus test code ;-) and pointed vsthost.exe towards my bin directory that contains all the assembly files. Attached my debugger to vsthost.exe before loading the plugin so any load exceptions (early  in the plugin life cycle) would be caught.</p>\n<p>Vsthost.exe had no problem opening an instance of my test plugin and both the custom UI and the host generated UI worked. The plugin was loaded correctly.</p>\n</blockquote>\n<p>I think I don't understand what you did there. Especially by \"pointing vsthost.exe towards your bin directory\".</p>\n<p>I am using WPF for GUI (all GUI is in WPF-based separate .dll). That file with GUI has to be in the host executable directory. Also&nbsp;Microsoft.Expression.Drawing.dll is needed there too. Only my plugin.net.vstdll and renamed interop are in the true VSTPlugins  directory. Right now i tried to merge it all with ILMerge program but some exceptions were thrown during merging and it failed.</p>\n<p>If you could tell me bit simplier what did you do to make it work....</p>\n<p>I want to put all files in VSTPlugins directory. But it would be even better to merge them all into one .dll (excluding renamed interop [it can't be merged as far as i know])</p>\n<p>------ edit -------------</p>\n<p>I tried to make one assembly with my VST effect and WPF GUI. I used SmartAssembly 6 trial because ILMerge can't merge WPF files :(. I think SmartAssembly managed to merge my dll's into one, but somehow i get the biggest error window i ever seen when i try to load my VST. It says there that host can't find things in GUI's dll (which is MERGED!) in HOST! directory (but the merged DLL is in VSTPlugins). It's very strange... and I don't get it</p>",
    "PostedDate": "2012-05-07T11:52:31.1-07:00",
    "UserRole": null,
    "MarkedAsAnswerDate": null
  },
  {
    "Id": "833244",
    "ThreadId": "258955",
    "Html": "<p>ILMerge will not merge CLI assemblies (one of the first things I've tried ;-)</p>\r\n<p>Anyway here are the steps to test and debug your plugin in vsthost.exe (by Hermann Seib).</p>\r\n<p>- (Re)Build your entire project. Make sure all binaries are in the project's bin folder.<br />- Start vsthost.exe<br />- Optionally attach Visual Studio to the running instance of vsthost.exe.<br />- Choose Load Plugin (File Menu I believe) and browse to your project's bin folder and select the [myplugin].dll assembly (the renamed interop assembly).<br />- You should now be ably to break into any debug breakpoint you have set.<br />- Close all plugins before exiting vsthost.<br />- Restart vsthost.exe for each run (provides you with a clean memory space) otherwise you might be chasing ghosts.</p>\r\n<p>Hope it helps,<br />Marc</p>",
    "PostedDate": "2012-05-07T22:29:35.06-07:00",
    "UserRole": null,
    "MarkedAsAnswerDate": null
  },
  {
    "Id": "833346",
    "ThreadId": "258955",
    "Html": "<p>Thank you for your quick reply.</p>\r\n<p>I tried vsthost.exe but it can't open my VST at all... there are alot of index out of range exceptions in my audio processing function (which is strange because i have already tested my plugin in real host (FL Studio) and it worked pretty well <a href=\"http://www.youtube.com/watch?v=b40od5GsFsI\">http://www.youtube.com/watch?v=b40od5GsFsI</a>&nbsp;). And when i try to show the GUI, vsthost.exe breaks down...</p>\r\n<p>I will try to build delay-example-based simple vst with WPF gui and check again...</p>\r\n<p>But there were exceptions with missing .dll's too. (i had to copy them to vsthost.exe directory just like in FL studio case, but vsthost.exe couldn't handle it after all...)</p>\r\n<p>Maybe it's because of my custom build .NET 4 compatibile of your library?</p>",
    "PostedDate": "2012-05-08T03:04:23.83-07:00",
    "UserRole": null,
    "MarkedAsAnswerDate": null
  },
  {
    "Id": "834413",
    "ThreadId": "258955",
    "Html": "<p>The 0.9 release binaries are .NET 2.0. (for now) you have to build your own .NET (Clr) 4 binaries. If you download the source code you'll find .cmd files that will build a Clr 4 version for you. Be sure to read this</p>\r\n<p><a href=\"http://vstnet.codeplex.com/wikipage?title=Building%20the%20Source%20Code\">http://vstnet.codeplex.com/wikipage?title=Building%20the%20Source%20Code</a></p>\r\n<p>and this</p>\r\n<p><a href=\"http://vstnet.codeplex.com/wikipage?title=Build%20Configurations\">http://vstnet.codeplex.com/wikipage?title=Build%20Configurations</a></p>\r\n<p>first.</p>\r\n<p>Hope it helps,<br />Marc&nbsp;</p>",
    "PostedDate": "2012-05-10T00:05:53.87-07:00",
    "UserRole": null,
    "MarkedAsAnswerDate": null
  }
]