[
  {
    "Id": "936261",
    "ThreadId": "401815",
    "Html": "\r\n<p>Hi</p>\r\n<p>I want to run this by you.</p>\r\n<p><strong>Do you think support for the new VST 3.x SDK is needed?</strong></p>\r\n<p>I also want to look into <a title=\"Mono\" href=\"http://mono-project.com\">Mono</a> and if we can make the new library portable over multiple platforms. At least Windows and Mac and perhaps Linux.</p>\r\n<p>I have no experience working cross-platform or with Mono, so any help with that (tips, pointers, resources) would be most helpful.</p>\r\n<p>I have read the newest VST 3.5.2 documentation and technically it should not be too hard to make something that works in .NET. The new SDK is interface based (at C&#43;&#43; level, which is totally different than VST 2.x) - but we're already used to that ;-)</p>\r\n<p>If you have any other ideas on this subject please share them here. I would very much like this to be a community discussion - not a monologue on my part :-P</p>\r\n",
    "PostedDate": "2012-11-04T01:50:47.153-08:00",
    "UserRole": null,
    "MarkedAsAnswerDate": null
  },
  {
    "Id": "936774",
    "ThreadId": "401815",
    "Html": "<p>I'm neutral on the VST 3 issue, though there's something to be said for keeping current (within reason).</p>\r\n<p>However, I'm very much in favour of future cross-platform support! &nbsp;I'm a a Windows (FL Studio) user myself, but many of my collaborators here in the music scene use Macs exclusively (probably a common situation) and I'd like for them to be able to use the VSTs I create.</p>",
    "PostedDate": "2012-11-05T08:02:43.633-08:00",
    "UserRole": null,
    "MarkedAsAnswerDate": null
  },
  {
    "Id": "936946",
    "ThreadId": "401815",
    "Html": "<p>Thanx for your response.</p>\r\n<p>It is too much work to try to fix the portability issue with the current version of VST.NET. But if I am going to build something for the new VST version that definitely&nbsp;has to work. That will mean working with Mono though. I'm already researching how to do portable C++ interop in Mono and it is possible, all I have to do is pick the best performing option.</p>",
    "PostedDate": "2012-11-05T13:41:13.75-08:00",
    "UserRole": null,
    "MarkedAsAnswerDate": null
  },
  {
    "Id": "949925",
    "ThreadId": "401815",
    "Html": "\r\n<p><span style=\"color:#ff0000\"><span><strong>Vote on this issue here:&nbsp;<a href=\"http://vstnet.codeplex.com/workitem/9755\">http://vstnet.codeplex.com/workitem/9755</a></strong></span></span></p>\r\n",
    "PostedDate": "2012-12-01T06:38:04.17-08:00",
    "UserRole": null,
    "MarkedAsAnswerDate": null
  },
  {
    "Id": "950017",
    "ThreadId": "401815",
    "Html": "\r\n<p>VST 3 support is a top priority for me, 2.x is going to be deprecated someday. However I don't care about Unix system, it doesn't seem like a likely candidate for .Net project.</p>\r\n",
    "PostedDate": "2012-12-01T12:32:18.873-08:00",
    "UserRole": null,
    "MarkedAsAnswerDate": null
  },
  {
    "Id": "950022",
    "ThreadId": "401815",
    "Html": "\r\n<p>Thank you for responding (and voting).</p>\r\n<p>Linux is not a must have, but Mac is. And if you use Mono to get it to work on the Mac it will probably also work on Linux.</p>\r\n",
    "PostedDate": "2012-12-01T12:44:29.753-08:00",
    "UserRole": null,
    "MarkedAsAnswerDate": null
  },
  {
    "Id": "994502",
    "ThreadId": "401815",
    "Html": "That would be awesome if you could get this working on Mono!!<br />\n",
    "PostedDate": "2013-01-30T21:05:23.497-08:00",
    "UserRole": null,
    "MarkedAsAnswerDate": null
  },
  {
    "Id": "994934",
    "ThreadId": "401815",
    "Html": "Oh for me it'll be Mono all the way. For all of the DAW testing that I've done with Javelin I haven't once run into a VST 3 and I have quite a few plugins (all of the wasted on me). I'll definitely be needing that Mac version Marc so get cracking :) \r<br />\n<br />\nOf course I haven't read the v3 white paper but that's my gut feel.\r<br />\n<br />\nIf you have an ancillary lifting or plebe work I'll gladly volunteer....<br />\n",
    "PostedDate": "2013-01-31T14:25:14.563-08:00",
    "UserRole": null,
    "MarkedAsAnswerDate": null
  },
  {
    "Id": "995020",
    "ThreadId": "401815",
    "Html": "Unfortunately VST.NET (2.x) as it is now cannot be ported - it uses the Microsoft specific C++ extension to do the marshaling between C++ and .NET.\r<br />\n<br />\nSo its VST3 (.NET) on mono only...<br />\n",
    "PostedDate": "2013-01-31T22:19:19.44-08:00",
    "UserRole": null,
    "MarkedAsAnswerDate": null
  },
  {
    "Id": "1107112",
    "ThreadId": "401815",
    "Html": "I think I might have found a way to implement interop for VST 3.x in a simple way. If I get it to work it would mean that there would be an exact 1:1 translation of the C/C++ VST 3.x specs to .NET and it would work on Mac also. It would require the plugin to use Mono to work on non-windows platforms. \r<br />\n<br />\nHave not looked into supporting the interop for managed hosts yet in this case, but it should be almost as easy. \r<br />\n<br />\nVery exciting stuff. I have done a very simple test on windows which looked very promising.\r<br />\n<br />\nI am working on a test application to test the concept and I am looking for people that can compile a simple C++ test app (source supplied by me) on the Mac and then run the app on the Mac, to see if that works. So if you know how to compile C++ code on the Mac and you are willing to spent a little time on this test, I would love to hear from you.\r<br />\n<br />\nThanx.<br />\n",
    "PostedDate": "2013-10-14T04:46:12.753-07:00",
    "UserRole": null,
    "MarkedAsAnswerDate": null
  },
  {
    "Id": "1109565",
    "ThreadId": "401815",
    "Html": "I'm really looking forward to VST 3.0 but last time I've looked at mono it was only suitable for hello world type console projects.<br />\n",
    "PostedDate": "2013-10-19T13:23:35.917-07:00",
    "UserRole": null,
    "MarkedAsAnswerDate": null
  },
  {
    "Id": "1109570",
    "ThreadId": "401815",
    "Html": "From what I have read, Mono has Com wrappers and a full P/Invoke implementation. I have good hopes for it actually working. \r<br />\n<br />\nI am currently trying to build a VST 3(.5.2) test plugin in .NET that would work with the native VST3 test application that comes with the SDK download. Once I have something that works, I will ask people to test it on Mac with the Mono framework. For now progress is slow and each and every interop method takes several tries to get right. But I have made some headway today and hope to do some more tomorrow. At least I will end up with something that will work on Windows ;-).<br />\n",
    "PostedDate": "2013-10-19T14:08:10.957-07:00",
    "UserRole": null,
    "MarkedAsAnswerDate": null
  },
  {
    "Id": "1109576",
    "ThreadId": "401815",
    "Html": "OK if this is what it takes I have a Unix (mac) box at my workplace ;-)<br />\n<br />\nWe are running XCode though and churning out iPullMyFinger type apps as a side job. I'm not sure when I'll be able to do mobile stuff again but I might be able to sneak install the GNU C++ Mono toolchain somewhere in the future if you don't have any volunteer. I don't think my wpf host can ever run on a Unix box but I'm really thankful of the work you are doing. I still have a few dependencies on Win32 to update (OpenCV, Midi.Net)  but I'm looking toward 64 bit too mostly because of the read out of protected memory errors and the mess that is VST 2.x. Thanks again for the framework Mark. <br />\n",
    "PostedDate": "2013-10-19T15:44:16.01-07:00",
    "UserRole": null,
    "MarkedAsAnswerDate": null
  },
  {
    "Id": "1109630",
    "ThreadId": "401815",
    "Html": "You're welcome.\r<br />\n<br />\nYou do have to think about the UI framework when going for a multi-platform / mono solution. WPF is MS specific - but mono has a WinForms port and other frameworks as well that may (not sure) run well on both Windows and Mac (and some even on Linux). Nice thing about VST3 is the processor - ui separation so even if you had to rewrite the UI for a specific platform - the processor code (DSP) can remain the same. For hosts, that is a different ballgame and you have to make sure you design that ui separation in yourself...\r<br />\n<br />\nI will post a separate message when the time comes to find people who are willing to try it out. Thanx!<br />\n",
    "PostedDate": "2013-10-20T00:47:36.553-07:00",
    "UserRole": null,
    "MarkedAsAnswerDate": null
  },
  {
    "Id": "1126874",
    "ThreadId": "401815",
    "Html": "I'll be happy to help you test when you're ready.\r<br />\n<br />\nDamnit. I thought I was cool moving from WinForms to WPF...<br />\n",
    "PostedDate": "2013-11-19T20:37:34.577-08:00",
    "UserRole": null,
    "MarkedAsAnswerDate": null
  },
  {
    "Id": "1126918",
    "ThreadId": "401815",
    "Html": "Excellent, thank you.\r<br />\n<br />\nI am currently iron out some bugs. I have most of the interface definitions done - but only a small portion is tested yet.\r<br />\n<br />\nLook in the Source3 folder in the source code to see the code, if you're interested.<br />\n",
    "PostedDate": "2013-11-19T23:31:38.87-08:00",
    "UserRole": null,
    "MarkedAsAnswerDate": null
  },
  {
    "Id": "1263290",
    "ThreadId": "401815",
    "Html": "whats the current status of this?<br />\n",
    "PostedDate": "2014-07-07T08:38:45.163-07:00",
    "UserRole": null,
    "MarkedAsAnswerDate": null
  },
  {
    "Id": "1263532",
    "ThreadId": "401815",
    "Html": "I have a considerable amount of code in the Source3 folder for VST3. The problem I ran into is the fact that the default apartment the CLR uses for COM calls uses a hidden Window to sync and queue calls (as window messages). This introduces a considerable overhead onto every single method call that is unacceptable for realtime audio processing. I could find no way to indicate free threading to CLR in order to be called directly.\r<br />\n<br />\nThere was also another issue with the tear-down sequence of COM object provided by the Host vs the plugin COM objects. Although not as fatal as the previous issue, I did not find a solution for this either.\r<br />\n<br />\nSo the project is stuck for now. I am planning on giving Mono a try in an attempt to fix this, but I have not come round to it yet...<br />\n",
    "PostedDate": "2014-07-07T23:09:22.417-07:00",
    "UserRole": null,
    "MarkedAsAnswerDate": null
  },
  {
    "Id": "1263717",
    "ThreadId": "401815",
    "Html": "I'm a bit lost with your explanation, how is COM calls related to VST.Net 3.0?\r<br />\nAre VST.Net 3.0 plugins implemented as COM Object? If so how does mono would be more fit?<br />\n",
    "PostedDate": "2014-07-08T09:44:07.903-07:00",
    "UserRole": null,
    "MarkedAsAnswerDate": null
  },
  {
    "Id": "1263880",
    "ThreadId": "401815",
    "Html": "No, VST 3.x does not rely on COM - this would make porting it to other OSes a problem. BUT, the VST 3.x interfaces are COM compatible. So I though I would use COM interop to make the jump from C++ to C# (and back). That is where I ran into problems.\r<br />\n<br />\nMono is available on Windows, Mac and Linux. So if I could get it to work with Mono, we would have a VST.NET (3.x) that works on all these OSes. The current VST.NET only works on Windows due to the way interop is implemented. Portability to other platforms was one of the 'issues' I would like to fix.<br />\n",
    "PostedDate": "2014-07-09T01:06:08.907-07:00",
    "UserRole": null,
    "MarkedAsAnswerDate": null
  },
  {
    "Id": "1263990",
    "ThreadId": "401815",
    "Html": "OK that's more inline to what I thought. As I recall mono supports only a subset of DotNet and WindowsForms libraries. What mecanism could replace standard C++  Interop? And does that mean that compatibility with DotNet is dead?<br />\n",
    "PostedDate": "2014-07-09T06:54:03.623-07:00",
    "UserRole": null,
    "MarkedAsAnswerDate": null
  },
  {
    "Id": "1264081",
    "ThreadId": "401815",
    "Html": "There are 2 major options for interop using Mono as far as I can see. First is <a href=\"http://www.mono-project.com/COM_Interop\" rel=\"nofollow\">COM interop</a> which is currently only for Win and Mac and not Linux. This would work more or less the same as COM interop on dotNet. Not sure how rich the feature set is on Mono. The reverse-P/Invoke I used on windows (allows you to write managed functions that can be called from unmanaged apps) might also not work with Mono. Another option would be to write a C++ interop layer that needs to be portable to each platform. Not sure on the details on that. It will need more investigating.<br />\n<br />\nIt is true that Mono does not implement the full feature set of the dotNet base class library. But if you only target Windows you should be able to still use the dotNet technologies. If you target multiple platforms (say Win and Mac) you probably want to use <a href=\"http://www.mono-project.com/Gui_Toolkits\" rel=\"nofollow\">something else to write your UI</a> in, something that handles the differences in the OS look and feel for you a bit more.<br />\n<br />\nLike I said, I really need to spent more time on Mono before I can make any further progress with VST.NET 3.x.<br />\n",
    "PostedDate": "2014-07-09T10:52:09.717-07:00",
    "UserRole": null,
    "MarkedAsAnswerDate": null
  },
  {
    "Id": "1264088",
    "ThreadId": "401815",
    "Html": "Hopefully I don't bother you too much with my questions. Just trying to summarize everything.\r<br />\n<br />\nReverse-P/Invoke would work with VST 2.x/3.x and DotNet framework. \r<br />\n<br />\nCOM Interop with VST 3.x would work but has speed issues with DotNet framework because of the hidden window message pump workaround used in STA mode. \r<br />\nIt's not possible to run COM Interop in a MTA thread and there's also the CoUninitialize screw up that would need to be taken care of.\r<br />\n<br />\nRegarding mono viability of both reverse-P/Invoke and COM Interop  is unknown and there isn't any other Mono only mecanism available to cross the managed/unmanaged barrier. \r<br />\n<br />\nWhat I meaned was will a solution targeted for mono shortcomings still work with the DotNet stack (without mono). If I'm not mistaken, version 1.0 of mono wasn't compatible with DotNet, namespaces were different and necessary shims would break cross compilation of the same source on the two frameworks.\r<br />\n<br />\nIn my view Mono is still the limiting factor here, since reverse-P/invoke works with DotNet. However I have very limited/outdated knowledge of Mono and since this is a pretty complicated subject I'm probably not knowing/understanding something important here.<br />\n",
    "PostedDate": "2014-07-09T11:17:28.183-07:00",
    "UserRole": null,
    "MarkedAsAnswerDate": null
  },
  {
    "Id": "1264264",
    "ThreadId": "401815",
    "Html": "From what I can see, Mono is pretty <a href=\"http://www.mono-project.com/Compatibility\" rel=\"nofollow\">compatible with dotNet</a>. Even when reversed P/Invoke and COM interop do not work in Mono, Mono still offers other options that are not available in dotNet and may well provide a solution (<a href=\"http://docs.go-mono.com/?link=xhtml%3adeploy%2fmono-api-embedding.html\" rel=\"nofollow\">such as embedding</a>). It just needs more research (time! ;-).<br />\n",
    "PostedDate": "2014-07-09T23:58:54-07:00",
    "UserRole": null,
    "MarkedAsAnswerDate": null
  }
]