[
  {
    "Id": "823799",
    "ThreadId": "352298",
    "Html": "\r\n<p>As the title says, i am looking for a .NET wrapper which can load any vst effect and process audio buffers. Can i do this with VST.NET?</p>\r\n<p>thanks!</p>\r\n",
    "PostedDate": "2012-04-14T02:56:54.223-07:00",
    "UserRole": null,
    "MarkedAsAnswerDate": null
  },
  {
    "Id": "823800",
    "ThreadId": "352298",
    "Html": "<p>nevermind, found the Host sources... sorry for spamming!</p>",
    "PostedDate": "2012-04-14T02:59:45.427-07:00",
    "UserRole": null,
    "MarkedAsAnswerDate": null
  },
  {
    "Id": "831401",
    "ThreadId": "352298",
    "Html": "<p>Actually, I'm struggling with the same problem. Can someone point me in the right direction?</p>\r\n<p>&nbsp;</p>\r\n<p>I want to be able to load VST files in C# and pass them MIDI events. Are there any code snippets or sample projects I can refer to?</p>",
    "PostedDate": "2012-05-02T17:11:27.88-07:00",
    "UserRole": null,
    "MarkedAsAnswerDate": null
  },
  {
    "Id": "831500",
    "ThreadId": "352298",
    "Html": "<p>There is a crude VS Host sample here&nbsp;<a href=\"http://vstnet.codeplex.com/SourceControl/changeset/view/66691#345328\">http://vstnet.codeplex.com/SourceControl/changeset/view/66691#345328</a></p>\r\n<p>It shows how to load the VST plugin and how to (technically) communicate with it. However it does NOT show how to (functionally) build a host application. You should first make yourself familiar with general VST Host operations, before attempting to write one.</p>\r\n<p>Hope it helps,<br />Marc&nbsp;</p>",
    "PostedDate": "2012-05-03T01:11:51.57-07:00",
    "UserRole": null,
    "MarkedAsAnswerDate": null
  }
]