[
  {
    "Id": "437806",
    "ThreadId": "211211",
    "Html": "<p>Hi,</p>\r\n<p>congratulation for this work! It's simply awesome :)</p>\r\n<p>I wanted to store fileNames in VstProgram. Do You have any idea how I can? :)</p>\r\n<p>&nbsp;</p>\r\n<p>Thanks and best regards,</p>\r\n<p>delo</p>\r\n<p>&nbsp;</p>",
    "PostedDate": "2010-05-01T04:02:29.483-07:00",
    "UserRole": null,
    "MarkedAsAnswerDate": null
  },
  {
    "Id": "438192",
    "ThreadId": "211211",
    "Html": "<p>Thank you very much for your kind words.</p>\r\n<p>Any custom data you want to attach to a VstProgram involves the following:</p>\r\n<ul>\r\n<li>Derive a custom class from VstProgram (and instantiate those when doing initilialization) that contains your extra data (file name etc.)</li>\r\n<li>Implement custom persistence that (de)serializes that extra information from/to you custom VstProgram class.</li>\r\n</ul>\r\n<p>Note that when doing persistence yourself it pays to have a version identifier at the start of the stream, so your code can detect compatible versions or switch serializers.</p>\r\n<p>See also the implementation of the VstPluginPersististenceBase class and the MidiNoteMapper sample that uses custom persistence to serialize mapping data (not using programs at all).</p>\r\n<p>Hope it helps,</p>\r\n<p>Marc</p>",
    "PostedDate": "2010-05-02T22:58:32.303-07:00",
    "UserRole": null,
    "MarkedAsAnswerDate": null
  },
  {
    "Id": "438194",
    "ThreadId": "211211",
    "Html": "<p>Okay, thank You! It looks like helpful information, so I'll try at home.</p>\r\n<p>Sorry for my dummy questions, next time I'll read the manual first. :)</p>\r\n<p>Best regards,</p>\r\n<p>delo</p>",
    "PostedDate": "2010-05-02T23:22:59.497-07:00",
    "UserRole": null,
    "MarkedAsAnswerDate": null
  },
  {
    "Id": "438332",
    "ThreadId": "211211",
    "Html": "<p>Hi,</p>\r\n<p>Thanks again. The MidiNoteMapper was helpful. I mixed that code with the Delay sample&nbsp;code&nbsp;(&nbsp;program handling&nbsp;) and I wrote a&nbsp;MyVstParameter class inherited from VstParameter class.</p>\r\n<p>delo</p>",
    "PostedDate": "2010-05-03T06:38:04.627-07:00",
    "UserRole": null,
    "MarkedAsAnswerDate": null
  },
  {
    "Id": "438454",
    "ThreadId": "211211",
    "Html": "<p>Note that parameters in the VST interface standard are always floats. There are methods that can convert a parameter from/to a string (represented by ParseValue and DisplayValue)&nbsp;but that is just for presentation purposes in host-generated plugin editors. If you write your own custom plugin editor (like MidiNoteMapper does), I would implement all paramters that are not directly influencing the sound or midi processing as properties of a custom VstProgram class. VstParameters are structures that allows a host to manipulate the plugin's processing (like parameter automation) and the host expects floats.</p>\r\n<p>Hope it helps.</p>",
    "PostedDate": "2010-05-03T10:47:38.733-07:00",
    "UserRole": null,
    "MarkedAsAnswerDate": null
  },
  {
    "Id": "438719",
    "ThreadId": "211211",
    "Html": "<p>Thanks.</p>\r\n<p>I&nbsp;used the MidiNoteMapper project and I&nbsp;modified&nbsp;some inherited classes&nbsp;to handle the&nbsp;my&nbsp;inherited VstParameter class.<br>The custom VstParameter class contains a new propery and I handle it&nbsp;from UI trought&nbsp;a custom editor.</p>\r\n<p>It is working now.&nbsp;I tested in cubase and reaper too.&nbsp;:)</p>\r\n<p>Thank&nbsp;You&nbsp;again!</p>\r\n<p>delo</p>",
    "PostedDate": "2010-05-04T02:03:09.19-07:00",
    "UserRole": null,
    "MarkedAsAnswerDate": null
  }
]