[
  {
    "Id": "1085699",
    "ThreadId": "454740",
    "Html": "Hi there,\r<br />\nI am trying to use vst.net in order to practise on .net UIs. But I was also curious about how a vst works, so I tried to make a simple one, following the delay example I found in the sample codes.\r<br />\n<br />\nI am programming using visual studio 2010 on a 64 bit machine and I am testing the plugin on a win 7 professional 32 bit machine. the daw is an old version of cubase (cubase 2).\r<br />\n<br />\nThe vst works, but it gives me a distorted and cracking sound. If I use only the dry part of the signal, the sound is ok, while if I mix it with the wet delayed part, the sound is not so clean. \r<br />\n<br />\nI am compiling using dot net framework 2.0 (on the test machine I have dot net 4) and I am building for any cpu (also the Jacobi files I use are anycpu for dot net 2.0)\r<br />\n<br />\nAs I said in the introduction, I am new to vst programming and I wanted to know if it this behaviour is normal or there is something wrong in the configuration. \r<br />\nI found that if I use a filter to reduce the noise, the sound is pretty decent.. Should I have to add a filter in the algorithm? (a low pass one?) \r<br />\n<br />\nThank you for any help you can give me.<br />\n",
    "PostedDate": "2013-08-28T02:25:34.407-07:00",
    "UserRole": null,
    "MarkedAsAnswerDate": null
  },
  {
    "Id": "1085738",
    "ThreadId": "454740",
    "Html": "Crackling and cutouts usually indicate that the plugin is not processing the audio fast enough. Distortion can be caused by clipping. \r<br />\n<br />\nPerhaps if you lower the volume at the input of the plugin? Also testing in another host can give you some idea on where to look for the problem.\r<br />\n<br />\nIf you have created a custom UI you may also want to look at if you block the audio thread in any way - that will definitely cause problems in the sound. \r<br />\nA typical host will use several Threads to call into the plugin. One thread is dedicated to producing the audio (what I called the Audio Thread). Typically there is also one (main) thread for calling into the UI. So think of your UI as seperate from the rest of the plugin.\r<br />\n<br />\nDoes the original Delay Sample plugin also distort the sound? If not so it's something you did. \r<br />\n<br />\nLet us know what you've tried and what results that produced.\r<br />\n<br />\nHope it helps,\r<br />\nMarc<br />\n",
    "PostedDate": "2013-08-28T05:34:41.763-07:00",
    "UserRole": null,
    "MarkedAsAnswerDate": null
  },
  {
    "Id": "1085944",
    "ThreadId": "454740",
    "Html": "Crackling and cutouts can also be a symptom of not completely filling the output buffer.\r<br />\n<br />\nOften the output buffer is cleared in ProcessReplacing :<br />\n<hr />\nThen you fill it but leave a part of it empty :\r<br />\n<em>|--------|</em>__\r<br />\n<br />\nThis creates more of a stutter sound and is very harsh because of the sharp drop of amplitude in the gaps:\r<br />\n<em>|--------|____|--------|____|--------|____|--------|____|--------|____|--------|</em>__<br />\n",
    "PostedDate": "2013-08-28T14:02:17.2-07:00",
    "UserRole": null,
    "MarkedAsAnswerDate": null
  },
  {
    "Id": "1089206",
    "ThreadId": "454740",
    "Html": "Thank you for the replies. I think I found the problem. I used the default Process function from AudioProcessor.cs file of the automatically created project in visual studio. the code for this funcion is what follows.<br />\n<pre><code>     public override void Process(VstAudioBuffer[] inChannels, VstAudioBuffer[] outChannels)\n        {\n            // by resetting the time info each cycle, accessing the TimeInfo property will fetch new info.\n            _timeInfo = null;\n\n            if (!Bypass)\n            {\n                // TODO: Implement your audio (effect) processing here.\n\n                int outCount = outChannels.Length;\n\n                for (int n = 0; n &lt; outCount; n++)\n                {\n                    for (int i = 0; i &lt; inChannels.Length &amp;&amp; n &lt; outCount; i++, n++)\n                    {\n                        Process(inChannels[i], outChannels[n]);\n                    }\n                }\n            }\n            else\n            {\n                // calling the base class transfers input samples to the output channels unchanged (bypass).\n                base.Process(inChannels, outChannels);\n            }\n        }\n\n        // process a single audio channel\n        private void Process(VstAudioBuffer input, VstAudioBuffer output)\n        {\n            for (int i = 0; i &lt; input.SampleCount; i++)\n            {\n                output[i] = Delay.ProcessSample(input[i]);\n            }\n        }\n</code></pre>\n\nit's not very clear to me the behavior of this function (the annidated for cycle), but I found that if I used a stereo input (and output) the program used just one buffer, which was periodically written for both left and right channel. this created a cracling noise, which was sort of panning throught both channels (I didn't noticed it before). \r<br />\n<br />\nNow I rewroted it in a simler way, using two buffer, one per channel:<br />\n<pre><code>public override void Process(VstAudioBuffer[] inChannels, VstAudioBuffer[] outChannels)\n        {\n            if (outChannels.Length &gt; 0 &amp;&amp; inChannels.Length &gt; 0)\n            {\n                if (outChannels.Length == 1)\n                {\n                    for (int k = 0; k &lt; outChannels[0].SampleCount; k++)\n                    {\n                        outChannels[0][k] = Delay.ProcessSample(inChannels[0][k], &quot;L&quot;);\n                    }\n                }\n                else\n                {\n                    VstAudioBuffer inChannelL;\n                    VstAudioBuffer inChannelR;\n                    if (inChannels.Length == 1)\n                    {\n                        inChannelL = inChannels[0];\n                        inChannelR = inChannels[0];\n                    }\n                    else\n                    {\n                        inChannelL = inChannels[0];\n                        inChannelR = inChannels[1];\n                    }\n                    for (int k = 0; k &lt; outChannels[0].SampleCount; k++)\n                    {\n                        outChannels[0][k] = Delay.ProcessSample(inChannelL[k], &quot;L&quot;);\n                    }\n                    for (int k = 0; k &lt; outChannels[1].SampleCount; k++)\n                    {\n                        outChannels[1][k] = Delay.ProcessSample(inChannelR[k], &quot;R&quot;);\n                    }\n                }\n            }\n        }</code></pre>\n\nI know it is not very elegant and has a lot of repetitions, but in this way it is easier for me to explain the process and see if you find it correct. using this code I have no more cracling.\r<br />\n<br />\nhave a nice day!<br />\n",
    "PostedDate": "2013-09-06T06:27:09.49-07:00",
    "UserRole": null,
    "MarkedAsAnswerDate": null
  },
  {
    "Id": "1089366",
    "ThreadId": "454740",
    "Html": "It seems like your problem was failing to completely fill the ouput buffer.\r<br />\n<br />\nIf the number of channels for your use case isn't fixed you should consider doing nested loops like the first code block instead of hardcoding to a maximum of 2 channels.<br />\n",
    "PostedDate": "2013-09-06T14:53:49.7-07:00",
    "UserRole": null,
    "MarkedAsAnswerDate": null
  }
]