[
  {
    "Id": "1142233",
    "ThreadId": "477991",
    "Html": "I thought i also post this here:<br />\nReady for xmas there is a preview release of the new vvvv audio engine for everyone to check out. <br />\n<br />\nFor now the focus of the engine was not so much DSP programming but flexible signal routing for large scale media installations and VST support. <br />\n<br />\nFor those who do not know vvvv, there is a concept which is called 'Spreads'. This lets you send an array/list of data over a single connection (cable). This applied to audio signals gives very powerful routing options. For example, if you create a VSTHost node, load a stereo effect into it and connect a link with 16 audio channels to it, the engine will create 8 instances of the effect. You can then switch between the instances with a number to control them individually or you can expose a parameter as a pin to vvvv and control this parameter for all instances at once. <br />\n<br />\nSee an example in the video below at about 1:50 min. <br />\n<br />\nThe concept of spreads goes even further: If you provide multiple vst files to the VSTHost node, you can (if they are mono plugins) open different plugins for each channel of the signal Spread. <br />\n<br />\nYou can download the alpha release here: <br />\n<a href=\"http://vvvv.org/contribution/vvvv.audio-pack-alpha\" rel=\"nofollow\">http://vvvv.org/contribution/vvvv.audio-pack-alpha</a> <br />\n<br />\nThis video shows a bit clicking around with the engine. Better videos to come when i had some sleep :): <br />\n<br />\n<a href=\"http://www.youtube.com/watch?v=VchIgx5jtns\" rel=\"nofollow\">http://www.youtube.com/watch?v=VchIgx5jtns</a><br />\n<br />\nBig credits to: <br />\nMarc Heath for NAudio <br />\nMarc Jacobi for VST.NET <br />\nAleksey Vaneev for r8brain SRC <br />\n<br />\nThis is <a href=\"http://vvvv.org/forum/add-windows-only-to-the-site-no-point-people-clicking-download-call-it-windows-download\" rel=\"nofollow\">windows only</a>. <br />\n<br />\nMerry xmas!<br />\n",
    "PostedDate": "2013-12-25T15:35:44.873-08:00",
    "UserRole": null,
    "MarkedAsAnswerDate": null
  },
  {
    "Id": "1142276",
    "ThreadId": "477991",
    "Html": "That looks really good! Congrats!\r<br />\n<br />\nNow go to bed! ;-P<br />\n",
    "PostedDate": "2013-12-25T23:49:33.813-08:00",
    "UserRole": null,
    "MarkedAsAnswerDate": null
  },
  {
    "Id": "1142310",
    "ThreadId": "477991",
    "Html": "thank you... was really a pleasure to work with VST.NET. everything was working as expected, very productive... without it, i would not be able to make it.<br />\n",
    "PostedDate": "2013-12-26T03:55:55.027-08:00",
    "UserRole": null,
    "MarkedAsAnswerDate": null
  },
  {
    "Id": "1142336",
    "ThreadId": "477991",
    "Html": "That is wonderful to hear. <br />\n",
    "PostedDate": "2013-12-26T06:37:36.263-08:00",
    "UserRole": null,
    "MarkedAsAnswerDate": null
  }
]