[
  {
    "Id": "1440735",
    "ThreadId": "643753",
    "Html": "I need to store complex XML inside the Ableton project. I don't want the user to have to save the XML externally anywhere.\r<br />\n<br />\nI assumed Ableton would call GetChunk() when requesting this from the plugin for a save, and SetChunk once the project is reloaded. However, it's not doing this. I'm stuck.<br />\n",
    "PostedDate": "2015-08-16T00:36:13.637-07:00",
    "UserRole": null,
    "MarkedAsAnswerDate": null
  },
  {
    "Id": "1440811",
    "ThreadId": "643753",
    "Html": "Just set this:<br />\n<pre><code>            PluginInfo.Flags = VstPluginFlags.HasEditor | VstPluginFlags.CanReplacing | VstPluginFlags.IsSynth | VstPluginFlags.ProgramChunks;\n</code></pre>\n\nAnd this:<br />\n<pre><code>        public VstCanDoResult BeginLoadBank(VstPatchChunkInfo chunkInfo)\n        {\n            return VstCanDoResult.Yes;\n        }\n\n        /// &lt;inheritdoc /&gt;\n        public VstCanDoResult BeginLoadProgram(VstPatchChunkInfo chunkInfo)\n        {\n            return VstCanDoResult.Yes;\n        }</code></pre>\n\nAnd boom! She's blowing chunks!\r<br />\n<a href=\"https://www.youtube.com/watch?v=SxKiZ-6rRQQ\" rel=\"nofollow\">https://www.youtube.com/watch?v=SxKiZ-6rRQQ</a><br />\n",
    "PostedDate": "2015-08-17T01:44:25.74-07:00",
    "UserRole": null,
    "MarkedAsAnswerDate": null
  },
  {
    "Id": "1441374",
    "ThreadId": "643753",
    "Html": "Are you using the Framework? Because if you are, you should only have to implement the IVstPluginPersistence interface, override the CreatePersistence on the InterfaceManager to return an instance of you implementation and you should be set...\r<br />\n<br />\n<a href=\"https://vstnet.codeplex.com/SourceControl/latest#Source/Code/Jacobi.Vst.Framework/IVstPluginPersistence.cs\" rel=\"nofollow\">https://vstnet.codeplex.com/SourceControl/latest#Source/Code/Jacobi.Vst.Framework/IVstPluginPersistence.cs</a><br />\n",
    "PostedDate": "2015-08-21T22:54:56.947-07:00",
    "UserRole": null,
    "MarkedAsAnswerDate": null
  },
  {
    "Id": "1441415",
    "ThreadId": "643753",
    "Html": "Ah - I see.\r<br />\n<br />\nI didn't realise that there was built in functionality for persistence. I wrote my own code for it. \r<br />\n<br />\nIt's very simple. I just serialize to and from Xml. It's only a few lines of code. It's called in GetChunk, and SetChunk.\r<br />\n<br />\nBut, perhaps I should look at using the IVSTPluginPersistence?<br />\n",
    "PostedDate": "2015-08-22T16:19:02.323-07:00",
    "UserRole": null,
    "MarkedAsAnswerDate": null
  },
  {
    "Id": "1441423",
    "ThreadId": "643753",
    "Html": "Actually - I'm really struggling with the standard .Net serializers. They are really painful to work with. I have to mark classes as serialize, and tell collections which types are to be expected - all with attributes. The problem is that I won't know what types the app should expect at compile time. I will only know at runtime - so attributes are useless.\r<br />\n<br />\nAny ideas here? Do I need to use some different serializers? Does the plugin persistence framework get around this?<br />\n",
    "PostedDate": "2015-08-22T18:35:19.587-07:00",
    "UserRole": null,
    "MarkedAsAnswerDate": null
  },
  {
    "Id": "1441434",
    "ThreadId": "643753",
    "Html": "The standard XmlSerializer simply serializes all public members. Use [XmlIgnore] to tag members you don't want serialized. Instantiate the XmlSerializer only specifying the root type and store in a static member. If you don't have any complex polymorphic xml constructs - that should be very easy. If you write an xsd, you can use xsd.exe (VS tools) to generate the classes for you. I never use these - but they are a great way to check if you have your code in order.\r<br />\n<br />\nThe persistence interface is geared towards storing custom presets. Might well be that if you just want an xml-blob, that overriding the command stub methods is more efficient. Downside could be that you need to know a couple of details on the VST interfacing spec. But it's not wrong or anything.\r<br />\n<br />\nHope it helps,\r<br />\nMarc<br />\n",
    "PostedDate": "2015-08-22T23:00:45.223-07:00",
    "UserRole": null,
    "MarkedAsAnswerDate": null
  },
  {
    "Id": "1442321",
    "ThreadId": "643753",
    "Html": "Thanks.\r<br />\n<br />\nI'm going to be looking at this today. The standard .net serializer simply doesn't work. I've been evaluating different options like Newtonsoft and sharp serializer. Both seem to be very problematic. \r<br />\n<br />\nSo far, wcf's data contract serializer is a clear winner. It allows for polymorphism and it also allows for calculating known types at runtime which is a must for me. Will report more of my findings soon.<br />\n",
    "PostedDate": "2015-08-28T16:23:29.16-07:00",
    "UserRole": null,
    "MarkedAsAnswerDate": null
  },
  {
    "Id": "1442341",
    "ThreadId": "643753",
    "Html": "In .Net libraries:<br />\nlinq to xml is easy but slow<br />\nXmlReader/Writer is fast but hard<br />\n",
    "PostedDate": "2015-08-28T22:40:10.797-07:00",
    "UserRole": null,
    "MarkedAsAnswerDate": null
  },
  {
    "Id": "1442403",
    "ThreadId": "643753",
    "Html": "Here's a rundown of serialization technologies I've evaluated. I've ended sticking to WCF DataContract Serialization.\r<br />\n<br />\nHere's my two cents. Firstly, I see serialization as something that should be simple, and should just work without having to do much. Obviously, you're always going to have to define which properties and types you want to serialize, and those that you do not. But, the technology should be flexible enough to allow for scenarios that would not be expected. One of the constant issues that comes up is when the serializer encounters a type that it does not know about. While I think that the DataContractSerializer is clunky, it at least allows for dealing with unexpected types. Of course verbosity and performance are factors, but I haven't been focused on those much. \r<br />\n<br />\n<strong>Standard .Net Serialization</strong>\r<br />\nThis has been around since the early days of .Net. It uses XML. It works when dealing with properties like floats and strings etc. but gets a bit clunky when dealing with anything more complex. It works by including all properties unless you explicitly exclude them. It can deal with unexpected types, but you have to define these with attributes at compile time. So, for me, this renders the technology useless. On top of this, it inexplicably complains when your collections contain type arguments for polymorphism. The dumb thing about that it is that its perfectly happy to accept types of &quot;object&quot; for type arguments. You can get around these issues with custom serialization, but that really defeats the purpose.\r<br />\n<br />\n<strong>Newtonsoft Json.Net</strong>\r<br />\n<a href=\"https://json.codeplex.com/\" rel=\"nofollow\">https://json.codeplex.com/</a>\r<br />\nThis is a pretty decent library. It uses Json so it's a bit less verbose than XML. It's very straight forward to get started, but it seems pretty difficult to define which properties and types should be serialized. I didn't delve in to it deeply, but it's not as simple as just marking properties with attributes. I don't even know how you would tell it not to serialize a particular field. This would be worth having a go, but as yet, I've never really successfully used it for anything very complex. This library is very popular and has a lot of support.\r<br />\n<br />\n<strong>Sharp Serializer</strong>\r<br />\n<a href=\"http://www.sharpserializer.com/\" rel=\"nofollow\">www.sharpserializer.com/</a>\r<br />\nTo be honest, I haven't got much to say about this. I just remember trying it, and instantly giving up because it seemed to hard to get it to work. That doesn't mean to say that it is too hard - it just didn't work for me right away.\r<br />\n<br />\n<strong>WCF DataContract Serialization</strong>\r<br />\nThis is the library behind the way WCF works. It is markup language agnostic so it has the flexibility to be serialized in any supported language, although I haven't really played with this. It defaults to XML. I chose this for one main reason. The reason is that this library accepts collections with a type argument where the type argument is an interface - i.e. polymorphic. This is what I needed for my project because I do not know what I will be putting in the collection until I hit the save button. Actually, because the user can define types, it's necessary for the serializer to be able to do this. With this serializer you can provide a list of known types so that it is not surprised by types when it attempts to serialize/deserialize. Basically, I've had success with this, without have to do much. The one downside (or perhaps upside) is that you have to explicitly elect which properties and types to serialize by marking them with attributes. I think this is overkill, but what are you gonna do?<br />\n",
    "PostedDate": "2015-08-29T19:50:43.773-07:00",
    "UserRole": null,
    "MarkedAsAnswerDate": null
  }
]