[
  {
    "Id": "821069",
    "ThreadId": "351509",
    "Html": "\r\n<p>Hi all,</p>\r\n<p>Just wanted to let every one know that the template plugin for vs2008/ vs2010 also</p>\r\n<p>works in vs2011.&nbsp;</p>\r\n",
    "PostedDate": "2012-04-07T02:27:07.207-07:00",
    "UserRole": null,
    "MarkedAsAnswerDate": null
  },
  {
    "Id": "821225",
    "ThreadId": "351509",
    "Html": "<p>Thanx for testing that out!</p>\r\n<p>Its good to know ;-)</p>\r\n<p>&nbsp;</p>\r\n<p>BTW: If any of you have any suggestions for those template, please let me know.</p>",
    "PostedDate": "2012-04-07T22:40:57.8-07:00",
    "UserRole": null,
    "MarkedAsAnswerDate": null
  }
]