[
  {
    "Id": "1487120",
    "ThreadId": "659065",
    "Html": "Hey there,\r<br />\n<br />\nIs there a possibility to make both this Library and your other Library, MIDI.net,\r<br />\ncompatible with Unity3D? Sadly, Unity only supports CLR 2.0, even though it seems\r<br />\nto be compatible with Code up to 3.5 .<br />\n",
    "PostedDate": "2016-10-30T05:37:22.28-07:00",
    "UserRole": null,
    "MarkedAsAnswerDate": null
  },
  {
    "Id": "1487380",
    "ThreadId": "659065",
    "Html": "There are clr2 projects in the source code. Try to build those.<br />\n",
    "PostedDate": "2016-11-04T05:22:35.527-07:00",
    "UserRole": null,
    "MarkedAsAnswerDate": null
  },
  {
    "Id": "1488410",
    "ThreadId": "659065",
    "Html": "Thank you!\r<br />\n<br />\nI found the Build_CLR2.cmd in the Source. If I understand correctly, I have to execute this to get the CLR 2.0 .dlls?\r<br />\nI'm no expert on .NET  at all, I'm afraid. \r<br />\nCan you give me an overview on how one would proceed to get the .dll files?<br />\n",
    "PostedDate": "2016-11-20T06:54:09.957-08:00",
    "UserRole": null,
    "MarkedAsAnswerDate": null
  },
  {
    "Id": "1488814",
    "ThreadId": "659065",
    "Html": "Hey,\r<br />\n<br />\nI tried around a little bit, and when i execute any off the .cmd data (I tried Build_CLR2 and BuildAndPackageRTW),\r<br />\nI get a whole bunch of errors. As far as I understand the error messages,  its not finding the assembly data, even though it's all there. \r<br />\nthe code for the warning is warning MSB3245\r<br />\n<br />\nHelp me Obi Wan Jacobi!\r<br />\nYou're my only hope!\r<br />\n<br />\n<br />\n<br />\n:D<br />\n",
    "PostedDate": "2016-11-26T09:08:57.093-08:00",
    "UserRole": null,
    "MarkedAsAnswerDate": null
  },
  {
    "Id": "1495681",
    "ThreadId": "659065",
    "Html": "First I am very sorry I did not see your message sooner. It seems codeplex does not send notification emails anymore.\r<br />\n<br />\nThat is an MSBuild error/warning. I think I'll need a bit more info in order to help you.\r<br />\nPlease post the errors/warnings.<br />\n",
    "PostedDate": "2017-04-21T05:44:13.573-07:00",
    "UserRole": null,
    "MarkedAsAnswerDate": null
  }
]