[
  {
    "Id": "918410",
    "ThreadId": "397144",
    "Html": "\r\n<p>I'm trying to pick (and use) a database in my VST plugins.</p>\r\n<p>From what I can see I can't access the data in my 'app'.config file - ConnectionManager.ConnectionStrings returns 2 connections&nbsp;:- 1)&nbsp;aspnetdb.mdf&nbsp;2) LocalMySqlServer which aren't in my config file and are obviously being picked up from machine\r\n or somesuch.</p>\r\n<p>Anyway, these aren't mine and I've tried all sorts of name / file location combinations to get my 'In'. It's stopping me using EntityFramework as this will only work correctly when the con strings are in the config&nbsp;with the correct meta instructions\r\n - I&nbsp;presume because of the Application domain&nbsp;boundaries etc.</p>\r\n<p>I do have Access working with LinqToSql but that means another driver to install on deployment which I also want to avoid. And it's Access :-/</p>\r\n<p>Is anyone using a DB to store data within their VST like this. I could use a flat file or XML&nbsp;I suppose but it's not as tidy, I'm trying to wrap a synth module so there is a lot of patch data to store and potentially lots of saving / exports too.</p>\r\n<p>I just thought that I might not be the only one doing this ?</p>\r\n<p>Many thanks</p>\r\n",
    "PostedDate": "2012-09-27T05:46:25.767-07:00",
    "UserRole": null,
    "MarkedAsAnswerDate": null
  },
  {
    "Id": "918473",
    "ThreadId": "397144",
    "Html": "<p>I should say that I was using SQLCe 4.0 - which requires all sorts of tools and templating to work.</p>\r\n<p>I've moved back to 3.5 (which has a built in 'characteristic' with Identities not working in the Entities) and at least I can use a literal configuration string - which may be enough.</p>\r\n<p>Anyway, progress.</p>\r\n<p>Thanks me.</p>",
    "PostedDate": "2012-09-27T07:21:50.947-07:00",
    "UserRole": null,
    "MarkedAsAnswerDate": null
  },
  {
    "Id": "918653",
    "ThreadId": "397144",
    "Html": "<p>Oh, it's the namespace in the meta data; it's not obvious because the designers have a different namespace.</p>\r\n<p>I'll have to remember that one.</p>",
    "PostedDate": "2012-09-27T11:33:17.24-07:00",
    "UserRole": null,
    "MarkedAsAnswerDate": null
  }
]