[
  {
    "Id": "509360",
    "ThreadId": "231483",
    "Html": "<p>Hi.</p>\r\n<p>I have compiled everything like instruction says.</p>\r\n<p>But the problem is when i try to load sample MIDI Sampler plugin from FL Studio 9 i receive an error message.</p>\r\n<p>Would anybody so kind as to send me some working MIDI sample with binary?</p>",
    "PostedDate": "2010-10-19T06:36:55.677-07:00",
    "UserRole": null,
    "MarkedAsAnswerDate": null
  },
  {
    "Id": "509405",
    "ThreadId": "231483",
    "Html": "<p>Do I understand you correclty that you are trying to load the VST.NET Midi Note Sampler sample plugin into FL&nbsp;Studio 9?</p>\r\n<ul>\r\n<li>Which version of the source code did you use to compile?</li>\r\n<li>Can you post the error message you received?</li>\r\n</ul>\r\n<p>Thanx,<br>Marc</p>",
    "PostedDate": "2010-10-19T07:34:05.767-07:00",
    "UserRole": null,
    "MarkedAsAnswerDate": null
  },
  {
    "Id": "509408",
    "ThreadId": "231483",
    "Html": "<p>&gt;&gt;Do I understand you correclty that you are trying to load the VST.NET Midi Note Sampler sample plugin into FL&nbsp;Studio 9?</p>\r\n<p>Yes! Also i not able to see the plugins in VSTHost...</p>\r\n<p>&nbsp;</p>\r\n<p>&gt;&gt;Which version of the source code did you use to compile?</p>\r\n<p>I've tried both of them: 0.8 and lattest version from source code menu.</p>\r\n<p>&gt;&gt;Can you post the error message you received?</p>\r\n<p>&quot;There was a problem opening Jacobi.Vst.Samples.MidiNoteSample/Jacobi.Vst.Samples.MidiNoteSample.net for an unknown reason. Please make sure it has been installed correctly&quot; - nothing informative for me.</p>\r\n<p>&nbsp;</p>\r\n<p>&nbsp;</p>",
    "PostedDate": "2010-10-19T07:41:31.33-07:00",
    "UserRole": null,
    "MarkedAsAnswerDate": null
  },
  {
    "Id": "509413",
    "ThreadId": "231483",
    "Html": "<p>Hmm, nice error message ;-) Are there any log files you could look in or the event log?</p>\r\n<p>What is the extension of the .net dll? is it .dll? in that case you could try vstdll instead of .dll. That should stop FL from loading it.</p>\r\n<p>Did you compile all the source code? (Jacobi.Vst.Core, Jacobi.Vst.Interop and Jacobi.Vst.Framework)<br>or just the sample.</p>\r\n<p>Note that the&nbsp;application download .zip also contains compiled versions of the samples. Please use the debug versions at this time.</p>\r\n<p>Let me know how it goes.</p>",
    "PostedDate": "2010-10-19T07:48:45.027-07:00",
    "UserRole": null,
    "MarkedAsAnswerDate": null
  },
  {
    "Id": "509415",
    "ThreadId": "231483",
    "Html": "<p>10x for your responce.</p>\r\n<p>Anyway, i've tried all of <span id=\"result_box\" lang=en><span style=\"color:#000000\">these options and with no result.</span></span></p>\r\n<p><span lang=en><span style=\"color:#000000\">Can you send me come compiled sample with all required dll?<br></span></span></p>",
    "PostedDate": "2010-10-19T07:56:30.42-07:00",
    "UserRole": null,
    "MarkedAsAnswerDate": null
  },
  {
    "Id": "509423",
    "ThreadId": "231483",
    "Html": "<p>VST.NET is currenly 32-bit only. Are you running FL in 32-bit?</p>",
    "PostedDate": "2010-10-19T08:00:41.59-07:00",
    "UserRole": null,
    "MarkedAsAnswerDate": null
  },
  {
    "Id": "509461",
    "ThreadId": "231483",
    "Html": "<p>Yes!</p>\r\n<p>Windows XP SP3</p>\r\n<p>VS2010 (Compiled as .NET 2)</p>\r\n<p>FL9</p>\r\n<p>Anyway you have any correct answer or working sample?</p>\r\n<p>&nbsp;</p>",
    "PostedDate": "2010-10-19T08:51:08.923-07:00",
    "UserRole": null,
    "MarkedAsAnswerDate": null
  },
  {
    "Id": "510351",
    "ThreadId": "231483",
    "Html": "<p>Check out this thread:&nbsp;<a href=\"http://vstnet.codeplex.com/Thread/View.aspx?ThreadId=47252\">http://vstnet.codeplex.com/Thread/View.aspx?ThreadId=47252</a></p>\r\n<p>Perhaps the VC CRT is not present on your system...?</p>\r\n<p>Hope it helps.<br>Marc&nbsp;</p>",
    "PostedDate": "2010-10-21T01:46:24.307-07:00",
    "UserRole": null,
    "MarkedAsAnswerDate": null
  },
  {
    "Id": "510357",
    "ThreadId": "231483",
    "Html": "Hi.<br><br>VC CRT is present. I have tried to reinstall but with no results.<br><br>Btw,, why i unable to see plugins in VSTHost?<br><br><div>On Thu, Oct 21, 2010 at 11:46 AM, obiwanjacobi <span dir=ltr>&lt;<a href=\"mailto:notifications@codeplex.com\">notifications@codeplex.com</a>&gt;</span> wrote:<br>\r\n<blockquote style=\"margin:0pt 0pt 0pt 0.8ex;padding-left:1ex\">   <div> <p>From: obiwanjacobi</p> <div><p>Check out this thread: <a href=\"http://vstnet.codeplex.com/Thread/View.aspx?ThreadId=47252\">http://vstnet.codeplex.com/Thread/View.aspx?ThreadId=47252</a></p>\r\n\r\n<p>Perhaps the VC CRT is not present on your system...?</p>\r\n<p>Hope it helps.<br>Marc </p></div><div> <div> <p>Read the <a href=\"http://vstnet.codeplex.com/Thread/View.aspx?ThreadId=231483&ANCHOR#Post510351\">full discussion online</a>.</p> <p>To add a post to this discussion, reply to this email (<a href=\"mailto:vstnet@discussions.codeplex.com?subject=[vstnet:231483]\">vstnet@discussions.codeplex.com</a>)</p>\r\n <p>To start a new discussion for this project, email <a href=\"mailto:vstnet@discussions.codeplex.com\">vstnet@discussions.codeplex.com</a></p> <p>You are receiving this email because you subscribed to this discussion on CodePlex. You can <a href=\"http://www.codeplex.com/site/discussions/thread/unsubscribe/231483\">unsubscribe</a> on CodePlex.com.</p>\r\n <p>Please note: Images and attachments will be removed from emails. Any posts to this discussion will also be available online at CodePlex.com</p> </div> </div></div> </blockquote></div><br>",
    "PostedDate": "2010-10-21T01:56:00.497-07:00",
    "UserRole": null,
    "MarkedAsAnswerDate": null
  },
  {
    "Id": "510359",
    "ThreadId": "231483",
    "Html": "<p>&quot;why i unable to see plugins in VSTHost?&quot;</p>\r\n<p>I don't know. It works on my machine ;-)</p>\r\n<p>I'm starting to run out of options here...</p>\r\n<p>Can you attach VS2008 to VSTHost.exe and load one of the plugins (Delay or so) and turn &quot;break on all exceptions&quot; on...?</p>",
    "PostedDate": "2010-10-21T01:59:38.05-07:00",
    "UserRole": null,
    "MarkedAsAnswerDate": null
  },
  {
    "Id": "510366",
    "ThreadId": "231483",
    "Html": "&gt;&gt;Can you attach VS2008 to VSTHost.exe and load one of the plugins (Delay or so) and turn &quot;break on all exceptions&quot; on...?<br>How can i load if there is no plugin in list exept FL plugins.<br><br>Your plugins placed same dir FL plugins.<br>\r\n<br><div>On Thu, Oct 21, 2010 at 11:59 AM, obiwanjacobi <span dir=ltr>&lt;<a href=\"mailto:notifications@codeplex.com\">notifications@codeplex.com</a>&gt;</span> wrote:<br><blockquote style=\"margin:0pt 0pt 0pt 0.8ex;padding-left:1ex\">\r\n   <div> <p>From: obiwanjacobi</p> <div><div><p>&quot;why i unable to see plugins in VSTHost?&quot;</p>\r\n</div><p>I don't know. It works on my machine ;-)</p>\r\n<p>I'm starting to run out of options here...</p>\r\n<p>Can you attach VS2008 to VSTHost.exe and load one of the plugins (Delay or so) and turn &quot;break on all exceptions&quot; on...?</p></div><div> <div> <p>Read the <a href=\"http://vstnet.codeplex.com/Thread/View.aspx?ThreadId=231483&ANCHOR#Post510359\">full discussion online</a>.</p>\r\n <p>To add a post to this discussion, reply to this email (<a href=\"mailto:vstnet@discussions.codeplex.com?subject=[vstnet:231483]\">vstnet@discussions.codeplex.com</a>)</p> <p>To start a new discussion for this project, email <a href=\"mailto:vstnet@discussions.codeplex.com\">vstnet@discussions.codeplex.com</a></p>\r\n <p>You are receiving this email because you subscribed to this discussion on CodePlex. You can <a href=\"http://www.codeplex.com/site/discussions/thread/unsubscribe/231483\">unsubscribe</a> on CodePlex.com.</p>\r\n <p>Please note: Images and attachments will be removed from emails. Any posts to this discussion will also be available online at CodePlex.com</p> </div> </div></div> </blockquote></div><br>",
    "PostedDate": "2010-10-21T02:05:20.603-07:00",
    "UserRole": null,
    "MarkedAsAnswerDate": null
  },
  {
    "Id": "510375",
    "ThreadId": "231483",
    "Html": "<p>I thought you said they also didn't work in VSTHost.exe.</p>\r\n<p>VSTHost has a load function and would perhaps provide some insight into what the problem is; perhaps the same problem why FL doesn't work...</p>\r\n<p>To test in FL you could start the debugger with a command line that targets FL...</p>",
    "PostedDate": "2010-10-21T02:18:01.033-07:00",
    "UserRole": null,
    "MarkedAsAnswerDate": null
  },
  {
    "Id": "510380",
    "ThreadId": "231483",
    "Html": "How to start debugger?<br><br><div>On Thu, Oct 21, 2010 at 12:18 PM, obiwanjacobi <span dir=ltr>&lt;<a href=\"mailto:notifications@codeplex.com\">notifications@codeplex.com</a>&gt;</span> wrote:<br><blockquote style=\"margin:0pt 0pt 0pt 0.8ex;padding-left:1ex\">\r\n   <div> <p>From: obiwanjacobi</p> <div><p>I thought you said they also didn't work in VSTHost.exe.</p>\r\n<p>VSTHost has a load function and would perhaps provide some insight into what the problem is; perhaps the same problem why FL doesn't work...</p>\r\n<p>To test in FL you could start the debugger with a command line that targets FL...</p></div><div> <div> <p>Read the <a href=\"http://vstnet.codeplex.com/Thread/View.aspx?ThreadId=231483&ANCHOR#Post510375\">full discussion online</a>.</p>\r\n <p>To add a post to this discussion, reply to this email (<a href=\"mailto:vstnet@discussions.codeplex.com?subject=[vstnet:231483]\">vstnet@discussions.codeplex.com</a>)</p> <p>To start a new discussion for this project, email <a href=\"mailto:vstnet@discussions.codeplex.com\">vstnet@discussions.codeplex.com</a></p>\r\n <p>You are receiving this email because you subscribed to this discussion on CodePlex. You can <a href=\"http://www.codeplex.com/site/discussions/thread/unsubscribe/231483\">unsubscribe</a> on CodePlex.com.</p>\r\n <p>Please note: Images and attachments will be removed from emails. Any posts to this discussion will also be available online at CodePlex.com</p> </div> </div></div> </blockquote></div><br>",
    "PostedDate": "2010-10-21T02:27:30.45-07:00",
    "UserRole": null,
    "MarkedAsAnswerDate": null
  },
  {
    "Id": "510381",
    "ThreadId": "231483",
    "Html": "When i start Jacobi.Vst.Samples.Host.exe:<br><br>Could not load file or assembly 'Jacobi.Vst.Interop, Version=0.9.0.0, Culture=neutral, PublicKeyToken=fa678e13c1efc859' or one of its dependencies. This application has failed to start because the application configuration is incorrect. Reinstalling the application may fix this problem. (Exception from HRESULT: 0x800736B1) <br>\r\n<br><div>On Thu, Oct 21, 2010 at 12:27 PM, 62316e 62316e <span dir=ltr>&lt;<a href=\"mailto:62316e@gmail.com\">62316e@gmail.com</a>&gt;</span> wrote:<br><blockquote style=\"margin:0pt 0pt 0pt 0.8ex;padding-left:1ex\">\r\nHow to start debugger?<div><div></div><div><br><br><div>On Thu, Oct 21, 2010 at 12:18 PM, obiwanjacobi <span dir=ltr>&lt;<a href=\"mailto:notifications@codeplex.com\">notifications@codeplex.com</a>&gt;</span> wrote:<br>\r\n<blockquote style=\"margin:0pt 0pt 0pt 0.8ex;padding-left:1ex\">\r\n   <div> <p>From: obiwanjacobi</p> <div><p>I thought you said they also didn't work in VSTHost.exe.</p>\r\n<p>VSTHost has a load function and would perhaps provide some insight into what the problem is; perhaps the same problem why FL doesn't work...</p>\r\n<p>To test in FL you could start the debugger with a command line that targets FL...</p></div><div> <div> <p>Read the <a href=\"http://vstnet.codeplex.com/Thread/View.aspx?ThreadId=231483&ANCHOR#Post510375\">full discussion online</a>.</p>\r\n\r\n <p>To add a post to this discussion, reply to this email (<a href=\"mailto:vstnet@discussions.codeplex.com?subject=[vstnet:231483]\">vstnet@discussions.codeplex.com</a>)</p> <p>To start a new discussion for this project, email <a href=\"mailto:vstnet@discussions.codeplex.com\">vstnet@discussions.codeplex.com</a></p>\r\n\r\n <p>You are receiving this email because you subscribed to this discussion on CodePlex. You can <a href=\"http://www.codeplex.com/site/discussions/thread/unsubscribe/231483\">unsubscribe</a> on CodePlex.com.</p>\r\n\r\n <p>Please note: Images and attachments will be removed from emails. Any posts to this discussion will also be available online at CodePlex.com</p> </div> </div></div> </blockquote></div><br>\r\n</div></div></blockquote></div><br>",
    "PostedDate": "2010-10-21T02:30:50.44-07:00",
    "UserRole": null,
    "MarkedAsAnswerDate": null
  },
  {
    "Id": "510392",
    "ThreadId": "231483",
    "Html": "I get lattest version from source code.<br><br>1. I build general source code.<br><br>Error    2    The type or namespace name 'VstPluginContext' could not be found (are you missing a using directive or an assembly reference?)    D:\\3\\Samples\\Jacobi.Vst.Samples.WrapperPlugin\\PluginCommandStubAdapter.cs    13    17    Jacobi.Vst.Samples.WrapperPlugin<br>\r\nError    7    The type or namespace name 'VstPluginContext' could not be found (are you missing a using directive or an assembly reference?)    D:\\3\\Samples\\Jacobi.Vst.Samples.Host\\MainForm.cs    13    22    Jacobi.Vst.Samples.Host<br>\r\nError    8    The type or namespace name 'VstPluginContext' could not be found (are you missing a using directive or an assembly reference?)    D:\\3\\Samples\\Jacobi.Vst.Samples.Host\\PluginForm.cs    16    16    Jacobi.Vst.Samples.Host<br>\r\nError    9    The type or namespace name 'VstPluginContext' could not be found (are you missing a using directive or an assembly reference?)    D:\\3\\Samples\\Jacobi.Vst.Samples.Host\\MainForm.cs    37    17    Jacobi.Vst.Samples.Host<br>\r\nError    10    The type or namespace name 'VstPluginContext' could not be found (are you missing a using directive or an assembly reference?)    D:\\3\\Samples\\Jacobi.Vst.Samples.Host\\MainForm.cs    74    17    Jacobi.Vst.Samples.Host<br>\r\nError    1    The type or namespace name 'Interop' does not exist in the namespace 'Jacobi.Vst' (are you missing an assembly reference?)    D:\\3\\Samples\\Jacobi.Vst.Samples.WrapperPlugin\\PluginCommandStubAdapter.cs    7    18    Jacobi.Vst.Samples.WrapperPlugin<br>\r\nError    3    The type or namespace name 'Interop' does not exist in the namespace 'Jacobi.Vst' (are you missing an assembly reference?)    D:\\3\\Samples\\Jacobi.Vst.Samples.Host\\HostCommandStub.cs    4    18    Jacobi.Vst.Samples.Host<br>\r\nError    4    The type or namespace name 'Interop' does not exist in the namespace 'Jacobi.Vst' (are you missing an assembly reference?)    D:\\3\\Samples\\Jacobi.Vst.Samples.Host\\PluginForm.cs    5    18    Jacobi.Vst.Samples.Host<br>\r\nError    5    The type or namespace name 'Interop' does not exist in the namespace 'Jacobi.Vst' (are you missing an assembly reference?)    D:\\3\\Samples\\Jacobi.Vst.Samples.Host\\EditorFrame.cs    6    18    Jacobi.Vst.Samples.Host<br>\r\nError    6    The type or namespace name 'Interop' does not exist in the namespace 'Jacobi.Vst' (are you missing an assembly reference?)    D:\\3\\Samples\\Jacobi.Vst.Samples.Host\\MainForm.cs    7    18    Jacobi.Vst.Samples.Host<br>\r\n<br><br><div>On Thu, Oct 21, 2010 at 12:30 PM, 62316e 62316e <span dir=ltr>&lt;<a href=\"mailto:62316e@gmail.com\">62316e@gmail.com</a>&gt;</span> wrote:<br><blockquote style=\"margin:0pt 0pt 0pt 0.8ex;padding-left:1ex\">\r\nWhen i start Jacobi.Vst.Samples.Host.exe:<br><br>Could not load file or assembly 'Jacobi.Vst.Interop, Version=0.9.0.0, Culture=neutral, PublicKeyToken=fa678e13c1efc859' or one of its dependencies. This application has failed to start because the application configuration is incorrect. Reinstalling the application may fix this problem. (Exception from HRESULT: 0x800736B1) <br>\r\n<div><div></div><div>\r\n<br><div>On Thu, Oct 21, 2010 at 12:27 PM, 62316e 62316e <span dir=ltr>&lt;<a href=\"mailto:62316e@gmail.com\">62316e@gmail.com</a>&gt;</span> wrote:<br><blockquote style=\"margin:0pt 0pt 0pt 0.8ex;padding-left:1ex\">\r\n\r\nHow to start debugger?<div><div></div><div><br><br><div>On Thu, Oct 21, 2010 at 12:18 PM, obiwanjacobi <span dir=ltr>&lt;<a href=\"mailto:notifications@codeplex.com\">notifications@codeplex.com</a>&gt;</span> wrote:<br>\r\n\r\n<blockquote style=\"margin:0pt 0pt 0pt 0.8ex;padding-left:1ex\">\r\n   <div> <p>From: obiwanjacobi</p> <div><p>I thought you said they also didn't work in VSTHost.exe.</p>\r\n<p>VSTHost has a load function and would perhaps provide some insight into what the problem is; perhaps the same problem why FL doesn't work...</p>\r\n<p>To test in FL you could start the debugger with a command line that targets FL...</p></div><div> <div> <p>Read the <a href=\"http://vstnet.codeplex.com/Thread/View.aspx?ThreadId=231483&ANCHOR#Post510375\">full discussion online</a>.</p>\r\n\r\n\r\n <p>To add a post to this discussion, reply to this email (<a href=\"mailto:vstnet@discussions.codeplex.com?subject=[vstnet:231483]\">vstnet@discussions.codeplex.com</a>)</p> <p>To start a new discussion for this project, email <a href=\"mailto:vstnet@discussions.codeplex.com\">vstnet@discussions.codeplex.com</a></p>\r\n\r\n\r\n <p>You are receiving this email because you subscribed to this discussion on CodePlex. You can <a href=\"http://www.codeplex.com/site/discussions/thread/unsubscribe/231483\">unsubscribe</a> on CodePlex.com.</p>\r\n\r\n\r\n <p>Please note: Images and attachments will be removed from emails. Any posts to this discussion will also be available online at CodePlex.com</p> </div> </div></div> </blockquote></div><br>\r\n</div></div></blockquote></div><br>\r\n</div></div></blockquote></div><br>",
    "PostedDate": "2010-10-21T02:47:40.73-07:00",
    "UserRole": null,
    "MarkedAsAnswerDate": null
  },
  {
    "Id": "510394",
    "ThreadId": "231483",
    "Html": "I have managed to compile 1 midi sample without errors.<br><br>And now when i tried to rescan plugins in VSTHost i receive:<br><br>---------------------------<br><a href=\"http://VST.NET\">VST.NET</a> Error<br>---------------------------<br>\r\nSystem.IO.FileNotFoundException: Could not find the managed VST plugin assembly with either the .net.dll or .net.vstdll extension.<br><br>   at Jacobi.Vst.Core.Plugin.ManagedPluginFactory.LoadAssembly(String assemblyName)<br>\r\n<br>   at Jacobi.Vst.Core.Plugin.ManagedPluginFactory.LoadAssemblyByDefaultName(String interopAssemblyPath)<br><br>   at Jacobi.Vst.Interop.Bootstrapper.LoadManagedPlugin(String pluginPath, Configuration config)<br><br>   at Jacobi.Vst.Interop.VSTPluginMainInternal(Bootstrapper bootstrapper, IntPtr hostCallback)<br>\r\n<br>File name = 'Jacobi.Vst.Interop'.<br><br><br>---------------------------<br>OK   <br>---------------------------<br><br><br><div>On Thu, Oct 21, 2010 at 12:47 PM, 62316e 62316e <span dir=ltr>&lt;<a href=\"mailto:62316e@gmail.com\">62316e@gmail.com</a>&gt;</span> wrote:<br>\r\n<blockquote style=\"margin:0pt 0pt 0pt 0.8ex;padding-left:1ex\">I get lattest version from source code.<br><br>1. I build general source code.<br><br>Error    2    The type or namespace name 'VstPluginContext' could not be found (are you missing a using directive or an assembly reference?)    D:\\3\\Samples\\Jacobi.Vst.Samples.WrapperPlugin\\PluginCommandStubAdapter.cs    13    17    Jacobi.Vst.Samples.WrapperPlugin<br>\r\n\r\nError    7    The type or namespace name 'VstPluginContext' could not be found (are you missing a using directive or an assembly reference?)    D:\\3\\Samples\\Jacobi.Vst.Samples.Host\\MainForm.cs    13    22    Jacobi.Vst.Samples.Host<br>\r\n\r\nError    8    The type or namespace name 'VstPluginContext' could not be found (are you missing a using directive or an assembly reference?)    D:\\3\\Samples\\Jacobi.Vst.Samples.Host\\PluginForm.cs    16    16    Jacobi.Vst.Samples.Host<br>\r\n\r\nError    9    The type or namespace name 'VstPluginContext' could not be found (are you missing a using directive or an assembly reference?)    D:\\3\\Samples\\Jacobi.Vst.Samples.Host\\MainForm.cs    37    17    Jacobi.Vst.Samples.Host<br>\r\n\r\nError    10    The type or namespace name 'VstPluginContext' could not be found (are you missing a using directive or an assembly reference?)    D:\\3\\Samples\\Jacobi.Vst.Samples.Host\\MainForm.cs    74    17    Jacobi.Vst.Samples.Host<br>\r\n\r\nError    1    The type or namespace name 'Interop' does not exist in the namespace 'Jacobi.Vst' (are you missing an assembly reference?)    D:\\3\\Samples\\Jacobi.Vst.Samples.WrapperPlugin\\PluginCommandStubAdapter.cs    7    18    Jacobi.Vst.Samples.WrapperPlugin<br>\r\n\r\nError    3    The type or namespace name 'Interop' does not exist in the namespace 'Jacobi.Vst' (are you missing an assembly reference?)    D:\\3\\Samples\\Jacobi.Vst.Samples.Host\\HostCommandStub.cs    4    18    Jacobi.Vst.Samples.Host<br>\r\n\r\nError    4    The type or namespace name 'Interop' does not exist in the namespace 'Jacobi.Vst' (are you missing an assembly reference?)    D:\\3\\Samples\\Jacobi.Vst.Samples.Host\\PluginForm.cs    5    18    Jacobi.Vst.Samples.Host<br>\r\n\r\nError    5    The type or namespace name 'Interop' does not exist in the namespace 'Jacobi.Vst' (are you missing an assembly reference?)    D:\\3\\Samples\\Jacobi.Vst.Samples.Host\\EditorFrame.cs    6    18    Jacobi.Vst.Samples.Host<br>\r\n\r\nError    6    The type or namespace name 'Interop' does not exist in the namespace 'Jacobi.Vst' (are you missing an assembly reference?)    D:\\3\\Samples\\Jacobi.Vst.Samples.Host\\MainForm.cs    7    18    Jacobi.Vst.Samples.Host<div>\r\n<div></div><div><br>\r\n<br><br><div>On Thu, Oct 21, 2010 at 12:30 PM, 62316e 62316e <span dir=ltr>&lt;<a href=\"mailto:62316e@gmail.com\">62316e@gmail.com</a>&gt;</span> wrote:<br><blockquote style=\"margin:0pt 0pt 0pt 0.8ex;padding-left:1ex\">\r\n\r\nWhen i start Jacobi.Vst.Samples.Host.exe:<br><br>Could not load file or assembly 'Jacobi.Vst.Interop, Version=0.9.0.0, Culture=neutral, PublicKeyToken=fa678e13c1efc859' or one of its dependencies. This application has failed to start because the application configuration is incorrect. Reinstalling the application may fix this problem. (Exception from HRESULT: 0x800736B1) <br>\r\n\r\n<div><div></div><div>\r\n<br><div>On Thu, Oct 21, 2010 at 12:27 PM, 62316e 62316e <span dir=ltr>&lt;<a href=\"mailto:62316e@gmail.com\">62316e@gmail.com</a>&gt;</span> wrote:<br><blockquote style=\"margin:0pt 0pt 0pt 0.8ex;padding-left:1ex\">\r\n\r\n\r\nHow to start debugger?<div><div></div><div><br><br><div>On Thu, Oct 21, 2010 at 12:18 PM, obiwanjacobi <span dir=ltr>&lt;<a href=\"mailto:notifications@codeplex.com\">notifications@codeplex.com</a>&gt;</span> wrote:<br>\r\n\r\n\r\n<blockquote style=\"margin:0pt 0pt 0pt 0.8ex;padding-left:1ex\">\r\n   <div> <p>From: obiwanjacobi</p> <div><p>I thought you said they also didn't work in VSTHost.exe.</p>\r\n<p>VSTHost has a load function and would perhaps provide some insight into what the problem is; perhaps the same problem why FL doesn't work...</p>\r\n<p>To test in FL you could start the debugger with a command line that targets FL...</p></div><div> <div> <p>Read the <a href=\"http://vstnet.codeplex.com/Thread/View.aspx?ThreadId=231483&ANCHOR#Post510375\">full discussion online</a>.</p>\r\n\r\n\r\n\r\n <p>To add a post to this discussion, reply to this email (<a href=\"mailto:vstnet@discussions.codeplex.com?subject=[vstnet:231483]\">vstnet@discussions.codeplex.com</a>)</p> <p>To start a new discussion for this project, email <a href=\"mailto:vstnet@discussions.codeplex.com\">vstnet@discussions.codeplex.com</a></p>\r\n\r\n\r\n\r\n <p>You are receiving this email because you subscribed to this discussion on CodePlex. You can <a href=\"http://www.codeplex.com/site/discussions/thread/unsubscribe/231483\">unsubscribe</a> on CodePlex.com.</p>\r\n\r\n\r\n\r\n <p>Please note: Images and attachments will be removed from emails. Any posts to this discussion will also be available online at CodePlex.com</p> </div> </div></div> </blockquote></div><br>\r\n</div></div></blockquote></div><br>\r\n</div></div></blockquote></div><br>\r\n</div></div></blockquote></div><br>",
    "PostedDate": "2010-10-21T02:49:50.547-07:00",
    "UserRole": null,
    "MarkedAsAnswerDate": null
  },
  {
    "Id": "510395",
    "ThreadId": "231483",
    "Html": "I dont know why! But now plugin is succesfully loaded into VSTHost and FL studio without errors.<br><br><div>On Thu, Oct 21, 2010 at 12:49 PM, 62316e 62316e <span dir=ltr>&lt;<a href=\"mailto:62316e@gmail.com\">62316e@gmail.com</a>&gt;</span> wrote:<br>\r\n<blockquote style=\"margin:0pt 0pt 0pt 0.8ex;padding-left:1ex\">I have managed to compile 1 midi sample without errors.<br><br>And now when i tried to rescan plugins in VSTHost i receive:<br>\r\n<br>---------------------------<br><a href=\"http://VST.NET\">VST.NET</a> Error<br>---------------------------<br>\r\nSystem.IO.FileNotFoundException: Could not find the managed VST plugin assembly with either the .net.dll or .net.vstdll extension.<br><br>   at Jacobi.Vst.Core.Plugin.ManagedPluginFactory.LoadAssembly(String assemblyName)<br>\r\n\r\n<br>   at Jacobi.Vst.Core.Plugin.ManagedPluginFactory.LoadAssemblyByDefaultName(String interopAssemblyPath)<br><br>   at Jacobi.Vst.Interop.Bootstrapper.LoadManagedPlugin(String pluginPath, Configuration config)<br><br>   at Jacobi.Vst.Interop.VSTPluginMainInternal(Bootstrapper bootstrapper, IntPtr hostCallback)<br>\r\n\r\n<br>File name = 'Jacobi.Vst.Interop'.<br><br><br>---------------------------<br>OK   <br>---------------------------<div><div></div><div><br><br><br><div>On Thu, Oct 21, 2010 at 12:47 PM, 62316e 62316e <span dir=ltr>&lt;<a href=\"mailto:62316e@gmail.com\">62316e@gmail.com</a>&gt;</span> wrote:<br>\r\n\r\n<blockquote style=\"margin:0pt 0pt 0pt 0.8ex;padding-left:1ex\">I get lattest version from source code.<br><br>1. I build general source code.<br><br>Error    2    The type or namespace name 'VstPluginContext' could not be found (are you missing a using directive or an assembly reference?)    D:\\3\\Samples\\Jacobi.Vst.Samples.WrapperPlugin\\PluginCommandStubAdapter.cs    13    17    Jacobi.Vst.Samples.WrapperPlugin<br>\r\n\r\n\r\nError    7    The type or namespace name 'VstPluginContext' could not be found (are you missing a using directive or an assembly reference?)    D:\\3\\Samples\\Jacobi.Vst.Samples.Host\\MainForm.cs    13    22    Jacobi.Vst.Samples.Host<br>\r\n\r\n\r\nError    8    The type or namespace name 'VstPluginContext' could not be found (are you missing a using directive or an assembly reference?)    D:\\3\\Samples\\Jacobi.Vst.Samples.Host\\PluginForm.cs    16    16    Jacobi.Vst.Samples.Host<br>\r\n\r\n\r\nError    9    The type or namespace name 'VstPluginContext' could not be found (are you missing a using directive or an assembly reference?)    D:\\3\\Samples\\Jacobi.Vst.Samples.Host\\MainForm.cs    37    17    Jacobi.Vst.Samples.Host<br>\r\n\r\n\r\nError    10    The type or namespace name 'VstPluginContext' could not be found (are you missing a using directive or an assembly reference?)    D:\\3\\Samples\\Jacobi.Vst.Samples.Host\\MainForm.cs    74    17    Jacobi.Vst.Samples.Host<br>\r\n\r\n\r\nError    1    The type or namespace name 'Interop' does not exist in the namespace 'Jacobi.Vst' (are you missing an assembly reference?)    D:\\3\\Samples\\Jacobi.Vst.Samples.WrapperPlugin\\PluginCommandStubAdapter.cs    7    18    Jacobi.Vst.Samples.WrapperPlugin<br>\r\n\r\n\r\nError    3    The type or namespace name 'Interop' does not exist in the namespace 'Jacobi.Vst' (are you missing an assembly reference?)    D:\\3\\Samples\\Jacobi.Vst.Samples.Host\\HostCommandStub.cs    4    18    Jacobi.Vst.Samples.Host<br>\r\n\r\n\r\nError    4    The type or namespace name 'Interop' does not exist in the namespace 'Jacobi.Vst' (are you missing an assembly reference?)    D:\\3\\Samples\\Jacobi.Vst.Samples.Host\\PluginForm.cs    5    18    Jacobi.Vst.Samples.Host<br>\r\n\r\n\r\nError    5    The type or namespace name 'Interop' does not exist in the namespace 'Jacobi.Vst' (are you missing an assembly reference?)    D:\\3\\Samples\\Jacobi.Vst.Samples.Host\\EditorFrame.cs    6    18    Jacobi.Vst.Samples.Host<br>\r\n\r\n\r\nError    6    The type or namespace name 'Interop' does not exist in the namespace 'Jacobi.Vst' (are you missing an assembly reference?)    D:\\3\\Samples\\Jacobi.Vst.Samples.Host\\MainForm.cs    7    18    Jacobi.Vst.Samples.Host<div>\r\n\r\n<div></div><div><br>\r\n<br><br><div>On Thu, Oct 21, 2010 at 12:30 PM, 62316e 62316e <span dir=ltr>&lt;<a href=\"mailto:62316e@gmail.com\">62316e@gmail.com</a>&gt;</span> wrote:<br><blockquote style=\"margin:0pt 0pt 0pt 0.8ex;padding-left:1ex\">\r\n\r\n\r\nWhen i start Jacobi.Vst.Samples.Host.exe:<br><br>Could not load file or assembly 'Jacobi.Vst.Interop, Version=0.9.0.0, Culture=neutral, PublicKeyToken=fa678e13c1efc859' or one of its dependencies. This application has failed to start because the application configuration is incorrect. Reinstalling the application may fix this problem. (Exception from HRESULT: 0x800736B1) <br>\r\n\r\n\r\n<div><div></div><div>\r\n<br><div>On Thu, Oct 21, 2010 at 12:27 PM, 62316e 62316e <span dir=ltr>&lt;<a href=\"mailto:62316e@gmail.com\">62316e@gmail.com</a>&gt;</span> wrote:<br><blockquote style=\"margin:0pt 0pt 0pt 0.8ex;padding-left:1ex\">\r\n\r\n\r\n\r\nHow to start debugger?<div><div></div><div><br><br><div>On Thu, Oct 21, 2010 at 12:18 PM, obiwanjacobi <span dir=ltr>&lt;<a href=\"mailto:notifications@codeplex.com\">notifications@codeplex.com</a>&gt;</span> wrote:<br>\r\n\r\n\r\n\r\n<blockquote style=\"margin:0pt 0pt 0pt 0.8ex;padding-left:1ex\">\r\n   <div> <p>From: obiwanjacobi</p> <div><p>I thought you said they also didn't work in VSTHost.exe.</p>\r\n<p>VSTHost has a load function and would perhaps provide some insight into what the problem is; perhaps the same problem why FL doesn't work...</p>\r\n<p>To test in FL you could start the debugger with a command line that targets FL...</p></div><div> <div> <p>Read the <a href=\"http://vstnet.codeplex.com/Thread/View.aspx?ThreadId=231483&ANCHOR#Post510375\">full discussion online</a>.</p>\r\n\r\n\r\n\r\n\r\n <p>To add a post to this discussion, reply to this email (<a href=\"mailto:vstnet@discussions.codeplex.com?subject=[vstnet:231483]\">vstnet@discussions.codeplex.com</a>)</p> <p>To start a new discussion for this project, email <a href=\"mailto:vstnet@discussions.codeplex.com\">vstnet@discussions.codeplex.com</a></p>\r\n\r\n\r\n\r\n\r\n <p>You are receiving this email because you subscribed to this discussion on CodePlex. You can <a href=\"http://www.codeplex.com/site/discussions/thread/unsubscribe/231483\">unsubscribe</a> on CodePlex.com.</p>\r\n\r\n\r\n\r\n\r\n <p>Please note: Images and attachments will be removed from emails. Any posts to this discussion will also be available online at CodePlex.com</p> </div> </div></div> </blockquote></div><br>\r\n</div></div></blockquote></div><br>\r\n</div></div></blockquote></div><br>\r\n</div></div></blockquote></div><br>\r\n</div></div></blockquote></div><br>",
    "PostedDate": "2010-10-21T02:51:00.593-07:00",
    "UserRole": null,
    "MarkedAsAnswerDate": null
  },
  {
    "Id": "510399",
    "ThreadId": "231483",
    "Html": "I think there was a problem in my DNA.<br><br><div>On Thu, Oct 21, 2010 at 12:50 PM, 62316e 62316e <span dir=ltr>&lt;<a href=\"mailto:62316e@gmail.com\">62316e@gmail.com</a>&gt;</span> wrote:<br><blockquote style=\"margin:0pt 0pt 0pt 0.8ex;padding-left:1ex\">\r\nI dont know why! But now plugin is succesfully loaded into VSTHost and FL studio without errors.<div><div></div><div><br><br><div>On Thu, Oct 21, 2010 at 12:49 PM, 62316e 62316e <span dir=ltr>&lt;<a href=\"mailto:62316e@gmail.com\">62316e@gmail.com</a>&gt;</span> wrote:<br>\r\n\r\n<blockquote style=\"margin:0pt 0pt 0pt 0.8ex;padding-left:1ex\">I have managed to compile 1 midi sample without errors.<br><br>And now when i tried to rescan plugins in VSTHost i receive:<br>\r\n\r\n<br>---------------------------<br><a href=\"http://VST.NET\">VST.NET</a> Error<br>---------------------------<br>\r\nSystem.IO.FileNotFoundException: Could not find the managed VST plugin assembly with either the .net.dll or .net.vstdll extension.<br><br>   at Jacobi.Vst.Core.Plugin.ManagedPluginFactory.LoadAssembly(String assemblyName)<br>\r\n\r\n\r\n<br>   at Jacobi.Vst.Core.Plugin.ManagedPluginFactory.LoadAssemblyByDefaultName(String interopAssemblyPath)<br><br>   at Jacobi.Vst.Interop.Bootstrapper.LoadManagedPlugin(String pluginPath, Configuration config)<br><br>   at Jacobi.Vst.Interop.VSTPluginMainInternal(Bootstrapper bootstrapper, IntPtr hostCallback)<br>\r\n\r\n\r\n<br>File name = 'Jacobi.Vst.Interop'.<br><br><br>---------------------------<br>OK   <br>---------------------------<div><div></div><div><br><br><br><div>On Thu, Oct 21, 2010 at 12:47 PM, 62316e 62316e <span dir=ltr>&lt;<a href=\"mailto:62316e@gmail.com\">62316e@gmail.com</a>&gt;</span> wrote:<br>\r\n\r\n\r\n<blockquote style=\"margin:0pt 0pt 0pt 0.8ex;padding-left:1ex\">I get lattest version from source code.<br><br>1. I build general source code.<br><br>Error    2    The type or namespace name 'VstPluginContext' could not be found (are you missing a using directive or an assembly reference?)    D:\\3\\Samples\\Jacobi.Vst.Samples.WrapperPlugin\\PluginCommandStubAdapter.cs    13    17    Jacobi.Vst.Samples.WrapperPlugin<br>\r\n\r\n\r\n\r\nError    7    The type or namespace name 'VstPluginContext' could not be found (are you missing a using directive or an assembly reference?)    D:\\3\\Samples\\Jacobi.Vst.Samples.Host\\MainForm.cs    13    22    Jacobi.Vst.Samples.Host<br>\r\n\r\n\r\n\r\nError    8    The type or namespace name 'VstPluginContext' could not be found (are you missing a using directive or an assembly reference?)    D:\\3\\Samples\\Jacobi.Vst.Samples.Host\\PluginForm.cs    16    16    Jacobi.Vst.Samples.Host<br>\r\n\r\n\r\n\r\nError    9    The type or namespace name 'VstPluginContext' could not be found (are you missing a using directive or an assembly reference?)    D:\\3\\Samples\\Jacobi.Vst.Samples.Host\\MainForm.cs    37    17    Jacobi.Vst.Samples.Host<br>\r\n\r\n\r\n\r\nError    10    The type or namespace name 'VstPluginContext' could not be found (are you missing a using directive or an assembly reference?)    D:\\3\\Samples\\Jacobi.Vst.Samples.Host\\MainForm.cs    74    17    Jacobi.Vst.Samples.Host<br>\r\n\r\n\r\n\r\nError    1    The type or namespace name 'Interop' does not exist in the namespace 'Jacobi.Vst' (are you missing an assembly reference?)    D:\\3\\Samples\\Jacobi.Vst.Samples.WrapperPlugin\\PluginCommandStubAdapter.cs    7    18    Jacobi.Vst.Samples.WrapperPlugin<br>\r\n\r\n\r\n\r\nError    3    The type or namespace name 'Interop' does not exist in the namespace 'Jacobi.Vst' (are you missing an assembly reference?)    D:\\3\\Samples\\Jacobi.Vst.Samples.Host\\HostCommandStub.cs    4    18    Jacobi.Vst.Samples.Host<br>\r\n\r\n\r\n\r\nError    4    The type or namespace name 'Interop' does not exist in the namespace 'Jacobi.Vst' (are you missing an assembly reference?)    D:\\3\\Samples\\Jacobi.Vst.Samples.Host\\PluginForm.cs    5    18    Jacobi.Vst.Samples.Host<br>\r\n\r\n\r\n\r\nError    5    The type or namespace name 'Interop' does not exist in the namespace 'Jacobi.Vst' (are you missing an assembly reference?)    D:\\3\\Samples\\Jacobi.Vst.Samples.Host\\EditorFrame.cs    6    18    Jacobi.Vst.Samples.Host<br>\r\n\r\n\r\n\r\nError    6    The type or namespace name 'Interop' does not exist in the namespace 'Jacobi.Vst' (are you missing an assembly reference?)    D:\\3\\Samples\\Jacobi.Vst.Samples.Host\\MainForm.cs    7    18    Jacobi.Vst.Samples.Host<div>\r\n\r\n\r\n<div></div><div><br>\r\n<br><br><div>On Thu, Oct 21, 2010 at 12:30 PM, 62316e 62316e <span dir=ltr>&lt;<a href=\"mailto:62316e@gmail.com\">62316e@gmail.com</a>&gt;</span> wrote:<br><blockquote style=\"margin:0pt 0pt 0pt 0.8ex;padding-left:1ex\">\r\n\r\n\r\n\r\nWhen i start Jacobi.Vst.Samples.Host.exe:<br><br>Could not load file or assembly 'Jacobi.Vst.Interop, Version=0.9.0.0, Culture=neutral, PublicKeyToken=fa678e13c1efc859' or one of its dependencies. This application has failed to start because the application configuration is incorrect. Reinstalling the application may fix this problem. (Exception from HRESULT: 0x800736B1) <br>\r\n\r\n\r\n\r\n<div><div></div><div>\r\n<br><div>On Thu, Oct 21, 2010 at 12:27 PM, 62316e 62316e <span dir=ltr>&lt;<a href=\"mailto:62316e@gmail.com\">62316e@gmail.com</a>&gt;</span> wrote:<br><blockquote style=\"margin:0pt 0pt 0pt 0.8ex;padding-left:1ex\">\r\n\r\n\r\n\r\n\r\nHow to start debugger?<div><div></div><div><br><br><div>On Thu, Oct 21, 2010 at 12:18 PM, obiwanjacobi <span dir=ltr>&lt;<a href=\"mailto:notifications@codeplex.com\">notifications@codeplex.com</a>&gt;</span> wrote:<br>\r\n\r\n\r\n\r\n\r\n<blockquote style=\"margin:0pt 0pt 0pt 0.8ex;padding-left:1ex\">\r\n   <div> <p>From: obiwanjacobi</p> <div><p>I thought you said they also didn't work in VSTHost.exe.</p>\r\n<p>VSTHost has a load function and would perhaps provide some insight into what the problem is; perhaps the same problem why FL doesn't work...</p>\r\n<p>To test in FL you could start the debugger with a command line that targets FL...</p></div><div> <div> <p>Read the <a href=\"http://vstnet.codeplex.com/Thread/View.aspx?ThreadId=231483&ANCHOR#Post510375\">full discussion online</a>.</p>\r\n\r\n\r\n\r\n\r\n\r\n <p>To add a post to this discussion, reply to this email (<a href=\"mailto:vstnet@discussions.codeplex.com?subject=[vstnet:231483]\">vstnet@discussions.codeplex.com</a>)</p> <p>To start a new discussion for this project, email <a href=\"mailto:vstnet@discussions.codeplex.com\">vstnet@discussions.codeplex.com</a></p>\r\n\r\n\r\n\r\n\r\n\r\n <p>You are receiving this email because you subscribed to this discussion on CodePlex. You can <a href=\"http://www.codeplex.com/site/discussions/thread/unsubscribe/231483\">unsubscribe</a> on CodePlex.com.</p>\r\n\r\n\r\n\r\n\r\n\r\n <p>Please note: Images and attachments will be removed from emails. Any posts to this discussion will also be available online at CodePlex.com</p> </div> </div></div> </blockquote></div><br>\r\n</div></div></blockquote></div><br>\r\n</div></div></blockquote></div><br>\r\n</div></div></blockquote></div><br>\r\n</div></div></blockquote></div><br>\r\n</div></div></blockquote></div><br>",
    "PostedDate": "2010-10-21T02:53:30.707-07:00",
    "UserRole": null,
    "MarkedAsAnswerDate": null
  },
  {
    "Id": "510406",
    "ThreadId": "231483",
    "Html": "<p>Good news.</p>\r\n<p>Both the compile and runtime errors had to do with not finding (the correct version of) Jacobi.Vst.Interop.</p>\r\n<p>Remember that all assemblies are signed (unless you build the code yourself).</p>\r\n<p>Have fun.</p>",
    "PostedDate": "2010-10-21T03:13:13.223-07:00",
    "UserRole": null,
    "MarkedAsAnswerDate": null
  }
]