[
  {
    "Id": "1450976",
    "ThreadId": "647005",
    "Html": "Hi. I'm working on my project. Now I'm trying to write simple VST Host.\r<br />\nI'm using NAudio for getting signal and VST.NET for processing.<br />\n<pre><code>        private AsioOut asioOut;\n        private BufferedWaveProvider bufferedWaveProvider;\n\n        private VstAudioBuffer[] vstBufIn;\n        private VstAudioBuffer[] vstBufOut;\n        private VstPluginContext pluginContext;\n\n        private VstAudioBufferManager inputAudioBufferManager;\n        private VstAudioBufferManager outputAudioBufferManager;\n\n        private void Form1_Load(object sender, EventArgs e)\n        {\n            IVstPluginCommandStub pluginCommandStub;\n\n            string GuitarRigDllPath = &quot;D:\\\\VST\\\\GuitarRig5.dll&quot;;\n            string AnalogDelayDllPath = &quot;D:\\\\VST\\\\AnalogDelay.dll&quot;;\n\n            HostCommandStub hcs = new HostCommandStub();\n            pluginContext = VstPluginContext.Create(GuitarRigDllPath, hcs);\n            pluginCommandStub = pluginContext.PluginCommandStub;\n\n            Rectangle wndRect = new Rectangle();\n            this.Text = pluginCommandStub.GetEffectName();\n            if (pluginCommandStub.EditorGetRect(out wndRect))\n            {\n                this.Size = this.SizeFromClientSize(new Size(wndRect.Width, wndRect.Height));\n                pluginCommandStub.EditorOpen(this.Handle);\n            }\n\n            pluginContext.PluginCommandStub.SetSampleRate(44100f);\n            //Blocksize equal buffersize\n            pluginContext.PluginCommandStub.SetBlockSize(256);\n            \n            inputAudioBufferManager = new VstAudioBufferManager(pluginContext.PluginInfo.AudioInputCount, 256);\n            outputAudioBufferManager = new VstAudioBufferManager(pluginContext.PluginInfo.AudioOutputCount, 256);\n\n            vstBufIn = inputAudioBufferManager.ToArray();\n            vstBufOut = outputAudioBufferManager.ToArray();\n\n            bufferedWaveProvider = new BufferedWaveProvider(WaveFormat.CreateIeeeFloatWaveFormat(44100,2));\n            \n            asioOut = new AsioOut(1);\n\n            asioOut.InitRecordAndPlayback(bufferedWaveProvider, 2, 44100);\n            asioOut.AudioAvailable += AsioOut_AudioAvailable;\n            asioOut.Play();\n\n            pluginContext.PluginCommandStub.MainsChanged(true);\n            pluginContext.PluginCommandStub.StartProcess();\n\n            this.Closing += OnClosing;\n        }\n\n        private void AsioOut_AudioAvailable(object sender, AsioAudioAvailableEventArgs e)\n        {\n\n            byte[] tmpByteInputBuffer = new byte[e.SamplesPerBuffer*4];\n\n            //Copying the incoming bytes to array of bytes\n            Marshal.Copy(e.InputBuffers[1], tmpByteInputBuffer,0,e.SamplesPerBuffer*4);\n            \n            //Filling the VstAudioBuffer\n            for (int i = 0; i &lt; e.SamplesPerBuffer; i++)\n            {\n                for (int j = 0; j &lt; tmpByteInputBuffer.Length; j += 4)\n                {\n                    //Converting an array of bytes to a float value\n                    vstBufIn[0][i] = BitConverter.ToSingle(tmpByteInputBuffer, j);\n                    i++;\n                }\n            }\n            \n            pluginContext.PluginCommandStub.ProcessReplacing(vstBufIn, vstBufOut);\n            pluginContext.PluginCommandStub.EditorIdle();\n\n            byte[] tmp = new byte[4];\n            byte[] OutByteBuffer = new byte[e.SamplesPerBuffer*4];\n            int q = 0;\n\n            //Converting array of float to array of bytes\n            for (int i = 0; i&lt; e.SamplesPerBuffer; i++)\n            {\n                //Converting a float value to the array of bytes\n                tmp = BitConverter.GetBytes(vstBufOut[0][i]);\n\n                //Adding the converted float value to the end of array of bytes\n                for (int j = 0; j &lt; 4; j++)\n                {\n                    OutByteBuffer[q] = tmp[j];\n                    q++;\n                }\n            }\n\n            //Copying the array of bytes to the output buffer\n            Marshal.Copy(OutByteBuffer, 0, e.OutputBuffers[0], e.SamplesPerBuffer*4);\n            Marshal.Copy(OutByteBuffer, 0, e.OutputBuffers[1], e.SamplesPerBuffer * 4);\n\n            e.WrittenToOutputBuffers = true;\n\n        }</code></pre>\n\nSo, it is important that the programm will working with Guitar Rig. When ProcessReplacing happens there's come very quiet and distorted sound (sound of my guitar, not the noise) to the output.\r<br />\n<br />\nAlso i tried to connect another plugins such as delay and equalizer.\r<br />\nWith delay only I heard was very loud distorted noise.\r<br />\nWith equalizer it was normal sound, but when I tried to change the level of some frequency the sound disappears.\r<br />\nHope someone can help me.\r<br />\n<br />\nP.S. I know, my english is not good. Please, sorry.<br />\n",
    "PostedDate": "2015-11-05T01:25:13-08:00",
    "UserRole": null,
    "MarkedAsAnswerDate": null
  },
  {
    "Id": "1451038",
    "ThreadId": "647005",
    "Html": "My guess would be that there is an error in the conversion of the audio buffer formats used by VST (float value between -1.0 and +1.0) and the Asio buffer format (not sure which format that is).\r<br />\n<br />\nPerhaps this will help?\r<br />\n<a href=\"https://vstnet.codeplex.com/releases/view/122820\" rel=\"nofollow\">https://vstnet.codeplex.com/releases/view/122820</a><br />\n",
    "PostedDate": "2015-11-05T08:26:54.707-08:00",
    "UserRole": null,
    "MarkedAsAnswerDate": null
  },
  {
    "Id": "1451041",
    "ThreadId": "647005",
    "Html": "<strong>obiwanjacobi wrote:</strong><br />\n<blockquote>\nMy guess would be that there is an error in the conversion of the audio buffer formats used by VST (float value between -1.0 and +1.0) and the Asio buffer format (not sure which format that is).<br />\n<br />\nPerhaps this will help?<br />\n<a href=\"https://vstnet.codeplex.com/releases/view/122820\" rel=\"nofollow\">https://vstnet.codeplex.com/releases/view/122820</a><br />\n</blockquote>\nThanks for your answer! I'll check that soon.<br />\n",
    "PostedDate": "2015-11-05T08:49:26.387-08:00",
    "UserRole": null,
    "MarkedAsAnswerDate": null
  },
  {
    "Id": "1451054",
    "ThreadId": "647005",
    "Html": "<blockquote>\n<a href=\"https://vstnet.codeplex.com/releases/view/122820\" rel=\"nofollow\">https://vstnet.codeplex.com/releases/view/122820</a><br />\n</blockquote>\n<ul>\n<li>\nThe thread that originated this sample might also help you:\r<br />\n<a href=\"https://vstnet.codeplex.com/discussions/544000\" rel=\"nofollow\">https://vstnet.codeplex.com/discussions/544000</a><br />\n</li>\n</ul>\nThis is most probably evident but you do realize your code is mono, right?\r<br />\nThere might be inconsistencies I see you initialize AsioOut with 1 (whatever that means) then pass 2 in the init function.<br />\n",
    "PostedDate": "2015-11-05T10:17:03.94-08:00",
    "UserRole": null,
    "MarkedAsAnswerDate": null
  },
  {
    "Id": "1451055",
    "ThreadId": "647005",
    "Html": "<blockquote>\nMy guess would be that there is an error in the conversion of the audio buffer formats used by VST (float value between -1.0 and +1.0) and the Asio buffer format (not sure which format that is). <br />\n</blockquote>\n<ul>\n<li>I can see that happening. You are converting a [-1 to 1] single value to it's 4 byte representation. It's fine if NAudio uses a [-1 to 1] sample range format but it is most likely using something like [0 to 65535]. In that case you need convert the range of the value not just the type. What you want is not a signed float represented as 4 bytes, you want to convert the [-1 to 1] signed float value  to an unsigned 16 bit integer in the range [0 to 65535]. Both use 4 bytes for their representation but the type is different signed single vs unsigned integer. Range will differ depending on your wave format (16 bit, 32 bit etc..), documentation will specify wheter it is signed unsigned etc...</li>\n</ul>\n",
    "PostedDate": "2015-11-05T10:28:52.817-08:00",
    "UserRole": null,
    "MarkedAsAnswerDate": null
  },
  {
    "Id": "1451061",
    "ThreadId": "647005",
    "Html": "<strong>YuryK wrote:</strong><br />\n<blockquote>\n<blockquote>\n<a href=\"https://vstnet.codeplex.com/releases/view/122820\" rel=\"nofollow\">https://vstnet.codeplex.com/releases/view/122820</a><br />\n</blockquote>\n<ul>\n<li>\nThe thread that originated this sample might also help you:<br />\n<a href=\"https://vstnet.codeplex.com/discussions/544000\" rel=\"nofollow\">https://vstnet.codeplex.com/discussions/544000</a><br />\n</li>\n</ul>\nThis is most probably evident but you do realize your code is mono, right?<br />\nThere might be inconsistencies I see you initialize AsioOut with 1 (whatever that means) then pass 2 in the init function.<br />\n</blockquote>\n&quot;new AsioOut(1)&quot; means that I have two ASIO drivers and I want to use the second one.\r<br />\nThe second parameter of Init function is the number of channels I want to record. If I pass 1, there's nothing come from the input buffer. I don't know why. So I have to pass 2 and use the second buffer.\r<br />\n<br />\nThanks for help, YuryK. I'll check that soon and write about results here.<br />\n",
    "PostedDate": "2015-11-05T11:15:53.56-08:00",
    "UserRole": null,
    "MarkedAsAnswerDate": null
  },
  {
    "Id": "1451092",
    "ThreadId": "647005",
    "Html": "OK got it. The reason why 1 channel is not working is because your audio driver doesn't support it. They support one or more modes but they will vary based on arbitrary design choice. You have to interrogate them to know if they support the mode. You can ask 2 inputs and 2 outputs channels at 44.1 kHz 16 bit and it will succeed almost every time because it's a very common configuration. Pro audio cards tend to have wild configurations and come with tables to list what is supported. Of course to do mono, you can always use a common configuration and leave unwanted channels undisturbed.<br />\n<br />\nOn second thought could also be a bug in some of your lower level API. I remember I had to patch PortAudio.Net at 2-3 places.<br />\n",
    "PostedDate": "2015-11-05T16:33:17.99-08:00",
    "UserRole": null,
    "MarkedAsAnswerDate": null
  },
  {
    "Id": "1451318",
    "ThreadId": "647005",
    "Html": "Yeah! Got that! I had the same problem like in that thread.\r<br />\n<strong>YuryK wrote:</strong><br />\n<blockquote>\n<blockquote>\n<a href=\"https://vstnet.codeplex.com/releases/view/122820\" rel=\"nofollow\">https://vstnet.codeplex.com/releases/view/122820</a><br />\n</blockquote>\n<ul>\n<li>\nThe thread that originated this sample might also help you:<br />\n<a href=\"https://vstnet.codeplex.com/discussions/544000\" rel=\"nofollow\">https://vstnet.codeplex.com/discussions/544000</a><br />\n</li>\n</ul>\nThis is most probably evident but you do realize your code is mono, right?<br />\nThere might be inconsistencies I see you initialize AsioOut with 1 (whatever that means) then pass 2 in the init function.<br />\n</blockquote>\nThank YuryK and Marc for helping me!<br />\n",
    "PostedDate": "2015-11-08T06:27:37.303-08:00",
    "UserRole": null,
    "MarkedAsAnswerDate": null
  }
]