[
  {
    "Id": "273053",
    "ThreadId": "79729",
    "Html": "<p>Hello.</p>\r\n<p>At first I must say that vst.net is a great idea. In a quite short time I was able to create my own plugin without crushing into VST SDK c++ code making creepycrawler interopability to .Net. I was also able to run VST.NET samples with Cubase and Wavelab as well.</p>\r\n<p>For now, I would like to create a host for VST plugins. I used Jacobi.Vst.Samples.Host project as a starting point. In general I succeeded, with some issues.</p>\r\n<p>First problem is, when using unmanaged (factory) plugins, EditorGetRect function allways returns false and rectangle I get is zero in width and height. With demo plugins (Jacobi.Vst.Samples.CorePlugin) it returns true with valid rectangle.</p>\r\n<p>Second problem is, when using plugin with two inputs and two outputs (stereo-&gt;stereo), output samples (extracted from VstAudioBuffer of VstAudioBufferManager) are the same on all two channels. As I can see from level meters of factory (unmanaged) plugins, plugin receives and outputs correct samples but retrieving of output samples fails.&nbsp; To be more precise: if I create simple 2-in 2-out plugin that just passes input samples to outputs I get the following result: ch1 input sample = 0.5, ch2 input sample = -0.3 --&gt; ch1 output sample = -0.3, ch2 output sample = -0.3, instead of 0.5 and -0.3. The same plugin works correct in WaveLab.</p>\r\n<p>unmanaged (factory) VST plugins used: TC Native Reverb VST v2.03 and Classic Delay from Kjaerhus Audio</p>\r\n<p>Am I doing something wrong or...?</p>\r\n<p>Thanks in advance.</p>",
    "PostedDate": "2010-01-04T13:09:25.073-08:00",
    "UserRole": null,
    "MarkedAsAnswerDate": null
  },
  {
    "Id": "273189",
    "ThreadId": "79729",
    "Html": "<p>Good to hear that you were able to create a plugin in a short time. I hope it was an easy experience.</p>\r\n<p>EditorGetRect: I have to look into that. I've noticed that some 'functions' return 0 (zero) even when completing correctly. So I will have to test if this is one of those odd cases. The code checks the return value and only when non-zero is returned, is the rectangle copied thru. So that could be the problem. That would be easy to fix tho.</p>\r\n<p>AudioBufferManager: Do you use one buffer manager for input and one for output (two in total)? I will look into this also and use the Host sample to do some testing.</p>\r\n<p>In short: I get back to you on these items. When I have a fix I will checkin the code so you can use it in your projects.</p>\r\n<p>Thanx for using VST.NET and posting your questions.</p>\r\n<p>Marc</p>",
    "PostedDate": "2010-01-04T23:10:53.34-08:00",
    "UserRole": null,
    "MarkedAsAnswerDate": null
  },
  {
    "Id": "273215",
    "ThreadId": "79729",
    "Html": "<p>Hello, and thanx for fast reply.</p>\r\n<p>AudioBufferManager: I use one for input and one for output - two in total.</p>\r\n<p>During looking at samples project I also noticed one thing (that is not related to my problems described in the first post): At Jacobi.Vst.Samples.Host project at rotine PluginForm.GenerateNoiseBtn_Click there were crashes with some unmanaged (factory) plugins (TC Native Reverb) because sample rate is set to 44.1 instead to 1000 times greater 44100.</p>\r\n<p>An</p>",
    "PostedDate": "2010-01-05T00:50:32.927-08:00",
    "UserRole": null,
    "MarkedAsAnswerDate": null
  },
  {
    "Id": "273697",
    "ThreadId": "79729",
    "Html": "<p>Checkout the latest source code. I've added a little to the Process Noise method. It attempts to detect if a plugin processes audio (changes it) or just passes it through. The sample plugins report the expected behavior, so please recheck your findings. Also fixed the sample rate.</p>\r\n<p>Hope it helps.</p>",
    "PostedDate": "2010-01-06T02:30:22.17-08:00",
    "UserRole": null,
    "MarkedAsAnswerDate": null
  },
  {
    "Id": "273729",
    "ThreadId": "79729",
    "Html": "<p>Hello Marc,</p>\r\n<p>I downloaded the latest source code using SVN. I have troubles building it. At the very beginning of compiling of&nbsp;Jacobi.Vst.sln (source) I get 3 errors: Error&nbsp;1&nbsp;Source file 'D:\\_AssemblyInfo\\AssemblyInfo.General.cs' could not be opened ('Unspecified error ') at&nbsp;Jacobi.Vst.Core, Error&nbsp;2&nbsp;Metadata file 'D:\\VST\\Source\\Code\\Jacobi.Vst.Core\\bin\\Debug\\Jacobi.Vst.Core.dll' could not be found&nbsp;at Jacobi.Vst.Framework, Error&nbsp;3&nbsp;fatal error C1192: #using failed on 'd:\\vst\\source\\code\\jacobi.vst.core\\bin\\debug\\jacobi.vst.core.dll'&nbsp;d:\\VST\\Source\\Code\\Jacobi.Vst.Interop\\stdafx.cpp&nbsp;1&nbsp;Jacobi.Vst.Interop.</p>\r\n<p>Is it possible to find out what&nbsp;is wrong? There is quite a lot of code so setting up solution and projects from the zero point could take quite a lot of time. I use Visual Studio 2008 Proffesional Edition.</p>\r\n<p>Thanx in advance<br><br></p>",
    "PostedDate": "2010-01-06T04:22:50.463-08:00",
    "UserRole": null,
    "MarkedAsAnswerDate": null
  },
  {
    "Id": "273734",
    "ThreadId": "79729",
    "Html": "<p>Follow the instrcutions on the main wiki page. ;-)</p>\r\n<p>http://vstnet.codeplex.com/wikipage?title=Building%20the%20Source%20Code</p>\r\n<p>There are some files that are not in source control (on purpose) that are private to an official build. This is important for the license.</p>\r\n<p>You can basically remove all files that aren't found from the project files.</p>",
    "PostedDate": "2010-01-06T04:32:21.45-08:00",
    "UserRole": null,
    "MarkedAsAnswerDate": null
  },
  {
    "Id": "273758",
    "ThreadId": "79729",
    "Html": "<p>Hello,</p>\r\n<p>At first I apolgise for bugging around compiling the code. Missed the instructions :). So I built up the code (noticed the&nbsp;<span style=\"font-size:x-small\">CanDo(</span><span style=\"color:#0000ff;font-size:x-small\"><span style=\"color:#0000ff;font-size:x-small\">string</span></span><span style=\"font-size:x-small\"> cando) instead of&nbsp;</span><span style=\"font-size:x-small\">CanDo(</span><span style=\"color:#2b91af;font-size:x-small\"><span style=\"color:#2b91af;font-size:x-small\">VstHostCanDo</span></span><span style=\"font-size:x-small\"> cando) in my derived host command stub implementation... But I noticed no change. Output rectangle of EditorGetRect is still zero in size and i get&nbsp;non-stereo output from 2 channel reverb plugin (TC Native Reverb VST v2.03 and Classic Delay from Kjaerhus Audio). Level meters on editor clearly shows non identical L/R audio material on inputs and outputs.</span></p>\r\n<p>Thanx in advance</p>",
    "PostedDate": "2010-01-06T05:25:56.85-08:00",
    "UserRole": null,
    "MarkedAsAnswerDate": null
  },
  {
    "Id": "273771",
    "ThreadId": "79729",
    "Html": "<div style=\"color:Black;background-color:White\">\r\n<pre>Hello again,</pre>\r\n<pre>Am I figuring something wrong? If I do, than that could be the reason for my problems. I think the following code snippet shold in any case show message box, but it doesn't.</pre>\r\n<pre><pre>            inputCount = 2;\r\n            blockSize = 1024;\r\n            VstAudioBufferManager inputMgr = new VstAudioBufferManager(inputCount, blockSize);\r\n            VstAudioBuffer[] inputBuffers = inputMgr.ToArray();\r\n            Random rnd = new Random();\r\n            for (int j = 0; j &lt; blockSize; j++)\r\n                inputBuffers[0][j] = (float)((rnd.NextDouble() * 2.0) - 1.0);\r\n            for (int j = 0; j &lt; blockSize; j++)\r\n                inputBuffers[1][j] = (float)((rnd.NextDouble() * 2.0) - 1.0);\r\n            for (int j = 0; j &lt; blockSize; j++)\r\n            {\r\n                if (inputBuffers[0][j] != inputBuffers[1][j])\r\n                {\r\n                    MessageBox.Show(&quot;STEREO!&quot;);\r\n                }\r\n            }</pre>\r\n<pre>Tnx in advance again.</pre>\r\n</pre>\r\n</div>",
    "PostedDate": "2010-01-06T05:54:32.88-08:00",
    "UserRole": null,
    "MarkedAsAnswerDate": null
  },
  {
    "Id": "273774",
    "ThreadId": "79729",
    "Html": "<p>Hmm, the code looks ok. And you should indeed see the messagebox. There might be a bug in the buffer manager.</p>\r\n<p>If you cast both audio buffers in the array to the IDirectBufferAccess32 interface, you can compare the unmanaged buffer pointer values. They should be different.</p>\r\n<p>I will try this when I get home, tonight.</p>\r\n<p>You can try to see what happens to the second audio buffer when you write into the first in a debug session. My hunch is that the pointer arithmetic inside the buffer manager is not correct. The buffer manager allocates one piece of unmanaged memory (buffer count * buffer size) and sub-devides it into chunks (buffer size) and each chunk is managed by one instance of the VstAudioBuffer.</p>\r\n<p>I would not trust what a plugin shows on its UI to draw any conclusions from that. Better is to set a debug break point in the code and look at the values of the buffer directly.</p>\r\n<p>BTW: I hadn't fixed the GetEditorRect yet ;-)</p>",
    "PostedDate": "2010-01-06T06:09:35.017-08:00",
    "UserRole": null,
    "MarkedAsAnswerDate": null
  },
  {
    "Id": "273794",
    "ThreadId": "79729",
    "Html": "<p>The pointer values ar the same... I agree that any conclusions from plugin's UI could easily be misleading... I try things with numbers of course as stated in&nbsp;my first post. I use TC Native Reverb VST v2.03 for several years and I trust to it.</p>\r\n<p>Thanx in advance</p>",
    "PostedDate": "2010-01-06T06:59:34.91-08:00",
    "UserRole": null,
    "MarkedAsAnswerDate": null
  },
  {
    "Id": "273817",
    "ThreadId": "79729",
    "Html": "<p>Just checked in a fix for the buffer manager. The first two instances were using the same memory.</p>\r\n<p>Please try it and let me know if this works for you.</p>\r\n<p>(in the meantime I will work on the EditorRect ;-)</p>",
    "PostedDate": "2010-01-06T07:48:00.507-08:00",
    "UserRole": null,
    "MarkedAsAnswerDate": null
  },
  {
    "Id": "273882",
    "ThreadId": "79729",
    "Html": "<p>Hello!</p>\r\n<p>It works fine now! Stereo IN -&gt; Stereo OUT</p>\r\n<p>Tnx Marc a lot!</p>",
    "PostedDate": "2010-01-06T09:39:03.23-08:00",
    "UserRole": null,
    "MarkedAsAnswerDate": null
  },
  {
    "Id": "273909",
    "ThreadId": "79729",
    "Html": "<p>Good!</p>\r\n<p>Also get the latest source code (again). Just checked in a fix for GetEditorRect and extended the Host sample to show the Plugin editor UI.</p>\r\n<p>Hope it helps.</p>",
    "PostedDate": "2010-01-06T10:41:14.567-08:00",
    "UserRole": null,
    "MarkedAsAnswerDate": null
  },
  {
    "Id": "274041",
    "ThreadId": "79729",
    "Html": "<p>Hello Again!</p>\r\n<p>After latest svn update everything works&nbsp;FINE now. Thank You again for fast response and for wonderful VST framework. For now, all I have to do is list/read/write effect parameters and programs (create .fxp file) and VST host is born. I hope I wasn't&nbsp; to annoying with my questions and that I can post them in future also.</p>\r\n<p>An</p>",
    "PostedDate": "2010-01-06T15:22:33.57-08:00",
    "UserRole": null,
    "MarkedAsAnswerDate": null
  },
  {
    "Id": "274170",
    "ThreadId": "79729",
    "Html": "<p>You are always welcome to ask your VST.NET question here (and they're not annoying ;-). <br>You even found some bugs and we fixed them. So that is always good.</p>\r\n<p>Good luck with your project.</p>",
    "PostedDate": "2010-01-07T00:02:05.637-08:00",
    "UserRole": null,
    "MarkedAsAnswerDate": null
  },
  {
    "Id": "274208",
    "ThreadId": "79729",
    "Html": "<p>Hello!</p>\r\n<p>I have one question (hope I haven't missed something written about that here)... I cannot load Jacobi.Vst.Core.dll and Jacobi.Vst.Framework (built from latest source code) into GAC. I get the message, that assemblies must be strongly named. I think this is related to unchecked signing of assemblies in project properties. Loading into GAC is required for WaveLab&nbsp;or Cubase to accept managed plugins. Using built and signed assemblies from VST.NET 0.8 Samples VS2008 Express (download) is no longer compatible to the latest source code --&gt; CRASH.</p>\r\n<p>An</p>",
    "PostedDate": "2010-01-07T01:44:24.807-08:00",
    "UserRole": null,
    "MarkedAsAnswerDate": null
  },
  {
    "Id": "274230",
    "ThreadId": "79729",
    "Html": "<p>Hello again!</p>\r\n<p>If I may I would recommend one thing that would be helpful for less-enthusiastic developers... Demo project Jacobi.Vst.Samples.CorePlugin is very useful as it writes out how host app deals with plugin and from that we learn... I noticed that some plugins have their own GUI &quot;pump&quot; for indicators (level meters, etc.) and some not. And those require EditorIdle() method to be invoked from host-side in order to refresh. From that point of view, it would be helpful that you add Log method inside empty procedure EditorIdle(). That would then clearly show what is going on. For the reason noted in the latest post I was not able to test if that works or causes deadlock.</p>\r\n<p>An</p>",
    "PostedDate": "2010-01-07T02:29:15.497-08:00",
    "UserRole": null,
    "MarkedAsAnswerDate": null
  },
  {
    "Id": "274232",
    "ThreadId": "79729",
    "Html": "<p>The key file that is needed to sign your assembly so it can be placed in the GAC is one of those files that is not in Source Control (private to me). You do not need to deploy the Core and Framework assemblies in the GAC (place them next to your plugin assemblies), but if you have to, you just create your own key file and include that in the projects and rebuild.</p>\r\n<p>One of the new features of VST.NET 0.8 is that it supports tracing of all interop calls. Refer to the app.config file of the Interop assembly or the Host sample. Basically you can declare trace listeners and trace level switches for a plugin (by name). Dependent on how you route these trace you could use DebugView.exe (search for it online, by sysinternals/microsoft) to show these traces. If you want to see editor idle, look for &quot;effEditorIdle&quot;. You can also see the parameters and the return value in the trace.</p>\r\n<p>Hope it helps.</p>",
    "PostedDate": "2010-01-07T02:36:33.543-08:00",
    "UserRole": null,
    "MarkedAsAnswerDate": null
  }
]