[
  {
    "Id": "942157",
    "ThreadId": "403345",
    "Html": "\r\n<p>I have taken the MidiMapper sample code and made many improvements to it, turning it into a fairly polished VST that I'd like to distribute as open source.</p>\r\n<p>The VST.NET Library itself is LGPL (for libraries), that's straight forward.</p>\r\n<p>However, can you please clarify the licensing for the sample code? &nbsp; I was intending to release the source under the MIT License like I do for most of my other hobby projects, with credit to Jacobi Software of course.&nbsp;</p>\r\n<p>Can you please clarify if that's appropriate, or if another license should apply to derivatives of the sample code?</p>\r\n<p>Also, may I bundle the VST.NET 1.0 Binaries with my VST (with a copy of the LGPL license and a link back to this site), just to get users started more quickly?</p>\r\n<p>Thanks!</p>\r\n",
    "PostedDate": "2012-11-15T07:36:14.027-08:00",
    "UserRole": null,
    "MarkedAsAnswerDate": null
  },
  {
    "Id": "942514",
    "ThreadId": "403345",
    "Html": "\r\n<p>Technically all sources in the project are LGPL.</p>\r\n<p>But I don't mind if you put out your version of the sample under MIT license. The point was (of the LGPL) that if you use the source code, you must make it open source also. And that is what you're doing. But please do post the credits and the url to this\r\n site in your version, so they know where to get the updates. ;-)&nbsp;</p>\r\n<p>Also I don't mind if you bundle the binaries IF you list the license AND the url.</p>\r\n<p>Let me know the final url and I will link to your page.</p>\r\n<p>Thanx for asking ;-)<br>\r\nMarc&nbsp;</p>\r\n",
    "PostedDate": "2012-11-15T22:18:51.507-08:00",
    "UserRole": null,
    "MarkedAsAnswerDate": null
  },
  {
    "Id": "943106",
    "ThreadId": "403345",
    "Html": "\r\n<p>OK, there are still a few issues to sort out, but here's a current snapshot.</p>\r\n<p><a href=\"https://github.com/LeifBloomquist/MIDIMapperX\">https://github.com/LeifBloomquist/MIDIMapperX</a></p>\r\n",
    "PostedDate": "2012-11-16T18:54:40.577-08:00",
    "UserRole": null,
    "MarkedAsAnswerDate": null
  }
]