[
  {
    "Id": "1035333",
    "ThreadId": "441478",
    "Html": "Hi,<br />\n<br />\nI've been getting the following VST.NET error when I load up any VST.NET vsti (tried my own project as well as a sample VST.NET plugin) in Sonar X2:<br />\n<img src=\"https://dl.dropboxusercontent.com/u/20066539/Images/MSS/vstNetError.png\" alt=\"Image\" /><br />\n<br />\nThe error message also sometimes occurs when hitting play or stop. I've tried this in 32-bit Sonar X2 and 64-bit sonar X2 on windows 7 and windows 8 and got the error message in all cases. Any idea what could be causing it? Looks like there is a signed/unsigned mismatch somewhere.<br />\n<br />\nThanks,<br />\nRob<br />\n",
    "PostedDate": "2013-04-24T14:03:45.117-07:00",
    "UserRole": null,
    "MarkedAsAnswerDate": null
  },
  {
    "Id": "1035478",
    "ThreadId": "441478",
    "Html": "Hi Rob,\r<br />\n<br />\nThe comments in the vst interface file says: &quot;-64 to +63 cents; for scales other than 'well-tempered'&quot;\r<br />\nThat is where I got the validation values from. At second glance you could also interpret this comment as &quot;anything goes&quot;.\r<br />\nTypical in VST :-P\r<br />\n<br />\nI suggest we just remove the check completely.<br />\n",
    "PostedDate": "2013-04-25T00:18:37.987-07:00",
    "UserRole": null,
    "MarkedAsAnswerDate": null
  },
  {
    "Id": "1035480",
    "ThreadId": "441478",
    "Html": "This discussion has been copied to a work item. Click <a href=\"https://vstnet.codeplex.com/workitem/10054\" rel=\"nofollow\">here</a> to go to the work item and continue the discussion.<br />\n",
    "PostedDate": "2013-04-25T00:20:28.26-07:00",
    "UserRole": null,
    "MarkedAsAnswerDate": null
  }
]