[
  {
    "Id": "1497076",
    "ThreadId": "663251",
    "Html": "I have developed a plugin that works fine in the vsthost application by H Seib and it functions as i want, but when I use the vst.net host sample to create a host the plugin loads fine, and parameters are set (Automated) by the host, however the Process() sub never is called.\r<br />\n<br />\nI am NOT calling the ProcessReplacing sub from the host, as in my scenario that is not required, the audio stream for the plugin is generated within the plugin (it's a tone generator), and subsequent effect vst plugins are called from within the plugin to modify the sounds, which is output to an audio stream.\r<br />\n<br />\nIn the vsthost app by H Seib, the plugin is loaded, and the process() sub is called repeatedly. How does this take place? is there a timer of sorts to do that? Why is the process sub never being called? Do I HAVE to use the processreplacing sub from within the host, and if so, why does it work perfectly in vsthost app?\r<br />\n<br />\nthanks!<br />\n",
    "PostedDate": "2017-06-15T07:25:58.527-07:00",
    "UserRole": null,
    "MarkedAsAnswerDate": null
  },
  {
    "Id": "1497745",
    "ThreadId": "663251",
    "Html": "The Host sample is not intended as a working host like the vsthost of Hermann.\r<br />\nIts purpose is to demonstrate the way to use the VST.NET Host API.\r<br />\nThe Host sample does not check whether to call process, or processReplacing - it is very simple.<br />\n",
    "PostedDate": "2017-08-16T07:14:16.89-07:00",
    "UserRole": null,
    "MarkedAsAnswerDate": null
  }
]