[
  {
    "Id": "274793",
    "ThreadId": "80184",
    "Html": "<p>Hello!</p>\r\n<p>I tried things with VST instrument. I used plugin &quot;minimal&quot; (<a href=\"http://www.psychicmodulation.com/Minimal.html\">http://www.psychicmodulation.com/Minimal.html</a>) and latest source code project Jacobi.Vst.Samples.Host. Procederue&nbsp;<span style=\"font-size:x-small\">GenerateNoiseBtn_Click fails at </span><span style=\"font-size:x-small\">PluginContext.PluginCommandStub.ProcessReplacing(inputBuffers, outputBuffers) with the following exception: The number of samples in the 'inputs' and the 'outputs' audio buffer array was not the same. Actually that happens on all plugins with zero input channels.&nbsp;When I removed that check in&nbsp;</span><span style=\"font-size:x-small\">VstPluginCommandStub::ProcessReplacing (c++)&nbsp;then method succeeded but I thing that in that case nothing gets processed... I do not have MIDI input so i cannot test instruments whether they play or not.</span></p>\r\n<p>Thanx</p>",
    "PostedDate": "2010-01-08T07:24:51.273-08:00",
    "UserRole": null,
    "MarkedAsAnswerDate": null
  },
  {
    "Id": "274829",
    "ThreadId": "80184",
    "Html": "<p>Hmm, that check does not seem correct in that case (seemed like a good idea at the time ;-).</p>\r\n<p>I've checked in a fix for you. But haven't tested it yet (it compiles).</p>\r\n<p>Hope it helps.</p>",
    "PostedDate": "2010-01-08T08:38:35.88-08:00",
    "UserRole": null,
    "MarkedAsAnswerDate": null
  },
  {
    "Id": "275110",
    "ThreadId": "80184",
    "Html": "<p>Hello!</p>\r\n<p>I checked the fix but I think there is still error behind ProcessReplacing method. If I use Jacobi.Vst.Samples.Host project and invoke GenerateNoiseBtn_Click at first everything seems to be fine. But in general, most of unmanaged vst plugins (i've tested) require to turn them ON before processing -&gt; MainsChanged(true). If I insert this call before processing the noise data I get the following (well known...) exc: attempted to read or write protected memory.... . The same thing happens in my app also.</p>\r\n<p>Thanx</p>",
    "PostedDate": "2010-01-09T05:05:15.843-08:00",
    "UserRole": null,
    "MarkedAsAnswerDate": null
  },
  {
    "Id": "275187",
    "ThreadId": "80184",
    "Html": "<p>That was a quick fix on my part. Too quick as it turned out.&nbsp;</p>\r\n<p>I found additional problems with the impl. of ProcessReplacing and checked in fixes for that.</p>\r\n<p>Also added the MainsChanged calls to the Host sample.</p>\r\n<p>Thanx for bringing these problems to my attention!</p>",
    "PostedDate": "2010-01-09T10:01:37.923-08:00",
    "UserRole": null,
    "MarkedAsAnswerDate": null
  },
  {
    "Id": "275209",
    "ThreadId": "80184",
    "Html": "<p>It seems you fixed the problem. Vst instrument &quot;minimal&quot; works without problems. I still have question one for now, but I'm not shure if it is on VST.NET side. I test things with Chris Gil's SuperWave P8. I get no exceptions, problem is, that after several calls of ProcessReplacing method suddenly doesn't return and hangs my audio thread. That happened also before latest fixes. This is &quot;strange&quot; behaviour but as I said, I'm not shure on which side error is. Vsthost or Bidule accept this plugin (they don't hang) but I don't have MIDI input to test if they actualy play.</p>\r\n<p>Thanx a lot!</p>",
    "PostedDate": "2010-01-09T12:54:02.743-08:00",
    "UserRole": null,
    "MarkedAsAnswerDate": null
  },
  {
    "Id": "275309",
    "ThreadId": "80184",
    "Html": "<p>Hello!</p>\r\n<p>I CANCEL the last post. There is a problem in P8 and not in VST.NET or my app. Sorry for inconvenience.</p>\r\n<p>An</p>",
    "PostedDate": "2010-01-10T03:05:13.463-08:00",
    "UserRole": null,
    "MarkedAsAnswerDate": null
  },
  {
    "Id": "275318",
    "ThreadId": "80184",
    "Html": "<p>No problem. It is good to investigate these type of issues.</p>\r\n<p>Nice to hear it all works for you.</p>\r\n<p>Have fun with you VST.NET project.</p>",
    "PostedDate": "2010-01-10T04:15:52.45-08:00",
    "UserRole": null,
    "MarkedAsAnswerDate": null
  }
]