[
  {
    "Id": "835477",
    "ThreadId": "355556",
    "Html": "\r\n<p>I have read about using chunks to save internal state of the plugin and that's what i must implement now.</p>\r\n<p>I have read the documentation about Plugin Persistence. As far as I understand I must implement IVstPluginPersistance interface so the Host could invoke its methods (CanLoadChunk&nbsp;ReadPrograms&nbsp;WritePrograms)</p>\r\n<p>I have tried to implement it like this:</p>\r\n<ul>\r\n<li>in my Plugin.cs file i have&nbsp; </li></ul>\r\n<pre>internal sealed class Plugin : VstPluginWithInterfaceManagerBase, IVstPluginPersistence</pre>\r\n<ul>\r\n<li>i have used System.Windows for MessageBox.Show() method and tried something like this:\r\n</li></ul>\r\n<p></p>\r\n<pre>        public bool CanLoadChunk(VstPatchChunkInfo chunkInfo)\r\n        {\r\n            MessageBox.Show(chunkInfo.ToString());\r\n            throw new System.NotImplementedException();\r\n        }\r\n\r\n        public void ReadPrograms(System.IO.Stream stream, VstProgramCollection programs)\r\n        {\r\n            MessageBox.Show(&quot;Reading programs&quot;);\r\n            throw new System.NotImplementedException();\r\n        }\r\n\r\n        public void WritePrograms(System.IO.Stream stream, VstProgramCollection programs)\r\n        {\r\n            MessageBox.Show(&quot;Attempting to save state&quot;);\r\n            throw new System.NotImplementedException();\r\n        }</pre>\r\n<p></p>\r\n<p>But none of the messageboxes didn't show up. What am I doing wrong? I don't have programs in my VST because all i have to remember is position of vocoder frequency bands. It could be 4 or 40. I tried to implement this also in PluginCommandStub.cs file but\r\n it looks like these methods arent invoked. I saw here some people had experience with chunks but I didn't found answer to my problem in those discussions.</p>\r\n<p>Please help me.</p>\r\n",
    "PostedDate": "2012-05-12T05:38:45.483-07:00",
    "UserRole": null,
    "MarkedAsAnswerDate": null
  },
  {
    "Id": "835508",
    "ThreadId": "355556",
    "Html": "<p>I just figured that out!</p>\n<p>I looked at the documentation more deeply and i saw that there is a PluginPersistence object that have a constructor.</p>\n<p>I took a close look to my project which was build from template, and there still was unchanged things in Plugin.cs file like those:</p>\n<p>&nbsp;</p>\n<pre>        /// Implement this when you do audio processing.\n        /// \n        /// A previous instance returned by this method. \n        /// When non-null, return a thread-safe version (or wrapper) for the object.\n        /// Returns null when not supported by the plugin.\n        protected override IVstPluginAudioProcessor CreateAudioProcessor(IVstPluginAudioProcessor instance)\n        {\n            if (instance == null)\n            {\n                return new AudioProcessor(this);\n            }\n\n            // TODO: implement a thread-safe wrapper.\n            return base.CreateAudioProcessor(instance);\n        }</pre>\n<p>&nbsp;</p>\n<p>That gave me an idea.</p>\n<p>I made other class file: PluginPersistence.cs and defined there PluginPersistence class like this:</p>\n<p>&nbsp;</p>\n<pre>class PluginPersistence : IVstPluginPersistence\n    {\n        private Plugin _plugin;\n        public PluginPersistence(Plugin plugin)\n        {\n            _plugin = plugin;\n        }\n\n        public bool CanLoadChunk(VstPatchChunkInfo chunkInfo)\n        {\n            MessageBox.Show(chunkInfo.ToString());\n            throw new System.NotImplementedException();\n        }\n\n        public void ReadPrograms(System.IO.Stream stream, VstProgramCollection programs)\n        {\n            MessageBox.Show(\"Reading programs\");\n            throw new System.NotImplementedException();\n        }\n\n        public void WritePrograms(System.IO.Stream stream, VstProgramCollection programs)\n        {\n            MessageBox.Show(\"Attempting to save state\");\n            throw new System.NotImplementedException();\n        }\n    }</pre>\n<p>&nbsp;</p>\n<p>And in my Plugin.cs file i added few lines:</p>\n<p>&nbsp;</p>\n<pre>protected override IVstPluginPersistence CreatePersistence(IVstPluginPersistence instance)\n        {\n            if (instance == null)\n            {\n                return new PluginPersistence(this);\n            }\n            return base.CreatePersistence(instance);\n        }</pre>\n<p>&nbsp;</p>\n<p>I compiled it and.... it worked! :D</p>\n<p>Even the unhandled exception windows show up :)</p>\n<p>Maybe it will help someone sometime.</p>\n<p><strong>EDIT</strong></p>\n<p>It's strange. If i try to save project in my host or load, always WritePrograms function is called. Others not</p>\n<p><strong>EDIT2</strong></p>\n<p>I figured out that i have to save something first to read it back. But when i save some data like this in my WritePrograms function:</p>\n<p>&nbsp;</p>\n<pre>MessageBox.Show(\"Attempting to write programs\");\nbyte[] arr = new byte[4];\narr[0] = 1;\narr[1] = 2;\narr[2] = 3;\narr[3] = 4;\nstream.Write(arr,0,arr.Length);\nMessageBox.Show(\"programs Written!\");</pre>\n<p>&nbsp;</p>\n<p>I am getting ArgumentOutOfRangeException <strong>after</strong> last MessageBox</p>\n<p>Then when I try to load id back in my ReadPrograms function:</p>\n<p>&nbsp;</p>\n<pre>byte[] arr = new byte[4];\nstream.Read(arr, 0, 4);\nMessageBox.Show(\"Readed:\" + arr[0].ToString() + \" \" + arr[1].ToString() + \" \" + arr[2].ToString() + \" \" + arr[3].ToString() + \" \");</pre>\n<p>&nbsp;</p>\n<p>I get ArgumentOutOfRangeException <strong>after</strong> last MessageBox too.</p>\n<p>What am I doing wrong? (data is loaded fine)</p>",
    "PostedDate": "2012-05-12T07:45:19.58-07:00",
    "UserRole": null,
    "MarkedAsAnswerDate": null
  },
  {
    "Id": "835590",
    "ThreadId": "355556",
    "Html": "<p>Note that the VST.NET Framework is interface based. So each interface represents a feature for a VST Plugin. The plumbing in the Framework uses the IExtensible interface to discover what features you've (dynamically) implemented. When you override the CreateXxxx method for an interface you register your implementation of that feature (interface) to the Plugin root class and the Framework/plumbing can discover it.</p>\r\n<p>\"<em>If i try to save project in my host or load, always WritePrograms function is called. Others not</em>\"<br />What host are you using?</p>\r\n<p>It would be really helpful if you can supply a stack trace for those ArgumentOutOfRangeExceptions.</p>",
    "PostedDate": "2012-05-12T13:19:21.803-07:00",
    "UserRole": null,
    "MarkedAsAnswerDate": null
  },
  {
    "Id": "835691",
    "ThreadId": "355556",
    "Html": "<p>I am using always FL Studio.</p>\n<p><strong>When I save</strong> project for the first time, only WritePrograms is called (no errors). When i save it second time or more there is always Exception window after last message box. (only one exception window pops up).</p>\n<p><strong>When I load</strong> project WritePrograms is called too but i don't know if that saves changes to project being loaded. After that ReadPrograms is called and it loads data. But after loading i get two exception windows in a row. All exceptions are  the same:</p>\n<p><img src=\"http://img17.imageshack.us/img17/3882/56811094.png\" alt=\"\" /></p>\n<p>Translation goes like this:</p>\n<p>System.ArgumentOutOfRangeException: Index was out of range. It has to be positive value and less than size of the collection.<br /> Name of the parameter: index<br /> in System.ThrowHelper.ThrowArgumentOutOfRangeExceptionn()<br /> in System.Collections.Generic.List`1.get_Item(Int32 index)<br /> in<br /> Jacobi.Vst.Framework.Plugin.StdPluginCommandStub.GetProgramNameIndexed(Int32 index)<br /> in Jacobi.Vst.Interop.Plugin.PluginCommandProxy.Dispatch(Int32 opcode, Int32 index, Int32 value, Void* ptr, Single opt)</p>\n<p><strong>CanLoadChunk </strong>seems to never be invoked.</p>\n<p>Plugin seems to load data and works despite of unhandled exceptions, but it is not the way it should work.</p>\n<p>I think it's my fault and it has to do something with second parameter of writePrograms and readPrograms:&nbsp;</p>\n<pre>VstProgramCollection programs</pre>\n<p>I don't know yet what to do with it and i tried to force FL Studio to put into it's project file some raw data that I want to save and then load that have nothing to do with \"programs\". I only want to save some infos and then load it back while loading project  file. Maybe i am going the wrong way afterall? Do i have to implement \"programs\" to my vst? I honestly didn't discover yet why should I use them and what they do. But i think that when I write some binary data to stream, the Framework tries to assign them  to some \"programs\" that doesn't exist or something like that.</p>",
    "PostedDate": "2012-05-13T02:57:06.06-07:00",
    "UserRole": null,
    "MarkedAsAnswerDate": null
  },
  {
    "Id": "835892",
    "ThreadId": "355556",
    "Html": "<p>The exception indicates that the Host is calling the plugin (GetProgramNameIndexed/Get/SetChunk) with a program index that is not valid. The plugin (framework) reports the number of programs to the host at load time. The framework retrieves this value from the IVstPluginPrograms.Programs collection Count property (StdPluginCommandStub.CreatePluginInfo). I would suggest you try the plugin in a different host (Vsthost.exe by Hermann Seib is a good testbed) in order to discover if it is a FL specific issue or it actually is your plugin that is at fault.</p>\r\n<p>The idea of Programs is to have multiple stored memory positions of all your plugin paramaters (what!?). A Program represents a stored (recallable) set of paramater values for your plugin. Some plugins benefit from being able to quickly change all the plugin parameters. Think of a delay that can store its parameter settings in different Programs storage locations (refer to the Delay Sample to see a typical implementation of this).</p>\r\n<p>The 'programs' parameter you receive in the WritePrograms method is a list of the programs you should write to the stream. VST defines a concept of saving a Bank (all programs) or just the current Program. The VST.NET framework handles that for you and hands you a collection with all the programs that should be serialized. Likewise with ReadPrograms, the idea is that you read the stream and put the programs you deserialize into the specified collection.</p>\r\n<p>Here is more info on persistence:&nbsp;<a href=\"http://obiwanjacobi.blogspot.com/2008/07/vstnet-plugin-persistence.html\">http://obiwanjacobi.blogspot.com/2008/07/vstnet-plugin-persistence.html</a>&nbsp;and on Programs <a href=\"http://obiwanjacobi.blogspot.com/2008/05/vstnet-programs-and-parameters.html\">here:&nbsp;http://obiwanjacobi.blogspot.com/2008/05/vstnet-programs-and-parameters.html</a></p>\r\n<p>You should be able to only implement Persistence and not use Programs. Look at the MidiNoteMapper sample.&nbsp;<a href=\"http://vstnet.codeplex.com/SourceControl/changeset/view/67367#358097\">http://vstnet.codeplex.com/SourceControl/changeset/view/67367#358097</a>&nbsp;This sample uses a binary writer/reader to serialize each map item (info for mapping one note to another).</p>\r\n<p>Hope it helps,<br />Marc&nbsp;</p>",
    "PostedDate": "2012-05-13T23:16:23.26-07:00",
    "UserRole": null,
    "MarkedAsAnswerDate": null
  },
  {
    "Id": "836080",
    "ThreadId": "355556",
    "Html": "<p>Thank you for your reply!</p>\r\n<p>I realised that i had still some code from Delay example which had programs and that's why i had errors.</p>\r\n<p>I simply removed Dsp/Delay.cs file from project and commented&nbsp;IVstPluginPrograms CreatePrograms(IVstPluginPrograms instance) from my Plugin.cs file and that worked like a charm. I used BinaryWriter and BinaryReader as you showed in MidiNoteMaper example.</p>\r\n<p>In conclusion: I had to <strong>remove</strong> programs that <strong>Delay</strong> example was adding to my plugin.</p>\r\n<p>Maybe I will add parameters support later!</p>\r\n<p>Thanx again for your time!<br />Tomek</p>",
    "PostedDate": "2012-05-14T07:20:31.807-07:00",
    "UserRole": null,
    "MarkedAsAnswerDate": null
  }
]