[
  {
    "Id": "1436990",
    "ThreadId": "642256",
    "Html": "Where can I get a good WPF knob?\r<br />\n<br />\nI tried this but can't get it to work...\r<br />\n<a href=\"https://knob.codeplex.com/\" rel=\"nofollow\">https://knob.codeplex.com/</a>\r<br />\n<br />\nThis one works to an extent, but I think it would win UI disaster of the year!\r<br />\n<a href=\"https://alala666888.wordpress.com/2010/05/31/a-knob-slider-control/\" rel=\"nofollow\">https://alala666888.wordpress.com/2010/05/31/a-knob-slider-control/</a><br />\n",
    "PostedDate": "2015-08-03T04:05:10.95-07:00",
    "UserRole": null,
    "MarkedAsAnswerDate": null
  },
  {
    "Id": "1436994",
    "ThreadId": "642256",
    "Html": "<a href=\"http://blogs.msdn.com/b/expression/archive/2007/10/13/rotary-custom-control.aspx\" rel=\"nofollow\">http://blogs.msdn.com/b/expression/archive/2007/10/13/rotary-custom-control.aspx</a>\r<br />\n<br />\n<br />\n[2c]<br />\n",
    "PostedDate": "2015-08-03T04:30:59.917-07:00",
    "UserRole": null,
    "MarkedAsAnswerDate": null
  },
  {
    "Id": "1437094",
    "ThreadId": "642256",
    "Html": "Woot!\r<br />\n<br />\nCan't wait to grab this tonight.<br />\n",
    "PostedDate": "2015-08-03T14:42:24.147-07:00",
    "UserRole": null,
    "MarkedAsAnswerDate": null
  },
  {
    "Id": "1437128",
    "ThreadId": "642256",
    "Html": "I can't download it. The download link just times out.\r<br />\n<br />\n:(\r<br />\n<br />\nHas anyone got the project lying around?<br />\n",
    "PostedDate": "2015-08-04T01:23:37.627-07:00",
    "UserRole": null,
    "MarkedAsAnswerDate": null
  },
  {
    "Id": "1437129",
    "ThreadId": "642256",
    "Html": "This one doesn't not look right, but functionally, it's good!\r<br />\n<br />\nMost importantly, it can be styled!\r<br />\n<br />\n<a href=\"http://www.codeproject.com/Articles/69048/Tutorial-Creating-a-Lookless-WPF-Custom-Rotate-Con\" rel=\"nofollow\">http://www.codeproject.com/Articles/69048/Tutorial-Creating-a-Lookless-WPF-Custom-Rotate-Con</a><br />\n",
    "PostedDate": "2015-08-04T01:24:13.46-07:00",
    "UserRole": null,
    "MarkedAsAnswerDate": null
  },
  {
    "Id": "1437345",
    "ThreadId": "642256",
    "Html": "I edited this knob a fair bit - mainly so I can get a value from it and bind it to stuff. It's a hatchet job but this is a place holder control anyway.<br />\n<pre><code>using System.Diagnostics;\nusing System.Windows;\nusing System.Windows.Controls;\nusing System.Windows.Input;\n\nnamespace MySynth.UI\n{\n    /// &lt;summary&gt;\n    /// Control for displaying and setting an Angle\n    /// &lt;/summary&gt;\n    public class RotateControl : Control\n    {\n        #region Fields \n\n        // Using a DependencyProperty as the backing store for Angle.  This enables animation, styling, binding, etc...\n        public static readonly DependencyProperty AngleProperty =\n            DependencyProperty.Register(&quot;Angle&quot;, typeof(double), typeof(RotateControl), new FrameworkPropertyMetadata(0.0, FrameworkPropertyMetadataOptions.AffectsRender | FrameworkPropertyMetadataOptions.BindsTwoWayByDefault, null, coerceValueCallback));\n\n        public static readonly DependencyProperty ValueProperty =\n    DependencyProperty.Register(&quot;Value&quot;, typeof(float), typeof(RotateControl), new FrameworkPropertyMetadata((float)0.0, FrameworkPropertyMetadataOptions.AffectsRender | FrameworkPropertyMetadataOptions.BindsTwoWayByDefault, ValueProperty_Changed, null));\n\n\n\n        private static void ValueProperty_Changed(DependencyObject dobj, DependencyPropertyChangedEventArgs e)\n        {\n            var control = (RotateControl)dobj;\n            control.Value = (float)e.NewValue;\n        }\n\n        private float _Min = 0;\n        private float _Max = 2;\n\n        public Point arrowCenterPoint;\n\n        bool isMouseRotating;\n\n        double mouseDownAngle;\n\n        private Vector mouseDownVector;\n\n        #endregion Fields \n\n\n        public float Min\n        {\n            get\n            {\n                return _Min;\n            }\n\n            set\n            {\n                _Min = value;\n            }\n        }\n\n        public float Max\n        {\n            get\n            {\n                return _Max;\n            }\n\n            set\n            {\n                _Max = value;\n            }\n        }\n\n        #region Constructors \n\n        static RotateControl()\n        {\n            DefaultStyleKeyProperty.OverrideMetadata(typeof(RotateControl), new FrameworkPropertyMetadata(typeof(RotateControl)));\n        }\n\n        #endregion Constructors \n\n        #region Properties \n\n        public double Angle\n        {\n            get\n            {\n                return (double)GetValue(AngleProperty);\n            }\n            set\n            {\n                SetValue(AngleProperty, value);\n            }\n        }\n\n        public float Value\n        {\n            get\n            {\n                return (float)GetValue(ValueProperty);\n            }\n            set\n            {\n\n                var diff = _Max - _Min;\n\n                var perc = value / diff;\n\n                Angle = 360 * perc;\n\n                SetValue(ValueProperty, value);\n            }\n        }\n\n        #endregion Properties \n\n        #region Methods \n\n        protected override void OnLostMouseCapture(MouseEventArgs e)\n        {\n            isMouseRotating = false;\n            base.OnLostMouseCapture(e);\n        }\n\n        protected override void OnMouseDown(MouseButtonEventArgs e)\n        {\n            var mouseDownPoint = e.GetPosition(this);\n            mouseDownVector = mouseDownPoint - arrowCenterPoint;\n            mouseDownAngle = Angle;\n            e.MouseDevice.Capture(this);\n            isMouseRotating = true;\n            base.OnMouseDown(e);\n        }\n\n        protected override void OnMouseMove(MouseEventArgs e)\n        {\n            if (isMouseRotating)\n            {\n                Point curPos = e.GetPosition(this);\n                Vector currentVector = curPos - arrowCenterPoint;\n                var angle = Vector.AngleBetween(mouseDownVector, currentVector) + mouseDownAngle;\n                Angle = angle;\n\n\n                var percentage = Angle / 360;\n                var diff = _Max - _Min;\n                SetValue(ValueProperty, (float)diff * (float)percentage);\n\n                Debug.WriteLine(&quot;Angle: &quot; + Angle.ToString());\n            }\n            base.OnMouseMove(e);\n        }\n\n        protected override void OnMouseUp(MouseButtonEventArgs e)\n        {\n            if (isMouseRotating)\n            {\n                e.MouseDevice.Capture(null);\n                isMouseRotating = false;\n            }\n            base.OnMouseUp(e);\n        }\n\n        protected override void OnRenderSizeChanged(SizeChangedInfo sizeInfo)\n        {\n            base.OnRenderSizeChanged(sizeInfo);\n            arrowCenterPoint = new Point(ActualWidth / 2, ActualHeight / 2);\n        }\n\n        static object coerceValueCallback(DependencyObject d, object baseValue)\n        {\n            var angle = (double)baseValue % 360;\n            if (angle &lt; 0)\n                return angle + 360;\n            else\n                return angle;\n\n\n\n\n        }\n\n        #endregion Methods \n    }\n}</code></pre>\n\nYou still need to style it with Xaml though - or it won't do shit. The style is on the website.<br />\n",
    "PostedDate": "2015-08-05T04:17:29.193-07:00",
    "UserRole": null,
    "MarkedAsAnswerDate": null
  },
  {
    "Id": "1437361",
    "ThreadId": "642256",
    "Html": "Yeah, its hard to find a control that fits your needs straight away. Lucky you have the source code.\r<br />\n<br />\nThere are of course a lot of WPF toolkits out there.\r<br />\n<br />\nOne is this: <a href=\"http://wpftoolkit.codeplex.com/\" rel=\"nofollow\">http://wpftoolkit.codeplex.com/</a>\r<br />\n<br />\nIt might be worth it to look a  bit more?<br />\n",
    "PostedDate": "2015-08-05T05:37:46.913-07:00",
    "UserRole": null,
    "MarkedAsAnswerDate": null
  },
  {
    "Id": "1437408",
    "ThreadId": "642256",
    "Html": "I might be a fool... I ended up coding most UI controls from scratch as a WPF user control derived class through composition.\r<br />\nI find WPF very fast, stable and easy to use from code behind.\r<br />\nThe XAML / Binding stuff not so much... it's a bit of a cluster fuck both at design-time and run-time.<br />\n",
    "PostedDate": "2015-08-05T11:22:32.3-07:00",
    "UserRole": null,
    "MarkedAsAnswerDate": null
  },
  {
    "Id": "1437443",
    "ThreadId": "642256",
    "Html": "I've been building controls in Silverlight for many years, and I find the binding functionality to be an excellent way to separate the code/behavior of a control from the design of it. For example, some of our customers are even at the point where they can design their own UIs on our platform because of binding. I feel that as long as it's not too much of a performance hit, binding will be an excellent way to decouple code from the UI.<br />\n",
    "PostedDate": "2015-08-05T15:21:27.513-07:00",
    "UserRole": null,
    "MarkedAsAnswerDate": null
  },
  {
    "Id": "1437467",
    "ThreadId": "642256",
    "Html": "Yes. Perhaps I wasn't thinking about LOB apps. XAML is certainly productive and powerful; puts to shame stuff like css. Binding could be more intutive though. My gripe is that it tends to spout performance impacting binding errors; look in output window when running debug build. Happens mostly in pre-bind conditions between the logical and visual tree initialization using XAML bindings. Think X rely on Y and Y isn't fully initialized, X is initialized and calls uninitialized Y, error occurs.  Some bindings like the command IsEnabled event handler is pulled at regular interval (instead of push event signallīng) so your UI thread dispatcher is always busy.\r<br />\n<br />\nWPF is the best UI framework out there IMO. Here is a crowded view of my host:\r<br />\n<img src=\"http://i59.tinypic.com/2hezqmx.jpg\" alt=\"Image\" /><br />\n",
    "PostedDate": "2015-08-05T19:16:59.073-07:00",
    "UserRole": null,
    "MarkedAsAnswerDate": null
  },
  {
    "Id": "1437475",
    "ThreadId": "642256",
    "Html": "WOW!<br />\n",
    "PostedDate": "2015-08-05T22:24:03.77-07:00",
    "UserRole": null,
    "MarkedAsAnswerDate": null
  },
  {
    "Id": "1437479",
    "ThreadId": "642256",
    "Html": "Yeah! Wow alright!\r<br />\n<br />\nIs this tool available somewhere to have a look at?<br />\n",
    "PostedDate": "2015-08-05T22:40:32.64-07:00",
    "UserRole": null,
    "MarkedAsAnswerDate": null
  },
  {
    "Id": "1437635",
    "ThreadId": "642256",
    "Html": "A lot of people would pay money for that!\r<br />\nWhere's the project at?<br />\n",
    "PostedDate": "2015-08-06T15:02:29.313-07:00",
    "UserRole": null,
    "MarkedAsAnswerDate": null
  },
  {
    "Id": "1437654",
    "ThreadId": "642256",
    "Html": "Thanks for your feedback my goal is to make a proprietary commercial software and it takes a lot of time.\r<br />\n<br />\nThere's a lot of work to be done before I can put out a version. Here's another screenshot with hosted Xhip Vst plugin.\r<br />\n<img src=\"http://i59.tinypic.com/eg5y1i.jpg\" alt=\"Image\" /><br />\n",
    "PostedDate": "2015-08-06T18:17:56.617-07:00",
    "UserRole": null,
    "MarkedAsAnswerDate": null
  },
  {
    "Id": "1437860",
    "ThreadId": "642256",
    "Html": "Yury, what you are building here is more or less what I have wanted to build for a long time. This looks like an incredibly rich toolset. I've used a lot of modular synths in the past and have given up because of the lack of a few key ingredients. This synth looks as though it has those key ingredients. \r<br />\n<br />\nBasically, I'm jealous.\r<br />\n<br />\nAre you interested in having a beta tester?\r<br />\n<br />\nHave you considered developing this with Windows 10 Touch enabled UI in mind?<br />\n",
    "PostedDate": "2015-08-08T17:06:33.597-07:00",
    "UserRole": null,
    "MarkedAsAnswerDate": null
  },
  {
    "Id": "1437861",
    "ThreadId": "642256",
    "Html": "Also Yury, are you planning on making this an actual VST? Or is this going to purely be a host?<br />\n",
    "PostedDate": "2015-08-08T17:20:25.013-07:00",
    "UserRole": null,
    "MarkedAsAnswerDate": null
  },
  {
    "Id": "1437947",
    "ThreadId": "642256",
    "Html": "@Kruddler I sent you a private message<br />\n",
    "PostedDate": "2015-08-09T22:52:25.327-07:00",
    "UserRole": null,
    "MarkedAsAnswerDate": null
  }
]