[
  {
    "Id": "579818",
    "ThreadId": "249531",
    "Html": "<p>Hi,</p>\n<p>I am trying to make an app in vb.net that will pass audio from the microphone into a vst plug-in.&nbsp; I have tried converting the sample host to vb.net but I get lots of errors.&nbsp; Has someone made a host with vb.net?</p>\n<p>Thanks</p>",
    "PostedDate": "2011-03-13T19:11:49.443-07:00",
    "UserRole": null,
    "MarkedAsAnswerDate": null
  },
  {
    "Id": "579862",
    "ThreadId": "249531",
    "Html": "<p>A simple trick is to load the sample host assembly into Reflector (Red Gate) and view the source code in VB.</p>\r\n<p>There are even add-ins for Reflector that save a complete project back to disk.</p>\r\n<p>Hope it helps,<br />Marc</p>",
    "PostedDate": "2011-03-13T23:21:18.787-07:00",
    "UserRole": null,
    "MarkedAsAnswerDate": null
  },
  {
    "Id": "580415",
    "ThreadId": "249531",
    "Html": "<p>I tired using Reflector but I keep getting lots of errors. HostCommandStub has the most.&nbsp; I have tired using an online converter too but yet there are errors in it.</p>\r\n<p>Thanks</p>",
    "PostedDate": "2011-03-14T16:00:34.477-07:00",
    "UserRole": null,
    "MarkedAsAnswerDate": null
  },
  {
    "Id": "580597",
    "ThreadId": "249531",
    "Html": "<p>What (kind of) errors are you getting?</p>\r\n<p>And what is your VB experience level? (beginner/intermediate/senior/expert)</p>",
    "PostedDate": "2011-03-15T01:47:54.923-07:00",
    "UserRole": null,
    "MarkedAsAnswerDate": null
  },
  {
    "Id": "581122",
    "ThreadId": "249531",
    "Html": "<p>I have programmed a few applications in VB before but only at the beginner level.</p>\n<p>&nbsp;</p>\n<p>These are the errors I am getting, everything was exported from Reflector.</p>\n<p>'AddHandler' definition missing for event 'PluginCalled'.</p>\n<p>Statement cannot appear within an event body. End of event assumed. (this happens for public function under where it says methods)</p>\n<p>Identifier expected. (This happens where it says \"&lt;PluginContext&gt;\"</p>\n<p>&nbsp;</p>\n<div style=\"color: black; background-color: white;\">\n<pre>        <span style=\"color: green;\">' Events</span>\n        <span style=\"color: blue;\">Public</span> Custom <span style=\"color: blue;\">Event</span> PluginCalled <span style=\"color: blue;\">As</span> EventHandler(Of PluginCalledEventArgs)\n\n            <span style=\"color: green;\">' Methods</span>\n        <span style=\"color: blue;\">Public</span> <span style=\"color: blue;\">Function</span> BeginEdit(<span style=\"color: blue;\">ByVal</span> index <span style=\"color: blue;\">As</span> <span style=\"color: blue;\">Integer</span>) <span style=\"color: blue;\">As</span> <span style=\"color: blue;\">Boolean</span>\n            <span style=\"color: blue;\">Me</span>.RaisePluginCalled((<span style=\"color: #a31515;\">\"BeginEdit(\"</span> &amp; index &amp; <span style=\"color: #a31515;\">\")\"</span>))\n            <span style=\"color: blue;\">Return</span> <span style=\"color: blue;\">False</span>\n        <span style=\"color: blue;\">End</span> <span style=\"color: blue;\">Function</span>\n<br /><br /><div style=\"color: black; background-color: white;\"><pre>        <span style=\"color: green;\">' Fields</span>\n        &lt;CompilerGenerated&gt; _\n        <span style=\"color: blue;\">Private</span> &lt;PluginContext&gt;k__BackingField <span style=\"color: blue;\">As</span> IVstPluginContext<br /><br /></pre>\n</div>\n</pre>\n</div>\n<p>Thank you.</p>",
    "PostedDate": "2011-03-15T19:10:57.577-07:00",
    "UserRole": null,
    "MarkedAsAnswerDate": null
  },
  {
    "Id": "581235",
    "ThreadId": "249531",
    "Html": "<p>The bottom part is compiler generated code for a property of type PluginContext. You will have to change that into something VB understands.</p>\r\n<p>The way the event is declared is not correct. I think you should remove \"Custom\" ...?<br />I'm not a VB coder ;-) Check online for examples.</p>\r\n<p>Hope it helps.</p>",
    "PostedDate": "2011-03-16T01:31:16.597-07:00",
    "UserRole": null,
    "MarkedAsAnswerDate": null
  },
  {
    "Id": "583131",
    "ThreadId": "249531",
    "Html": "<p>Hi,</p>\r\n<p>I gave up on trying to port the app to vb.net so I just downloaded visual c# express.&nbsp; Now when I try to build the sample host in c# I get an error each time \"{ get; set; }\" is in the code.&nbsp; Do you know what this means?</p>\r\n<p>&nbsp;</p>\r\n<div style=\"color: black; background-color: white;\">\r\n<pre>Error    1    'Jacobi.Vst.Samples.Host.HostCommandStub.PluginContext.get' must declare a body because it is not marked abstract or extern    HostCommandStub.cs    31    50<br />Error    2    'Jacobi.Vst.Samples.Host.HostCommandStub.PluginContext.set' must declare a body because it is not marked abstract or extern    HostCommandStub.cs    31    55<br />Error    3    'Jacobi.Vst.Samples.Host.PluginCalledEventArgs.Message.get' must declare a body because it is not marked abstract or extern    HostCommandStub.cs    235    33<br />Error    4    'Jacobi.Vst.Samples.Host.PluginCalledEventArgs.Message.set' must declare a body because it is not marked abstract or extern    HostCommandStub.cs    235    46<br />Error    5    'Jacobi.Vst.Samples.Host.EditorFrame.PluginCommandStub.get' must declare a body because it is not marked abstract or extern    EditorFrame.cs    26    79\r\nError    6    'Jacobi.Vst.Samples.Host.EditorFrame.PluginCommandStub.set' must declare a body because it is not marked abstract or extern    EditorFrame.cs    26    84\r\nError    7    'Jacobi.Vst.Samples.Host.PluginForm.PluginContext.get' must declare a body because it is not marked abstract or extern    PluginForm.cs    16    49<br />Error    8    'Jacobi.Vst.Samples.Host.PluginForm.PluginContext.set' must declare a body because it is not marked abstract or extern    PluginForm.cs    16    54</pre>\r\n</div>\r\n<p>Thank you</p>\r\n<p>&nbsp;</p>",
    "PostedDate": "2011-03-19T13:34:40.95-07:00",
    "UserRole": null,
    "MarkedAsAnswerDate": null
  },
  {
    "Id": "583513",
    "ThreadId": "249531",
    "Html": "<p>Not sure. It seems that the short syntax for delcaring properties is not recognized.</p>\r\n<p>Normally you can type \"public string MyProperty { get; set; }\" and the compiler will generate the backing field for it (thats what you saw in your reverse-enginered VB code).</p>\r\n<p>You can always try implementing the properties yourself... something like:</p>\r\n<p>private Type _myProperty;</p>\r\n<p>public Type MyProperty<br />{<br />&nbsp;&nbsp;&nbsp; get { return _myProperty; }<br />&nbsp;&nbsp;&nbsp; set { _myProperty = value; }<br />}<br /><br />Hope it helps,<br />Marc</p>",
    "PostedDate": "2011-03-20T23:09:07.713-07:00",
    "UserRole": null,
    "MarkedAsAnswerDate": null
  },
  {
    "Id": "584693",
    "ThreadId": "249531",
    "Html": "<p>I got it to work thanks!</p>\r\n<p>I downloaded C# express 2005 because I have an old computer.&nbsp; That's probably why short hand for declaring properties doesn't work.</p>",
    "PostedDate": "2011-03-22T17:14:25.957-07:00",
    "UserRole": null,
    "MarkedAsAnswerDate": null
  }
]