[
  {
    "Id": "1467335",
    "ThreadId": "652692",
    "Html": "Does anyone know of an example of panning in c#? \r<br />\n<br />\nParticularly, taking a stereo signal and panning it - or taking two mono signals and panning those...\r<br />\n<br />\nFailing that, a generic algorithm in pseudo code, or some other language would be good.<br />\n",
    "PostedDate": "2016-03-18T16:45:31.353-07:00",
    "UserRole": null,
    "MarkedAsAnswerDate": null
  },
  {
    "Id": "1467348",
    "ThreadId": "652692",
    "Html": "Panning a stereo signal is controlling the other channel's volume. \r<br />\nSo panning to the right means lowering the volume on the left. \r<br />\nYou could add a little boost in volume (right channel) also but watch your unity gain.\r<br />\n<br />\n[2c]<br />\n",
    "PostedDate": "2016-03-18T23:58:23.007-07:00",
    "UserRole": null,
    "MarkedAsAnswerDate": null
  },
  {
    "Id": "1467349",
    "ThreadId": "652692",
    "Html": "Well, that seems like the obvious answer, but I'm sure it's not that simple. It never is with DSP.\r<br />\n<br />\nAll of the algorithms I've seen on the net talk about &quot;pan law&quot; and give complex equations with angles.<br />\n",
    "PostedDate": "2016-03-19T00:08:34.857-07:00",
    "UserRole": null,
    "MarkedAsAnswerDate": null
  },
  {
    "Id": "1467366",
    "ThreadId": "652692",
    "Html": "Simplest way is to decrease gain (attenuator). Increasing gain (amplificator) is not practical as you'll need to workaround clipping issues with samples values getting higher than 1.<br />\n<br />\nPanning in analog equipment is usually done with a linear control (pot, fader...) sending voltage signal to VCA (voltage controlled attenuator).<br />\n<br />\nSee how the voltage signal (Y vol axis) is linear (V shaped) in this mono pan law graph:<br />\n<img src=\"http://i67.tinypic.com/2wbt9tw.png\" alt=\"Image\" /><br />\n<br />\nThe green signal is not a final gain value that you can easily apply to the samples values in DSP. The VCA here operates on a dB logarithmic scale, think exponential. The way to get out of the complex equations is to begin by converting the dB gain value to a linear gain value.<br />\n<br />\nFor a typical pan law you convert ranges from [0, -3] dB to [1, 0] linear. You then apply that converted gain value to each sample with a linear convolution, fancy way of saying multiply sample value by constant value.<br />\n<br />\nStereo and other multi-channel pan laws brings summing operation in the mix, fancy way of saying add two sample values together. The only thing to watch out for is to never go over unity gain. If you sum two mono tracks to a single mono track without attenuation you'll effectively create an amplificator and therefore risk clipping.<br />\n<br />\nIn this 2 tracks mixed to 1 scenario with a potential maximum sample value of 1 on each track, clipping happens because 1 + 1 &gt; 1 so you can do 1 * 0.5 + 1 * 0.5 &lt;= 1 to prevent clipping easily. The panning and mixing operations are done independently in series on each sample value.<br />\n",
    "PostedDate": "2016-03-19T11:34:42.51-07:00",
    "UserRole": null,
    "MarkedAsAnswerDate": null
  },
  {
    "Id": "1467396",
    "ThreadId": "652692",
    "Html": "See also:\r<br />\n<a href=\"http://vstnet.codeplex.com/SourceControl/latest#Source/Code/Jacobi.Vst.Core/VstPanLaw.cs\" rel=\"nofollow\">http://vstnet.codeplex.com/SourceControl/latest#Source/Code/Jacobi.Vst.Core/VstPanLaw.cs</a>\r<br />\n<br />\n[2c]<br />\n",
    "PostedDate": "2016-03-20T00:34:10.687-07:00",
    "UserRole": null,
    "MarkedAsAnswerDate": null
  },
  {
    "Id": "1467437",
    "ThreadId": "652692",
    "Html": "Thanks to the both of you!<br />\n",
    "PostedDate": "2016-03-20T16:18:48.703-07:00",
    "UserRole": null,
    "MarkedAsAnswerDate": null
  }
]