[
  {
    "Id": "705971",
    "ThreadId": "281497",
    "Html": "\r\n<p>Hi all, just wondered if my experiences are common or if anyone else has come acoss this issue.</p>\r\n<p>The fault occurs in void CallProcess32(float** inputs, float** outputs, ::VstInt32 sampleFrames) VstPluginCommandStub.h</p>\r\n<p>Attempted to read or write protected memory. This is often an indication that other memory is corrupt.</p>\r\n<p>Whilst I am aware that plugins can be badly written, some of those failing work on VST Host</p>\r\n<p>For some reason ?? it appear to be drum step sequencers that fail; quite a number of them !</p>\r\n<p>Here's a link to a couple of&nbsp; failing plugin that works on VST Host</p>\r\n<p><a title=\"http://www.asseca.com/darkstar/ttp-ug/\" href=\"http://www.asseca.com/darkstar/ttp-ug/\">http://www.asseca.com/darkstar/ttp-ug/</a></p>\r\n<p><a href=\"http://www.autodafe.net/elektromusic/SxMJune.dll\" target=\"_blank\">http://www.autodafe.net/elektromusic/SxMJune.dll</a>\r\n<br>\r\n<br>\r\n</p>\r\n<p>I'm using PortSharpAudio and asio drivers.&nbsp; I have many window7 64 bit ( compiled for 32)</p>\r\n<p>The vsthost I've created plays many vsti synths as well as being able to use portshap at the same time for wav playback.</p>\r\n<p>Any ideas how to track this one down would be appreciated</p>\r\n<p>Regards Tony</p>\r\n",
    "PostedDate": "2011-12-01T09:23:56.447-08:00",
    "UserRole": null,
    "MarkedAsAnswerDate": null
  },
  {
    "Id": "706090",
    "ThreadId": "281497",
    "Html": "<p>Yeah this can happen quite often.. I've fixed it in some ways but it's still a problem. Be sure to review all the unmanaged structures like VstTimeInfo , if the plugin ask for something in the callback function be sure to provide something. Also be aware  that some plugin can crash if you access more than 2 audio ouputs or provide no input etc....</p>\n<p>Besides that both synth you mention are synthmaker / synthedit assemblies isn't it? They aren't the most stable plugins.</p>",
    "PostedDate": "2011-12-01T13:38:08.973-08:00",
    "UserRole": null,
    "MarkedAsAnswerDate": null
  },
  {
    "Id": "706100",
    "ThreadId": "281497",
    "Html": "<p>Here, this one might help in the host command stub :</p>\n<p>\n<div style=\"color: black; background-color: white;\">\n<pre>\n        Jacobi.Vst.Core.VstTimeInfo vstTimeInfo = <span style=\"color: blue;\">new</span> Jacobi.Vst.Core.VstTimeInfo();</pre>\n</div>\n</p>\n<div style=\"color: black; background-color: white;\">\n<pre>        <span style=\"color: blue;\">public</span> Jacobi.Vst.Core.VstTimeInfo GetTimeInfo(Jacobi.Vst.Core.VstTimeInfoFlags filterFlags)\n        {\n            vstTimeInfo.SamplePosition = 0.0;\n            vstTimeInfo.SampleRate = 44100;\n            vstTimeInfo.NanoSeconds = 0.0;\n            vstTimeInfo.PpqPosition = 0.0;\n            vstTimeInfo.Tempo = 120.0;\n            vstTimeInfo.BarStartPosition = 0.0;\n            vstTimeInfo.CycleStartPosition = 0.0;\n            vstTimeInfo.CycleEndPosition = 0.0;\n            vstTimeInfo.TimeSignatureNumerator = 4;\n            vstTimeInfo.TimeSignatureDenominator = 4;\n            vstTimeInfo.SmpteOffset = 0;\n            vstTimeInfo.SmpteFrameRate = <span style=\"color: blue;\">new</span> Jacobi.Vst.Core.VstSmpteFrameRate();\n            vstTimeInfo.SamplesToNearestClock = 0;\n            vstTimeInfo.Flags = 0;\n\n            <span style=\"color: blue;\">return</span> vstTimeInfo;\n        }\n</pre>\n</div>\n<p>&nbsp;</p>",
    "PostedDate": "2011-12-01T13:52:04.027-08:00",
    "UserRole": null,
    "MarkedAsAnswerDate": null
  },
  {
    "Id": "706133",
    "ThreadId": "281497",
    "Html": "<p><a class=\"UserProfileLink\" href=\"http://www.codeplex.com/site/users/view/YuryK\">YuryK</a>&nbsp;&nbsp;I think you maybe&nbsp;onto something regarding the the structure in the callback that I was not even aware of !&nbsp; All but one of the VSTis that are failing&nbsp;for me are drum machine with a step sequencer, so populating GetTimeInfo makes even more sense in that context.&nbsp; I'll have a look in my lunch hour at work tommorow. I'm trying to keep my VSThost project seperate from&nbsp;my&nbsp;sequenecer workstation project that I work on at home.&nbsp; I know if I intergate them now I'll spend too much time playing with all the great soft synth sounds rather than progress with the logic of the workstation</p>\r\n<p>I can't believe all the vintage synth emulations there are.&nbsp; I started building analog synths in 1981 as a teenager ('cos I couldn't afford to buy them), so for me,&nbsp;its like being a kid in sweet shop.</p>\r\n<p><a class=\"UserProfileLink\" href=\"http://www.codeplex.com/site/users/view/YuryK\">YuryK</a>&nbsp;Thank you very much</p>\r\n<p>Regards Tony</p>",
    "PostedDate": "2011-12-01T14:38:15.5-08:00",
    "UserRole": null,
    "MarkedAsAnswerDate": null
  },
  {
    "Id": "706420",
    "ThreadId": "281497",
    "Html": "<p><a class=\"UserProfileLink\" href=\"http://www.codeplex.com/site/users/view/YuryK\">YuryK</a> <br />Closer,&nbsp; the one synth I had failing now works thanks to your fix :)</p>\r\n<p>Howver I still get it crashing on any drumsynth step sequencer that work on VSThost</p>\r\n<p>Here a link to another</p>\r\n<p><a title=\"thedrumsource\" href=\"ttp://freemusicsoftware.org/528\">http://freemusicsoftware.org/528</a></p>\r\n<p>They crash after play has commenceed&nbsp; with or without any sounds loaded</p>\r\n<p>Any clues, does the above drum sythn work for you or anyone else using vstnet&nbsp; ?</p>\r\n<p>Regards Tony</p>",
    "PostedDate": "2011-12-02T05:26:00.35-08:00",
    "UserRole": null,
    "MarkedAsAnswerDate": null
  },
  {
    "Id": "706459",
    "ThreadId": "281497",
    "Html": "<p>This type of error is usually the result of some sort of memory corruption (as the error indicates ;-).</p>\r\n<p>I have encountered such errors in the past where plugins wrote past the spec-ed string buffer lengths. Enlarging these buffers fixed those errors.</p>\r\n<p>The fact that it occurs in Process doesn't mean much, other than that probably the AudioBuffers (pointers) were corrupted.</p>\r\n<p>One way to find out more information is to turn on tracing for VST.NET (check out the Host sample config file).</p>\r\n<p>That way you know what methods are used by the plugin (and the host - but you know that already) and narrow down the search.</p>\r\n<p>Another way to find more info is to try those plugins in other VST.NET host applications. But those are scarce...</p>",
    "PostedDate": "2011-12-02T06:47:18.677-08:00",
    "UserRole": null,
    "MarkedAsAnswerDate": null
  },
  {
    "Id": "706858",
    "ThreadId": "281497",
    "Html": "<p>The memory corruption is very often writing after the buffers or reading uninitialized&nbsp;vst structures. Otherwise, maybe the plugin is 'used' to get some marginal value from the host and you return an unexpected value that the plugin doesn't check and use  to access directly memory by pointer&nbsp;arithmetic. Tracing every call and parameter values is something that might be useful at this point. The plugins you listed doesn't work for me either.</p>\n<p>Oh and Tony cool to hear you were&nbsp;building analog synths before I was born :D</p>\n<p>I also have a 44U modular analog synth and I'm quite proud of putting that beast together. Here is a picture of the machine, it should show up on the forum. Marc, sorry couldn't resist to get off topic :D</p>\n<p><a href=\"http://tinypic.com?ref=s4ri1c\" target=\"_blank\"><img src=\"http://i43.tinypic.com/s4ri1c.jpg\" border=\"0\" alt=\"Image and video hosting by TinyPic\" /></a></p>",
    "PostedDate": "2011-12-03T02:07:34.687-08:00",
    "UserRole": null,
    "MarkedAsAnswerDate": null
  },
  {
    "Id": "707429",
    "ThreadId": "281497",
    "Html": "<p><a class=\"UserProfileLink\" href=\"http://www.codeplex.com/site/users/view/YuryK\">YuryK</a></p>\r\n<p>Wow that a big one ! Well done.&nbsp; I'll turn on tracing today and have a look.&nbsp; It seems very curious that my host fails on all drum step sequencers, there must be something generic to them that I am not implmenting.&nbsp; Do you have any working drum step sequencer plugins.&nbsp; The one Im really trying to get going is <a title=\"thedrumsource\" href=\"http://vstnet.codeplex.com/discussions/281497?ProjectName=vstnet\">http://freemusicsoftware.org/528</a> its a TR808 clone.&nbsp; The other options is for me to write my own, but Id rather not get distracted with that</p>",
    "PostedDate": "2011-12-05T01:54:42.29-08:00",
    "UserRole": null,
    "MarkedAsAnswerDate": null
  },
  {
    "Id": "707496",
    "ThreadId": "281497",
    "Html": "<p><a class=\"UserProfileLink\" href=\"http://www.codeplex.com/site/users/view/YuryK\">Hi YuryK&nbsp; ,</a><a class=\"UserProfileLink\" href=\"http://www.codeplex.com/site/users/view/obiwanjacobi\"> obiwanjacobi</a></p>\r\n<p>I have the answer to my problem which I thought I'd share. As you both pointed at it was an uninitialized&nbsp; structure.&nbsp; My failure was the assumption that output audio vst buffer would be (1) mono or (2) stereo. In fact the plugin&nbsp; theDrumSouce has 24 outputs oops !.</p>\r\n<p>Now i've corrected that all is well.</p>\r\n<p>My next&nbsp; issue is to work out why, on some plugins the editor does not redraw fully, but thats another thread :)</p>",
    "PostedDate": "2011-12-05T05:37:35.553-08:00",
    "UserRole": null,
    "MarkedAsAnswerDate": null
  },
  {
    "Id": "707837",
    "ThreadId": "281497",
    "Html": "<p>Hi Tony,</p>\n<p>Before starting a new thread try these steps:</p>\n<p>Call these three functions 'getEditorSize', 'processIdle' and 'processReplacing'&nbsp;continually while the GUI is open.</p>\n<p>If size don't change and you don't need to process audio call the functions anyway because plugins can rely on them being called frequently for their redrawing.</p>",
    "PostedDate": "2011-12-05T16:14:46.543-08:00",
    "UserRole": null,
    "MarkedAsAnswerDate": null
  },
  {
    "Id": "708746",
    "ThreadId": "281497",
    "Html": "<p>Hi YuryK</p>\r\n<p>Thanks for the pointer.&nbsp; In fact all I had to call was&nbsp; Jacobi.Vst.Core.Host.IVstPluginCommandStub.EditorIdle() which I do every 100 ms.&nbsp; This works great ;)</p>\r\n<p>Another issue that I have noticed and cured was another one of&nbsp; 'Attempted to read or write protected memory' during the dispose of a plugin.</p>\r\n<p>This only occurs if you call&nbsp; hostCmdStub.PluginContext.PluginCommandStub.Close(), before disposing of the plugin !</p>\r\n<p>I suspect this is because when I traced the code invoking Dispose on the plugin automatically invokes l&nbsp; hostCmdStub.PluginContext.PluginCommandStub.Close()</p>\r\n<p>&nbsp; vstPluginContext.cpp<br />\r\n<div style=\"color: black; background-color: white;\">\r\n<pre>VstPluginContext::~VstPluginContext()\r\n\t{\r\n\t\t<span style=\"color: blue;\">if</span>(PluginCommandStub != <span style=\"color: blue;\">nullptr</span>)\r\n\t\t{\r\n\t\t\tPluginCommandStub-&gt;Close();\r\n\t\t}\r\n<br /><br />Since I now have a host quite complete I wondered if the sample projects are worth updating to include fuller featured host that can do playback save banks etc ?\r\n</pre>\r\n</div>\r\n</p>",
    "PostedDate": "2011-12-07T05:02:05.867-08:00",
    "UserRole": null,
    "MarkedAsAnswerDate": null
  },
  {
    "Id": "712315",
    "ThreadId": "281497",
    "Html": "<p>Actually, I'd be interested in your fixes. My host is also quite complete but you can never have enough fixes with those sleazy vst. If you mind, you can contact me at : win32asm_codecs@hotmail.com</p>",
    "PostedDate": "2011-12-14T11:57:23.743-08:00",
    "UserRole": null,
    "MarkedAsAnswerDate": null
  },
  {
    "Id": "826736",
    "ThreadId": "281497",
    "Html": "<p>Fabulous&nbsp;<a class=\"UserProfileLink\" href=\"http://www.codeplex.com/site/users/view/YuryK\">YuryK</a>,</p>\r\n<p>I've been tearing my hair out with corrupted memory using Largo; I was almost going to give up but having followed your example by passing back&nbsp;VstTimeInfo - the exception is gone.</p>\r\n<p>Many thanks</p>",
    "PostedDate": "2012-04-20T16:08:41.2-07:00",
    "UserRole": null,
    "MarkedAsAnswerDate": null
  },
  {
    "Id": "827091",
    "ThreadId": "281497",
    "Html": "<p>Glad it helped :D</p>",
    "PostedDate": "2012-04-22T14:21:16.107-07:00",
    "UserRole": null,
    "MarkedAsAnswerDate": null
  }
]