[
  {
    "Id": "1208818",
    "ThreadId": "532070",
    "Html": "Hi Mark,<br />\n<br />\nCould you tell me the purpose of VstMidiEvent isRealtime constructor parameter?<br />\nIn which scenario should I use Realtime?<br />\n<br />\nReference:<br />\npublic VstMidiEvent(int deltaFrames, int noteLength, int noteOffset, byte[] midiData, short detune, byte noteOffVelocity, bool isRealtime);<br />\n",
    "PostedDate": "2014-02-15T15:16:40.98-08:00",
    "UserRole": null,
    "MarkedAsAnswerDate": null
  },
  {
    "Id": "1208884",
    "ThreadId": "532070",
    "Html": "Hi Yuri,\r<br />\n<br />\nIsRealtime is set by the host when the Midi information is played in realtime. If Midi is played from a recorded track the IsRealtime property would be false.\r<br />\n<br />\nI don't think you should use it as a plugin, so always pass false into the constructor.\r<br />\n<br />\nHope it helps,\r<br />\nMarc<br />\n",
    "PostedDate": "2014-02-15T23:38:05.77-08:00",
    "UserRole": null,
    "MarkedAsAnswerDate": null
  },
  {
    "Id": "1209071",
    "ThreadId": "532070",
    "Html": "Thank you for the quick answer. My host buffers realtime events and send them just before calling processreplacing but it seems like no plugins use it in a useful way so I won't set this flag as you suggested.<br />\n",
    "PostedDate": "2014-02-16T10:35:08.3-08:00",
    "UserRole": null,
    "MarkedAsAnswerDate": null
  },
  {
    "Id": "1209077",
    "ThreadId": "532070",
    "Html": "If you buffer the events no longer than for one call to ProcessEvents, than I would suggest you do set the flag - it's hardly any trouble for you anyway.\r<br />\n<br />\nJust follow the spec - even when the plugins you use do not appear to need it.<br />\n",
    "PostedDate": "2014-02-16T10:54:07.507-08:00",
    "UserRole": null,
    "MarkedAsAnswerDate": null
  }
]