[
  {
    "Id": "510411",
    "ThreadId": "231776",
    "Html": "<p>Hi.</p>\r\n<p>Is it possible to get OnRecord event or add some UI (new Form() brings new not integrated window:( ) to the plugin?</p>\r\n<p>Actually i do need to write Export plugin and do export all midi notes to my custom format.</p>",
    "PostedDate": "2010-10-21T03:21:41.667-07:00",
    "UserRole": null,
    "MarkedAsAnswerDate": null
  },
  {
    "Id": "510416",
    "ThreadId": "231776",
    "Html": "<p>The plugin has no notion whether the host is recording or not.</p>\r\n<p>VST has an indication if the midi event is real time (played life by a mucisian) or not (played back from a track), but that flag is not implemented in VST.NET.</p>\r\n<p>Can you explain a little further what it is you want to accomplish?</p>",
    "PostedDate": "2010-10-21T03:28:33.403-07:00",
    "UserRole": null,
    "MarkedAsAnswerDate": null
  },
  {
    "Id": "510421",
    "ThreadId": "231776",
    "Html": "<p><span id=\"result_box\" lang=en><span style=\"color:#000000\">My problem is very simple: i need to export all midi notes to my file when user press 'Export button'.</span></span></p>\r\n<p>The format is: &lt;NOTE_NO&gt; &lt;TIME_IN_MS_FROM_START_OR_DIFFERENCE_FROM_PRIOR_NOTE&gt; &lt;NOTE_LENGTH&gt;</p>\r\n<p>I have already found IVstPluginEditor and figgured out how to add 'export' button.</p>\r\n<p>Now i do need to get absolute note position from start.</p>\r\n<p>The best way is to export all notes when user press export button as fast as possible (offline, i mean i dont want to wait 4 minutes (track length))</p>\r\n<p>&nbsp;</p>\r\n<p><span lang=en><span style=\"color:#000000\"><br></span></span></p>\r\n<p>&nbsp;</p>",
    "PostedDate": "2010-10-21T03:42:17.767-07:00",
    "UserRole": null,
    "MarkedAsAnswerDate": null
  },
  {
    "Id": "510422",
    "ThreadId": "231776",
    "Html": "<p>It is possible to get all notes and <span id=\"result_box\" lang=en><span style=\"color:#000000\">theirs positions and lengths?<br></span></span></p>",
    "PostedDate": "2010-10-21T03:43:51.613-07:00",
    "UserRole": null,
    "MarkedAsAnswerDate": null
  },
  {
    "Id": "510423",
    "ThreadId": "231776",
    "Html": "<p>I'm sorry, VST.NET does not support the offline processing of the VST spec. (I'm not sure that VST Offline processing would enable what you're trying to do.)</p>\r\n<p>Please create an item on the Issues list and get people to vote for it.</p>",
    "PostedDate": "2010-10-21T03:44:39.887-07:00",
    "UserRole": null,
    "MarkedAsAnswerDate": null
  },
  {
    "Id": "510426",
    "ThreadId": "231776",
    "Html": "<p>Ok. Np.</p>\r\n<p>MessageBox.Show(midiEvent.NoteLength.ToString());</p>\r\n<p>NoteLength, Offset is allways equals to zero. Why?</p>",
    "PostedDate": "2010-10-21T03:51:27.327-07:00",
    "UserRole": null,
    "MarkedAsAnswerDate": null
  },
  {
    "Id": "510429",
    "ThreadId": "231776",
    "Html": "<p>Its the offset from the current time-slice that is being processed.</p>\r\n<p>The delta offset is coupled to the samplerate/blocksize of the audio processing. This is why you often see a dummy audio processor in midi plugins: Its a good place to call ProcessEvents on the host (output midi) but also to keep track of absolute time. All midi event offset values are relative to the timeslice that is represented by samplerate and the buffer size that is passed to Process of the AudioProcessor.</p>\r\n<p>NoteLength shouldn't be zero.</p>\r\n<p>Hope it helps.</p>",
    "PostedDate": "2010-10-21T03:55:48.72-07:00",
    "UserRole": null,
    "MarkedAsAnswerDate": null
  },
  {
    "Id": "510434",
    "ThreadId": "231776",
    "Html": "<p>\r\n<div style=\"color:black;background-color:white\">\r\n<pre><span style=\"color:blue\">The code is:<br>public</span> <span style=\"color:blue\">void</span> Process(VstEventCollection events)\r\n        {\r\n            <span style=\"color:blue\">foreach</span> (VstEvent evnt <span style=\"color:blue\">in</span> events)\r\n            {\r\n                <span style=\"color:blue\">if</span> (evnt.EventType == VstEventTypes.MidiEvent)\r\n                {\r\n                    VstMidiEvent midiEvent = (VstMidiEvent)evnt;                    \r\n\r\n                    <span style=\"color:blue\">if</span> ((midiEvent.Data[0] &amp; 0xF0) == 0x80)\r\n                    {\r\n                        _plugin.SampleManager.ProcessNoteOffEvent(midiEvent.Data[1]);\r\n                    }\r\n\r\n                    <span style=\"color:blue\">if</span> ((midiEvent.Data[0] &amp; 0xF0) == 0x90)\r\n                    {\r\n                        <span style=\"color:blue\">if</span> (midiEvent.Data[2] == 0)\r\n                        {\r\n                            _plugin.SampleManager.ProcessNoteOffEvent(midiEvent.Data[1]);\r\n                        }\r\n                        <span style=\"color:blue\">else</span>\r\n                        {\r\n                            _plugin.SampleManager.ProcessNoteOnEvent(midiEvent.Data[1]);\r\n\r\n                            <span style=\"color:blue\">string</span> note = <span style=\"color:blue\">string</span>.Format(<span style=\"color:#a31515\">&quot;L: {0}, O: {1}, V: {2}, DF: {3}&quot;</span>, midiEvent.NoteLength, midiEvent.NoteOffset, midiEvent.NoteOffVelocity, midiEvent.DeltaFrames);\r\n                            <span style=\"color:blue\">string</span> data = <span style=\"color:blue\">string</span>.Format(<span style=\"color:#a31515\">&quot;0: '{0}', 1: {1}, 2: {2}, 3: {3}&quot;</span>, midiEvent.Data[0], midiEvent.Data[1], midiEvent.Data[2], midiEvent.Data[3]);\r\n                            \r\n\r\n                            _plugin.Editor.SetText(note);\r\n                            _plugin.Editor.SetText2(data);\r\n                        }\r\n                    }\r\n                }\r\n            }\r\n</pre>\r\n</div>\r\n</p>\r\n<p>The results is: http://img842.imageshack.us/img842/4198/vstnetmidibug.png</p>\r\n<p>Second label is midiEvent.Data.</p>\r\n<p>The first one is Length, Offset, Velocity, DeltaFrames all is zero.</p>",
    "PostedDate": "2010-10-21T04:07:15.817-07:00",
    "UserRole": null,
    "MarkedAsAnswerDate": null
  },
  {
    "Id": "510905",
    "ThreadId": "231776",
    "Html": "\r\n<p>Ok. I had to look this up again. Disregard my previous comments about NoteLength.</p>\r\n<p>NoteLength and NoteOffset are not always filled. Some hosts fill them out when playing midi from a track (NoteLength requires a forward lookup) but not all. So these can be zero.</p>\r\n<p>Only DeltaFrames should be filled (and can be zero) to indicate the number of sample frames into the current time slice of audio processing.<br>\r\nI can see no errors in the marshalling code, so if this remains zero (with rapid changing notes for instance) it is possible the host is not filling them properly.\r\n<br>\r\nYou can also increase the buffer size to see if the midi events receive a DeltaFrames value. Otherwise try your plugin on a different host.</p>\r\n<p>Hope it helps.<br>\r\nMarc.</p>\r\n",
    "PostedDate": "2010-10-21T22:46:35.483-07:00",
    "UserRole": null,
    "MarkedAsAnswerDate": null
  },
  {
    "Id": "514422",
    "ThreadId": "231776",
    "Html": "\r\n<p>Hi.</p>\r\n<p>I have tried to make bug report but there PPL is fucking twisted inside Image Line.</p>\r\n<p>I was unable to Bug Report bcs iam not a customer, even can read forum messages.</p>\r\n",
    "PostedDate": "2010-10-29T01:04:27.837-07:00",
    "UserRole": null,
    "MarkedAsAnswerDate": null
  },
  {
    "Id": "514427",
    "ThreadId": "231776",
    "Html": "\r\n<p>Delta Frames also is empty.</p>\r\n<p>Are you sure this is FL Studio related problem?</p>\r\n<p>Which host i can try for sure?</p>\r\n",
    "PostedDate": "2010-10-29T01:26:26.887-07:00",
    "UserRole": null,
    "MarkedAsAnswerDate": null
  },
  {
    "Id": "514445",
    "ThreadId": "231776",
    "Html": "\r\n<p>You could try this free host. Its the one that I use for all my testing.</p>\r\n<p><a href=\"http://www.hermannseib.com/english/vsthost.htm\">http://www.hermannseib.com/english/vsthost.htm</a></p>\r\n<p>Hope it helps.<br>\r\nMarc&nbsp;</p>\r\n",
    "PostedDate": "2010-10-29T02:19:30.007-07:00",
    "UserRole": null,
    "MarkedAsAnswerDate": null
  },
  {
    "Id": "514455",
    "ThreadId": "231776",
    "Html": "\r\n<p>Yes. I have tried VSTHost but with no results.</p>\r\n<p>DeltaFrames is filled but NoteLength and etc is not filled.</p>\r\n",
    "PostedDate": "2010-10-29T02:44:35.737-07:00",
    "UserRole": null,
    "MarkedAsAnswerDate": null
  },
  {
    "Id": "514460",
    "ThreadId": "231776",
    "Html": "\r\n<p>Like I said earlier, NoteLength etc are optional fields...</p>\r\n<p>So if DeltraFrames is filled, I say it works.</p>\r\n<p>You must calculate the note length yourself by keeping track of the number of sample frames (x sample rate) across multiple calls to Process on the AudioProcessor.</p>\r\n<p>&nbsp;</p>\r\n<p>Hope it helps.<br>\r\nMarc&nbsp;</p>\r\n",
    "PostedDate": "2010-10-29T02:55:14.573-07:00",
    "UserRole": null,
    "MarkedAsAnswerDate": null
  },
  {
    "Id": "514699",
    "ThreadId": "231776",
    "Html": "\r\n<p>Ok.</p>\r\n<p>How to catch OnPlay event?</p>\r\n",
    "PostedDate": "2010-10-29T12:07:41.837-07:00",
    "UserRole": null,
    "MarkedAsAnswerDate": null
  },
  {
    "Id": "514845",
    "ThreadId": "231776",
    "Html": "\r\n<p>The closest thing to an OnPlay event is the StartProcess method being called.</p>\r\n<p>The sequence goes something like this.</p>\r\n<p>[plugin.Open]</p>\r\n<p>plugin.Resume</p>\r\n<p>plugin.StartProcess</p>\r\n<p>plugin.Process (audio) called repeaditly</p>\r\n<p>plugin.StopProcess</p>\r\n<p>plugin.Suspend</p>\r\n<p>[plugin.Close]</p>\r\n<p>Note that Suspend/Resume can be called multiple times.</p>\r\n<p>Hope it helps.<br>\r\nMarc</p>\r\n",
    "PostedDate": "2010-10-30T00:35:16.09-07:00",
    "UserRole": null,
    "MarkedAsAnswerDate": null
  }
]