[
  {
    "Id": "1035848",
    "ThreadId": "441611",
    "Html": "Hi Jacobi, its been a while...\r<br />\n<br />\nCould you give me some pointers on how to show a xaml file as the plugin GUI\r<br />\nin VB.NET\r<br />\n<br />\nI understand you create a PluginEditor file which Inherits the IVstPluginEditor interface\r<br />\nand on the VB.Net side you load the xaml file dynamically but I can't figure out how to deliver\r<br />\nthe UI. Would it be in the open method?\r<br />\n<br />\nI would greatly appreciate a small example in VB.Net if possible.\r<br />\n<br />\nThanks<br />\n",
    "PostedDate": "2013-04-25T14:45:10.293-07:00",
    "UserRole": null,
    "MarkedAsAnswerDate": null
  },
  {
    "Id": "1035925",
    "ThreadId": "441611",
    "Html": "Hi,\r<br />\n<br />\nTake a look at the CorePlugin Sample project. It demonstrates how to use WPF as a GUI - although its in C# I am sure its not too difficult to translate that to VB.NET. One trick you could try is to compile the project and load it into Reflecor (not sure if IL Spy supports multiple langauges) and display the byte-code as it were VB.NET.\r<br />\n<br />\nThe WpfControlWrapper&lt;T&gt; class adapts the WPF UserControl to work with the Plugin Editor object.\r<br />\n<a href=\"https://vstnet.codeplex.com/SourceControl/changeset/view/71210#358057\" rel=\"nofollow\">https://vstnet.codeplex.com/SourceControl/changeset/view/71210#358057</a>\r<br />\n<br />\nNote that the sample defaults to WinForms. Read the readme.txt and execute the steps described there.\r<br />\n<a href=\"https://vstnet.codeplex.com/SourceControl/changeset/view/71210#358058\" rel=\"nofollow\">https://vstnet.codeplex.com/SourceControl/changeset/view/71210#358058</a>\r<br />\n<br />\nHope it helps.<br />\n",
    "PostedDate": "2013-04-25T22:43:13.27-07:00",
    "UserRole": null,
    "MarkedAsAnswerDate": null
  },
  {
    "Id": "1035948",
    "ThreadId": "441611",
    "Html": "Thanks, I managed to compile the example but I get this error when I run the plugin\r<br />\n<br />\n<img src=\"http://s22.postimg.org/qiek28q6p/error.png\" alt=\"Image\" /><br />\n",
    "PostedDate": "2013-04-26T00:21:49.667-07:00",
    "UserRole": null,
    "MarkedAsAnswerDate": null
  },
  {
    "Id": "1035980",
    "ThreadId": "441611",
    "Html": "The EditorControl.AddLine method is called on a different thread as the thread that created the control.\r<br />\n<br />\nYou can fix this by using Dispatcher.Invoke.\r<br />\n<br />\nI will fix it also in the source code. \r<br />\nThanx.<br />\n",
    "PostedDate": "2013-04-26T02:20:12.08-07:00",
    "UserRole": null,
    "MarkedAsAnswerDate": null
  },
  {
    "Id": "1035981",
    "ThreadId": "441611",
    "Html": "This discussion has been copied to a work item. Click <a href=\"https://vstnet.codeplex.com/workitem/10056\" rel=\"nofollow\">here</a> to go to the work item and continue the discussion.<br />\n",
    "PostedDate": "2013-04-26T02:21:33.06-07:00",
    "UserRole": null,
    "MarkedAsAnswerDate": null
  },
  {
    "Id": "1036074",
    "ThreadId": "441611",
    "Html": "Ok thanks<br />\n",
    "PostedDate": "2013-04-26T06:54:58.863-07:00",
    "UserRole": null,
    "MarkedAsAnswerDate": null
  }
]