[
  {
    "Id": "114885",
    "ThreadId": "34604",
    "Html": "I would love to use C#, .NET, this framework for writing VSTs, but how well will it actually work, especially latency wise? What happens when .NET decides to garbage collect, won't that&nbsp;potentially kill my VST latency?<br>\r\n<br>\r\n&nbsp;&nbsp; Cheers/Kristian\r\n",
    "PostedDate": "2008-08-30T05:38:28.147-07:00",
    "UserRole": null,
    "MarkedAsAnswerDate": null
  },
  {
    "Id": "114996",
    "ThreadId": "34604",
    "Html": "Yes, it probably will. So the key is not to induce a full garbage collection run. This means that you need to keep object's lifetimes short (Generation 0) or keep them around 'forever'. <br>\r\n<br>\r\nSearch the internet for arcticles&nbsp;about&nbsp;real-time programming in .NET. When you follow those guidelines in your plugin you should be alright.<br>\r\nHere's one to help you get going:<br>\r\n<a href=\"http://blogs.msdn.com/ricom/archive/2006/08/22/713396.aspx\">http://blogs.msdn.com/ricom/archive/2006/08/22/713396.aspx</a><br>\r\n<br>\r\nHope it helps.<br>\r\n<br>\r\nPS: I've let the provides sample Delay plugin run for about 10 minutes in vsthost.exe and it didn't produce any glitches whatsoever.\r\n",
    "PostedDate": "2008-08-31T06:59:38.76-07:00",
    "UserRole": null,
    "MarkedAsAnswerDate": null
  },
  {
    "Id": "115632",
    "ThreadId": "34604",
    "Html": "Thanks, reading up on that (and all your KVR posts!-) was quite useful.\r\n",
    "PostedDate": "2008-09-03T05:59:22.17-07:00",
    "UserRole": null,
    "MarkedAsAnswerDate": null
  }
]