[
  {
    "Id": "622004",
    "ThreadId": "259942",
    "Html": "<p>Hello!</p>\n<p>I tried to run precompiled Jacobi.Vst.Samples.Host.exe example but it simply crashed on the startup. I recompiled all sources and samples (VS 2008 pro) but it still crashes. If i run Host app in the debug mode it throws the following error message:</p>\n<p>BadImageFormateException was unhandled:<br />Could not load file or assembly 'Jacobi.Vst.Interop, Version=1.0.0.0, Culture=neutral, PublicKeyToken=null' or one of its dependencies. An attempt was made to load a program with an incorrect format.</p>",
    "PostedDate": "2011-06-02T08:01:33.98-07:00",
    "UserRole": null,
    "MarkedAsAnswerDate": null
  },
  {
    "Id": "622374",
    "ThreadId": "259942",
    "Html": "<p>An BadImageFormatException usually indicates a mismatch between 32 bit and 64 bit.</p>\n<p>Do you have more (error) information on the crash you got using the binaries? Exception details?</p>\n<p>Thanx.</p>",
    "PostedDate": "2011-06-03T00:32:30.317-07:00",
    "UserRole": null,
    "MarkedAsAnswerDate": null
  },
  {
    "Id": "622426",
    "ThreadId": "259942",
    "Html": "<p>Ooh, thanks for the tip. That helped. I just set the build configuration to X86 CPU in all projects. That worked.</p>",
    "PostedDate": "2011-06-03T02:48:25.39-07:00",
    "UserRole": null,
    "MarkedAsAnswerDate": null
  }
]