[
  {
    "Id": "849864",
    "ThreadId": "359842",
    "Html": "\r\n<p>Maybe someone could help me.</p>\r\n<p>I'm trying to implement lowpass FFT filter in my vst plugin but i have little problem with my filter output. Output sample chunks seems to be &quot;swapped&quot;. But if i comment the most important part of filtering, output is OK. Please look at this image:</p>\r\n<p><img src=\"http://i46.tinypic.com/m9ui4w.png\" alt=\"\"></p>\r\n<p>I'm using LomontFFT &nbsp;for FFT and IFFT, very simple and efficient library.</p>\r\n<p>my BUFFER_SIZE is 2048, samples contain real and imaginary doubles. Thus i have 1024 samples for signal buffer from host.</p>\r\n<p>Filtering <strong>seems to work</strong>&nbsp;but data chunks are somehow swapped...</p>\r\n<p>Maybe someone had implement filtering using FFT/IFFT? Could you give me some advice what to do? Or what is wrong with my code, because I'm going crazy trying to make this work for couple of days...</p>\r\n<p>Thanx in advance,</p>\r\n<p>Tomek</p>\r\n",
    "PostedDate": "2012-06-16T10:12:26.74-07:00",
    "UserRole": null,
    "MarkedAsAnswerDate": null
  },
  {
    "Id": "850511",
    "ThreadId": "359842",
    "Html": "\r\n<p>Hi Tomek,</p>\r\n<p>Perhaps asking this question on KVRAudio will provide you with an answer?</p>\r\n<p>Sorry I can't help you.</p>\r\n",
    "PostedDate": "2012-06-18T12:18:56.01-07:00",
    "UserRole": null,
    "MarkedAsAnswerDate": null
  },
  {
    "Id": "850678",
    "ThreadId": "359842",
    "Html": "\r\n<p>Yes, I've posted this post here and on KVR audio and i had some answers there :)</p>\r\n<p>But thank you for the answer too!</p>\r\n<p>Here's the link to my post on KVRaudio if someone have also problem with FFT filtering:</p>\r\n<p><a href=\"http://www.kvraudio.com/forum/viewtopic.php?p=4959218\">http://www.kvraudio.com/forum/viewtopic.php?p=4959218</a></p>\r\n<p>Regards,<br>\r\nTomek</p>\r\n",
    "PostedDate": "2012-06-18T22:02:13.06-07:00",
    "UserRole": null,
    "MarkedAsAnswerDate": null
  }
]