[
  {
    "Id": "1234512",
    "ThreadId": "542358",
    "Html": "But... Well I've gotten the templates to build and load in Reaper just fine, even got some effects and midi implementations working!\r<br />\n<br />\nBut.. this seems ridiculous - even though I changed the string constants for the plugin name / vendor name, I even replaced the constructor in Plugin.cs with my own using literal constants - yet still, at least in Reaper, regardless if I select the midi or audio plugin template, when I go to select the plugin to load it always shows &quot;MyPlugIn(MyVendor)&quot; in the plugin list..\r<br />\n<br />\nI have searched the entire project for these strings, they are nowhere to be found, at least by me yet..\r<br />\n<br />\nI am using C# express 2010, and using the pre-built binaries for x86... What am I doing wrong? Do I need to rebuild one or some of the core components?\r<br />\n<br />\nThanks!<br />\n",
    "PostedDate": "2014-04-15T16:33:58.58-07:00",
    "UserRole": null,
    "MarkedAsAnswerDate": null
  },
  {
    "Id": "1234569",
    "ThreadId": "542358",
    "Html": "Hi,\r<br />\n<br />\nFirst you do not need to rebuild any of the VST.NET components. The name of your plugin is provided by the VstProductInfo class in your plugin root class (that implements IVstPlugin). So if you've changed that then its something else.\r<br />\n<br />\nAlmost always it is an old copy of a previous build -or- it is a cached value in the host. To fix the first simply remove ALL of your plugin dll's on your entire system (if you renamed the project or the assembly file make sure you search for these old names as well). Then simply rebuild and deploy to the host (folder?). To fix the second let the host do a full rescan of all plugins. Usually there is an option there. If you have removed all your plugin assemblies (step 1) then start up the host to see if it still see's it - if so, do a rescan. If not, you know it's is not caching the info.\r<br />\n<br />\nHope it helps,\r<br />\nMarc<br />\n",
    "PostedDate": "2014-04-15T23:21:17.53-07:00",
    "UserRole": null,
    "MarkedAsAnswerDate": null
  },
  {
    "Id": "1234661",
    "ThreadId": "542358",
    "Html": "Sigh. Yep, that was it - thank you for your quick reply! Remnants of previous attempts in another folder were causing this - and oddly enough actually preventing another problem (the interop wasn't actually being copied over properly for my new plugin)\r<br />\n<br />\nThanks, all working great now!<br />\n",
    "PostedDate": "2014-04-16T05:07:07.8-07:00",
    "UserRole": null,
    "MarkedAsAnswerDate": null
  },
  {
    "Id": "1234673",
    "ThreadId": "542358",
    "Html": "No problem, we've all been there ;-)<br />\n",
    "PostedDate": "2014-04-16T05:33:13.683-07:00",
    "UserRole": null,
    "MarkedAsAnswerDate": null
  }
]