[
  {
    "Id": "1495319",
    "ThreadId": "662470",
    "Html": "Hi, I've been looking to build a simple VST host using VST.NET, along the way I've found some issues with loading plugins so decided to do a bit of reverse engineering as a learning exercise to hopefully give me a better understanding of how this is working, creating my own new project to just simply replicate the logic that is used in loading an unmanaged plugin.\r<br />\n<br />\nI've got to the point where I can call the plugin's main method, passing in a callback method which is successfully getting called. I'll preface this next bit by saying that interop services is not really something I've ever had to look at in much great detail so I'm still bringing myself up to speed.\r<br />\n<br />\nWithin my callback I'm attempting to get the plugin context, though not very successfully. I've managed to narrow it down to this particular bit of code:\r<br />\n<br />\nSystem::Runtime::InteropServices::GCHandle gcHandle = System::Runtime::InteropServices::GCHandle::FromIntPtr(intPtr);\r<br />\n<br />\nWhere intPtr is obtained from AEffect's resvd1 property. This always results in the exception:\r<br />\n<br />\nFatalExecutionEngineError : The runtime has encountered a fatal error. The address of the error was at 0x7374fea5, on thread 0x17f8. The error code is 0xc0000005. This error may be a bug in the CLR or in the unsafe or non-verifiable portions of user code. Common sources of this bug include user marshaling errors for COM-interop or PInvoke, which may corrupt the stack.\r<br />\n<br />\nWhat I don't understand though, is why this is throwing up errors for me, yet not when the VstUnmanagedPluginContext class is making the same call in the DispatchCallback method with what should be the same data.<br />\n",
    "PostedDate": "2017-04-09T08:48:38.697-07:00",
    "UserRole": null,
    "MarkedAsAnswerDate": null
  },
  {
    "Id": "1495320",
    "ThreadId": "662470",
    "Html": "I've just started wondering if it's possible that this may possibly be caused by some marshaling error for my AEffect struct resulting in an incorrect pointer being populated into resvd1, here's my AEffect struct (note it's in C#, I find it far less messy to work in than C++):<br />\n<pre><code>public unsafe struct AEffect\n{\n    public int magic;\n\n    public AEffectDispatchCallback dispatcher;\n\n    public AEffectProcessProc process;\n\n    public AEffectSetParameterProc setParameter;\n\n    public AEffectGetParameterProc getParameter;\n\n    public int numPrograms;\n    public int numParams;\n    public int numInputs;\n    public int numOutputs;\n\n    public int flags;\n\n    public IntPtr resvd1;\n    public IntPtr resvd2;\n\n    public int initialDelay;\n\n    public int realQualities;\n    public int offQualities;\n    public float ioRatio;\n\n    public IntPtr @object;\n    public IntPtr user;\n\n    public int uniqueID;\n    public int version;\n\n    public AEffectProcessProc processReplacing;\n\n    public AEffectProcessDoubleProc processDoubleReplacing;\n\n    public char* future;\n}\n</code></pre>\n\nWith an example of its populated data at runtime:<br />\n<br />\nmagic = 0<br />\n<br />\nnumPrograms = 0<br />\nnumParams = 20509560<br />\nnumInputs = 20509904<br />\nnumOutputs = 269646907<br />\n<br />\nflags = -1<br />\n<br />\nresvd1 = 0x735aedc5<br />\nresvd2 = 0x05b20656<br />\n<br />\ninitialDelay = 20509868<br />\n<br />\nrealQualities = 22550272<br />\noffQualities = 0<br />\nioRatio = 1.67413139E-35<br />\n<br />\nobject = 0x017c4e38<br />\nuser = 0x1005ada0<br />\n<br />\nuniqueID = 4<br />\nversion = 512<br />\n<br />\nSeveral of the numbers here look off, such as initialDelay, realQualities and the inputs, outputs &amp; params, though with me being new to VSTs (and DSP in general) and not being able to actually set up a proper debug session to allow me to step through the C++ code in the original solution, I don't really have much to compare this data against.<br />\n<br />\nKind regards<br />\nJames<br />\n",
    "PostedDate": "2017-04-09T09:04:08.99-07:00",
    "UserRole": null,
    "MarkedAsAnswerDate": null
  },
  {
    "Id": "1495683",
    "ThreadId": "662470",
    "Html": "First I am very sorry I did not see your message sooner. It seems codeplex does not send notification emails anymore.\r<br />\n<br />\nIt looks like your looking at/using the wrong memory.\r<br />\n<br />\nVST.NET Host uses the resvd1 field to store a packed reference to the managed plugin context object.\r<br />\nI cannot quit follow what you did or where you're trying to go with this. If you had problems loading plugins, perhaps we should discuss those?<br />\n",
    "PostedDate": "2017-04-21T06:02:12.383-07:00",
    "UserRole": null,
    "MarkedAsAnswerDate": null
  },
  {
    "Id": "1495888",
    "ThreadId": "662470",
    "Html": "Hi Obi, that's alright, I'm suffering from the same problem, I only just saw that you'd replied.<br />\n<br />\nOk, yeah you're probably right, lets forget about the above issues that I was having in my little attempt to understand how things are all working. I can't find the code that I'd previously written to attempt to host a plugin using Vst.net so I just wrote a very quick console app to try and replicate the problems I was having before:<br />\n<pre><code>using Jacobi.Vst.Interop.Host;\nusing System;\n\nnamespace VstNetTest\n{\n    class Program\n    {\n        static void Main(string[] args)\n        {\n            VstPluginContext context = OpenPlugin(@&quot;C:\\Users\\james\\Downloads\\10Band_EQ\\10 Band Graphic Eq v1.3.dll&quot;);\n        }\n        \n        private static VstPluginContext OpenPlugin(string pluginPath)\n        {\n            try\n            {\n                HostCommandStub hostCmdStub = new HostCommandStub();\n                hostCmdStub.PluginCalled += new EventHandler&lt;PluginCalledEventArgs&gt;(HostCmdStub_PluginCalled);\n\n                VstPluginContext ctx = VstPluginContext.Create(pluginPath, hostCmdStub);\n\n                // add custom data to the context\n                ctx.Set(&quot;PluginPath&quot;, pluginPath);\n                ctx.Set(&quot;HostCmdStub&quot;, hostCmdStub);\n\n                // actually open the plugin itself\n                ctx.PluginCommandStub.Open();\n\n                return ctx;\n            }\n            catch (Exception ex)\n            {\n                Console.WriteLine(ex.ToString());\n            }\n\n            return null;\n        }\n        \n        private static void HostCmdStub_PluginCalled(object sender, PluginCalledEventArgs e)\n        {\n            HostCommandStub hostCmdStub = (HostCommandStub)sender;\n\n            // can be null when called from inside the plugin main entry point.\n            if (hostCmdStub.PluginContext.PluginInfo != null)\n                Console.WriteLine(&quot;Plugin &quot; + hostCmdStub.PluginContext.PluginInfo.PluginID + &quot; called:&quot; + e.Message);\n\n            else\n                Console.WriteLine(&quot;The loading Plugin called:&quot; + e.Message);\n        }\n    }\n}</code></pre>\n\nThis is really just me hacking a few of the bare essentials out of the sample host application, including a copy of the HostCommandStub class from the host sample.<br />\n<br />\nWith this I've tried loading in a few plugins, all of which throw an exception that the plugin failed to load, stemming from the VstUnmanagedPluginContext class when I try to actually create the plugin.<br />\n<br />\nIt's very possible that I'm doing something wrong, though, with the C#/C++ language split it's been very hard for me to debug and actually see what was causing the problems.<br />\n<br />\nKind regards<br />\nJames<br />\n",
    "PostedDate": "2017-04-27T17:39:07.103-07:00",
    "UserRole": null,
    "MarkedAsAnswerDate": null
  },
  {
    "Id": "1497743",
    "ThreadId": "662470",
    "Html": "So what is the error? Post it so I can have look.<br />\n",
    "PostedDate": "2017-08-16T07:07:11.563-07:00",
    "UserRole": null,
    "MarkedAsAnswerDate": null
  }
]