[
  {
    "Id": "815361",
    "ThreadId": "350003",
    "Html": "<p>Hello again obiwan and all other..</p>\n<p>My \"hard starts\" was solved. Now i little bit understand how VST.NET and itself VST work. But i am getting now some \"errors\" and some problems:</p>\n<p>1)Sometime, when i try to load my plugin (or VstNetMidiPlugin) in FLstudio, it stop working (i have no idea why). It say nothing, only FLstudio stoped working (it happen only with Vst.Net midi plugins, never happened me with other plugins)..or when i load  the plugin and minimalize FLstudio and then i am trying get back, again stoped working without reason.</p>\n<p>2)By loading my plugin in FLloops (i have \"small\" UI there, only one textbox where are written all catched midis) i have there some \"outputs\" what i have no idea what it is..exactly:</p>\n<pre>﻿TRY:<br />data[]: 0xE0 0x0 0x40 0x0<br />deltaFrames: 0<br /><br />data[]: 0xE0 0x0 0x40 0x0<br />deltaFrames: 0<br /><br />data[]: 0xE0 0x0 0x40 0x0<br />deltaFrames: 0<br /><br />data[]: 0xE0 0x0 0x40 0x0<br />deltaFrames: 0<br /><br />data[]: 0xE0 0x0 0x40 0x0<br />deltaFrames: 0<br /><br />data[]: 0xE0 0x0 0x40 0x0<br />deltaFrames: 0<br /><br />data[]: 0xE0 0x0 0x40 0x0<br />deltaFrames: 0\n</pre>\n<p>In VSThost by hermann i have not this informations there. Do you have any idea what thats mean?</p>\n<p>3)In FLstudio are always deltaFrames 0..never i can get other value like null..But when i need to \"count\" start and end position of midi note, how, when deltaFrames are always null?? (again, in VSThost works deltaFrames fine)..</p>\n<p>4)When i am trying test it again in FLstudio and when i add some notes in Piano roll those notes are catched and added in my textbox. But i dont want to catch them when i add it. I want catch them ONLY if i press \"play\" (or spacebar) and when i am playing whole \"sample\". Is there some chance to reach that? (this ask is i think little connected with my next ask..)</p>\n<p>5)Do you have some idea, how can i \"record\" informations about midis from Piano roll?? What i mean. User add there some notes and i need to catch all those notes..My problem is: When user write some notes. I can catch them and \"record\" them and for example  save them in some file. But when user start it again. The file is \"updated\" and those notes are added there. But i need \"reset\" it and write it again. (i add it now in some string value \"lines\")..So simply this string value \"lines\" will be reseted somewhere.  But when i reset it in Process() method, i can get only actualy played note and i lose informations about the oldest notes. Do you have some idea how can i catch all note and when user \"start\" play again how to reset that values and \"record\" again??</p>",
    "PostedDate": "2012-03-25T19:04:18.267-07:00",
    "UserRole": null,
    "MarkedAsAnswerDate": null
  },
  {
    "Id": "815440",
    "ThreadId": "350003",
    "Html": "<p>1) These are always tough ones. One thing you can try is comment out all your code so that only a skeleton remains. That should work fine. Now start introducing parts of your program and see when &nbsp;the problem occurs. You can also enable tracing support in VST.NET to try to see what calls are placed to your plugin. (see the config file in Jacobi.Vst.Interop).</p>\r\n<p>2) Those look like Midi events. The data (4 bytes) are the midi bytes. If you're not outputting this text, FL probably is. Its just some diagnostics output they forgot to remove and that you can ignore.</p>\r\n<p>3) Seems like FL doesn't take the trouble to calculate the deltaFrames. Keep your buffers small (settings in FL) so that the deviation is not that big.</p>\r\n<p>4) There is a 'real-time' flag that exists on native VST level.&nbsp;Unfortunately&nbsp;VST.NET does not pass this information to the managed plugin. Also, that is a host feature not all hosts support. I will see if I can add this.</p>\r\n<p>5) General: forget Piano Roll or any other screen that FL (or other DAW) might have. A VST plugin is not an application plugin (or add-in) it is a component that processes audio and midi information. If you retrieve the current time (info) from the host you should be able to detect when the time is suddenly less that just before.</p>\r\n<p>Hope it helps,<br />Marc&nbsp;</p>",
    "PostedDate": "2012-03-26T01:43:48.587-07:00",
    "UserRole": null,
    "MarkedAsAnswerDate": null
  },
  {
    "Id": "815666",
    "ThreadId": "350003",
    "Html": "<p>1)i will try that :)..but i tried that now on new demo instalation and all works fine (<span id=\"result_box\" class=\"short_text\" lang=\"en\"><span class=\"hps\">for the time being^^</span></span>)..maybe some bads registry..but i will try that later if it fall again</p>\n<p>2)ok, i will ignore that, but its connected with 4) and 5), bcs i dont know, where i can \"reset\" that values..(probably it will be something like onPlay event, i read it in some topic, you answered that something like onPlay event is Plugin.StartProcess,  if i am right, that method is in PluginCommandStub right? and if i am right, i need only override this method?)</p>\n<p>3)i tried set buffer on big value and too on really small value (normal value with ASIO drivers i have 128samples and i tried that too on 64samples and same problem).. Maybe FLstudio have some problems with sending informations about deltaFrames?? :-/..</p>\n<p>4)so..is something what you can advice me, how can i get something like that?</p>\n<p>5)ok, i forget it :D :)..</p>",
    "PostedDate": "2012-03-26T09:29:16.07-07:00",
    "UserRole": null,
    "MarkedAsAnswerDate": null
  },
  {
    "Id": "815693",
    "ThreadId": "350003",
    "Html": "<p>2) StartProcess (and StopProcess) indicate that the Host has started (or stopped) its audio engine. Its not an OnPlay in the sense that it indicates if the sequencer's transport is running/on or not. Your plugin is still called on (AudioProcessor) Process even when the transport is stopped. So StartProcess will not be suitable for what you need.</p>\r\n<p>3) deltaFrames will always be zero in FL - they don't implement it. But if you use small buffers the deviation is minimal with what it should be. The deltaFrames field indicate the number of sample frames from the beginning of the current time slice (indicated with the GetTimeInfo result) the midi event should 'wait' before being 'played'. So deltaFrames of zero is right at the beginning of the current time slice. A deltaFrames of 100 means, wait 100 sample frames of time before playing the midi event.</p>\r\n<p>4) I'm working on it as I write this. Until I check in the code, there is not much you can do.</p>\r\n<p>&nbsp;</p>\r\n<p>Hope it helps,<br />Marc&nbsp;</p>",
    "PostedDate": "2012-03-26T10:36:38.443-07:00",
    "UserRole": null,
    "MarkedAsAnswerDate": null
  },
  {
    "Id": "815721",
    "ThreadId": "350003",
    "Html": "<p>I've checked in the VstMidiEvent addition.</p>\r\n<p><a href=\"http://vstnet.codeplex.com/SourceControl/changeset/changes/66373\">http://vstnet.codeplex.com/SourceControl/changeset/changes/66373</a></p>",
    "PostedDate": "2012-03-26T11:15:19.047-07:00",
    "UserRole": null,
    "MarkedAsAnswerDate": null
  },
  {
    "Id": "815783",
    "ThreadId": "350003",
    "Html": "<p>Ok, i builded it..thanks you so much obiwan..i will reply back how i am continuing..</p>",
    "PostedDate": "2012-03-26T13:35:20.287-07:00",
    "UserRole": null,
    "MarkedAsAnswerDate": null
  },
  {
    "Id": "815802",
    "ThreadId": "350003",
    "Html": "<p>Ok, i checked the \"stopped working\" problem (how you adviced with commenting code)..</p>\n<p>And it was some bad code when i tried write something in UI..my bad, i didnt that \"thread-safe\" so i looked on your MidiNoteMapper and i tried copy and adapt it for my needs and it works now fine!!</p>\n<p>And how can i solve in FLstudio (i have no idea if other programs implement the deltaFrames) the deltaFrames? Or whats other possibility to count how long midi note is and where start?</p>",
    "PostedDate": "2012-03-26T14:43:47.51-07:00",
    "UserRole": null,
    "MarkedAsAnswerDate": null
  },
  {
    "Id": "815905",
    "ThreadId": "350003",
    "Html": "<p>You cant solve the problem with FL and its deltaFrames of zero. Implement your code to account for the deltaFrames value that is all you can do.</p>\r\n<p>Nice to hear you've found the problem.</p>\r\n<p>Have fun,<br />Marc&nbsp;</p>",
    "PostedDate": "2012-03-26T23:00:25.46-07:00",
    "UserRole": null,
    "MarkedAsAnswerDate": null
  },
  {
    "Id": "815910",
    "ThreadId": "350003",
    "Html": "<p>ok..so if i understand it good, my plugin will be unusable in FLloops..:D nice too hear :D..ok i hope, that atleast other programs will send me infos about the timings..</p>\n<p>and one ask more :) (sry ^^)..from the deltaSamples i can count the \"timings\" (this note start at 2.5s and end in 3.0s for half long time note)..and this \"<span id=\"result_box\" class=\"short_text\" lang=\"en\"><span class=\"hps\">equation</span></span>\" will look:  \"deltaFrames/samplesPerSec\"?? how to get info about SamplesPerSec from my program??</p>\n<p>and..is there some other possibility how can i know, where the note start and what length the note have? if i catch some couple of notes..and i need to know, where they start, in which time and how long they are..??</p>",
    "PostedDate": "2012-03-26T23:38:57.723-07:00",
    "UserRole": null,
    "MarkedAsAnswerDate": null
  },
  {
    "Id": "816091",
    "ThreadId": "350003",
    "Html": "<p>Not at all. It just means that your midi output is less accurate.</p>\r\n<p>I would suggest you count down the deltaFrames inside the Process method no need for timing info in seconds. But if you must know call the Host with the GetTimeInfo method.&nbsp;</p>",
    "PostedDate": "2012-03-27T07:17:15.08-07:00",
    "UserRole": null,
    "MarkedAsAnswerDate": null
  },
  {
    "Id": "816360",
    "ThreadId": "350003",
    "Html": "<p>with GetTimeInfo you mean VstTimeInfo instance and get the parametrs? bcs i cant found getTimeInfo() method, so probably yes.</p>\n<p>If i tried VstTimeInfo, parametrs are always null..</p>\n<p>&nbsp;</p>\n<p>i tried now Reaper instead of FLstudio. There works deltaFrames fine (but anyway i would like to know how VstTimeInfo works :D)..but other problem is..when there is 1midi..i normaly catch 0x90 for start..and 0x80 for end. But now in Reaper i catch 20x 0x90  (on same midi note) and then for example 15x 0x80..(the host call midiEvent moretimes..)..then, when the midi notes ends..i am always catching some 0xF0-0xFF and 0xB0-0xBF (0xBX 0x7B 0xXX 0x00 ,if you understand (X are \"changed\" numbers) is info about \"ALL  NOTES OFF\"..and 0xFX is something like channel 1-15 Pitch wheel range)..this 2 events change every millisekond (1x is there 0xF0, then 0xB0, then 0xF1,0xB1,0xF2,......,0xBF,0xF0,0xB0,.....)..it seems like when host always call my VSTplugin but i dont know  why (when playing is stopped)..</p>\n<p>EDIT: yes, when i count events and when i write it down..events count are something about 40 (for 3notes..there must be 6 events (7 if i count \"all notes off\"), but there is about 40events..)..its bug in Reaper??or any idea why is it?</p>\n<p>and i am not sure if its because of Reaper..but the \"isRealTime\" method doesnt work fine in this host..in VSThost and FLstudio yes..uaaaaa..why are hosts so ******..:-/</p>",
    "PostedDate": "2012-03-27T21:43:02.297-07:00",
    "UserRole": null,
    "MarkedAsAnswerDate": null
  },
  {
    "Id": "816388",
    "ThreadId": "350003",
    "Html": "<p>My bad, the method is called GetTime ;-) and its on the&nbsp;IVstHostSequencer interface.</p>\r\n<p><a href=\"http://vstnet.codeplex.com/SourceControl/changeset/view/66373#191276\">http://vstnet.codeplex.com/SourceControl/changeset/view/66373#191276</a></p>\r\n<p>You retrieve an instance of this interface by calling GetInstance&lt;IVstHostSequencer&gt;() on the host reference the plugin is passed in its Open method. Typically a plugin would call GetTime once in its (AudioProcessor.)Process method.</p>\r\n<p>I'm not sure what Reaper does but it could be that they also reset all controllers next to the 'all notes off'..??</p>\r\n<p>I understand your frustration. One of the big problems is that there is a great&nbsp;variety&nbsp;in host (and plugin!) implementations - or should I say - interpretations of the VST specs. Unfortunately Steinberg never has done anything to improve this. A good place to go with your VST host/plugin problems is the Kvr Audio forum (because I dont have all the answers ;-)</p>\r\n<p><a href=\"http://www.kvraudio.com/forum/viewforum.php?f=33\">http://www.kvraudio.com/forum/viewforum.php?f=33</a></p>\r\n<p>&nbsp;</p>\r\n<p>Hope it hepls,<br />Marc&nbsp;</p>",
    "PostedDate": "2012-03-28T00:04:22.707-07:00",
    "UserRole": null,
    "MarkedAsAnswerDate": null
  },
  {
    "Id": "816398",
    "ThreadId": "350003",
    "Html": "<p>I am sure, that its not&nbsp; because they reset all controllers..</p>\n<p>If i describe, what happen:</p>\n<p>1)I catch midiEvent (0x90 0x3C 0x42 0x00 deltaFrames: 728)<br /> 2)I catch midiEvent again (0x90 0x3c 0x42 0x00 deltaFrames: 728)<br /> 3)again sometimes 20x 2)<br /> 4)I catch midiEvent (0x80 0x3c 0x42 0x00 deltaFrames: 390)<br /> 5)again for example 11x 4)<br /> 6)i catch other midis (again like 2)-5))<br /> 7)i catch \"all notes off\" (again for example 20x)..</p>\n<p>how i wroted..it looks like when Reaper host send me 20x same event..</p>",
    "PostedDate": "2012-03-28T00:18:13.64-07:00",
    "UserRole": null,
    "MarkedAsAnswerDate": null
  },
  {
    "Id": "816416",
    "ThreadId": "350003",
    "Html": "<p>So i posted topic on the kvraudio forum, maybe someone will help, thanks for link..</p>\n<p>i am still thinking about it..Its possible that it would be because the VST.NET is multithreaded?? Because in Reaper is something like Mode event list. And it shows all infos about midis (like what i need, simple midi parser)..and there is all ok..So if  it would be that Reaper host send the midis. Vst catch it..and in VST.NET is somewhere copying it??its nonsence right (because again in VSThost all works fine..:-/)</p>\n<p>and again thanks you marc..you help me too much..i will think on you in <span id=\"result_box\" class=\"short_text\" lang=\"en\"><span class=\"hps\">conclusion of my bachelors project and give you there special thanks..:)..(if i end the application and if i will finish writing the bachelors project :D)<br /></span></span></p>",
    "PostedDate": "2012-03-28T00:51:22.023-07:00",
    "UserRole": null,
    "MarkedAsAnswerDate": null
  },
  {
    "Id": "816869",
    "ThreadId": "350003",
    "Html": "<p>marc,</p>\r\n<p>i tried write some easy VST plugin in C++..and in reaper are not problems with the multiple midiEvents when i load the C++ plugin..so i think that it would be some bug in VST.NET..its some \"way\" how to find it?</p>",
    "PostedDate": "2012-03-28T16:59:09.657-07:00",
    "UserRole": null,
    "MarkedAsAnswerDate": null
  },
  {
    "Id": "816968",
    "ThreadId": "350003",
    "Html": "<p>OK. Email me the code that you have and I will look at it.</p>\r\n<p>obiwanjacobi at hotmail dot com.</p>",
    "PostedDate": "2012-03-28T23:59:27.673-07:00",
    "UserRole": null,
    "MarkedAsAnswerDate": null
  },
  {
    "Id": "817935",
    "ThreadId": "350003",
    "Html": "<p>Hello marc, i sended you the meil with that.</p>\r\n<p>Thanks you very much,</p>\r\n<p>thomas.</p>",
    "PostedDate": "2012-03-30T13:31:21.637-07:00",
    "UserRole": null,
    "MarkedAsAnswerDate": null
  },
  {
    "Id": "819352",
    "ThreadId": "350003",
    "Html": "<p>Sorry it took a while...</p>\n<p>Interesting case that I will need to fix in the template code.</p>\n<p>The following is happening.</p>\n<p>The MidiProcessor has a flag (SyncWithAudioProcessor) that allows the actual midi processing to be postponed until the AudioProcessor is called. By default this flag is on (true). In this case the incoming midi events are cached and when the AudioProcessor.Process  call is executing it will call the MidiProcessor.ProcessCurrentEvents method to process those cached midi events.</p>\n<p>Reaper will only call the MidiProcessor.Process method when it actually has some midi data to give it. But it will continue to call the AudioProcess.Process method&nbsp;continuously. The last collection of midi events that was passed, will then be processed again  and again. So all we need to do is clear the MidiProcessor.CurrentEvents property -the cache of midi events- when we're done with ProcessCurrentEvents. Just assign null to the CurrentEvents property (you cannot call Clear on the collection, because it is read-only)  and it will work fine.</p>\n<p>See&nbsp;<a href=\"http://vstnet.codeplex.com/SourceControl/changeset/view/66543#1108776\">http://vstnet.codeplex.com/SourceControl/changeset/view/66543#1108776</a>&nbsp;for example.</p>\n<p>Hope it helps,<br /> Marc&nbsp;</p>",
    "PostedDate": "2012-04-03T11:16:59.99-07:00",
    "UserRole": null,
    "MarkedAsAnswerDate": null
  },
  {
    "Id": "819800",
    "ThreadId": "350003",
    "Html": "<p>yeah i see..thanks!!that was really helpful..i might that i need write the vst in c++ so i tried a bit look on it..and i understand now the VST a little bit more..but i am confused of that all :D..bcs i dont know if VST is the right way on what i need..but  i lost fast 3 months on VST so i think i will end it now...uaaa..</p>\n<p>one ask more..</p>\n<p>In c++ is processReplacing where are params float* in,float* out, VstInt32 sampleFrames..</p>\n<p>First is called processEvents() where i can catch midis and their deltaFrames, then host call processReplacing where are processed current catched events (more count, not only one)..</p>\n<p>and now. In c++ if i catch midiEvents and save them in some list. And then in ProcessReplacing() (or other Process where is sampleFrames) i can do:<span class=\"kvrcode\" style=\"display: block;\"><br />\n<pre>VstTimeInfo *vti;  // VstTimeInfo is a type, NOT a variable.\nvti = getTimeInfo(kVstPpqPosValid | kVstTempoValid | kVstTimeSigValid); // tell it what data you require, you only really need kVstPpqPosValid right now but just showing how to ask for temop and time sig as well.\nsampleTimeOfEvent = vti-&gt;samplePos + deltaFrames; // add the deltaFrames to the sample position of the start of our buffer</pre>\n</span></p>\n<p><span class=\"kvrcode\" style=\"display: block;\">with this i can catch \"real\" positions in samples. Then dividing sampleTimeOfEvent by sampleRate i get real ms values of times where the midis is catched.</span></p>\n<p><span class=\"kvrcode\" style=\"display: block;\">This is the one thing what i need to do..and what i searched atleast 1month :D..</span></p>\n<p><span class=\"kvrcode\" style=\"display: block;\">But i dont know, what sampleFrames means? And in yours VST.NET are not sampleFrames. there are only input and output buffers..is sampleFrames value needed for something in timing?</span></p>\n<p><span class=\"kvrcode\" style=\"display: block;\">And second one. Is possible from processWhatever() (replacing or doublereplacing or so) call processEvents? because when i save the events what are in current process buffer maybe i would need to know WHICH ONES i am catching now in processWhatever() ?? is there some way how to know that events or i can know only that SOME events (for example 10events) are in this \"block\" (current buffer) and i have no informations about which ones are they??<br /></span></p>",
    "PostedDate": "2012-04-04T06:12:51.807-07:00",
    "UserRole": null,
    "MarkedAsAnswerDate": null
  },
  {
    "Id": "820236",
    "ThreadId": "350003",
    "Html": "<p>1) 'sampleFrames' is the number of samples that are in the float* buffers - all buffers are of equal length. This value should be &lt;= to BlockSize. Note that some hosts can pass you buffer lengths &lt; BlockSize (used to do sample-precision parameter-automation).</p>\n<p>In VST.NET the unmanaged float* buffers are wrapped in a VstAudioBuffer instance (they are not marshaled). That class has a Count property which will give you the 'sampleFrames' value.</p>\n<p>2) Not sure I get what you mean to ask here. But ProcessEvents is always called before processXxxxx for each cycle. So there is only the 'current events' (which can be empty). So there is no 'which ones' its always current. If you want to store all events you received over time, you need to put those in a different cache.<br />Anyway, do NOT call any of the process  methods yourself - always use a separate method (like the ProcessCurrentEvents method).</p>\n<p>Hope it helps,<br /> Marc&nbsp;</p>",
    "PostedDate": "2012-04-05T01:08:05.29-07:00",
    "UserRole": null,
    "MarkedAsAnswerDate": null
  },
  {
    "Id": "820418",
    "ThreadId": "350003",
    "Html": "<p>ok and in MidiProcessor i need to add VstPluginAudioProcessorBase that i can override Process(VstAudioBuffer[] inChannels, VstAudioBuffer[] outChannels) right?</p>",
    "PostedDate": "2012-04-05T08:16:58.837-07:00",
    "UserRole": null,
    "MarkedAsAnswerDate": null
  },
  {
    "Id": "820429",
    "ThreadId": "350003",
    "Html": "<p>How you implement the Vst.Net framework interfaces is entirely up to you. You HAVE to make sure the plugin root object returns the correct instance for the specific interface (Interface Manager).</p>\r\n<p>That being said, it is the architecture of the framework that all distinct tasks are separated into different objects (with their respective interfaces). So I would not recommend it. In the project code I got from you, you already have a (dummy) AudioProcessor implemented (that is derived from VstPluginAudioProcessorBase). If you look at the Process method it calls the MidiProcessor to process the current events.</p>\r\n<p>I still do not understand what it is you are trying to accomplish. Perhaps you could try to explain so I can be of more help?</p>\r\n<p>So the answer to your question is probably 'No'...</p>",
    "PostedDate": "2012-04-05T08:34:25.09-07:00",
    "UserRole": null,
    "MarkedAsAnswerDate": null
  },
  {
    "Id": "820446",
    "ThreadId": "350003",
    "Html": "<p>how i wroted in previous topic. I know, that this is not exactly what VST is for..</p>\n<p>I am trying write simple midiParser (later it would be realtime text-to-sing plugin, but for now (for my bachelors project) i need write simple midi parser).</p>\n<p>So..user will write in midi track some midis.. Then he turn my plugin. Then click on play (in Host or sometimes it will play the track over pressing spacebar, its not matter)..my plugin catch all midis in this track and show them in textbox. In textbox will  be:</p>\n<p>0x90 0x3c 0x60 0x00 20ms //NoteOn C3 velocity NotUsed timeOfEvent<br /> 0x80 0x3c 0x44 0x00 120ms<br /> 0x90 0x41 0x50 0x00 160ms<br /> 0x90 0x32 0x60 0x00 160ms<br /> ....</p>\n<p>the \"times\" are REAL TIMES in track.. (no delta times but realtimes of start of playing)</p>\n<p>Then user will click on button in my plugin something like \"save\" and this save the textbox.text for next processing..then in my PROGRAM (not plugin but for now in other program) will user import this parsed data and will use them for next processing with  text-to-speech in PRAAT..</p>\n<p>later (NOT NOW!!!!i think next year or sometime so) i want rewrite this plugin and do all processing in there for realtime \"text-to-sing\" plugin. So user write some midis, add on this track my plugin, click play and my plugin will realtime process it and  instead of play midis will sing the text what he will write in textbox. but how i wroted, this i dont want do now. I need now only the midiParser.</p>\n<p>And for midiParser i need the real values of time. So i need use ProcessWhatever() function because in there i think i need take catched events (midiEvents) and take deltaFrame for all events add to them VstTimeInfo.samplePosition value and divide that with  sampleRate. So i think i can count the value of time.</p>\n<p>So thats all what i need i think.. ^^</p>",
    "PostedDate": "2012-04-05T09:06:09.037-07:00",
    "UserRole": null,
    "MarkedAsAnswerDate": null
  },
  {
    "Id": "820630",
    "ThreadId": "350003",
    "Html": "<p>And next problem what i get is nullReferenceException when i call</p>\n<p>_sequencer = _plugin.Host.GetInstance&lt;IVstHostSequencer&gt;();</p>\n<p>(i call it exactly like you in your samples in constructor of dummyAudioProcessor)</p>",
    "PostedDate": "2012-04-05T16:17:32.153-07:00",
    "UserRole": null,
    "MarkedAsAnswerDate": null
  },
  {
    "Id": "820683",
    "ThreadId": "350003",
    "Html": "<p>Ok. That means you're almost there ;-)</p>\r\n<p>Oops that may be a bug in the sample code: the Host property is set after Open is called on the plugin (the Opened event is fired). The AudioProcessor constructor is called very early in the life time and Open will not have been called. Nice catch, thanx.</p>\r\n<p>So please check to see if _plugin.Host is not null before calling GetInstance (and the rest of the GetTime stuff). That means it will be moved out of the constructor, perhaps into the TimeInfo property?</p>\r\n<p>Something like this:</p>\r\n<pre><span>if (_sequencer == null &amp;&amp; _plugin.Host != null)<br />{<br />    _sequencer = _plugin.Host.GetInstance&lt;IVstHostSequencer&gt;();<br />}</span></pre>\r\n<pre><span>if</span> (_timeInfo == <span>null</span> &amp;&amp; _sequencer != <span>null</span>)\r\n{\r\n    _timeInfo = _sequencer.GetTime(_defaultTimeInfoFlags);\r\n}\r\n\r\n<span>return</span> _timeInfo;</pre>\r\n<p>Hope it helps,<br />Marc&nbsp;</p>",
    "PostedDate": "2012-04-05T22:34:45.547-07:00",
    "UserRole": null,
    "MarkedAsAnswerDate": null
  },
  {
    "Id": "820684",
    "ThreadId": "350003",
    "Html": "<p>when i move the inicialization from constructor i still get nullReferenceException.. It seems like when IVstHostSequencer return all the time null..</p>",
    "PostedDate": "2012-04-05T22:41:23.81-07:00",
    "UserRole": null,
    "MarkedAsAnswerDate": null
  },
  {
    "Id": "821663",
    "ThreadId": "350003",
    "Html": "<p>Hello marc, did you looked on it? or do you have something what can i try to search solution?</p>",
    "PostedDate": "2012-04-09T12:05:51.797-07:00",
    "UserRole": null,
    "MarkedAsAnswerDate": null
  },
  {
    "Id": "821808",
    "ThreadId": "350003",
    "Html": "<p>No, not yet. I am planning to, but....</p>\r\n<p>Will try to do it this week.</p>",
    "PostedDate": "2012-04-09T22:33:23.837-07:00",
    "UserRole": null,
    "MarkedAsAnswerDate": null
  },
  {
    "Id": "822271",
    "ThreadId": "350003",
    "Html": "<p>I checked in the VS Template code (under Support) to fix the NRE in the constructor of the AudioProcessor in the AudioPlugin. I created a test plugin and requested the TimeInfo at each call of the Process &nbsp;method on the AudioProcessor and it did not throw any Exceptions.</p>\r\n<p>So if you still experience the problem after changing your code similar to how the templates now work, could you please post the call stack?</p>\r\n<p>Hope it helps.<br />Marc&nbsp;</p>",
    "PostedDate": "2012-04-11T01:19:21.97-07:00",
    "UserRole": null,
    "MarkedAsAnswerDate": null
  }
]