[
  {
    "Id": "512386",
    "ThreadId": "232280",
    "Html": "\r\n<p>I am trying to determine what the minimum files required to deploy a VST.Net written plug-in&nbsp;on end-user's computer.</p>\r\n<p>Assuming&nbsp;I had a plugin named &quot;myplugin.dll&quot;, my understanding so far is that I would need to deploy:</p>\r\n<ol>\r\n<li>myplugin.dll </li><li>myplugin.net.vstdll </li><li>Microsoft.VC90.CRT package </li><li>.Net Framework? </li></ol>\r\n<p>Is this correct?</p>\r\n",
    "PostedDate": "2010-10-25T13:46:59.87-07:00",
    "UserRole": null,
    "MarkedAsAnswerDate": null
  },
  {
    "Id": "512503",
    "ThreadId": "232280",
    "Html": "\r\n<p>1. Jacobi.Vst.Core.dll<br>\r\n2. Jacobi.Vst.Framework.dll (assuming you built your plugin on the framework, otherwise you can leave it out).<br>\r\n3. MyPlugin.dll (which is Jacobi.Vst.Interop.dll renamed to your plugin)<br>\r\n4. MyPlugin.net.vstdll (your managed plugin, you might have more dependencies here to external libraries)<br>\r\n5. MyPlugin.dll.config (an optional configuration file for your plugin)<br>\r\n6. Microsoft.VC90.CRT package&nbsp;<br>\r\n7. .NET Framework 2.0</p>\r\n<p>- assuming you only use .NET Framework 2.0 runtime features in your code.<br>\r\nYou can use newer compilers but be sure of the .NET Framework you target in the project.</p>\r\n<p>Hope it helps.<br>\r\nMarc&nbsp;</p>\r\n",
    "PostedDate": "2010-10-25T22:10:22.443-07:00",
    "UserRole": null,
    "MarkedAsAnswerDate": null
  }
]