[
  {
    "Id": "626404",
    "ThreadId": "261042",
    "Html": "<p>Hi,</p>\n<p>just wanted to let people know that I made a VST of my Procedural Midi project using VST.NET</p>\n<p>The code is available on codeplex: <a href=\"http://proceduralmidi.codeplex.com/\">http://proceduralmidi.codeplex.com/</a> , so this might be helpful as an example for those who want to make a generate midi VST :)</p>\n<p>I was entirely new at VSTs so I don't know if it's very stable (I had some trouble with deadlocks in the GUI before, after adding a lock in the plugin editor and using invoke if required those problems are gone (I hope, at least much less frequently now)).</p>\n<p>Screenshot: <img src=\"http://i.imgur.com/kIjSVl.jpg\" alt=\"\" /></p>\n<p>&nbsp;</p>\n<p>&nbsp;</p>\n<p>&nbsp;</p>",
    "PostedDate": "2011-06-11T09:51:26.32-07:00",
    "UserRole": null,
    "MarkedAsAnswerDate": null
  },
  {
    "Id": "626760",
    "ThreadId": "261042",
    "Html": "<p>After receiving some feedback it appears that the VST only works correctly in VSTHost, it loads fine in Ableton Live, Fruity Loops 9 and Cubase but doesn't output any sound. The activity meter in FL9 shows there is activity though. FL9 also appears to call Process() all the time, even when the engine is not running (which I assumed was not the case).</p>\r\n<p>Could anyone give me some pointers what I have to do to let it work better? I based myself on the Midi Sampler example, where midi events are added to the Events queue, which are processed in the AudioProcessor.</p>\r\n<p>If anyone sees blatant violations of how a VST should work, let me know too (I think timing with DateTime rather than getTimeInfo is one already) :)</p>\r\n<p>&nbsp;</p>",
    "PostedDate": "2011-06-13T00:30:29.69-07:00",
    "UserRole": null,
    "MarkedAsAnswerDate": null
  },
  {
    "Id": "627154",
    "ThreadId": "261042",
    "Html": "<p>Calling Process() as soon as the&nbsp;plugin GUI is opened&nbsp;is commonplace in Vst Hosts because many plugins do not refresh their GUI on Idle function call, especially animations.</p>",
    "PostedDate": "2011-06-13T14:52:52.253-07:00",
    "UserRole": null,
    "MarkedAsAnswerDate": null
  }
]