[
  {
    "Id": "263013",
    "ThreadId": "76927",
    "Html": "<p>First of all, a million thanks for a great and generous effort, obiwanjacobi!</p>\r\n<p>I have just started my journey in the VST world. So I am still fumbling aroud to find a way into the&nbsp;code. I have transferred the two assemblies to my computer, and they build and run as they should. A good start in other wordss.</p>\r\n<p>I&nbsp;am heading towards making&nbsp;a&nbsp;vst plugin that can take on any number&nbsp;of input channels, do some&nbsp;DSP and&nbsp;deliver audio to a different number of output channels.&nbsp;The&nbsp;DSP is quite CPU intensive.&nbsp;Most of the work&nbsp;will take place in separate threads, perhaps also in a separate dll. But it will be made such that it can deliver output in the same instance as it receives input. The plugin will initiate the DSP, feed it with input and capture processed data. Also, the DSP will have an extensive GUI. The plan is to use c# for the overall structure and GUI, and&nbsp;with unmanaged code through pointers. I have a dedicated DSP library&nbsp;that will do&nbsp;all the heavy work so I&nbsp;will keep most of the memory management and calculations outside the .net environment.</p>\r\n<p>I am also thinking about&nbsp;making a simple vst host for this plugin.&nbsp;I need to have a complete understanding of the vst stream to get to where I want and it may come in handy for later steps.</p>\r\n<p>Needless to say, your toolbox comes in very handy. It will probably save me months of work.</p>\r\n<p>I have a&nbsp; couple of startup questions though.</p>\r\n<p>How and where do the vst host sample connect to a sound card?</p>\r\n<p>The samples.delay plugin seems to modify just one word at a time. What about the rest of the buffer? Or&nbsp;do the inputs and output buffers have buffer length = 1?</p>\r\n<p>And finally - given the task I'm at - can you give me a suggestion of a good approach? Which pieces should I bring to the puzzle in order to get a speedy start that also has a future?</p>\r\n<p>Kind regards,</p>\r\n<p>Bernt</p>",
    "PostedDate": "2009-12-02T19:40:44.863-08:00",
    "UserRole": null,
    "MarkedAsAnswerDate": null
  },
  {
    "Id": "263082",
    "ThreadId": "76927",
    "Html": "<p>Thanx! Welcome on board, Bernt!</p>\r\n<p>Well, it sounds to me that you have got it all figured out! ;-) Just remember that VST.NET Interop will change the GCSettings.LatenceMode temporarily during Process and Get/SetParameter calls. So its best to pre-allocate managed memory upfront (large allocations during LowLatency mode is &quot;sub optimal&quot; ;-).&nbsp;</p>\r\n<p style=\"margin-top:1em;margin-bottom:1em\"><em>&quot;How and where do the vst host sample connect to a sound card?&quot;</em></p>\r\n<p style=\"margin-top:1em;margin-bottom:1em\">It doesn't. Checkout ASIO.NET on codeproject.com or NAudio here on codeplex.&nbsp;VST.NET only support the communication with the (managed/unmanaged) plugin. Thats it. All other aspects are specific to what kind of host you want to implement. It has a VstAudio(Precision)BufferManager class that will allocate unmanaged memory for the audio buffers (one allocation for all buffers) but thats about the only &quot;extra&quot;.</p>\r\n<p style=\"margin-top:1em;margin-bottom:1em\"><em>&quot;The samples.delay plugin seems to modify just one word at a time. What about the rest of the buffer? Or&nbsp;do the inputs and output buffers have buffer length = 1?&quot;</em></p>\r\n<p style=\"margin-top:1em;margin-bottom:1em\">Its just a delay (not a reverb) so it just add the delayed sound to the current sound playing on a per-sample-basis (and adds that sample to the end of the buffer).</p>\r\n<p style=\"margin-top:1em;margin-bottom:1em\"><em>&quot;And finally - given the task I'm at - can you give me a suggestion of a good approach? Which pieces should I bring to the puzzle in order to get a speedy start that also has a future?&quot;</em></p>\r\n<p style=\"margin-top:1em;margin-bottom:1em\">Like I said: what you explained sounds like a good approach. Doing a variable number of input- and output channels can be tricky (I've heard - have no experience with it myself). Check out the UpdatePluginInfo method on the IVstHostCommandStub interface. Call that to update the underlying (AEffect) structure that contains the number of input and output channels. There is something in VST called VaraibleIO but VST.NET does not support that (yet ;-). Create an Issues and get people to vote for it if you want/need it.</p>\r\n<p style=\"margin-top:1em;margin-bottom:1em\">Finally, check out <a href=\"http://www.kvraudio.com/forum/viewforum.php?f=33\">this forum at KVRAudio</a>. This is were most of the plugin gurus hang out. Any VST.NET specific questions you can ask here on this discussion list.</p>\r\n<p style=\"margin-top:1em;margin-bottom:1em\">Good luck with your project.</p>\r\n<p style=\"margin-top:1em;margin-bottom:1em\">Grtx, Marc</p>",
    "PostedDate": "2009-12-03T01:21:19.373-08:00",
    "UserRole": null,
    "MarkedAsAnswerDate": null
  }
]