[
  {
    "Id": "939707",
    "ThreadId": "402724",
    "Html": "\r\n<p>Hi, a couple of more beginner questions (converting an existing plugin).<br>\r\n<br>\r\nHow do you set the plugin CanDos (e.g receiveVstEvents, receiveVstMidiEvent,<br>\r\n&nbsp; sendVstEvents, sendVstMidiEvent, receiveVstTimeInfo)?</p>\r\n<p>And also Properties (e.g. prCanMono, prCanReplacing, prIsSynth, prProgramsAreChunks)?<br>\r\n<br>\r\nAlso UniquePluginId only takes an integer, but it can be a 4 character string. I think this is probably not used much anymore though.</p>\r\n",
    "PostedDate": "2012-11-10T13:50:54.787-08:00",
    "UserRole": null,
    "MarkedAsAnswerDate": null
  },
  {
    "Id": "939709",
    "ThreadId": "402724",
    "Html": "<p>Most of the canDo's and flags are set for you by the framework. It knows by the interfaces you implement what features should be turned on.&nbsp;</p>\r\n<p>All you need to specify are the constructor parameters of one of the two available plugin base classes.<br />http://vstnet.codeplex.com/SourceControl/changeset/view/70768#258723&nbsp;<br />http://vstnet.codeplex.com/SourceControl/changeset/view/70768#258722</p>\r\n<p>Use the FourCharacterCode class (in Core) to convert a 4 char string to an int (ToInt32).&nbsp;<br />http://vstnet.codeplex.com/SourceControl/changeset/view/70768#578440</p>\r\n<p>Hope it helps.</p>\r\n<p>&nbsp;</p>",
    "PostedDate": "2012-11-10T14:08:19.6-08:00",
    "UserRole": null,
    "MarkedAsAnswerDate": null
  }
]