[
  {
    "Id": "1240399",
    "ThreadId": "544000",
    "Html": "Hello VST.NET Codeplex community,\r<br />\n<br />\nI'm currently struggling to route the Audio I get from WaveIn using NAudio (because it seems like the best way to record and buffer Line In Audio...) into a VST Plugin and then play the processed audio coming from the plugin with WaveOut.\r<br />\n<br />\nI tried to make it as seen in this thread <a href=\"https://vstnet.codeplex.com/discussions/228692\" rel=\"nofollow\">https://vstnet.codeplex.com/discussions/228692</a> but this one is using a .wav file as audio input. Also for some reason when using the VST Stream: on one computer the audio driver crashes (or something...) because it can't play any sound after i start my application and only a system reboot solves the problem and on another one i can only her crackling noises...\r<br />\n<br />\nThe most success i get when doing it this way:<br />\n<pre><code>WaveIn waveIn = new WaveIn();\n            waveIn.BufferMilliseconds = 25;\n            waveIn.DataAvailable += waveIn_DataAvailable;\n            // create wave provider\n            waveProvider = new BufferedWaveProvider(waveIn.WaveFormat) { DiscardOnBufferOverflow = true };\n            waveOutProv = new BufferedWaveProvider(waveIn.WaveFormat) { DiscardOnBufferOverflow = true };\n\n            // create wave output to speakers\n            waveOut = new WaveOut();\n            waveOut.DesiredLatency = 100;\n            //waveOut.Init(waveOutProv);\n            waveOut.Init(waveOutProv);\n\n            // start recording and playback\n            waveIn.StartRecording();\n            waveOut.Play();\n\n            this.sampleRate = 44100;\n            this.channels = 2;\n            this.blockSize = 4410;\n\n            cont.PluginCommandStub.SetBlockSize(blockSize);\n            cont.PluginCommandStub.SetSampleRate((float)sampleRate);\n\n            vstBufManIn = new VstAudioBufferManager(channels, blockSize * channels);\n            vstBufManOut = new VstAudioBufferManager(channels, blockSize * channels);\n\n            vstBufIn = vstBufManIn.ToArray();\n            vstBufOut = vstBufManOut.ToArray();\n\n            // 4 bytes per sample (32 bit)\n            naudioBuf = new byte[blockSize * channels * 4];\n\n\n.....\n\nvoid waveIn_DataAvailable(object sender, WaveInEventArgs e)\n        {\n\n            if (waveProvider != null)\n            {\n                waveProvider.AddSamples(e.Buffer, 0, e.BytesRecorded);\n            }\n            naudioBuf = e.Buffer;\n\n\n            unsafe\n            {\n                fixed (byte* byteBuf = &amp;naudioBuf[0])\n                {\n                    float* floatBuf = (float*)byteBuf;\n                    int j = 0;\n                    for (int i = 0; i &lt; e.BytesRecorded / channels; i++)\n                    {\n                        vstBufIn[0][i] = *(floatBuf + j);\n                        j++;\n                    }\n                }\n            }\n\n\n            cont.PluginCommandStub.ProcessReplacing(vstBufIn, vstBufOut);\n\n            cont.PluginCommandStub.EditorIdle();\n\n            float[] buffer = new float[e.BytesRecorded];\n        \n            unsafe\n            {\n                float* tmpBufL = ((IDirectBufferAccess32)vstBufOut[0]).Buffer;\n                float* tmpBufR = ((IDirectBufferAccess32)vstBufOut[1]).Buffer;\n\n                // multiplexing the stream requires different indexing than here\n                for (int i = 0; i &lt; (e.BytesRecorded); i++)\n                {\n                    buffer[i] = *(tmpBufL + i);\n                }\n\n            }\n            byte[] bytebuffer = new byte[e.BytesRecorded];\n            Buffer.BlockCopy(buffer, 0, bytebuffer, 0, buffer.Length);\n            waveOutProv.AddSamples(bytebuffer, 0, bytebuffer.Length);\n\n\n        }</code></pre>\n\nThis way the audio from a microphone can get through the plugin without a problem if it doesn't get changed....but the moment i add any kind of effect (or other audio processing) the sound turns into a load grizzling noise. The plugin is totally fine, btw.\r<br />\n<br />\nRelated Stackoverflow Thread: <a href=\"http://stackoverflow.com/questions/23172647/vst-net-route-audio\" rel=\"nofollow\">http://stackoverflow.com/questions/23172647/vst-net-route-audio</a>\r<br />\n<br />\nI tried many times with different code but couldn't yet find a solution to this problem. (I'm also a bit of a newbie when it comes to audio programming...)\r<br />\n<br />\nI hope to hear from anyone.\r<br />\n<br />\nBest Regards,\r<br />\nM R<br />\n",
    "PostedDate": "2014-05-01T14:30:08.647-07:00",
    "UserRole": null,
    "MarkedAsAnswerDate": null
  },
  {
    "Id": "1240513",
    "ThreadId": "544000",
    "Html": "in the DataAvailable event handler you have this code<br />\n<pre><code>      fixed (byte* byteBuf = &amp;naudioBuf[0])\n      {\n             float* floatBuf = (float*)byteBuf;</code></pre>\n\nYou interpret the data buffer provided by the wave in as floats. That is not correct. These bytes are (from what I can tell with a quick search on the NAudio codeplex site) Short ints - interleaved.\r<br />\n<br />\nSo the even shorts are Left samples and the uneven shorts are right samlples. You can use BitConverter.ToShort to do the transformation. After that you must scale the value (I assume from Int16.MinValue to Int16.MaxValue) to the [-1, 1] float range. Then you have valid VST samples.\r<br />\n<br />\nHope it helps,\r<br />\nMarc<br />\n",
    "PostedDate": "2014-05-01T23:19:05.117-07:00",
    "UserRole": null,
    "MarkedAsAnswerDate": null
  },
  {
    "Id": "1241052",
    "ThreadId": "544000",
    "Html": "Thank you very much for your comment, Marc.\r<br />\n<br />\nI changed the way i convert the input byte array to a slightly different way which also seem to work. The problem i'm still having is more about the sound coming from the plugin and converting this properly to something understandable by NAudio. It seems that if i don't do any processing inside the plugin the sound gets through the plugin and to WaveOut quite nicely. The moment when i add any processing is when it screws up, like adding an effect or looping something. \r<br />\n<br />\nWhat i'm guessing is causing the problem is this part:<br />\n<pre><code>float[] buffer = new float[e.BytesRecorded];\n        \n            unsafe\n            {\n                float* tmpBufL = ((IDirectBufferAccess32)vstBufOut[0]).Buffer;\n                float* tmpBufR = ((IDirectBufferAccess32)vstBufOut[1]).Buffer;\n\n                // multiplexing the stream requires different indexing than here\n                for (int i = 0; i &lt; (e.BytesRecorded); i++)\n                {\n                    buffer[i] = *(tmpBufL + i);\n                }\n\n            }\n            byte[] bytebuffer = new byte[e.BytesRecorded];\n            Buffer.BlockCopy(buffer, 0, bytebuffer, 0, buffer.Length);\n            waveOutProv.AddSamples(bytebuffer, 0, bytebuffer.Length);</code></pre>\n\nI'm guessing that if the length of the data in the output of the plugin varies from the length of the Recorded Bytes, the sound &quot;screws up&quot;. I couldn't yet find any solution to this. I also don't know where i could get the length of the array (float*) coming from the plugin so that i can adjust the byte array...\r<br />\n<br />\nI'm hoping that i didn't wrote it understandable and i also hope to hear from you (or anyone really..),\r<br />\nM R<br />\n",
    "PostedDate": "2014-05-03T09:40:49.603-07:00",
    "UserRole": null,
    "MarkedAsAnswerDate": null
  },
  {
    "Id": "1241126",
    "ThreadId": "544000",
    "Html": "I think the conversion is still wrong, here are the conversions I made for NAudio before switching to PortAudio:<br />\n<pre><code>[type: System.CLSCompliant(false)]\n    public class VstProviderStream : WaveStream\n    {\n        public VstProviderStream(AudioBuffer audioBuffer)\n        {\n            ReadAudioBuffer = audioBuffer;\n        }\n\n        public override WaveFormat WaveFormat { get { return new WaveFormat(AudioParameters.SampleRate, 16, 1); } }\n        public override long Length { get { throw new NotSupportedException(); } }\n        public override long Position { get { throw new NotSupportedException(); } set { throw new NotSupportedException(); } }\n\n        public AudioBuffer ReadAudioBuffer;\n\n        public override int Read(byte[] buffer, int offset, int count)\n        {\n            ReadAudioBuffer.Process(count / 4);\n            int j = 0;\n            int i = 0;\n\n            for (i = 0; i &lt; count / 4; i++)\n            {\n                buffer[j] = (byte)((ReadAudioBuffer.tempBuffer[i] + 1) * (127.5));\n                j++;\n                buffer[j] = (byte)((short)((ReadAudioBuffer.tempBuffer[i] + 1) * (short.MaxValue / 2)) &gt;&gt; 8);\n                j++;\n            }\n\n            return count;\n        }\n    }\n\n    [type: System.CLSCompliant(false)]\n    public class VstProvider16 : WaveProvider16\n    {\n        public VstProvider16(AudioBuffer audioBuffer)\n        {\n            ReadAudioBuffer = audioBuffer;\n        }\n\n        public AudioBuffer ReadAudioBuffer;\n\n        public override int Read(short[] buffer, int offset, int sampleCount)\n        {\n            ReadAudioBuffer.Process(sampleCount);\n\n            for (int i = 0; i &lt; sampleCount; i++)\n                buffer[i] = (short)((ReadAudioBuffer.tempBuffer[i] + 1) * (short.MaxValue / 2));\n\n            return sampleCount;\n        }\n    }\n    \n    [type: System.CLSCompliant(false)]\n    public class VstProvider32 : WaveProvider32\n    {\n        public VstProvider32(AudioBuffer audioBuffer)\n        {\n            ReadAudioBuffer = audioBuffer;\n        }\n\n        public AudioBuffer ReadAudioBuffer;\n\n        public override int Read(float[] buffer, int offset, int sampleCount)\n        {\n            if (VstHostActions.Obj.Host == null)\n            {\n                for (int i = 0; i &lt; sampleCount; i++)\n                    buffer[i] = 0;\n\n                return sampleCount;\n            }\n\n            ReadAudioBuffer.Process(sampleCount / AudioParameters.NbChannels);\n\n            if (ReadAudioBuffer.vstBuffer != null)\n            {\n                int i = 0;\n                int j = 0;\n                for (; i &lt; sampleCount; )\n                {\n                    buffer[i] = (float)ReadAudioBuffer.vstBuffer[0][j] * VstHost.velocity;\n                    i++;\n                    buffer[i] = (float)ReadAudioBuffer.vstBuffer[1][j] * VstHost.velocity;\n                    i++;\n                    j++;\n                }\n            }\n\n            return sampleCount;// *ConstAudio.MaxChannels;\n        }\n    }</code></pre>\n\n",
    "PostedDate": "2014-05-03T17:48:22.13-07:00",
    "UserRole": null,
    "MarkedAsAnswerDate": null
  },
  {
    "Id": "1241450",
    "ThreadId": "544000",
    "Html": "I tried to change the way i convert the naudio buffer to the vst buffer to this:<br />\n<pre><code>                    for (int i = 0; i &lt; e.BytesRecorded / 2; i++)\n                    {\n                        byte[] tmpbytearr = new byte[2];\n                        tmpbytearr[0] = naudioBuf[i];\n                        tmpbytearr[1] = naudioBuf[i + 1];\n                        i++;\n                        Int16 tmpint = BitConverter.ToInt16(tmpbytearr, 0);\n                        \n                        float f = ((tmpint / 127.5f));\n                        vstBufIn[0][j] = f;\n                        vstBufIn[1][j] = f;\n                        j++;\n                    }</code></pre>\n\nhe other way round looks like this:<br />\n<pre><code>for (int i = 0; i &lt; (vstBufOut[0].SampleCount); i++)\n                {\n                    Int16 tmpint = (Int16)(vstBufOut[0][j] * 127.5);\n                    j++;\n                    byte[] tmparr = BitConverter.GetBytes(tmpint);\n                    bytebuffer[i] = tmparr[0];\n                    bytebuffer[i + 1] = tmparr[1];\n                    i++;\n                    tmpint = (Int16)(vstBufOut[1][j] * 127.5);\n                    j++;\n                    tmparr = BitConverter.GetBytes(tmpint);\n                    bytebuffer[i] = tmparr[0];\n                    bytebuffer[i + 1] = tmparr[1];\n                    i++;\n                }</code></pre>\n\nThe result is not grizzling, slized noise which is not resembling the input.\r<br />\nThe input though looks like it is correct, at least judging from the volume meter inside the plugin.\r<br />\n<br />\nI'm sorry to bother you with this probably ease problem but i just can't wrap my head around it.\r<br />\n<br />\nBest Regards,\r<br />\nM R<br />\n",
    "PostedDate": "2014-05-05T02:32:09.937-07:00",
    "UserRole": null,
    "MarkedAsAnswerDate": null
  },
  {
    "Id": "1241588",
    "ThreadId": "544000",
    "Html": "The sample I posted has the three Interleaved format.<br />\nIt's important you pick the one matching your WaveProvider declaration in NAudio.<br />\n<br />\nEdit: Removed format suggestion because I don't remember them very well.<br />\n",
    "PostedDate": "2014-05-05T08:15:38.673-07:00",
    "UserRole": null,
    "MarkedAsAnswerDate": null
  },
  {
    "Id": "1241610",
    "ThreadId": "544000",
    "Html": "<pre><code>for (int i = 0; i &lt; e.BytesRecorded / 2; i++)</code></pre>\n\nYou are converting to Short so you have two bytes per channel right?<br />\nI see a problem with divided by 2 here because you are reading the naudio samples in mono and putting them in a stereo vst buffer. hmm well maybe not, the code is hard to follow because of missing information, maybe you are trying to copy a mono channel to stereo.<br />\nThe naudio samples are interleaved, for samples of short size, it's 2 bytes for the left channel followed by 2 bytes for the right.<br />\n",
    "PostedDate": "2014-05-05T08:58:23.423-07:00",
    "UserRole": null,
    "MarkedAsAnswerDate": null
  },
  {
    "Id": "1241622",
    "ThreadId": "544000",
    "Html": "Regarding this one:<br />\n<pre><code>Int16 tmpint = BitConverter.ToInt16(tmpbytearr, 0);\nfloat f = ((tmpint / 127.5f));</code></pre>\n\nShouldn't it be:<br />\n<pre><code>Int16 tmpint = BitConverter.ToInt16(tmpbytearr, 0);\nfloat f = (tmpint / Int16.MaxValue)</code></pre>\n\nAnd for:<br />\n<pre><code>Int16 tmpint = (Int16)(vstBufOut[0][j] * 127.5);\nbyte[] tmparr = BitConverter.GetBytes(tmpint);\nbytebuffer[i] = tmparr[0];\nbytebuffer[i + 1] = tmparr[1];</code></pre>\n\nShouldn't it be:<br />\n<pre><code>Int16 tmpint = (Int16)(vstBufOut[0][j] * Int16.MaxValue);\nbyte[] tmparr = BitConverter.GetBytes(tmpint);\nbytebuffer[i] = tmparr[0];\nbytebuffer[i + 1] = tmparr[1];</code></pre>\n\n",
    "PostedDate": "2014-05-05T09:10:31.353-07:00",
    "UserRole": null,
    "MarkedAsAnswerDate": null
  },
  {
    "Id": "1241750",
    "ThreadId": "544000",
    "Html": "Thank you so much for your insight, Yuri. I now changed it to this: <br />\n<br />\nInput:<br />\n<pre><code>                    int j = 0; //Coding is at the start of the DataAvailable method of WaveIn\n                    for (int i = 0; i &lt; e.BytesRecorded; i++) \n                    {\n                        byte[] tmpbytearr = new byte[2];\n                        tmpbytearr[0] = naudioBuf[i]; //naudioBuf is variable holding the byte array buffered in DataAvailable (e.Buffer)\n                        i++;\n                        tmpbytearr[1] = naudioBuf[i];\n                        i++;\n                        Int16 tmpint = BitConverter.ToInt16(tmpbytearr, 0);\n\n                        float f = ((tmpint / Int16.MaxValue));\n                        vstBufIn[0][j] = f; //vstBufIn = Array which gets processed to the plugin using processreplacing\n\n                        tmpbytearr = new byte[2];\n                        tmpbytearr[0] = naudioBuf[i];\n                        i++;\n                        tmpbytearr[1] = naudioBuf[i];\n                        i++;\n                        tmpint = BitConverter.ToInt16(tmpbytearr, 0);\n\n                        f = ((tmpint / Int16.MaxValue));\n                        vstBufIn[1][j] = f;\n\n                        j++;\n                    }</code></pre>\n\nOutput:<br />\n<pre><code>                for (int i = 0; i &lt; (vstBufOut[0].SampleCount); i++) //vstBufOut = Array holding output from Plugin\n                {\n                    Int16 tmpint = (Int16)(vstBufOut[0][j] * Int16.MaxValue);\n                    byte[] tmparr = BitConverter.GetBytes(tmpint);\n                    bytebuffer[i] = tmparr[0]; //bytebuffer is a byte array which gets later added to the WaveProvider connected to WaveOut\n                    i++;\n                    bytebuffer[i] = tmparr[1];\n                    i++;\n                    tmpint = (Int16)(vstBufOut[1][j] * Int16.MaxValue);\n                    j++;\n                    tmparr = BitConverter.GetBytes(tmpint);\n                    bytebuffer[i] = tmparr[0];\n                    i++;\n                    bytebuffer[i] = tmparr[1];\n                    i++;\n                }</code></pre>\n\nThe problem being that with this code no sound gets processed to or from the plugin. Int16.MaxValue is so big that for every value the resulting float is 0.0. When i change it to 127.5 (which i took from your coding) i can hear the sliced up sound again though it sounds more like audio i put in through the microphe (though delayed and also sliced and distorded).<br />\n<br />\nI feel like it's getting close to working but something seems to be still missing..<br />\n<br />\nBest Regards,<br />\nM R<br />\n",
    "PostedDate": "2014-05-05T13:28:07.667-07:00",
    "UserRole": null,
    "MarkedAsAnswerDate": null
  },
  {
    "Id": "1241779",
    "ThreadId": "544000",
    "Html": "<blockquote>\nThe problem being that with this code no sound gets processed to or from the plugin. Int16.MaxValue is so big that for every value the resulting float is 0.0. <br />\n</blockquote>\n<ul>\n<li>\nI don't think so, I'm getting good values when I test it.<br />\n</li>\n</ul>\nThe problem you're having is Dividing two integer between -1 and 1, it will round to 0.\r<br />\nTry changing it for:<br />\n<pre><code>float f = ((float)tmpint / (float)Int16.MaxValue);</code></pre>\n\n",
    "PostedDate": "2014-05-05T14:18:30.063-07:00",
    "UserRole": null,
    "MarkedAsAnswerDate": null
  },
  {
    "Id": "1241892",
    "ThreadId": "544000",
    "Html": "Thank you very much. That at least fixed the problem where no audio was processed. Now the audio is getting through the plugin but it's again sliced and distorded<br />\n",
    "PostedDate": "2014-05-05T23:49:11.173-07:00",
    "UserRole": null,
    "MarkedAsAnswerDate": null
  },
  {
    "Id": "1241915",
    "ThreadId": "544000",
    "Html": "Double check that you are completely filling up the buffers.\r<br />\n<br />\nAre vstBufIn[0] and vstBufIn[1] exactly the same size as e.BytesRecorded?\r<br />\nIs bytebuffer exactly 4 times larger than vstBufOut[0].SampleCount?<br />\n",
    "PostedDate": "2014-05-06T01:14:46.12-07:00",
    "UserRole": null,
    "MarkedAsAnswerDate": null
  },
  {
    "Id": "1241937",
    "ThreadId": "544000",
    "Html": "Looking back at it, this line seems suspect:<br />\n<pre><code>for (int i = 0; i &lt; (vstBufOut[0].SampleCount); i++)</code></pre>\n\nWouldn't it work better with:<br />\n<pre><code>for (int i = 0; i &lt; (vstBufOut[0].SampleCount * 4); i++)</code></pre>\n\n",
    "PostedDate": "2014-05-06T02:01:26.83-07:00",
    "UserRole": null,
    "MarkedAsAnswerDate": null
  },
  {
    "Id": "1241987",
    "ThreadId": "544000",
    "Html": "Again thank you very much Yuri...<br />\nSo i checked all of it and indeed found a few problems.<br />\n1) The bytebuffer only got filled to position 399<br />\n2) I had a not needed i plus plus in both of my for loops causing every third byte in the byte array being empty (0)<br />\n3) e.BytesRecorded is always 400 (probably because of the 25milliseconds buffer size * 16) while vstBufIn and Out was 8820 (hard coded)<br />\n<br />\nThat's why i changed it so that:<br />\n<ul>\n<li>vstBufIn and Out sampleCount is 100 (e.BytesRecorded/4)</li>\n<li>removed the unncessary i plus plus</li>\n<li>\nchanged the for loops appropiately so that both i variables only go to 399<br />\n</li>\n</ul>\nNow the bytebuffer get filled completely and the sound is less distorded. Problem is: It's still quite choppy and the audio put into the microphone comes out around 5 seconds later (and then it is played like two times in a row though that might come from the choppiness). Around 2-3 seconds could come from my sound driver actually...in my final setup i will use an audio interface and not my internal soundcard... <br />\n<br />\nI feel like i'm really really close to finishing this now..<br />\n<br />\nPS: Regarding your second post. I did excatly that when i changed the for loops appropiately.<br />\n",
    "PostedDate": "2014-05-06T04:22:50.257-07:00",
    "UserRole": null,
    "MarkedAsAnswerDate": null
  },
  {
    "Id": "1242012",
    "ThreadId": "544000",
    "Html": "2-3 seconds is extremely long, when I use Asio4all with PortAudio on a crappy SoundMax integrated sound card I probably get about 50ms of latency with block size of 512 samples. Nothing that I can detect.\r<br />\n<br />\nSimple question, are you using headphones together with the mic to avoid feedback?\r<br />\n<br />\nThe size of your buffers are unconventional, I would go for 512 samples in and 512 samples out.<br />\n",
    "PostedDate": "2014-05-06T05:24:51.26-07:00",
    "UserRole": null,
    "MarkedAsAnswerDate": null
  },
  {
    "Id": "1242017",
    "ThreadId": "544000",
    "Html": "Another question, have you tried running your program in release mode and without debugging?<br />\n",
    "PostedDate": "2014-05-06T05:31:06.567-07:00",
    "UserRole": null,
    "MarkedAsAnswerDate": null
  },
  {
    "Id": "1242040",
    "ThreadId": "544000",
    "Html": "That's the thing. I'm not using Asio4All as the laptop i'm programming on will not be the same one running the final product. I'm also going to use an audio interface with that one instead of the onboard soundcard. Besides that i also think that some of the latency comes from the buffer being 25 milliseconds or even 100 i just tested with to see if the low time might cause problems. Also the WaveOut has DesiredLatency set to 100 ms which also causes latency i would think.\r<br />\n<br />\nIs PortAudio better when it comes to latency and using it with vst.net? ... because i would switch to it if that's the case.\r<br />\n<br />\nYes i'm using headphones...\r<br />\n<br />\nShould i then set the buffer time to 512/4 in that case?\r<br />\n<br />\nI just did and i couldn't really notice much of a difference. Maybe it's a bit better.....though i can't tell. It's still choppy and the latency also still exists.<br />\n",
    "PostedDate": "2014-05-06T06:25:30.033-07:00",
    "UserRole": null,
    "MarkedAsAnswerDate": null
  },
  {
    "Id": "1242042",
    "ThreadId": "544000",
    "Html": "I was thinking about setting a fixed 512 samples buffer to help you in your computations.\r<br />\nYou seem to have difficulty transferring between buffers so choosing a fixed standard size might help.\r<br />\n<br />\nIf Vst.Net is 512 samples on 2 channels this means a total of 1024 samples.\r<br />\nIf NAudio is 512 samples on 1 channel with 16 bit values, this means a total of 1024 bytes.\r<br />\nHow well are your buffer defined, is NAudio mono/stereo, is it 2 bytes per samples etc.\r<br />\n<br />\nYou are converting from mono to stereo for recording and from stereo to stereo for playback and with unusual buffer size, it's not the ideal scenario if you're not experienced with audio programming. Try cutting a step in the process to isolate the problem, does routing input straight to output works etc...\r<br />\n<br />\nLast time I checked NAudio doesn't support Asio so that's why I picked PortAudio.<br />\n",
    "PostedDate": "2014-05-06T06:32:13.03-07:00",
    "UserRole": null,
    "MarkedAsAnswerDate": null
  },
  {
    "Id": "1242267",
    "ThreadId": "544000",
    "Html": "Thank you soooo very much Yuri. After your post i first decided to see if just playing the e.Buffer vom WaveIn directly at waveOut and then is noticed that i also get choppy noises and a long latency. That's why i took the code and compiled it on another computer (which will probably be the one running the final &quot;live&quot; version) and voilà a lot of the weird problems disappeared. Now i could actually  hear the audio i put into the mic from my headphones with an acceptable latency (the remaining latency comes from my sounddriver and will hopefully be gone when i use my audio interface).\r<br />\n<br />\nThen i thought about the mono/stereo thing and until then i thought the buffer from NAudio holds 2 channel 16 bit (2 byte) samples like this LLRRLLRR..... but the moment i changed the code inside my 2 for loops so that i go from mono NAudio to VST.NET stereo and back everything seems to work like a charm.\r<br />\n<br />\n..I can't tell you how happy i am right now :D\r<br />\n<br />\nThis is the final code:<br />\n<pre><code>            WaveIn waveIn = new WaveIn();\n            waveIn.BufferMilliseconds = 25;\n            waveIn.DataAvailable += waveIn_DataAvailable;\n            // create wave provider\n            waveProvider = new BufferedWaveProvider(waveIn.WaveFormat) { DiscardOnBufferOverflow = true };\n            waveOutProv = new BufferedWaveProvider(waveIn.WaveFormat) { DiscardOnBufferOverflow = true };\n\n            // create wave output to speakers\n            waveOut = new WaveOut();\n            waveOut.DesiredLatency = 100;\n            waveOut.Init(waveOutProv);\n\n            // start recording and playback\n            waveIn.StartRecording();\n            waveOut.Play();\n\n            vstBufManIn = new VstAudioBufferManager(2, 200);\n            vstBufManOut = new VstAudioBufferManager(2, 200);\n\n            vstBufIn = vstBufManIn.ToArray();\n            vstBufOut = vstBufManOut.ToArray();\n..........\nnaudioBuf = e.Buffer;\n\n            unsafe\n            {\n                int j = 0;\n                for (int i = 0; i &lt; e.BytesRecorded; i++)\n                {\n                    byte[] tmpbytearr = new byte[2];\n                    tmpbytearr[0] = naudioBuf[i];\n                    i++;\n                    tmpbytearr[1] = naudioBuf[i];\n                    Int16 tmpint = BitConverter.ToInt16(tmpbytearr, 0);\n                    float f = (((float)tmpint / (float)Int16.MaxValue));\n                    vstBufIn[0][j] = f;\n                    vstBufIn[1][j] = f;\n                    j++;\n                }\n            }\n\n            cont.PluginCommandStub.ProcessReplacing(vstBufIn, vstBufOut);\n            cont.PluginCommandStub.EditorIdle();\n\n            byte[] bytebuffer;\n            unsafe\n            {\n                float* tmpBufL = ((IDirectBufferAccess32)vstBufOut[0]).Buffer;\n                float* tmpBufR = ((IDirectBufferAccess32)vstBufOut[1]).Buffer;\n                bytebuffer = new byte[vstBufOut[0].SampleCount * 2];\n                int j = 0;\n                for (int i = 0; i &lt; (vstBufOut[0].SampleCount * 2); i++)\n                {\n                    Int16 tmpint = (Int16)((float)vstBufOut[1][j] * (float)Int16.MaxValue);\n                    byte[] tmparr = BitConverter.GetBytes(tmpint);\n                    bytebuffer[i] = tmparr[0];\n                    i++;\n                    bytebuffer[i] = tmparr[1];\n                    tmpint = (Int16)((float)vstBufOut[1][j] * (float)Int16.MaxValue);\n                    j++;\n                }\n\n            }\n            waveOutProv.AddSamples(bytebuffer, 0, bytebuffer.Length);</code></pre>\n\nThis is probably not the nicest code but it seems to work for me :)<br />\n",
    "PostedDate": "2014-05-06T13:51:56.557-07:00",
    "UserRole": null,
    "MarkedAsAnswerDate": null
  },
  {
    "Id": "1250859",
    "ThreadId": "544000",
    "Html": "I have uploaded an example on how one could implement sample value conversion here [release:122820].\r<br />\n<br />\nIt does splitting, interleaving and value conversions (although the sample only comes with two conversion functions to demonstrate usage).\r<br />\n<br />\nHope it helps,\r<br />\nMarc<br />\n",
    "PostedDate": "2014-05-29T06:46:53.323-07:00",
    "UserRole": null,
    "MarkedAsAnswerDate": null
  }
]