[
  {
    "Id": "1235241",
    "ThreadId": "542579",
    "Html": "Hey guys, I've downloaded the templates and tried opening them but I keep getting a dialog saying &quot; one or more content  items contained within the <strong>.vscontent</strong> file cannot be installed because the correct version of the content installer component cannot be found.&quot;\r<br />\n<br />\nI've tried looking for the <strong>vscontentinstaller.exe</strong> and failed. I've also tried opening them in both VS 2010 and 2012.\r<br />\n<br />\nIf someone could help me, that'd be grateful.\r<br />\n<br />\nThank You :)<br />\n",
    "PostedDate": "2014-04-17T16:10:37.397-07:00",
    "UserRole": null,
    "MarkedAsAnswerDate": null
  },
  {
    "Id": "1235301",
    "ThreadId": "542579",
    "Html": "I have not seen this error before and have successfully installed the templates on VS2008 and VS2010. Be sure to unblock the downloaded zip file (file-&gt;properties-&gt;unblock).\r<br />\n<br />\nFound this thread that may help\r<br />\n<a href=\"http://social.msdn.microsoft.com/Forums/en-US/002917de-8ac7-4267-ad54-4bf13f87668c/vs-2008-fails-to-install-vsi-with-contentversion-10\" rel=\"nofollow\">http://social.msdn.microsoft.com/Forums/en-US/002917de-8ac7-4267-ad54-4bf13f87668c/vs-2008-fails-to-install-vsi-with-contentversion-10</a><br />\n",
    "PostedDate": "2014-04-17T22:25:34.517-07:00",
    "UserRole": null,
    "MarkedAsAnswerDate": null
  }
]