[
  {
    "Id": "457805",
    "ThreadId": "216682",
    "Html": "<div id=\"ctl00_ctl00_MasterContent_Content_PostRepeater_ctl10_BodyDiv\">\r\n<p>I have tried all above solutions http://vstnet.codeplex.com/Thread/View.aspx?ThreadId=205889 but nothing works for me.</p>\r\n<p>Please help me how to converts from</p>\r\n<p>byte[] Buffer</p>\r\n<p>to</p>\r\n<p>VstAudioBufferManager inputMgr = new VstAudioBufferManager(inputCount, blockSize);<br>VstAudioBuffer rightInputBuffer = inputMgr.ToArray()[0];<br>VstAudioBuffer leftInputBuffer = inputMgr.ToArray()[1];</p>\r\n<p>what should i do to populate rightInputBuffer and leftInputBuffer from byte[] Buffer?</p>\r\n<p>AND</p>\r\n<p>Vise Versa</p>\r\n<p>From</p>\r\n<p>VstAudioBufferManager outputMgr = new VstAudioBufferManager(outputCount, blockSize);</p>\r\n<p>VstAudioBuffer rightOutputBuffer = outputMgr.ToArray()[0];<br>VstAudioBuffer leftOutputBuffer = outputMgr.ToArray()[1];</p>\r\n<p>To</p>\r\n<p>byte[] Buffer</p>\r\n<p>what should i do to populate byte[] Buffer from rightOutputBuffer and leftOutputBuffer?</p>\r\n<p>Thanks</p>\r\n</div>",
    "PostedDate": "2010-06-20T13:48:10.023-07:00",
    "UserRole": null,
    "MarkedAsAnswerDate": null
  },
  {
    "Id": "457877",
    "ThreadId": "216682",
    "Html": "<p>A quick look at NAudio seem to indicate that the audio is 16 bits. So you need to read two bytes at a time from the buffer instead of just one.</p>\r\n<p>Hope it helps,<br>Marc</p>",
    "PostedDate": "2010-06-20T21:57:48.197-07:00",
    "UserRole": null,
    "MarkedAsAnswerDate": null
  },
  {
    "Id": "458194",
    "ThreadId": "216682",
    "Html": "Thax for your reply, can you please send me any code sample",
    "PostedDate": "2010-06-21T12:19:14.15-07:00",
    "UserRole": null,
    "MarkedAsAnswerDate": null
  },
  {
    "Id": "458239",
    "ThreadId": "216682",
    "Html": "This code is not working on my side                                                                                                                                                                                buffer[i] = (float)destBuffer[i] / 128.0f - 1.0f;",
    "PostedDate": "2010-06-21T14:00:38.03-07:00",
    "UserRole": null,
    "MarkedAsAnswerDate": null
  },
  {
    "Id": "458791",
    "ThreadId": "216682",
    "Html": "<p>You should find out first what the format of the audio buffer is. How many bytes does one audio sample take up? When multiple bytes are used by a sample, how is it laid out: most significant values first or last (big/little endian). Only when you have all this information can you start to write code. That code -for an Int16- would be something like:</p>\r\n<p>- read 2 bytes from the pcm buffer<br>- turn those 2 bytes into an Int16 (little/big endian?)<br>-&nbsp;coerce the int to a float (adjust the value range of the sample)<br>- add it to the VstAudioBuffer</p>\r\n<p>Hope it helps.</p>",
    "PostedDate": "2010-06-22T22:19:42.14-07:00",
    "UserRole": null,
    "MarkedAsAnswerDate": null
  }
]