[
  {
    "Id": "178094",
    "ThreadId": "52957",
    "Html": "Hi, first sorry about the comming bad english. No, first i want to say a big big THANKS to obiwanjacobi for this great work :--)<br>\r\nI have a problem using VST.net in Cubase SX 3.<br>\r\n<br>\r\nWhatever i try i didnt get the MIDI functionality run. Cubase does not display any midi-output to my Plugin.<br>\r\nI then found that\r\nthe Cubase-host does not call GetNumberOfMidiInputChannels (), GetNumberOfMidiOutputChannels(), or CanDo receiveVstEvent /&nbsp;receiveVstMidiEvent &lt;-- could that the problem,?<br>\r\n<br>\r\nI have tried with implementing IVstPluginCommandStub by my own and with the framework classes ... but without success :--(<br>\r\nAlso, the midi-examples do not work (No MIDI-Channels visible)<br>\r\n<br>\r\nVstPluginFlags.IsSynth is set.<br>\r\n<br>\r\nHere are the calls from Cubase to my Plugin and my &quot;answers&quot;<br>\r\n<br>\r\n*** Starting Cubase<br>\r\n<br>\r\n&gt; SetSampleRate: &lt;- 44100<br>\r\n&gt; SetBlockSize: &lt;- 352<br>\r\n&gt; Open<br>\r\n&gt; CanDo: bypass -&gt; Yes<br>\r\n&gt; SetPanLaw: &lt;- LinearPanLaw, 0.7071068<br>\r\n&gt; CanDo: midiProgramNames -&gt; No<br>\r\n&gt; GetVstVersion -&gt; 2400<br>\r\n&gt; GetVendorString -&gt; bleh<br>\r\n&gt; GetVendorVersion -&gt; 1000<br>\r\n&gt; Close<br>\r\n<br>\r\n*** Instance Plugin<br>\r\n<br>\r\n&gt; SetSampleRate: &lt;- 44100<br>\r\n&gt; SetBlockSize: &lt;- 352<br>\r\n&gt; Open<br>\r\n&gt; CanDo: bypass -&gt; Yes<br>\r\n&gt; SetPanLaw: &lt;- LinearPanLaw, 0.7071068<br>\r\n&gt; CanDo: midiProgramNames -&gt; No<br>\r\n&gt; MainsChanged: &lt;- True<br>\r\n&gt; CanDo: sendVstMidiEvent -&gt; No<br>\r\n&gt; MainsChanged: &lt;- False<br>\r\n&gt; MainsChanged: &lt;- True<br>\r\n&gt; CanDo: sendVstMidiEvent -&gt; No<br>\r\n&gt; CanDo: LiveWithoutToolbar -&gt; No<br>\r\n&gt; EditorGetRect: -&gt; {X=0,Y=0,Width=263,Height=137}<br>\r\n&gt; EditorOpen: &lt;- 1246722<br>\r\n&gt; EditorGetRect: -&gt; {X=0,Y=0,Width=263,Height=137}<br>\r\n&gt; SetEditorKnobMode: &lt;- CircularMode<br>\r\n&gt; StartProcess<br>\r\n<br>\r\n*** Exit Cubase<br>\r\n<br>\r\n&gt; StopProcess<br>\r\n&gt; EditorClose<br>\r\n&gt; MainsChanged: &lt;- False<br>\r\n&gt; Close<br>\r\n<br>\r\nEDIT: Hours later (help me!!! :--), still no solution, but <a href=\"http://www.kvraudio.com/forum/viewtopic.php?t=177674\">http://www.kvraudio.com/forum/viewtopic.php?t=177674</a> maybe it's helpful<br>\r\n<br>\r\nbest wishes<br>\r\nDavid<br>\r\n",
    "PostedDate": "2009-04-10T19:21:45.83-07:00",
    "UserRole": null,
    "MarkedAsAnswerDate": null
  },
  {
    "Id": "178148",
    "ThreadId": "52957",
    "Html": "<span id=UniqueID1239453544585>Thanx!<br>\r\n<br>\r\nCubase is notoriusly picky about its midi plugins.<br>\r\n<br>\r\nTake a look at this thread at the kvr forum.<a href=\"http://www.kvraudio.com/forum/viewtopic.php?t=245236\"><br>\r\nhttp://www.kvraudio.com/forum/viewtopic.php?t=245236</a><br>\r\n<br>\r\nI think you only have to pretend to do audio processing as well (mono in - mono out seems simlpest and just pass on the audio samples from input to output, unchanged).<br>\r\n<br>\r\nStrange that the midi sample plugins don't work, though. <br>\r\nThe MidiNoteMapper has a dummy AudioProcessor just for this and the MidiNoteSampler uses the audio in- and output to record and playback samples...??<br>\r\n<br>\r\nLet me know if you get any results implementing a dummy AudioProcessor.</span>\r\n",
    "PostedDate": "2009-04-11T05:46:29.96-07:00",
    "UserRole": null,
    "MarkedAsAnswerDate": null
  },
  {
    "Id": "178153",
    "ThreadId": "52957",
    "Html": "Thanks for the fast reply.<br>\r\n<br>\r\nI wrote a plugin like you said and test ist, sadly with the same result. <br>\r\nHere is the code: <a href=\"http://uranoxyd.de/tmp/vstnet_s1.pdf\">http://uranoxyd.de/tmp/vstnet_s1.pdf</a> (Sorry for VB but i think you can read it)<br>\r\nLike i said even your Sample doesnt works.<br>\r\n<br>\r\nBut i think you misunderstood me. I dont want to build a midi-fx but a synth with certainly at least 1 midi-in.<br>\r\n<br>\r\nAnd - correct me if i'm wrong - but the thing that cubase didnt call GetNumberOfMidiInputChannels(), GetNumberOfMidiOutputChannels(), CanDo receiveVstEvent or CanDo receiveVstMidiEvent, seems to be a &quot;problem&quot;!?<br>\r\n<br>\r\nEDIT: I've just seen that your MidiNoteMapper Sample shows in Cubase one output, and none input. I mean Midi from Plugin to Host, not like i want Midi from Host to Plugin? The MidiNoteSampler shows none, no inp and no outp ... exhausted or mad dont know :--)<br>\r\n",
    "PostedDate": "2009-04-11T06:20:24.877-07:00",
    "UserRole": null,
    "MarkedAsAnswerDate": null
  },
  {
    "Id": "178170",
    "ThreadId": "52957",
    "Html": "Your code looks fine.<br>\r\n<br>\r\nI have Cubase SX 2 but have never been able to get it to work. I just tried it again and I see the same thing you do.<br>\r\nIts not a VST(.NET) thing, its just that Cubase only accepts Module Architecture midi plugins (as far as I know).<br>\r\n<br>\r\nSorry I can't help you any further.\r\n",
    "PostedDate": "2009-04-11T08:01:26.57-07:00",
    "UserRole": null,
    "MarkedAsAnswerDate": null
  },
  {
    "Id": "178425",
    "ThreadId": "52957",
    "Html": "Damn, that's frustrating me more and more.<br>\r\n<br>\r\nDo you see any possibility how i can use your solution anyway (small or big workaround)?<br>\r\n",
    "PostedDate": "2009-04-12T17:42:52.42-07:00",
    "UserRole": null,
    "MarkedAsAnswerDate": null
  },
  {
    "Id": "178855",
    "ThreadId": "52957",
    "Html": "No sorry, I dont see how.\r\n",
    "PostedDate": "2009-04-14T00:30:16.503-07:00",
    "UserRole": null,
    "MarkedAsAnswerDate": null
  }
]