[
  {
    "Id": "1036575",
    "ThreadId": "441788",
    "Html": "Hi,\r<br />\n<br />\nIn the VSTi I'm working on there is a textbox on the main form. In some hosts (e.g. Live), users are able to type into that textbox with no problems but can't control the host with the keyboard until my VSTi looses focus. In other hosts (e.g. Reaper and Sonar) users either can't type anything into the textbox or can only enter certain characters.\r<br />\n<br />\nIdeally I'd like to capture the keyboard input while users are typing into this textbox and let the host handle keyboard input any other time.\r<br />\n<br />\nAny idea if something like this is possible? I could always put the textbox into a modal dialog but I'm hoping to find a better solution.\r<br />\n<br />\nThanks,\r<br />\nRob<br />\n",
    "PostedDate": "2013-04-27T10:49:20.6-07:00",
    "UserRole": null,
    "MarkedAsAnswerDate": null
  },
  {
    "Id": "1036770",
    "ThreadId": "441788",
    "Html": "On the interface that is used to implement a plugin editor (IVstPluginEditor) there are two methods names KeyDown and KeyUp. <a href=\"https://vstnet.codeplex.com/SourceControl/changeset/view/71210#191281\" rel=\"nofollow\">https://vstnet.codeplex.com/SourceControl/changeset/view/71210#191281</a>\r<br />\n<br />\nI have no experience with intercepting key strokes but my guess is that these methods are called by the host when key strokes happen when the plugin has focus.\r<br />\nI suggest you try to see if these methods are called by all hosts and the try to funnel the keystroke to the control that has the focus...?<br />\n",
    "PostedDate": "2013-04-28T09:16:58.847-07:00",
    "UserRole": null,
    "MarkedAsAnswerDate": null
  },
  {
    "Id": "1036848",
    "ThreadId": "441788",
    "Html": "Thanks! I'll take a look at that and see what I can find.<br />\n",
    "PostedDate": "2013-04-28T16:02:03.28-07:00",
    "UserRole": null,
    "MarkedAsAnswerDate": null
  },
  {
    "Id": "1037916",
    "ThreadId": "441788",
    "Html": "So I tested this out in two hosts. In Ableton Live those functions get called when the plugin has focus but they don't get called if any of the controls have focus. Unfortunately in Sonar the functions never get called. I came across this long post <a href=\"http://www.rawmaterialsoftware.com/viewtopic.php?f=8&amp;t=1662&amp;sid=c7471c78dc76b977221fe2c29add281a\" rel=\"nofollow\">http://www.rawmaterialsoftware.com/viewtopic.php?f=8&t=1662&sid=c7471c78dc76b977221fe2c29add281a</a> and it looks like other people have run into the same problem. I guess I'll just go for the modal dialog solution.<br />\n",
    "PostedDate": "2013-04-30T18:56:07.17-07:00",
    "UserRole": null,
    "MarkedAsAnswerDate": null
  },
  {
    "Id": "1037996",
    "ThreadId": "441788",
    "Html": "Yeah, its one of those icky VST parts...\r<br />\n<br />\nThanx for letting us know.\r<br />\nMarc<br />\n",
    "PostedDate": "2013-05-01T01:23:44.76-07:00",
    "UserRole": null,
    "MarkedAsAnswerDate": null
  }
]