[
  {
    "Id": "1455823",
    "ThreadId": "648726",
    "Html": "Just to clear things up. In this case, when I say &quot;Sample&quot; I mean the stream of numbers that is eventually translated in to audio. As opposed to wave file samples.\r<br />\n<br />\nSo, is my understanding correct?<br />\n<ul>\n<li>A sample is a number which represents amplitude. </li>\n<li>Audio over time is represented by a stream of samples. </li>\n<li>\nVST.Net represents samples with .Net type float<br />\n</li>\n</ul>\nBut, a float is a 32 bit number. My audio card only deals with 16 bit, and 24 bit numbers. How does the conversion work? How is a 32 bit float eventually converted to a 16 bit, or 24 bit number that is outputted by the sound card?\r<br />\n<br />\nI ask this because I am trying to use some code that manipulates a stream of samples. But, the comments say that the data it expects: \r<br />\n<br />\nThe data passed to the routine in indata[] should be in the range [-1.0, 1.0)\r<br />\n<br />\nSo, how do I transform the samples within VST.Net to work in the buffer it is asking for?\r<br />\n<br />\nSorry if this sounds like an absolute DSP for noobs question. It's because I'm a noob.<br />\n",
    "PostedDate": "2015-12-14T01:29:19.22-08:00",
    "UserRole": null,
    "MarkedAsAnswerDate": null
  },
  {
    "Id": "1455833",
    "ThreadId": "648726",
    "Html": "Yes, a sample is a single value (float or double-for extra precision) in the [-1.0,1.0] range that represents the amplitude of the audio signal. The sample rate indicates how many of these values there are for every second.\r<br />\n<br />\nIf your audio library supports Int16 (or UInt16?) you have to map the values. So the full range of -1.0 -&gt; 1.0 represents the full range if Int16.MinValue -&gt; Int16.MaxValue. You can map these values linearly.\r<br />\n<br />\nCheck out the download page, there is a converter sample project that implements some methods of converting these samples.\r<br />\nThere are also several other threads in the discussion board about this subject.\r<br />\n<br />\nHope it helps,<br />\n",
    "PostedDate": "2015-12-14T03:33:09.347-08:00",
    "UserRole": null,
    "MarkedAsAnswerDate": null
  },
  {
    "Id": "1455879",
    "ThreadId": "648726",
    "Html": "\r\n<p dir=\"ltr\">Thanks. Yes. That's roughly what I thought. The audio library I'm using is the same. Floats [-1-1].\r\n</p>\r\n<p dir=\"ltr\">Out of curiosity, is float used because we never know the bit rate of the audio card? I mean, if Int16 were used, it wouldn't have high enough resolution for say 24bit audio cards?</p>\r\n<p dir=\"ltr\">Is float the generally accepted standard? Does 16bits worth of resolution exist between -1 and 1?\r\n</p>\r\n<p dir=\"ltr\">Sorry about all the obvious questions. I just need to make sure I understand the fundamentals.\r\n<br>\r\n</p>\r\n<br>\r\n<br>\r\n<br>\r\n<div>On Mon, Dec 14, 2015 at 3:33 AM -0800, &quot;obiwanjacobi&quot; <span dir=\"ltr\">&lt;[email removed]&gt;</span> wrote:<br>\r\n<br>\r\n</div>\r\n<p>From: obiwanjacobi</p>\r\n<div id=\"ThreadNotificationPostBody\">Yes, a sample is a single value (float or double-for extra precision) in the [-1.0,1.0] range that represents the amplitude of the audio signal. The sample rate indicates how many of these values there are for every second.\r\n<br>\r\n<br>\r\nIf your audio library supports Int16 (or UInt16?) you have to map the values. So the full range of -1.0 -&gt; 1.0 represents the full range if Int16.MinValue -&gt; Int16.MaxValue. You can map these values linearly.\r\n<br>\r\n<br>\r\nCheck out the download page, there is a converter sample project that implements some methods of converting these samples.\r\n<br>\r\nThere are also several other threads in the discussion board about this subject. <br>\r\n<br>\r\nHope it helps,<br>\r\n</div>\r\n<div></div>\r\n",
    "PostedDate": "2015-12-14T11:10:54.17-08:00",
    "UserRole": null,
    "MarkedAsAnswerDate": null
  },
  {
    "Id": "1455890",
    "ThreadId": "648726",
    "Html": "The float is a choice of Steinberg who made the VST interface(s). Could have been something else but they decided on float in a -1.0, 1.0 value range.\r<br />\nThe resolution of a float is 32 bits it uses to represent the value. I don't know the technical details (I'm sure wikipedia can help out there) but in practice its more than enough resolution.<br />\n",
    "PostedDate": "2015-12-14T11:57:00.417-08:00",
    "UserRole": null,
    "MarkedAsAnswerDate": null
  },
  {
    "Id": "1455897",
    "ThreadId": "648726",
    "Html": "\r\n<div dir=\"ltr\">\r\n<div>I had a look at:<br>\r\n<a href=\"https://en.wikipedia.org/wiki/Floating_point\" target=\"_blank\">https://en.wikipedia.org/wiki/Floating_point</a></div>\r\n<div><br>\r\n</div>\r\n<div>It got too technical so now I'm going to listen to the album &quot;Floating Point&quot; by John McLaughlin as per Wikipedia's recommendation.<br>\r\n</div>\r\n<div><br>\r\n</div>\r\n<div>Thanks though! That has cleared things up. I only ask because users tend to fixate on stuff like this. There are religious levels of faith that people put in certain DAWs and VSTs, and an equal amount of distain for others. All unwarranted I'm sure. I'm\r\n always looking for objective information on how to explain things to people: i.e. numbers are numbers, bits are bits.</div>\r\n<div><br>\r\n</div>\r\n<div>\r\n<hr id=\"stopSpelling\">\r\n</div>\r\n</div>\r\n",
    "PostedDate": "2015-12-14T12:56:44.01-08:00",
    "UserRole": null,
    "MarkedAsAnswerDate": null
  },
  {
    "Id": "1455910",
    "ThreadId": "648726",
    "Html": "Wasn't the VstAudioPrecisionBuffer intended for 64bit precision (double) and the VstAudioBuffer intended for 32bit precision?<br />\n",
    "PostedDate": "2015-12-14T14:27:51.103-08:00",
    "UserRole": null,
    "MarkedAsAnswerDate": null
  },
  {
    "Id": "1455920",
    "ThreadId": "648726",
    "Html": "The simplest way to understand what is a sample IMO is to think of it's direct effect on a physical speaker cone.<br />\nThe cone can move backward and forward X times per second. The X time is the sample rate, with 44.1 kHz sample rate you are moving the cone 44100 times per seconds. The motion range of the cone is equivalent to the range of your sample [-1, 1] and the sample is the position in the interval where the speaker should move to. The difference between 64bit (double samples) and 32bit (float samples) is the precision of the speaker position. If you had 1 bit audio (0 or 1) the speaker could only be Min/Max or move 1 position towards min/max from where it is currently. This is usually not practical but would work if the sampling rate was very high. Some new hardware are supporting that, the sample value is not absolute in the range [-1, 1] it's instead a relative value that tells move current sample down or up.<br />\n<br />\nWorking on samples amplitude (known as time domain) is a pretty easy concept, audio becomes complicated when frequencies are involved (known as frequency domain). To work on frequencies, changing the amplitude of a single sample is insufficient. You have to look at a bigger window of samples and perform complex math to interpret frequencies (involves Fast Fourier transform and non-linear convolution).<br />\n",
    "PostedDate": "2015-12-14T16:30:10.067-08:00",
    "UserRole": null,
    "MarkedAsAnswerDate": null
  },
  {
    "Id": "1455926",
    "ThreadId": "648726",
    "Html": "Bonus: the microphone is the inverse process. Sound wave put pressure on a foil. The position of the foil is measured X times per second (sampling rate). Precision of the foil position is determined by the number of bits. Not technically accurate at the hardware level but as a basic concept I find it's easy to understand.\r<br />\n<br />\nIt's similar to image sampling. When you had 2 bit colors you could only do black and white. Then 2 bits palette giving 4 colors. At that time monitors were very low resolution. Now imagine if they had 4 bits color (sample bits) with 256K resolution (sample rate) on a 14&quot; screen at that time. With a setup like this, you can use only 4 bits for fully saturated red/green/blue and achieve a great result. That's because the resolution (sample rate) is so high that your eyes blend the low precision pixels together. Same happens with audio, sample rates and sample precision are correlated in the end result. Sample rate being the most important variable as it can compensate for a lack of precision. Practically once a sufficient precision is reached (arguably 16 bits) better sounding result are achieved by increasing sample rate. Precision being useful in scenario where you are going to do a lot of math processing on the audio like mastering.<br />\n",
    "PostedDate": "2015-12-14T17:50:46.437-08:00",
    "UserRole": null,
    "MarkedAsAnswerDate": null
  }
]