[
  {
    "Id": "1203684",
    "ThreadId": "529279",
    "Html": "Hi,\r<br />\n<br />\nI would like to develop a plugin with VST.NET that can send &amp; receive audio data from other tracks/buses like the send &amp; return feature on common DAWs.\r<br />\nIs this possible within the scope of a plugin?\r<br />\n<br />\nThanks,\r<br />\nDirk<br />\n",
    "PostedDate": "2014-02-06T11:07:22.95-08:00",
    "UserRole": null,
    "MarkedAsAnswerDate": null
  },
  {
    "Id": "1203698",
    "ThreadId": "529279",
    "Html": "Depending on the routing capabilities of the host, you could perhaps use extra inputs and outputs to communicate between plugins...? (similar to side-chaining?)\r<br />\n<br />\nSo you make a plugin with two sets of (stereo) inputs and outputs. One set just passes the samples from the input to the output. The extra set of outputs is controlled by you plugin logic and sends under certain circumstances a copy of the samples of the normal input out (side-ways) of the plugin. If the host allows you to connect these side-outputs to the side-inputs of another instance of your plugin that merges the two sets of inputs, than I think you have what you are trying to accomplish.\r<br />\n<br />\nProblem is that it depends greatly on the capabilities of the host and that the source and target plugin instances are fixed, they cannot be changed by any plugin logic - only by the user.\r<br />\n<br />\nIf you require more flexibility than you may have to consider passing the sample information between instances of your plugin by some in-memory shared buffer. This is not really easy to make but it is possible. Greatest issue is how to identify and find other plugin instances.\r<br />\n<br />\nHope it helps,\r<br />\nMarc<br />\n",
    "PostedDate": "2014-02-06T11:34:33.777-08:00",
    "UserRole": null,
    "MarkedAsAnswerDate": null
  }
]