[
  {
    "Id": "1228383",
    "ThreadId": "540638",
    "Html": "Hi Guys, \r<br />\nI have an issue to load  the Delay sample Plugin into Cubase 5... \r<br />\n<br />\nWhat I ve done :\r<br />\n<br />\nCreated a folder c:\\testplugins\\ \r<br />\nI took Jacobi interop assembly and rename it to MyDelay.dll\r<br />\nI took compiled assembly from your sample  Delay and renamed it to MyDelay.net.dll\r<br />\nI also put in here Jacobi core and Jacobi Framework assemblies\r<br />\n(because just drag and drop these assemblies  into C:\\windows\\assemblies does not work to me )\r<br />\n<br />\ncubase gives me this error message \r<br />\n<br />\n<img src=\"http://2imgs.com/2i/i/5338322c/191519c6b2902bbcfdf5051ea46e3cbb/3d47a78d5e.f.png\" alt=\"Image\" /><br />\n",
    "PostedDate": "2014-03-30T14:32:11.97-07:00",
    "UserRole": null,
    "MarkedAsAnswerDate": null
  },
  {
    "Id": "1228460",
    "ThreadId": "540638",
    "Html": "Try to use the binaries from the download. That way we can focus on how Cubase discovers its plugins and not be hindered by possible other problems. Once you have successfully loaded a VST.NET stock sample plugin, you can try to load your own plugin.\r<br />\n<br />\nI think Cubase uses a plugins directory (in Program Files?) that need to contain the plugins? Make a sub-folder there to store the assemblies and trigger a rescan of the plugins in Cubase - Cubase will re-evaluatie all the plugins in that plugins folder.\r<br />\n<br />\n(Or) If you have to point to the plugin by hand (from Cubase) make sure you point to the renamed interop assembly (MyDelay.dll) and not the .net.dll - it will be looking for specific exported methods that are just not present on the managed plugin assembly.\r<br />\n<br />\nHope it helps.\r<br />\nMarc<br />\n",
    "PostedDate": "2014-03-30T23:32:32.157-07:00",
    "UserRole": null,
    "MarkedAsAnswerDate": null
  },
  {
    "Id": "1228564",
    "ThreadId": "540638",
    "Html": "seems that I did something wrong during compilation of your samples <br />\n<br />\n I ve changed the build framework version from .net 4 to .net 2 for Winform and .net 3,5 to WPF.  And Right now I can confrim the version for WPF  and for Winform work correctly with CUbase 5. I run CorePlugin and also Delay  samples... Thx for help...<br />\n",
    "PostedDate": "2014-03-31T05:17:44.76-07:00",
    "UserRole": null,
    "MarkedAsAnswerDate": null
  },
  {
    "Id": "1228581",
    "ThreadId": "540638",
    "Html": "Excellent. Now you can start to change things. Try to change one thing at a time. That way you know that the last thing you did was why it doesn't work anymore ;-)\r<br />\n<br />\nHave fun\r<br />\nMarc<br />\n",
    "PostedDate": "2014-03-31T06:04:59.2-07:00",
    "UserRole": null,
    "MarkedAsAnswerDate": null
  }
]