[
  {
    "Id": "676207",
    "ThreadId": "273714",
    "Html": "\r\n<p>Hi, I've just downloaded the library &amp; samples. The whole thing looks very interesting but i'm having trouble getting going.</p>\r\n<p>I run Cubase 32bit &amp; 64bit versions on my Win7 64bit pc (i'm only using the 32bit version for VST.Net tho). I have put the framework &amp; core dlls in the GAC. I have copied the following files into my vst folder:</p>\r\n<p>Jacobi.Vst.Samples.Delay.dll</p>\r\n<p>Jacobi.Vst.Samples.Delay.net.vstdll</p>\r\n<p>But nothing gets picked up by Cubase. I have tried also adding Jacobi.Vst.Samples.CorePlugin.net.vstdll but still no joy. I'd be grateful if someone can point me in the right direction. Has anyone else got VST.Net to work on Win7 64bit? Thanks in advance\r\n for any help provided.</p>\r\n<p>PS I tried installing the package for VC90.CRT but the installer said it was already installed.</p>\r\n",
    "PostedDate": "2011-09-24T11:34:13.017-07:00",
    "UserRole": null,
    "MarkedAsAnswerDate": null
  },
  {
    "Id": "676256",
    "ThreadId": "273714",
    "Html": "<p>Have you tried with other hosts than cubase? I run VST.Net as a host under Win7 64 bit with the 32 bit binairies, never tried the plugin. Maybe try clearing the GAC and re-install.</p>",
    "PostedDate": "2011-09-24T19:11:17.043-07:00",
    "UserRole": null,
    "MarkedAsAnswerDate": null
  },
  {
    "Id": "676384",
    "ThreadId": "273714",
    "Html": "<p>Thanks for the help Yury but i'm still stuck. I've tried another host (Ableton) but that didn't detect it either. I have tried the VST.Net host but this immediately fails on both my Win7 64 bit machines and on my Win XP machine.</p>\r\n<p>I think i'm going to have to leave it for now unless anyone has any ideas. Thanks again for your help.</p>\r\n<p>Cheers.</p>",
    "PostedDate": "2011-09-25T09:39:03.813-07:00",
    "UserRole": null,
    "MarkedAsAnswerDate": null
  },
  {
    "Id": "676387",
    "ThreadId": "273714",
    "Html": "<p>BTW, I've also tried with VSTHost and that doesn't pickup anything either.</p>",
    "PostedDate": "2011-09-25T10:15:55.38-07:00",
    "UserRole": null,
    "MarkedAsAnswerDate": null
  },
  {
    "Id": "676469",
    "ThreadId": "273714",
    "Html": "<p>I still got plenty of ideas, if you're still trying to resolve this issue. A good starting point would be pinpointing when then why the plugin fails. You can use the 'Host' program in Vst.Net source code to load a plugin while debugging. Just put all your DLL in the debug folder and catch appropriate exception in the \"Load Plugin\" button event handler.</p>",
    "PostedDate": "2011-09-25T17:12:51.207-07:00",
    "UserRole": null,
    "MarkedAsAnswerDate": null
  },
  {
    "Id": "676519",
    "ThreadId": "273714",
    "Html": "<p>Hi Teargas (nice name! ;-)</p>\r\n<p>Understand that for a native VST Host the Jacobi.Vst.Samples.Delay.dll is the plugin. It is in fact the Jacobi.Vst.Interop renamed to mach the name of the plugin. The .net.vstdll file contains the managed code of the plugin itself. So try pointing the host to the dll file instead of the .net.vstdll file.</p>\r\n<p>Further, you don't have to put the Core and Framework assemblies in the GAC. Just put them next to the the other plugin files.</p>\r\n<p>Also some hosts require you to manually refresh the plugin cache. Look for an option called \"rescan\" or something similar.</p>\r\n<p>Start with VstHost.exe because that is the same host I use for testing. Add the plugin by browsing to the .dll file. If it still doesn't work, please provide a detailed report of your actions.</p>\r\n<p>So hang in there, we will get it working ;-)</p>\r\n<p>Hope it helps.<br />Marc</p>",
    "PostedDate": "2011-09-25T22:52:44.943-07:00",
    "UserRole": null,
    "MarkedAsAnswerDate": null
  },
  {
    "Id": "676610",
    "ThreadId": "273714",
    "Html": "<p>Its working! Thanks for your help guys. I'm sure i tried this configuration before - maybe not otherwise it would've worked!). For the benefit of any others that have had trouble getting the demo projects working, here is a list of what i did:</p>\r\n<ul>\r\n<li>Download the VST.Net package.</li>\r\n<li>Create a new empty folder somewhere.</li>\r\n<li>Copy Jacobi.Vst.Core.dll (from&nbsp;Binaries\\Release\\Jacobi.Vst.Core) into the new folder.</li>\r\n<li>Copy Jacobi.Vst.Framework.dll (from&nbsp;Binaries\\Release\\Jacobi.Vst.Framework).</li>\r\n<li>Copy Jacobi.Vst.Samples.Delay.dll &amp;&nbsp;Jacobi.Vst.Samples.Delay.net.vstdll (fromBinaries\\Release).</li>\r\n<li>Download VSTHost if you haven't already go it (search&nbsp;<a href=\"http://www.kvraudio.com/\">http://www.kvraudio.com</a>&nbsp;for links to this).</li>\r\n<li>Open VSTHost and Click File / Set Plugin path and set it to the newly created directory.</li>\r\n<li>Select File / Rescan Plugins (this ususally gets done by default).</li>\r\n<li>Select File / Plugins - the VST.Net Code Sample Delay effect should now be in the list.</li>\r\n</ul>\r\n<p>Once you've verified its all working, you can then move on to setting it up properly with your usual VST host e.g. Cubase.</p>\r\n<p>Thanks again for the help. Now on to development!</p>",
    "PostedDate": "2011-09-26T02:57:50.06-07:00",
    "UserRole": null,
    "MarkedAsAnswerDate": null
  },
  {
    "Id": "677237",
    "ThreadId": "273714",
    "Html": "<p>Good to hear you've got it working.</p>\n<p>Have fun with it and don't hesitate to post your questions - or results for that matter ;-)</p>",
    "PostedDate": "2011-09-27T09:25:16.36-07:00",
    "UserRole": null,
    "MarkedAsAnswerDate": null
  }
]