[
  {
    "Id": "1253403",
    "ThreadId": "547690",
    "Html": "I downloaded VST.NET 1.0 from the site and there is no Jacobi.Interop.dll in the 'Code' folder, which is where it should be. I found an Jacobi.Interop.dll in Samples\\CLR2\\AnyCPU, but I am targetting .NET 4.0 and the dll is incompatable. Nowhere in the download have I found a compatible version of Jacobi.Interop.dll.\r<br />\n<br />\nIf the 4.0-compatible dll is hidden and I just need to look harder, great. If not, where I could obtain the dll would also be fantastic.\r<br />\n<br />\nThanks for your time.<br />\n",
    "PostedDate": "2014-06-05T10:58:35.197-07:00",
    "UserRole": null,
    "MarkedAsAnswerDate": null
  },
  {
    "Id": "1253407",
    "ThreadId": "547690",
    "Html": "In the downloads section it's written:\r<br />\nThe zip contains the Debug and Release binaries for x86 and x64 as well as .NET 2.0 and .NET 4.0.\r<br />\n<br />\nI peeked in the archive for .Net 4.0 :\r<br />\nVST.NET RTM.zip\\Code\\CLR4\\x86\\Release\\Jacobi.Interop.dll\r<br />\nVST.NET RTM.zip\\Code\\CLR4\\x64\\Release\\Jacobi.Interop.dll\r<br />\n<br />\nInterop Code is native to bridge with VST SDK, no any CPU for Interop.<br />\n",
    "PostedDate": "2014-06-05T11:13:47.727-07:00",
    "UserRole": null,
    "MarkedAsAnswerDate": null
  },
  {
    "Id": "1253408",
    "ThreadId": "547690",
    "Html": "Okay, thanks. :D I just wasn't looking hard enough.\r<br />\n...And it works! The plugin loads! Sweet!\r<br />\nThanks for your time.<br />\n",
    "PostedDate": "2014-06-05T11:16:47.127-07:00",
    "UserRole": null,
    "MarkedAsAnswerDate": null
  }
]