[
  {
    "Id": "1462648",
    "ThreadId": "651109",
    "Html": "Hey people.\r<br />\n<br />\nFor a long time I looked for high performance, skinnable controls that would work well in .Net and Windows Universal Platform (UWP). I never really found anything. A great programmer recently built these controls for my project and they have served me well. I am sharing the controls and their code because I know that many of you will need these. \r<br />\n<br />\n<img src=\"https://dl.dropboxusercontent.com/u/79781769/Images/VST%20Controls%20.Net.png\" alt=\"Image\" />\r<br />\n<br />\nThe controls are at the beta stage, so I welcome feedback, bug reports and code suggestions.\r<br />\n<br />\nThe controls are currently free for private use, but not commercial use. If commercial use is required, please PM me. The package also includes images. Again, these images are free for private use, but not commercial use.\r<br />\n<br />\n<br />\n<a href=\"https://bitbucket.org/MelbourneDeveloper/vst-controls-.net\" rel=\"nofollow\">https://bitbucket.org/MelbourneDeveloper/vst-controls-.net</a><br />\n",
    "PostedDate": "2016-02-10T01:50:52.37-08:00",
    "UserRole": null,
    "MarkedAsAnswerDate": null
  },
  {
    "Id": "1464299",
    "ThreadId": "651109",
    "Html": "Nice controls :D<br />\n",
    "PostedDate": "2016-02-23T16:26:48.357-08:00",
    "UserRole": null,
    "MarkedAsAnswerDate": null
  },
  {
    "Id": "1464317",
    "ThreadId": "651109",
    "Html": "They are very nice!<br />\n",
    "PostedDate": "2016-02-23T20:19:59.677-08:00",
    "UserRole": null,
    "MarkedAsAnswerDate": null
  }
]