[
  {
    "Id": "593035",
    "ThreadId": "252835",
    "Html": "\r\n<p>I've been looking around for a third party WinForms GUI control to use as the knobs on my VST but haven't had any luck finding one. Has anyone else found one or implemented one from scratch?</p>\r\n<p>&nbsp;</p>\r\n<p>thanks</p>\r\n<p>Rob</p>\r\n",
    "PostedDate": "2011-04-06T12:24:21.147-07:00",
    "UserRole": null,
    "MarkedAsAnswerDate": null
  },
  {
    "Id": "593059",
    "ThreadId": "252835",
    "Html": "<p>So right after posting this I came across this: http://www.codeproject.com/KB/cs/Industrial_Controls2.aspx which I think will do the trick. But I'd still be interested to see what other people are using.</p>",
    "PostedDate": "2011-04-06T12:52:24.253-07:00",
    "UserRole": null,
    "MarkedAsAnswerDate": null
  }
]