[
  {
    "Id": "939761",
    "ThreadId": "402737",
    "Html": "\r\n<p>Hi,</p>\r\n<p>How to write a plugin to wrap-around another plugins?</p>\r\n",
    "PostedDate": "2012-11-10T19:02:26.6-08:00",
    "UserRole": null,
    "MarkedAsAnswerDate": null
  },
  {
    "Id": "939820",
    "ThreadId": "402737",
    "Html": "<p>Take a look at the WrapperPlugin sample (Source Code tab).</p>\r\n<p>The Sample has two classes: One to pass calls from the host to the wrapped plugin and on to pass calls from the wrapped plugin to the host.</p>\r\n<p>Here is a reference to one of the source files of that project.<br />http://vstnet.codeplex.com/SourceControl/changeset/view/70768#753378</p>\r\n<p>The path to the wrapped plugin dll is configured in a config file and used to host that plugin within the managed plugin. The wrapped plugin can either be managed or unmanaged. See also the&nbsp;<span>GetPluginInfo method in the file referenced above.</span></p>\r\n<p><span>Hope it helps.<br />Marc&nbsp;</span></p>",
    "PostedDate": "2012-11-11T01:40:43.11-08:00",
    "UserRole": null,
    "MarkedAsAnswerDate": null
  },
  {
    "Id": "940138",
    "ThreadId": "402737",
    "Html": "<p>Thank you for reply!</p>\r\n<p>I will create empty project or template project.</p>\r\n<p>Please tell me many step.</p>",
    "PostedDate": "2012-11-11T23:14:20.437-08:00",
    "UserRole": null,
    "MarkedAsAnswerDate": null
  },
  {
    "Id": "940151",
    "ThreadId": "402737",
    "Html": "<p>I would suggest you start with a copy of the WrapperPlugin sample.</p>\r\n<p>I'd be interested to know why you want to wrap a plugin? What added functionality are you planning to build?</p>\r\n<p>Also check out the documentation .chm (downloads) - that has a lot of information on the inner working on VST.NET.</p>\r\n<p>In short VST.NET marshals all VST calls from C++ to .NET (and back) - they end up in an object (class) called the Plugin Command Stub. That is the core level. The Framework one can use to build plugins is layered on top of that. So understand that the WrapperPlugin sample does NOT use the Framework. As you can see in the source it implements a PluginCommandStub object - that receives the calls the Host makes to the plugin. It also implements a Host Command Stub - a similar object that receives the calls the Plugin makes to the host.&nbsp;</p>\r\n<p>Any functionality you wish to add, you would implement in these two Command Stub Adapter classes. Those are the points of interception.</p>\r\n<p>Let me know if this works for you.<br />Marc&nbsp;</p>",
    "PostedDate": "2012-11-12T00:10:00.747-08:00",
    "UserRole": null,
    "MarkedAsAnswerDate": null
  },
  {
    "Id": "940167",
    "ThreadId": "402737",
    "Html": "\r\n<p>Hi Obiwan,</p>\r\n<p>I want to wrap many free plugin into one plugin.</p>\r\n<p>&nbsp;IVstHostCommandStub _hostCmdStub;<br>\r\n<br>\r\n&nbsp;&nbsp;&nbsp;&nbsp;&nbsp;&nbsp;&nbsp; public HostCommandStubAdapter(IVstHostCommandStub hostCmdStub)<br>\r\n&nbsp;&nbsp;&nbsp;&nbsp;&nbsp;&nbsp;&nbsp; {<br>\r\n&nbsp;&nbsp;&nbsp;&nbsp;&nbsp;&nbsp;&nbsp;&nbsp;&nbsp;&nbsp;&nbsp; _hostCmdStub = hostCmdStub;<br>\r\n&nbsp;&nbsp;&nbsp;&nbsp;&nbsp;&nbsp;&nbsp; }</p>\r\n<p>How do i create&nbsp; IVstHostCommandStub object to apply this constructor?</p>\r\n<p>Many plugin are loaded to Plugin command stub, how to manage?</p>\r\n",
    "PostedDate": "2012-11-12T00:43:33.217-08:00",
    "UserRole": null,
    "MarkedAsAnswerDate": null
  },
  {
    "Id": "940686",
    "ThreadId": "402737",
    "Html": "\r\n<p>Hi Obiwan,</p>\r\n<p>&nbsp;</p>\r\n<p>How to host get free plugins are wraped-around on my plugin?</p>\r\n",
    "PostedDate": "2012-11-12T20:02:06.553-08:00",
    "UserRole": null,
    "MarkedAsAnswerDate": null
  },
  {
    "Id": "940724",
    "ThreadId": "402737",
    "Html": "\r\n<p>Hmm. You understand that only one plugin can be active at a time. Will be tricky to be able to switch plugins during the time your wrapper-plugin is open. You'd have to determine the differences in Audio IO and report that back to host. Not all Hosts allow\r\n dynamic IO changes like that - VST.NET supports it though.</p>\r\n<p>Each plugin would be represented with a VstPluginContext object and each plugin would need a reference to a Host Command Stub. You have to decide if that is one class (a separate instance for each plugin) or that you need a specific class for a specific\r\n type of plugin? Depends on what functionality you wish to add.</p>\r\n<p>Just start with wrapping two plugins to see what kind of problems you will encounter.</p>\r\n<p>PS: I dont understand the last question. Could you rephrase that?</p>\r\n",
    "PostedDate": "2012-11-12T22:38:38.62-08:00",
    "UserRole": null,
    "MarkedAsAnswerDate": null
  },
  {
    "Id": "940743",
    "ThreadId": "402737",
    "Html": "\r\n<p>My plugin wrap a free plugin, how do I free plugin that can communicate with the host (ex: reaper) through my plugin?<br>\r\n<br>\r\nMy plugin should inherit from class?<br>\r\nMy Plugin command stud too</p>\r\n",
    "PostedDate": "2012-11-12T23:49:22.173-08:00",
    "UserRole": null,
    "MarkedAsAnswerDate": null
  },
  {
    "Id": "941013",
    "ThreadId": "402737",
    "Html": "\r\n<p>The HostCommandStub you pass to the VstPluginContext.Create is used by the (hosted) plugin to communicate back to the host. But realize that your plugin is playing host to that inner-plugin. So you have to pass on any method calls that come in on the HostCommandStub\r\n to the IHostCommandStub instance you received when VST.NET calls the GetPluginInfo method.&nbsp;</p>\r\n<p>You could derive from the Adapter classes that are in the WrapperPlugin sample and only override those methods that need special handling - make them virtual in the Adapter classes first.</p>\r\n",
    "PostedDate": "2012-11-13T07:29:10.627-08:00",
    "UserRole": null,
    "MarkedAsAnswerDate": null
  }
]