[
  {
    "Id": "472938",
    "ThreadId": "221492",
    "Html": "<p>I'm trying to open a Vst Editor window in WPF. I've followed the steps in CorePlugin project Readme.txt to compile the EditorControl.Xaml but I don't have a clue how to use it. I've run into many hurdles trying to make something happen out of this project.</p>\r\n<p>The code in Samples.CorePlugin uses the classes in Jacobi.Core.Plugin. The code in VstHost use the classes in Jacobi.Core.Host. Yet both projects <span style=\"text-decoration:underline\">reference the same class names in different namespace</span>, although VstHost seems complete and functional while CorePlugin seems empty and half-baked.</p>\r\n<p>First I thought I needed to initialize EditorControl.Host but it uses IVstHostCommandStub of Core.Plugin which is not included in any examples, I can't initialize it with the Core.Host IVstHostCommandStub. PluginCommandStub in Samples.CorePlugin also seems to be a re-implementation that does nothing else than logging. Is it useful for something? Finally, OpenFileSelector doesn't seem to do anything except logging, shouldn't it open/load a plugin?</p>\r\n<p>If possible, could you please&nbsp;<a></a>explain the steps needed to initialize/open EditorControl.xaml properly?</p>\r\n<p>I've read in discussion that you don't want to include a wpf project in the source code because of the DotNet 3.5 framework dependencies but I think it wouldn't hurt. It's not like the 2.0 project compiles out of the box, removing the 3.5 project from the solution shouldn't be too hard once you've figured out you need to remove missing assembly file references, remove code signing (because the key is not provided) and create/populate the '_sharedAssembly' folder in order to compile&nbsp;using 2.0 framework. Anyway, if there is a working implementation in WPF somewhere else&nbsp;please tell me.</p>\r\n<p>Thanks</p>",
    "PostedDate": "2010-07-26T20:21:46.083-07:00",
    "UserRole": null,
    "MarkedAsAnswerDate": null
  },
  {
    "Id": "472959",
    "ThreadId": "221492",
    "Html": "<p>On second thought, it seems Samples.CorePlugin is just an unused logging facility.</p>\r\n<p>I'll try to implement the editor window in WindowsFormsHost like you suggested. Although I also&nbsp;had many problems with this solution while using Klaus Zerbe DotNet VstHost. The WindowsFormHost has 'Airspace' issues, it doesn't run well in WPF STA interface model and&nbsp;crashes repeatedly with fatal exception engine when doing heavy interop.</p>",
    "PostedDate": "2010-07-26T21:03:03.64-07:00",
    "UserRole": null,
    "MarkedAsAnswerDate": null
  },
  {
    "Id": "472976",
    "ThreadId": "221492",
    "Html": "<p>The purpose of the Core Plugin Sample is to show you the difference of implementing a managed plugin without the VST.NET Framework. It is true that it is 'half-baked' in the sence that it is a bogus implementation (functional) that focuses mainly on the technical aspect.</p>\r\n<p>The discussion about the .NET framework version (2.0 vs 3.0/3.5) has to do with the main binaries of VST.NET (Framework in particular). I would like to keep the dependency as low as possible so your end users (users that actually work with your managed plugin) shouldn't have to upgrade. There is nothing wrong with proving a sample that uses a higher version .NET framework and the CorePlugin sample was an attempt to do just that.</p>\r\n<p>Once you have switched implementations to the WPF editor as described in the readme.txt you should be able to load the plugin into a VST 2.4 compatible host (VstHost.exe for example). If you would like to use an older host (&lt; VST 2.4) you should also implement the methods of the Core.Deprecated.IPluginCommandsDeprecated20 on the CorePlugin.PluginCommandStub class. An example can be found in Framework.Plugin.StdPluginDeprecatedCommandStub (copy and paste should do the trick).</p>\r\n<p>When the plugin is succesfully loaded in the host you should be able to call up&nbsp;the CorePlugin's&nbsp;editor window and see the WPF window. Note that the logging window in WPF does not work but the button should work.</p>\r\n<p>If you have any troubles please be specific about the problems you encounter so I can assist you as best I can.</p>\r\n<p>Hope it hepls.</p>\r\n<p>PS: Is there a publilc download link for this 'Klaus Zerbe DotNet VstHost' you speak of? I haven't seen it before and would like to take a look at it.</p>",
    "PostedDate": "2010-07-26T22:18:50.14-07:00",
    "UserRole": null,
    "MarkedAsAnswerDate": null
  },
  {
    "Id": "473235",
    "ThreadId": "221492",
    "Html": "<p>Thanks a lot for your quick answer,</p>\r\n<p>Here is the link to Klaus Zerbe Vst Host article:</p>\r\n<p><a href=\"http://eternity.zerbe-net.org/doku.php?id=start:themen:devel_news\">http://eternity.zerbe-net.org/doku.php?id=start:themen:devel_news</a></p>\r\n<p>Direct Download:</p>\r\n<p><a href=\"http://eternity.zerbe-net.org/lib/exe/fetch.php?id=start:themen:devel_news&cache=cache&media=start:themen:vsthost.net-demo3.zip\">http://eternity.zerbe-net.org/lib/exe/fetch.php?id=start%3Athemen%3Adevel_news&amp;cache=cache&amp;media=start:themen:vsthost.net-demo3.zip</a></p>\r\n<p>It's a rather obscure find, it's in German but easy to translate/understand. The code is a VC++ wrapper that allows you to host a WinFormUserControl in C# and it also includes a simple sequencer that sends ProcessEvents to the Vst and a DirectSound engine to playback the Vst ProcessReplacing output.</p>\r\n<p>___</p>\r\n<p>Regarding what I was trying to achieve, I wanted to host a VstEditorWindow inside a Wpf application, preferably without the WindowsFormsHost wrapper. In case&nbsp;anybody is interested about the WindowsFormHost approach:</p>\r\n<div style=\"color:black;background-color:white\">\r\n<pre>VstPluginContext ctx = OpenPlugin(PluginPathTxt.Text);\r\n\r\nIVstPluginCommandStub PluginCommandStub = ctx.PluginCommandStub;\r\n\r\nctx.PluginCommandStub.MainsChanged(<span style=\"color:blue\">true</span>);\r\n\r\nSystem.Drawing.Rectangle wndRect = <span style=\"color:blue\">new</span> System.Drawing.Rectangle();\r\n\r\n<span style=\"color:green\">// Window title</span>\r\n<span style=\"color:blue\">this</span>.Title = PluginCommandStub.GetEffectName();\r\n\r\n<span style=\"color:blue\">if</span> (PluginCommandStub.EditorGetRect(<span style=\"color:blue\">out</span> wndRect))\r\n{\r\n    System.Windows.Forms.UserControl uc = <span style=\"color:blue\">new</span> System.Windows.Forms.UserControl();\r\n    uc.Size = <span style=\"color:blue\">new</span> System.Drawing.Size(wndRect.Width, wndRect.Height);\r\n    PluginCommandStub.EditorOpen(uc.Handle);\r\n    windowsFormsHost1.Child = uc;\r\n}\r\n\r\nctx.PluginCommandStub.MainsChanged(<span style=\"color:blue\">false</span>);</pre>\r\n<pre>_____</pre>\r\n<pre>Not sure what MainsChanged is for and how to handle it properly, maybe I need to call false just before plugin is disposed. I'll sort this out later.</pre>\r\n</div>",
    "PostedDate": "2010-07-27T08:30:16.46-07:00",
    "UserRole": null,
    "MarkedAsAnswerDate": null
  },
  {
    "Id": "473242",
    "ThreadId": "221492",
    "Html": "<p>And I encountered a small bug in ASynth.dll plugin from Smartelectronix.</p>\r\n<p>When calling&nbsp;PluginCommandStub.EditorGetRect(out wndRect) before opening the window, the size returned is too small.</p>\r\n<p>The fix is easy, calling EditorGetRect again after EditorOpen returns the correct size.</p>",
    "PostedDate": "2010-07-27T08:42:43.443-07:00",
    "UserRole": null,
    "MarkedAsAnswerDate": null
  },
  {
    "Id": "473489",
    "ThreadId": "221492",
    "Html": "<p>The MainsChanged functions power-on or -off the plugin. It like the power-on button on a real amp for instance, but then its virtual counterpart (I hope I dont make it more fuzzy ;-)</p>\r\n<p>You need to 'power-on' (MainsChanged(true)) before you can let it process audio or midi and you have to power if off (MainsChanged(false)) before you can destroy it. For the plugin these calls translate to Suspend and Resume.</p>\r\n<p>Hope it helps.</p>\r\n<p>PS: Thanx for the link.</p>",
    "PostedDate": "2010-07-27T21:49:10.937-07:00",
    "UserRole": null,
    "MarkedAsAnswerDate": null
  },
  {
    "Id": "473817",
    "ThreadId": "221492",
    "Html": "Thanks for the explanation it sure helps, I understand exactly what you mean by: translate to Suspend() and Resume() calls to the Vst SDK ;-) <br><br>\r\n\r\nIf it's not asking too much, I also have additional questions:<br>\r\n1. When should I call &quot;PluginContext.PluginCommandStub.StartProcess()&quot; and &quot;PluginContext.PluginCommandStub.StopProcess()&quot; ?<br>\r\n    Each time before and after calling ProcessReplacing or once when I init the plugin and before I dispose it?<br>\r\n    Should I call them before/after ProcessEvents?<br><br>\r\n\r\n2. I took a look at the VstHostCallback to find the OpCodes sent by the VstPlugin. <br>\r\n   I noticed they are in a formated string passed in EventArgs.Message. Ex: ''SetParamAutomation(0, 1)''<br>\r\n   Should I parse that String in order to interpret the Plugin calls to the host or is there another variable somewhere?<br>\r\n   Basically, is there a preferred way to read the OpCodes and respond to them? <br><br>\r\n\r\nMore broadly I'm interested to learn the proper way of building a Vst Host according to this sentence from your blog :<br>\r\nVST.NET also adds a Framework in an attempt to structure and clarify the posibilities of the VST interface.<br><br>\r\n\r\nI made a modular Midi sequencer in WPF and the modularity of your framework could speed up development of Vst support <br>\r\ncompared to the usual monolithic C procedures of other Vst Host.<br><br>\r\n\r\nIt's the first time I'm attempting audio programming and it's the most challenging part of my project... hopefully I'll be crazy enough to pull it off :D",
    "PostedDate": "2010-07-28T11:20:34.597-07:00",
    "UserRole": null,
    "MarkedAsAnswerDate": null
  },
  {
    "Id": "474017",
    "ThreadId": "221492",
    "Html": "<p>Questions are always good ;-)</p>\r\n<p>1) The Start and Stop process methods indicate the starting and stopping of the audio engine of the host. With audio engine I mean the 'game loop' that pumps the audio buffers around across all plugins and eventually to the output. So the calling sequence would be something like (simplified).</p>\r\n<div style=\"color:black;background-color:white\">\r\n<pre>MainsChanged(<span style=\"color:blue\">true</span>);\r\nStartProcess();\r\n\r\n<span style=\"color:blue\">while</span>(audioEngineIsActive)\r\n{\r\n    ProcessEvents(currentMidiEvents);\r\n    ProcessReplacing(inBuffers, outBuffers);\r\n}\r\n\r\nStopProcess();\r\nMainsChanged(<span style=\"color:blue\">false</span>);\r\n</pre>\r\n</div>\r\n<p>You should be able to see this calling sequence in the Host sample source code.</p>\r\n<p>2) Could you be more specific where you saw this? VST.NET uses the opcodes defined in the VST 2.4 SDK internally in Interop. From that point on opcodes no longer 'exist'. Every opcode is represented by a method on a 'Commands' interface, both for methods that can be called on the plugin (IVstPluginCommands.cs in Core)&nbsp;as well as the methods that can be called on the Host -by the plugin (IVstHostCommands.cs in Core).</p>\r\n<p>Hope it helps.</p>",
    "PostedDate": "2010-07-28T22:11:18.99-07:00",
    "UserRole": null,
    "MarkedAsAnswerDate": null
  },
  {
    "Id": "474520",
    "ThreadId": "221492",
    "Html": "Fantastic, I figured out how to process the host callback for one plugin. <br>\r\nNice job wrapping the opcodes in dedicated virtual methods. <br>\r\nYour work and your help is very appreciated. <br> <br>\r\nOf course... like ♥ boxxy ♥ I moved on to bigger better things and proceeded to host not 1 but 2 ( yeah 2! ) plugins. <br>\r\nI tried to implement UniqueIdentifiers in the callback methods so I can identify which plugin is calling back to the IVstHostCommandStub derived class. <br>\r\n <br> <br>\r\nI loaded two plugins and attached them with ID to one host like this: <br>\r\nPluginContext1.Set(&quot;HostCmdStub&quot;, hostCmdStub); <br>\r\nPluginContext1.Set&lt;Guid&gt;(&quot;UniqueID&quot;, Guid.NewGuid()); <br> <br>\r\nPluginContext2.Set(&quot;HostCmdStub&quot;, hostCmdStub); <br>\r\nPluginContext2.Set&lt;Guid&gt;(&quot;UniqueID&quot;, Guid.NewGuid()); <br> <br>\r\nThen in one of the callback methods, I'm trying to get the ID of the plugin who raised the call: <br>\r\npublic void SetParameterAutomated(int index, float value) <br>\r\n{ <br>\r\n    Guid ID = PluginContext.Find&lt;Guid&gt;(&quot;UniqueID&quot;); <br>\r\n} <br><br>\r\nI thought the IVstPluginContext member variable declared in the IVstHostCommandStub interface would change depending on which plugin originated the call,  <br>\r\nbut it's always assigned to the last plugin attached to the host, in this case PluginContext2. <br> <br>\r\nDo I need to create one IVstHostCommandStub derived class per plugin Hosted? <br>\r\nOr is there something obvious I don't understand?",
    "PostedDate": "2010-07-29T18:11:19.293-07:00",
    "UserRole": null,
    "MarkedAsAnswerDate": null
  },
  {
    "Id": "474579",
    "ThreadId": "221492",
    "Html": "<p>No, I think you understand just fine. ;-) Although you do not need to create a specific 'class' for each plugin. You can create one class and instantiate it for each plugin.</p>\r\n<p>The design allows for both scenarios: a single IVstHostCommands instance for all plugins or one instance for each plugin. When you have context data that is specific to a plugin you 'have to' give them each their own IVstHostCommands instance too.</p>\r\n<pre>VstPluginContext pluginCtx = VstPluginContext.Create( &quot;C:\\\\....&quot;, new MyVstHostCommands(someReferenceToHostSpecificInformation) );</pre>\r\n<p>This is a little over-simplified because you probably want to keep track of these VstHostCommand instances for they represent (the entry point of) each plugin.</p>\r\n<p>Hope it helps.</p>",
    "PostedDate": "2010-07-29T22:18:26.603-07:00",
    "UserRole": null,
    "MarkedAsAnswerDate": null
  },
  {
    "Id": "474796",
    "ThreadId": "221492",
    "Html": "<p>Yeah obviously I meaned create one instance of VstHostCommandStub&nbsp;per plugin loaded not one Class per plugin. :)</p>\r\n<p>I did just that and adding custom data to the plugin context&nbsp;dictionary&nbsp;worked as expected :D</p>\r\n<p>Also I changed the code to only keep references to one VstHostCommandStub per plugin and use it to access the PluginContext and PluginStub later on.</p>\r\n<p>Now that the basic mechanics of the host are working, I think it's time to let this thread die and progress on my own.</p>\r\n<p>Again, thank you very much for your assistance in getting me started.</p>",
    "PostedDate": "2010-07-30T09:03:48.073-07:00",
    "UserRole": null,
    "MarkedAsAnswerDate": null
  }
]