[
  {
    "Id": "856098",
    "ThreadId": "361610",
    "Html": "\r\n<p><span id=\"result_box\" lang=\"en\"><span>Hello</span><span>,</span><br>\r\n<span>I try to</span> host <span>VST </span><span>with C #</span> <span>but I have</span>\r\n<span>too much</span> <span>knowledge</span> <span>VSTHost</span> <span>....</span>\r\n<span>I downloaded the</span> <span>source code</span> here <span>but the problem</span>\r\n<span>is</span><span></span> <span>that</span> <span>whenever</span> <span>there is a bug</span>\r\n<span>especially from the</span> <span>dll</span> <span>....</span><br>\r\n<span>Please,</span> <span>it's very urgent</span> <span>...</span><br>\r\n<span>thank you</span></span></p>\r\n",
    "PostedDate": "2012-07-01T15:04:56.867-07:00",
    "UserRole": null,
    "MarkedAsAnswerDate": null
  },
  {
    "Id": "856193",
    "ThreadId": "361610",
    "Html": "<p>Can you be a bit specific what you are trying to accomplish and what the problem is? <br />Perhaps a code example?</p>",
    "PostedDate": "2012-07-02T00:43:08.36-07:00",
    "UserRole": null,
    "MarkedAsAnswerDate": null
  },
  {
    "Id": "856800",
    "ThreadId": "361610",
    "Html": "\r\n<p>Thanks for you reply</p>\r\n<p>I was just trying to use VST synths to produce music with C#.</p>\r\n<p>The main problem, is that I failed to load the &nbsp;Jacobi.Vst.Interop.dll library.</p>\r\n<p>thanks</p>\r\n",
    "PostedDate": "2012-07-03T06:49:22.973-07:00",
    "UserRole": null,
    "MarkedAsAnswerDate": null
  },
  {
    "Id": "856819",
    "ThreadId": "361610",
    "Html": "<p>I am using visual studio &nbsp;10.&nbsp;</p>\r\n<p>Is there any compatibility issue ?</p>",
    "PostedDate": "2012-07-03T07:11:38.31-07:00",
    "UserRole": null,
    "MarkedAsAnswerDate": null
  },
  {
    "Id": "856888",
    "ThreadId": "361610",
    "Html": "<p>I got a BadImageFormatException :</p>\r\n<p>Could not load file or assembly 'Jacobi.Vst.Interop, Version=0.9.0.0, Culture=neutral, PublicKeyToken=fa678e13c1efc859' or one of its dependencies. An attempt was made to load a program with an incorrect format.</p>",
    "PostedDate": "2012-07-03T09:15:22.137-07:00",
    "UserRole": null,
    "MarkedAsAnswerDate": null
  },
  {
    "Id": "856909",
    "ThreadId": "361610",
    "Html": "<p>The binaries that you can download from codeplex are 32-bit (CLR2) binaries. The BadImageFormatException is usually an indication that you're mixing 32 and 64 bit assemblies.</p>\r\n<p>You are building a host application in VS 2010, so most likely your host exe project has CLR4 / 64 bit settings. This will not allow you to load the CLR2/32 bit VST.NET Interop assembly. Either rebuild your host exe project with CLR 2 and 32 bit settings or rebuild VST.NET using the CLR 4 /64 bit project files. For building the VST.NET code refer to this page:&nbsp;<a href=\"http://vstnet.codeplex.com/wikipage?title=Building%20the%20Source%20Code\">http://vstnet.codeplex.com/wikipage?title=Building%20the%20Source%20Code</a></p>\r\n<p>&nbsp;</p>\r\n<p>Hope it helps.<br />Marc&nbsp;</p>",
    "PostedDate": "2012-07-03T09:54:39.227-07:00",
    "UserRole": null,
    "MarkedAsAnswerDate": null
  },
  {
    "Id": "857550",
    "ThreadId": "361610",
    "Html": "<p>thank you, It worked...</p>",
    "PostedDate": "2012-07-04T14:25:46.39-07:00",
    "UserRole": null,
    "MarkedAsAnswerDate": null
  },
  {
    "Id": "858245",
    "ThreadId": "361610",
    "Html": "\r\n<p>I have another problem about how to capture the audio data from the plugin resulting from a midi event.&nbsp;</p>\r\n<p>That is to say, after sending</p>\r\n<p>&nbsp;</p>\r\n<pre>PluginContext.PluginCommandStub.ProcessEvents(new VstEvent[] { new VstMidiEvent(...) })</pre>\r\n<p>&nbsp;</p>\r\n<p>Is&nbsp;&nbsp;</p>\r\n<p>&nbsp;</p>\r\n<div style=\"color:black; background-color:white\">\r\n<pre>  PluginContext.PluginCommandStub.ProcessReplacing(inputBuffers, outputBuffers);\n</pre>\r\n</div>\r\n<p>the right way ? &nbsp;(of course without any data in the inputBuffers)</p>\r\n<p>or perhaps there is a callback to implement ?</p>\r\n<p>&nbsp;</p>\r\n<p>Really sorry to bother, but I could not find any documentations about that ...&nbsp;</p>\r\n<p>Thanks</p>\r\n",
    "PostedDate": "2012-07-06T02:09:31.213-07:00",
    "UserRole": null,
    "MarkedAsAnswerDate": null
  },
  {
    "Id": "858254",
    "ThreadId": "361610",
    "Html": "<p>Yep. That is the correct way.</p>\r\n<p>There are two versions of ProcessReplacing (Three versions if you also support VST version &lt; 2.4).<br />You should check the capabilities of the plugin to see which method to use.</p>\r\n<p>Hope it helps.<br />Marc&nbsp;</p>",
    "PostedDate": "2012-07-06T02:21:08.49-07:00",
    "UserRole": null,
    "MarkedAsAnswerDate": null
  },
  {
    "Id": "901055",
    "ThreadId": "361610",
    "Html": "\r\n<p>Hi,</p>\r\n<p>Here you can find a example of VSTi hosting with midi and keyboard input support:</p>\r\n<p><a href=\"https://github.com/perivar/AudioVSTToolbox/tree/master/MidiVstTest\">https://github.com/perivar/AudioVSTToolbox/tree/master/MidiVstTest</a></p>\r\n<p>The download can be found at&nbsp;<a href=\"https://github.com/perivar/AudioVSTToolbox/downloads\">https://github.com/perivar/AudioVSTToolbox/downloads</a></p>\r\n<p>&nbsp;</p>\r\n<p>Get code for getting NAudio and VST NET working together flawlessly was mostly copied from the microDRUM project.</p>\r\n<p>I only added support for the new NAudio way of handling midi.</p>\r\n<p>&nbsp;</p>\r\n<p>Cheers,</p>\r\n<p>Per Ivar</p>\r\n",
    "PostedDate": "2012-08-18T08:04:58.107-07:00",
    "UserRole": null,
    "MarkedAsAnswerDate": null
  }
]