[
  {
    "Id": "160460",
    "ThreadId": "48099",
    "Html": "Hi Mark,<br>\r\n<br>\r\nCongratulations on the latest release of VST.NET!<br>\r\n<br>\r\nI was wondering if you had been considering using <a href=\"http://www.codeplex.com/MEF\">MEF</a> for composition in the host framework. This could allow for far richer possibilities than current VST hosts are capable of.<br>\r\n<br>\r\nMore power to you!<br>\r\n<br>\r\nregards,<br>\r\n<br>\r\nDanny<br>\r\n",
    "PostedDate": "2009-02-21T09:36:53.683-08:00",
    "UserRole": null,
    "MarkedAsAnswerDate": null
  },
  {
    "Id": "160467",
    "ThreadId": "48099",
    "Html": "Hi Danny,<br>\r\n<br>\r\nThanx!<br>\r\n<br>\r\nWell, I didn't know about MEF (until now) and I wasn't planning any Host Framework at all to be honest...<br>\r\n<br>\r\nI have no experience with building hosts (some at using them ;-) so I figured that this is not the time to try to build a framework for it (thats why I didn't close the Issue yet). <br>\r\n<br>\r\nI have no clear idea of what the typicall problems are with a host and what the best way is to solve them (as I did -more or less- with plugins). So I choose to simply do the Interop for a Host in such a way that it is hopefully usable in any type of host. Then those people that want to create a managed Host can layer their own framework on top of that. <br>\r\n<br>\r\nOne thing I might want to fix is the double interop that occurs now when a managed host loads a managed plugin.<br>\r\nBecause I use the same interfaces on both the Plugin-side as the Host-side, it shouldn't be too hard to get that interop out of the way completely. I probably can even reuse the ManagedPluginLoader (in Core) used in the Plugin-Interop for that task. <br>\r\n<br>\r\nEDIT: MEF look pretty cool. Thanks for the tip! ;-)\r\n",
    "PostedDate": "2009-02-21T10:13:14.573-08:00",
    "UserRole": null,
    "MarkedAsAnswerDate": null
  }
]