[
  {
    "Id": "1064436",
    "ThreadId": "449045",
    "Html": "Hi,\r<br />\n<br />\nI'm stuck on issue, that I want the VstParameterrManager values to be only in integer. I set all VstParameterInfo just integer values like this:<br />\n<pre><code>VstParameterInfo paramInfo = new VstParameterInfo\n                                             {\n                                                 Category = paramCategory,\n                                                 CanBeAutomated = true,\n                                                 Name = &quot;PDPwr&quot;,\n                                                 MinInteger = 0,\n                                                 MaxInteger = 1,\n                                                 StepInteger = 1,\n                                                 LargeStepInteger = 1,\n                                                 DefaultValue = 1\n                                             };</code></pre>\n\nbut I can't find any property to force it to be integer only. As sequencer I use Ableton Live 8.2 and the slider moves in floating point values. Is there any way to do it? Not even the IsSwitch property doesn't help.\r<br />\n<br />\nThank you<br />\n",
    "PostedDate": "2013-07-04T01:55:14.94-07:00",
    "UserRole": null,
    "MarkedAsAnswerDate": null
  },
  {
    "Id": "1064753",
    "ThreadId": "449045",
    "Html": "Hi,\r<br />\n<br />\nSorry it took some time for me to answer.\r<br />\n<br />\nThe VstParameterInfo is communicated when to the host when it call a specific method. Not all hosts call that method so VST.NET has the option to apply a mapping that will translate the 0.0-1.0 value range to whatever you've specified in the parameter info.\r<br />\n<br />\nDid you call VstParameterNormalizationInfo.AttachTo(paramInfo) ??\r<br />\n<br />\nThat will install the mapping. When the Hosts calls into the plugin to retrieve these parameter-properties that mapping is automatically removed.\r<br />\n<br />\nHope it helps.\r<br />\nMarc<br />\n",
    "PostedDate": "2013-07-04T22:26:12.973-07:00",
    "UserRole": null,
    "MarkedAsAnswerDate": null
  }
]