[
  {
    "Id": "523537",
    "ThreadId": "235099",
    "Html": "\r\n<p>Hi, thanx guys for what you are doing. I have a slight problem though. Please refer to the code below;</p>\r\n<p>&nbsp;</p>\r\n<p><span style=\"color:#0000ff\">class MyPlugin : VstPluginWithInterfaceManagerBase&nbsp; , IVstPlugin , IVstPluginMidiSource //, IVstPluginAudioProcessor</span><br>\r\n<span style=\"color:#0000ff\">&nbsp;&nbsp;&nbsp; {</span><br>\r\n<span style=\"color:#0000ff\">&nbsp;&nbsp;&nbsp;&nbsp;&nbsp;&nbsp;&nbsp; /// &lt;summary&gt;</span><br>\r\n<span style=\"color:#0000ff\">&nbsp;&nbsp;&nbsp;&nbsp;&nbsp;&nbsp;&nbsp; /// Constructs a new instance.</span><br>\r\n<span style=\"color:#0000ff\">&nbsp;&nbsp;&nbsp;&nbsp;&nbsp;&nbsp;&nbsp; /// &lt;/summary&gt;</span></p>\r\n<p><span style=\"color:#0000ff\">public MyPlugin()</span><br>\r\n<span style=\"color:#0000ff\">&nbsp;&nbsp;&nbsp;&nbsp;&nbsp;&nbsp;&nbsp;&nbsp;&nbsp;&nbsp;&nbsp; : base(&quot;afrithm&quot;, new VstProductInfo(&quot;afrithm&quot;, &quot;Hochshule Deggendorf (c) 2010&quot;, 1000),</span><br>\r\n<span style=\"color:#0000ff\">&nbsp;&nbsp;&nbsp;&nbsp;&nbsp;&nbsp;&nbsp;&nbsp;&nbsp;&nbsp;&nbsp;&nbsp;&nbsp;&nbsp;&nbsp; VstPluginCategory.Synth, VstPluginCapabilities.NoSoundInStop, 0, 0x36373435)</span></p>\r\n<p>&nbsp;</p>\r\n<p>this constructor is suppose to set the plugin as a synth/sampler (in my case a sampler). unfortunately i am not able to load it in a channel (FL studio) but rather as an effect.</p>\r\n<p>is there something i haven't done?</p>\r\n",
    "PostedDate": "2010-11-17T16:31:33.3-08:00",
    "UserRole": null,
    "MarkedAsAnswerDate": null
  },
  {
    "Id": "523641",
    "ThreadId": "235099",
    "Html": "\r\n<p>My guess is that you don't implement the IVstMidiProcessor interface.&nbsp;<a href=\"http://vstnet.codeplex.com/SourceControl/changeset/view/50709#191278\">http://vstnet.codeplex.com/SourceControl/changeset/view/50709#191278</a></p>\r\n<p>And if you're not processing midi, you cant be an instrument. ;-)</p>\r\n<p>BTW: The IVstPluginMidiSource interface is a marker interface (with one property) to indicate that the plugin outputs midi to the host. A sampler or instrument would not typically do that.</p>\r\n<p>Hope it helps.<br>\r\nMarc.</p>\r\n<p>&nbsp;</p>\r\n",
    "PostedDate": "2010-11-17T23:12:50.203-08:00",
    "UserRole": null,
    "MarkedAsAnswerDate": null
  },
  {
    "Id": "525252",
    "ThreadId": "235099",
    "Html": "\r\n<p>Hi, thanx very much. i implemented IVstMidiProcesor and every thing seem to be ok now. thanx again</p>\r\n",
    "PostedDate": "2010-11-22T05:01:24.033-08:00",
    "UserRole": null,
    "MarkedAsAnswerDate": null
  }
]