[
  {
    "Id": "935930",
    "ThreadId": "401731",
    "Html": "\r\n<p>Hi, this seems like a daft question, but I'm trying to convert a MIDI plugin I did in Delphi years ago and I'm stuck at the first hurdle - where is GetTimeInfo()?</p>\r\n<p>In the Delphi framework the method was available in the main Plugin class and so could be called direct in the Process() method.</p>\r\n<p>I see there's an interface IVstHostCommands20 that contains it, but nothing seems to implement this - do I need to implement it somehow to get the method?</p>\r\n",
    "PostedDate": "2012-11-02T16:23:19.317-07:00",
    "UserRole": null,
    "MarkedAsAnswerDate": null
  },
  {
    "Id": "935931",
    "ThreadId": "401731",
    "Html": "\r\n<p>Don't have much time to look at it myself right now, could you check :</p>\r\n<p>is there a class implementing IVstHostCommands in your project?</p>\r\n<p>is there a VstTimeInfo property definition in that class?</p>\r\n<p>is there a way to hook to property value changes?</p>\r\n",
    "PostedDate": "2012-11-02T16:28:22.603-07:00",
    "UserRole": null,
    "MarkedAsAnswerDate": null
  },
  {
    "Id": "936014",
    "ThreadId": "401731",
    "Html": "\r\n<p>I assume that you use the Framework..?</p>\r\n<p>The Plugin (root) class Open() method receives a reference to the Host (IVstHost). If you use one of the Plugin base classes that will be stored in Host property.</p>\r\n<p>That reference also implements the IExtensible interface which contains a method called GetInstance&lt;T&gt;().</p>\r\n<p>To get a reference to any of the IVstHostXxxx interfaces use the GetInstance method on the Host reference. These host interfaces represent the supported features (functionality) of the host that is running your plugin. Also note that the Framework implements\r\n all of the IVstHostXxxx interfaces and you should never have to (unless you go into deep customization - which is possible).</p>\r\n<p>IVstHostSequencer hostSequencer = this.Host.GetInterface&lt;IVstHostSequencer&gt;();</p>\r\n<p>if (hostSequencer != null)<br>\r\n{<br>\r\n&nbsp; &nbsp; // use the hostSequencer interface here.<br>\r\n}&nbsp;</p>\r\n<p>It is good practice to check for null on the return value. The host might not support all features and to indicate that null can be returned (although most interface-requests will always return a valid reference).</p>\r\n<p>Hope it helps.</p>\r\n",
    "PostedDate": "2012-11-03T03:44:31.58-07:00",
    "UserRole": null,
    "MarkedAsAnswerDate": null
  },
  {
    "Id": "939697",
    "ThreadId": "401731",
    "Html": "<p>Thanks Jacobi.</p>\r\n<p>Yes using the MIDI Template. In MIDIProcessor.cs Process method I'm now calling:</p>\r\n<p>&nbsp;&nbsp;&nbsp;&nbsp;&nbsp;&nbsp;&nbsp;&nbsp;&nbsp;&nbsp;&nbsp; VstTimeInfo timeInfo = _plugin.Host.GetInstance&lt;IVstHostCommands20&gt;().GetTimeInfo(<br />&nbsp;&nbsp;&nbsp;&nbsp;&nbsp;&nbsp;&nbsp;&nbsp;&nbsp;&nbsp;&nbsp;&nbsp;&nbsp;&nbsp;&nbsp; VstTimeInfoFlags.PpqPositionValid | VstTimeInfoFlags.BarStartPositionValid | VstTimeInfoFlags.TempoValid);</p>\r\n<p>I hope this is acceptable/not wasteful to use GetInstance in the Process method?</p>\r\n<p>Going to enjoy using this.</p>",
    "PostedDate": "2012-11-10T13:25:31.457-08:00",
    "UserRole": null,
    "MarkedAsAnswerDate": null
  },
  {
    "Id": "939702",
    "ThreadId": "401731",
    "Html": "<p>GetInstance is pretty quick, but I would suggest you maintain a local member and lazy-load the instance...</p>\r\n<p>Also note that you only need to call GetTimeInfo only once per cycle.</p>\r\n<p>Refer to the source code of the Visual Studio Templates for an implementation of this.<br />http://vstnet.codeplex.com/SourceControl/changeset/view/70768#1108753</p>",
    "PostedDate": "2012-11-10T13:47:21.69-08:00",
    "UserRole": null,
    "MarkedAsAnswerDate": null
  },
  {
    "Id": "939710",
    "ThreadId": "401731",
    "Html": "<p>Ok thanks.</p>\r\n<p>What do you mean when you say each cycle - each time Process is called with sample frames, or only when PPQ position changes?</p>",
    "PostedDate": "2012-11-10T14:10:17.79-08:00",
    "UserRole": null,
    "MarkedAsAnswerDate": null
  },
  {
    "Id": "939711",
    "ThreadId": "401731",
    "Html": "<p>each cycle of the audio engine of the host - and that Process is called ;-)</p>",
    "PostedDate": "2012-11-10T14:12:19.633-08:00",
    "UserRole": null,
    "MarkedAsAnswerDate": null
  }
]