[
  {
    "Id": "1129965",
    "ThreadId": "471409",
    "Html": "Hey people\r<br />\n<br />\nAs some of you already know, we are working on a project to create a system which uses a neurotransmitter device to get data from the brain and then process it into a sound output, as if you are composing music with your mind.\r<br />\n<br />\nAlthough we have had quite some progress recently (thanks a lot to Jacobi and Yuri), we are still facing some issues. The one at hand is that the headset is not a MIDI device, and we don't plan it to be, but it would be much easier if we could &quot;cheat&quot; some of the samples (particularly - MidiNoteMapper) so that the constant stream of processed information coming from the headset would be understood and translated into notes. How can we do that? Can we simulate the MidiEvent, in a way?\r<br />\n<br />\nThank you!<br />\n",
    "PostedDate": "2013-11-28T04:13:10.297-08:00",
    "UserRole": null,
    "MarkedAsAnswerDate": null
  },
  {
    "Id": "1129967",
    "ThreadId": "471409",
    "Html": "Yes, that would seem a good way to approach it. That way you can use any synth down the line to create the actual sound.\r<br />\n<br />\nThe main question is: do you have an algorithm that will generate these Midi notes in the way you plan to..?\r<br />\n<br />\nIf you do, refer to the MidiNoteMapper plugin sample to see how you can create and output Midi events from a VST.NET plugin...<br />\n",
    "PostedDate": "2013-11-28T04:16:37.87-08:00",
    "UserRole": null,
    "MarkedAsAnswerDate": null
  },
  {
    "Id": "1129974",
    "ThreadId": "471409",
    "Html": "If I understand correctly, MIDI notes have some defined numbers which represent them. So if we would make an algorithm, it would have to produce these numbers. I think that would be easy to do, according to what we have already done.<br />\n<br />\nSo, let's say we will make that algorithm, but then - where are we supposed to place it? Where are we supposed to use it? Should we create an event handler for the Midi input events?? And what if we would not have any input events at all, since we are going to use threads for a constant flow of data?<br />\n",
    "PostedDate": "2013-11-28T04:46:22.613-08:00",
    "UserRole": null,
    "MarkedAsAnswerDate": null
  },
  {
    "Id": "1129991",
    "ThreadId": "471409",
    "Html": "To play a note you have to create a Midi NoteOn event. To stop playing that note you have to create a Midi NoteOff event. The time at which you output these events correspond to the time the note will actually start and stop to play. So I would guess that as the stream of neural data comes in, you just keep creating the midi events based on that data.\r<br />\n<br />\nThe act of outputting midi events (not just notes but any midi event) from a VST.NET plugin is very simple. You create the corresponding MidiEvent instances, add them to a collection and pass that collection onto the host for the current processing cycle. The MidiNoteMapper does this.\r<br />\n<br />\nFor more info on MIDI:\r<br />\n<a href=\"http://home.roadrunner.com/~jgglatt/tech/midispec.htm\" rel=\"nofollow\">http://home.roadrunner.com/~jgglatt/tech/midispec.htm</a><br />\n",
    "PostedDate": "2013-11-28T05:34:19.43-08:00",
    "UserRole": null,
    "MarkedAsAnswerDate": null
  },
  {
    "Id": "1129994",
    "ThreadId": "471409",
    "Html": "Okay, thanks a lot, we will now proceed to try and implement those things, will let you know how it goes :)<br />\n",
    "PostedDate": "2013-11-28T05:52:27.923-08:00",
    "UserRole": null,
    "MarkedAsAnswerDate": null
  },
  {
    "Id": "1130352",
    "ThreadId": "471409",
    "Html": "Down the line you'll need to translate values from one range to another. These might be helpful:<br />\n<pre><code>        public static int LinearConversion(int oldValue, int oldMin, int oldMax, int newMin, int newMax)\n        {\n            int newValue;\n            int oldRange = (oldMax - oldMin);\n            int newRange = (newMax - newMin);\n            newValue = (((oldValue - oldMin) * newRange) / oldRange) + newMin;\n\n            return newValue;\n        }\n\n        public static float LinearConversion(float oldValue, float oldMin, float oldMax, float newMin, float newMax)\n        {\n            float newValue;\n            float oldRange = (oldMax - oldMin);\n            float newRange = (newMax - newMin);\n            newValue = (((oldValue - oldMin) * newRange) / oldRange) + newMin;\n\n            return newValue;\n        }</code></pre>\n\n",
    "PostedDate": "2013-11-29T09:50:04.3-08:00",
    "UserRole": null,
    "MarkedAsAnswerDate": null
  }
]