[
  {
    "Id": "539509",
    "ThreadId": "239300",
    "Html": "\r\n<p>Hi. I've just created a base for my generator and have a simple question: What should be to put in the EditorOpen method overriden in StdPluginCommandStub to show nice Windows Forms window in my DAW?</p>\r\n<p>I'm working in FL Studio 9 (but i think it's no matter). My experiments since now just ended with two editor windows: one black belongs to DAW, one &gt;NET's in separate window. I used Control.FromHandle method to get native DAW window for being parent of\r\n my editor. So what should be default code to solve this issue? THanks for help in advance.</p>\r\n",
    "PostedDate": "2010-12-22T12:01:16.667-08:00",
    "UserRole": null,
    "MarkedAsAnswerDate": null
  },
  {
    "Id": "539542",
    "ThreadId": "239300",
    "Html": "\r\n<p>OK. I've successfully used built in wrapper class with help of MidiNoteMapper example. Again, great library :)</p>\r\n",
    "PostedDate": "2010-12-22T12:52:19.157-08:00",
    "UserRole": null,
    "MarkedAsAnswerDate": null
  },
  {
    "Id": "539763",
    "ThreadId": "239300",
    "Html": "\r\n<p>Exactly. You can use the WinFormsControlWrapper helper class to attach a WinForms Control to a host provided editor window (frame).</p>\r\n<p><a href=\"http://vstnet.codeplex.com/SourceControl/changeset/view/50709#994254\">http://vstnet.codeplex.com/SourceControl/changeset/view/50709#994254</a></p>\r\n<p>See also the CorePlugin example for a WPF version and the MidiNoteMapper sample for how to use the WinFormsControlwrapper class.</p>\r\n<p>Glad you like it.</p>\r\n",
    "PostedDate": "2010-12-22T23:28:01.73-08:00",
    "UserRole": null,
    "MarkedAsAnswerDate": null
  }
]