[
  {
    "Id": "573240",
    "ThreadId": "247867",
    "Html": "\r\n<p>There seems to be a problem with parameters where MinInteger != 0</p>\r\n<p>I suspect the problem is the implementation of VstParameterNormalizationInfo.GetNormalizedValue:</p>\r\n<p>public float GetNormalizedValue(float rawValue)<br>\r\n{<br>\r\nreturn (rawValue / ScaleFactor) &#43; NullOffset;<br>\r\n}<br>\r\n<br>\r\nshould probably be</p>\r\n<p>public float GetNormalizedValue(float rawValue)<br>\r\n{<br>\r\n&nbsp;return (rawValue &#43; NullOffset)/ ScaleFactor;<br>\r\n}<br>\r\n<br>\r\n</p>\r\n",
    "PostedDate": "2011-02-28T05:57:01.93-08:00",
    "UserRole": null,
    "MarkedAsAnswerDate": null
  },
  {
    "Id": "573695",
    "ThreadId": "247867",
    "Html": "<p>Following the&nbsp;instructions on&nbsp; http://vstnet.codeplex.com/wikipage?title=Building%20the%20Source%20Code I was able to build Jacobi.Vst.Framework with the modification I suggested in the first post.</p>\r\n<p>My test host (Reaper) now behaves correctly in the default plugin UI, so maybe we can call it a bug?</p>",
    "PostedDate": "2011-03-01T00:38:48.967-08:00",
    "UserRole": null,
    "MarkedAsAnswerDate": null
  },
  {
    "Id": "573983",
    "ThreadId": "247867",
    "Html": "<p>Yes, it appears to be a bug.&nbsp;</p>\r\n<p>I've just checked in the fix. Thanx for catching this one!</p>",
    "PostedDate": "2011-03-01T10:37:17.217-08:00",
    "UserRole": null,
    "MarkedAsAnswerDate": null
  }
]