[
  {
    "Id": "946641",
    "ThreadId": "404501",
    "Html": "\r\n<p>Hi Marc,</p>\r\n<p>I thought I had this working but spotted it late, I'm trying to get my plugins to select the initial program number as set by the host - I have 30 programs returned correctly by my &#65279;&#65279;&#65279;&#65279;&#65279;&#65279;&#65279;CreateProgramCollection.\r\n I was then expecting the ActiveProgram to be changed by the host when a user selects a different prog.</p>\r\n<p>At startup Ableton seems to step through all 30 programs calling &#65279;SetProgram in the command stub which then changes the ActiveProgram. Once this is done any new selections are bubbled through correctly.</p>\r\n<p>Any ideas how I can 'ignore' this initial list walk - or does this sound completely wrong; in which case I've probably broken something fundamental ?</p>\r\n<p>Kind regards</p>\r\n<p>&nbsp;</p>\r\n<p>Adrian</p>\r\n",
    "PostedDate": "2012-11-25T06:28:30.097-08:00",
    "UserRole": null,
    "MarkedAsAnswerDate": null
  },
  {
    "Id": "946721",
    "ThreadId": "404501",
    "Html": "\r\n<p>I think you have to call the UpdateDisplay method on the host shell interface (IvstHostShell) after you've changed the active program.</p>\r\n<p>Call GetInstance&lt;IVstHostShell&gt;() on the Host parameter that is passed to the plugin Open method (and stored as the Host property on the Plugin root class).</p>\r\n<p>&nbsp;</p>\r\n<p>Hope it helps,<br>\r\nMarc&nbsp;</p>\r\n",
    "PostedDate": "2012-11-25T11:08:33.883-08:00",
    "UserRole": null,
    "MarkedAsAnswerDate": null
  },
  {
    "Id": "946794",
    "ThreadId": "404501",
    "Html": "\r\n<p>Thanks Marc,</p>\r\n<p>for some reason when Ableton creates my plugin it gets my program list from PluginPrograms and then steps through them all - call SetProgram for each on. It doesn't seem to be happening with anything else; I'll seek out some help from the Ableton community.</p>\r\n<p>Sorry for asking these daft questions; these are obviously Daw product and Steinberg issues; I really should re-read the VST interface docs and learn this stuff myself.</p>\r\n<p>Many thanks again.</p>\r\n",
    "PostedDate": "2012-11-25T16:04:42.757-08:00",
    "UserRole": null,
    "MarkedAsAnswerDate": null
  },
  {
    "Id": "948324",
    "ThreadId": "404501",
    "Html": "\r\n<p>Ah, I thought I'd escaped this one but it is back. It isn't a problem that's stopping me but it'll certainly be a pain in the future - and appears to affect the samples too.</p>\r\n<p>I don't suppose you have Ableton in your armoury - your seem to have everything hidden around you :) I wonder, if you don't whether one of your Followers does ?</p>\r\n<p>Also, did you have another go at joining the Roland Javelin group; just as a matter of interest ?</p>\r\n<p>&nbsp;</p>\r\n<p>Kind regards</p>\r\n",
    "PostedDate": "2012-11-28T06:41:38.51-08:00",
    "UserRole": null,
    "MarkedAsAnswerDate": null
  },
  {
    "Id": "948440",
    "ThreadId": "404501",
    "Html": "\r\n<p>I just reread the thread and perhaps I'm not getting the problem you're having.</p>\r\n<p>So the host walks through all you Programs - making each one active, then going on to the next.</p>\r\n<p>So far it should not be a problem. I've heard that hosts do this to build a list or something they can show the user.</p>\r\n<p>What happens when the walk is done. Which Program is selected? or does it stay on the last one?</p>\r\n<p>In the first post you say &quot;<span>I was then expecting the ActiveProgram to be changed by the host when a user selects a different prog.</span>&quot;</p>\r\n<p>Where does the user select the new Program? If it is 'inside' your plugin, you have to set the ActiveProgram and then call the UpdateDisplay method on the HostShell interface.</p>\r\n<p>If it is in the host, the host should call the SetProgram method - resulting in a new ActiveProgram which should trigger an event in your plugin to reinit the UI - reflecting the changes and to initialize the processing components with the new parameter\r\n values. If you're using the parameter manager class it should fire an event for each parameter that has changed.</p>\r\n",
    "PostedDate": "2012-11-28T08:45:17.333-08:00",
    "UserRole": null,
    "MarkedAsAnswerDate": null
  },
  {
    "Id": "948691",
    "ThreadId": "404501",
    "Html": "\r\n<p>Yeah I didn't explain that very well.</p>\r\n<p>When I load my plugin to a new track then everything is working correctly.</p>\r\n<p>When I save that plugin as a project / live set, close and reload the set I get an exception in both&nbsp;StdPluginCommandStub.GetProgramNameIndexed and &#65279;&#65279;&#65279;StdPluginCommandStub.SetProgram - because pluginPrograms is being returned with a count of 0.</p>\r\n<p>I'm trying to debug it but it's being a pig; my VS 2012 isn't being kind.</p>\r\n<p>&nbsp;</p>\r\n",
    "PostedDate": "2012-11-28T16:56:05.78-08:00",
    "UserRole": null,
    "MarkedAsAnswerDate": null
  },
  {
    "Id": "948697",
    "ThreadId": "404501",
    "Html": "\r\n<p>Oh its doing the same with MidiNoteMapper too; I wonder whether this is just a debugger thing; I'll have to try that after some sleep.</p>\r\n<p>&nbsp;</p>\r\n",
    "PostedDate": "2012-11-28T17:02:13.917-08:00",
    "UserRole": null,
    "MarkedAsAnswerDate": null
  },
  {
    "Id": "948699",
    "ThreadId": "404501",
    "Html": "\r\n<p>And :)</p>\r\n<p>FL Studio seems to do the same thing too; I thought I'd escaped it but my debugger issue is masking some of the problem.</p>\r\n",
    "PostedDate": "2012-11-28T17:05:00.937-08:00",
    "UserRole": null,
    "MarkedAsAnswerDate": null
  },
  {
    "Id": "948765",
    "ThreadId": "404501",
    "Html": "\r\n<p><span><span>[looking at the source code] </span></span></p>\r\n<p><span><span>The CreateProgramCollection method is called the first time the Programs collection is accessed. So they should be there when the 'anything' accesses programs...?</span></span></p>\r\n<p>&nbsp;&quot;<span>because pluginPrograms is being returned with a count of 0.</span>&quot;</p>\r\n<p>You mean the IVstPluginPrograms instance is not null but the Programs collection is empty - right? -or- is the returned IVstPluginPrograms instance null?</p>\r\n<p>Yeah, sleeping on it is a good idea. Fresh mornings often hold simple solutions. ;-) I'll see if I can reproduce this problem at home.</p>\r\n",
    "PostedDate": "2012-11-28T23:03:29.393-08:00",
    "UserRole": null,
    "MarkedAsAnswerDate": null
  },
  {
    "Id": "950220",
    "ThreadId": "404501",
    "Html": "\r\n<p>Ah, if only sleep had helped :)</p>\r\n<p>Yes indeed, the collection is initialised but empty. I worded a hack to get it working but that's not good is it !</p>\r\n<p>From what I can guess - in my cold fuelled haze - that Ableton (or whatever) is holding a copy of the programs list&nbsp;for itself when the Live Set / project is saved and isn't therefore calling into the Plugin first before stepping through.</p>\r\n<p>Actually that doesn't make sense but I'll try again on the morrow - I can see a big piece of paper, a pen, a debugger and some lemsip in my future.</p>\r\n<p>Many thanks Marc.</p>\r\n",
    "PostedDate": "2012-12-02T12:17:48.757-08:00",
    "UserRole": null,
    "MarkedAsAnswerDate": null
  },
  {
    "Id": "950226",
    "ThreadId": "404501",
    "Html": "\r\n<p>That was quick.....</p>\r\n<p>Some more definitive tests -</p>\r\n<p>Firstly, this is an empty Ableton Live Set- I simply add a new instance of my plugin and the steps are as follows :-</p>\r\n<p>&nbsp; StdPluginCommandStub.GetPluginInfo<br>\r\n&nbsp; PluginCommandStub.CreatePluginInstance<br>\r\n&nbsp; CreateProgramCollection (called from StdPluginCommandStub.GetPluginInfo &gt;_pluginCtx.PluginInfo)<br>\r\n&nbsp; StdPluginCommandStub.GetProgramNameIndexed<br>\r\n&nbsp; StdPluginCommandStub.SetProgram ( called per program - in my case 30 + 1 ; zeroed at end of list )</p>\r\n<p>Now, restarting with an empty Ableton Live Set, loading my saved Live Set (which is just my plugin from above).</p>\r\n<p>&nbsp; StdPluginCommandStub.GetPluginInfo<br>\r\n&nbsp; PluginCommandStub.CreatePluginInstance<br>\r\n&nbsp; CreateProgramCollection (called from StdPluginCommandStub.GetPluginInfo &gt;_pluginCtx.PluginInfo)</p>\r\n<p>&nbsp; StdPluginCommandStub.SetProgram ; Exception raised - pluginPrograms.Programs is initialised but count is 0</p>\r\n<p>StdPluginCommandStub.GetProgramNameIndexed doesn't get called this time&nbsp;and the plugin programs are gone.</p>\r\n<p>I guess either there are 2 instances of the plugin flying about or the PluginInfo is being trashed. I'll focus on this area in detail.</p>\r\n<p>&nbsp;</p>\r\n",
    "PostedDate": "2012-12-02T13:06:40.703-08:00",
    "UserRole": null,
    "MarkedAsAnswerDate": null
  },
  {
    "Id": "950335",
    "ThreadId": "404501",
    "Html": "\r\n<p>So why does CreateProgramCollection return an empty list? That is your code ;-)</p>\r\n<p>&nbsp;</p>\r\n<p>When I look at the Delay sample plugin (PluginPrograms.cs) that implementation will always return a filled collection. Did you say this plugin shows the same problems?</p>\r\n<p>BTW: I totally forgot to look at the issue at home. I'm so wrapped up in midi.net right now. :-)</p>\r\n",
    "PostedDate": "2012-12-02T22:36:52.39-08:00",
    "UserRole": null,
    "MarkedAsAnswerDate": null
  },
  {
    "Id": "950420",
    "ThreadId": "404501",
    "Html": "\r\n<p>OK, the host is calling StdPlugCommandStub.SetChunk - data is initialised but empty and isPreset is false, so the ActiveProgram is nulled and the programs are cleared.</p>\r\n<p>That's the source, now to work out the &#65279;cause.</p>\r\n<p>&nbsp;</p>\r\n<p>And yes, Delay exhibits the same functionality.</p>\r\n",
    "PostedDate": "2012-12-03T02:07:42.533-08:00",
    "UserRole": null,
    "MarkedAsAnswerDate": null
  },
  {
    "Id": "950431",
    "ThreadId": "404501",
    "Html": "\r\n<p>Ah, so the Host hands the plugin an empty chunk!?</p>\r\n<p>There is also a method Called CanReadChunk on the IVstPluginPersistance interface. Can you see if that gets called? The default impl always returns true. There is an ElementCount on the structure that is passed as a param. Perhaps we could return something\r\n like (in your override)</p>\r\n<p>return (chunkInfo.ElementCount &nbsp;!= 0);</p>\r\n<p>I could also write some extra code to make sure ALL programs are always available after setchunk is called - even with a different number of programs in the bank (isPreset = false)...</p>\r\n<p>Could also be handy for when you upgrade your plugin to a newer version, but get handed a chunk serialized from an older version.</p>\r\n<p>Thanks so much for debugging this ;-)</p>\r\n",
    "PostedDate": "2012-12-03T02:36:13.71-08:00",
    "UserRole": null,
    "MarkedAsAnswerDate": null
  },
  {
    "Id": "950461",
    "ThreadId": "404501",
    "Html": "\r\n<p>That's the least I could do. Actually that's the Most I could do; that's a silly phrase !</p>\r\n<p>I'll have a look at ChunkInfo now and update you later.</p>\r\n",
    "PostedDate": "2012-12-03T03:23:15.637-08:00",
    "UserRole": null,
    "MarkedAsAnswerDate": null
  },
  {
    "Id": "952138",
    "ThreadId": "404501",
    "Html": "\r\n<p>Hi Adrian,</p>\r\n<p>I have some trouble debugging this but I have made changes to the SetChunk method that 'should' handle chunks with different sizes more gracefully.</p>\r\n<p>You have to get the source code and build it yourself to test this change. See also:\r\n<a href=\"http://vstnet.codeplex.com/wikipage?title=Building%20the%20Source%20Code\">\r\nBuilding the Source Code</a>.</p>\r\n<p>Hope it helps.<br>\r\nMarc&nbsp;</p>\r\n",
    "PostedDate": "2012-12-06T01:43:09.58-08:00",
    "UserRole": null,
    "MarkedAsAnswerDate": null
  },
  {
    "Id": "952171",
    "ThreadId": "404501",
    "Html": "\r\n<p>Great stuff, I'll download your update now.</p>\r\n<p>&nbsp;</p>\r\n<p>Many thanks</p>\r\n<p>Adrian</p>\r\n",
    "PostedDate": "2012-12-06T03:11:22.267-08:00",
    "UserRole": null,
    "MarkedAsAnswerDate": null
  }
]