[
  {
    "Id": "540429",
    "ThreadId": "239547",
    "Html": "\r\n<p>Hi. My new plugin is almost done - everything works fine, but i've noticed some strange thing - each time I hide and show editor everything (knobs values) is resetted. It is certainly because plugin is somewhere created again (constructor is called). How\r\n to repair this? Thanks in advance for help.</p>\r\n",
    "PostedDate": "2010-12-25T10:35:00.163-08:00",
    "UserRole": null,
    "MarkedAsAnswerDate": null
  },
  {
    "Id": "540436",
    "ThreadId": "239547",
    "Html": "\r\n<p>Good to hear everything works out for you.</p>\r\n<p>In my view, the UI is just a view onto the plugin settings (programs, parameters etc). This means that each time the user starts your plugin Editor (UI), you read your plugin state (programs, parameters etc) and initialize the view/UI with those values.\r\n Changes to the UI controls are fed back to the internal plugin state (programs, paramaters etc) possible using value smoothing (to avoid clicks in the audio, for instance). So my advice would be to program your plugin using a similar mechanism.</p>\r\n<p>It is my understanding that this is also the way the (native C&#43;&#43;) VST interface was intended.</p>\r\n<p>The WinFormsControlWrapper class was also designed with this mechanims in mind. You could change it and keep your UI alive (but hidden) once it is created, just dont call the Close&nbsp;method on the wrapper. Instead, detach the parent window handle from\r\n your UI control (call SetParent with null?)&nbsp;and hide the window.</p>\r\n<p>Hope it helps.</p>\r\n",
    "PostedDate": "2010-12-25T11:14:34.88-08:00",
    "UserRole": null,
    "MarkedAsAnswerDate": null
  },
  {
    "Id": "540437",
    "ThreadId": "239547",
    "Html": "\r\n<p>Ok. It helps :) Thx.</p>\r\n",
    "PostedDate": "2010-12-25T11:24:52.11-08:00",
    "UserRole": null,
    "MarkedAsAnswerDate": null
  }
]