[
  {
    "Id": "1021293",
    "ThreadId": "438043",
    "Html": "Hi, I have my ,net plugin working well in Cubase, It finds it and it runs fine but there is one weird thing - if I go to the plugin list in the cubase settings and select update plugins Cubase does a rescan but this time I get an error from the runtime dll saying the .vstdll cannot be found. It sounds like a path issue to me i.e. the working directory set differently?<br />\n",
    "PostedDate": "2013-03-26T08:54:17.473-07:00",
    "UserRole": null,
    "MarkedAsAnswerDate": null
  },
  {
    "Id": "1021307",
    "ThreadId": "438043",
    "Html": "If you put all assemblies into one folder it should work. \r<br />\n<br />\nCould you paste in the error?<br />\n",
    "PostedDate": "2013-03-26T09:08:43.793-07:00",
    "UserRole": null,
    "MarkedAsAnswerDate": null
  },
  {
    "Id": "1021321",
    "ThreadId": "438043",
    "Html": "Hi, thanks for the quick reply. In the folder I have the following:\r<br />\n<br />\nJacobi.Vst.Interop.dll\r<br />\nVstTester.dll\r<br />\nVstTester.net.vstdll\r<br />\n<br />\nwhere VstTester is my plugin name.\r<br />\n<br />\nAs I say it works fine in Cubase unless I go to Devices / Plug in information and press Update then I get the error:\r<br />\n<br />\nVST.NET Error\r<br />\n<br />\nSystem.IO.FileNotFoundException: Could not find the managed VST plugin assembly with either the .net.dll or .net.vstdll extension. \r<br />\nat\r<br />\nJacobi.Vst.Core.Plugin.ManagedPluginFactory.LoadAssembly(String assemblyName)\r<br />\nat\r<br />\nJacobi.Vst.Core.Plugin.ManagedPluginFactory.LoadAssemblyByDefaultName(String interopAssemblyPath)\r<br />\nat\r<br />\netc. let me know if you want more as it goes on<br />\n",
    "PostedDate": "2013-03-26T09:53:40.697-07:00",
    "UserRole": null,
    "MarkedAsAnswerDate": null
  },
  {
    "Id": "1021323",
    "ThreadId": "438043",
    "Html": "Hi, thanks for the quick reply. In the folder I have the following:\r<br />\n<br />\nJacobi.Vst.Interop.dll\r<br />\nVstTester.dll\r<br />\nVstTester.net.vstdll\r<br />\n<br />\nwhere VstTester is my plugin name.\r<br />\n<br />\nAs I say it works fine in Cubase unless I go to Devices / Plug in information and press Update then I get the error:\r<br />\n<br />\nVST.NET Error\r<br />\n<br />\nSystem.IO.FileNotFoundException: Could not find the managed VST plugin assembly with either the .net.dll or .net.vstdll extension. \r<br />\nat\r<br />\nJacobi.Vst.Core.Plugin.ManagedPluginFactory.LoadAssembly(String assemblyName)\r<br />\nat\r<br />\nJacobi.Vst.Core.Plugin.ManagedPluginFactory.LoadAssemblyByDefaultName(String interopAssemblyPath)\r<br />\nat\r<br />\netc. let me know if you want more as it goes on<br />\n",
    "PostedDate": "2013-03-26T09:55:21.283-07:00",
    "UserRole": null,
    "MarkedAsAnswerDate": null
  },
  {
    "Id": "1021380",
    "ThreadId": "438043",
    "Html": "Odd.\r<br />\n<br />\nYou could try to load in the VST code solution then attach VS debugger to Cubase -break on all exceptions- and retry the operation.\r<br />\nPerhaps you can see what is missing or what the call sequence is...<br />\n",
    "PostedDate": "2013-03-26T12:06:51.497-07:00",
    "UserRole": null,
    "MarkedAsAnswerDate": null
  }
]