[
  {
    "Id": "498853",
    "ThreadId": "228692",
    "Html": "<p>Hi Marc,</p>\r\n<p>&nbsp;</p>\r\n<p>thanks for your great work! I try to implement a .net host for multiple vst plugins (audio stereo in and stereo out each). Starting with your samples.host I successfully got it working for one plugin. What is the most effective (managed) way to process a plugin chain? From your example with one plugin GenerateNoiseBtn_Click() reads:</p>\r\n<p>&nbsp;</p>\r\n<div style=\"color:black;background-color:white\">\r\n<pre><span style=\"color:blue\">// ...<br><br>int</span> inputCount = PluginContext.PluginInfo.AudioInputCount;\r\n<span style=\"color:blue\">int</span> outputCount = PluginContext.PluginInfo.AudioOutputCount;\r\n<span style=\"color:blue\">int</span> blockSize = 1024;\r\n\r\nVstAudioBufferManager inputMgr = <span style=\"color:blue\">new</span> VstAudioBufferManager(inputCount, blockSize);\r\nVstAudioBufferManager outputMgr = <span style=\"color:blue\">new</span> VstAudioBufferManager(outputCount, blockSize);\r\n\r\n<span style=\"color:blue\">foreach</span> (VstAudioBuffer buffer <span style=\"color:blue\">in</span> inputMgr.ToArray())\r\n{\r\n    Random rnd = <span style=\"color:blue\">new</span> Random((<span style=\"color:blue\">int</span>)DateTime.Now.Ticks);\r\n\r\n    <span style=\"color:blue\">for</span> (<span style=\"color:blue\">int</span> i = 0; i &lt; blockSize; i++)\r\n    {\r\n        <span style=\"color:green\">// generate a value between -1.0 and 1.0</span>\r\n        buffer[i] = (<span style=\"color:blue\">float</span>)((rnd.NextDouble() * 2.0) - 1.0);\r\n    }\r\n}\r\n\r\nPluginContext.PluginCommandStub.SetBlockSize(blockSize);\r\nPluginContext.PluginCommandStub.SetSampleRate(44100f);\r\n\r\nVstAudioBuffer[] inputBuffers = inputMgr.ToArray();\r\nVstAudioBuffer[] outputBuffers = outputMgr.ToArray();\r\n\r\nPluginContext.PluginCommandStub.MainsChanged(<span style=\"color:blue\">true</span>);\r\nPluginContext.PluginCommandStub.StartProcess();\r\nPluginContext.PluginCommandStub.ProcessReplacing(inputBuffers, outputBuffers);\r\nPluginContext.PluginCommandStub.StopProcess();\r\nPluginContext.PluginCommandStub.MainsChanged(<span style=\"color:blue\">false</span>);\r\n\r\n\r\n</pre>\r\n</div>\r\n<p>Is it best to create one PluginContext for each plugin? And then two VstAudioBufferManagers and VstAudioBuffers for each plugin? How to call ProcessReplacing? In a loop? Could you kindly provide some lines of code? Thank you very much!</p>",
    "PostedDate": "2010-09-27T03:18:52.617-07:00",
    "UserRole": null,
    "MarkedAsAnswerDate": null
  },
  {
    "Id": "498858",
    "ThreadId": "228692",
    "Html": "<p>Thanx for the kind words.</p>\r\n<p>The only way to communicate with a plugin in VST.NET is through a PluginContext. So, yes you have to create one for each plugin (instance) you have to deal with.</p>\r\n<p>How to call the ProcessReplacing methods on each plugin depends on what type/level of routing you allow for in your host. If your host only allows users to string together plugins without branching and/or merging than processing is fairly simple. Take the audio source (recorded or the output of a VSTi plugin) and pass it allong the chain of plugins. The output of one plugin is the input for the next plugin. Note that you can call the ProcessReplacing asynchronously. Meaning: you can call it again on the plugin when it is ready processing the last one. This pattern is also known as &quot;pipes and filters&quot; (look it up if you're not familiar with it). This method of processing doesn't force you to wait for one buffer of audio to finish processing by all the plugins in the chain. Instead it continues to pump audio buffers throught the chain of plugins as fast as they can process it. If there are big differences in latency in the processing speed of the plugins you may have to queue the audio buffers between plugins. You can imagine that this gets way more complicated when you allow plugins to be configured in parallel.</p>\r\n<p>Having said that, I would suggest you start with a simple single chain of plugins that is processed synchronously. So you pass the initial audio buffer to the ProcessReplacing of the first plugin and pass its output to the input of the next plugin and so on. Be mindfull of the number of audio buffers that you keep alive during audio processing (memory consumption). When you have that working you can try for the asynchronous way.</p>\r\n<p>I have perfromed an experiment in an attempt to develop a generic 'engine' that would process audio (and midi)&nbsp;for any configuration of connections in the most optimal way. I have tried to implement it with the new .NET 4.0 Task objects but have concluded that the default Task scheduling was not suitable for this problem. I Haven't had time to persue this further. You can find the code here: <a href=\"http://pfe.codeplex.com/\">http://pfe.codeplex.com/</a></p>\r\n<p>As you may have began to understand, this is no easy walk in the park ;-)</p>\r\n<p>Hope it helps.</p>",
    "PostedDate": "2010-09-27T03:44:57.92-07:00",
    "UserRole": null,
    "MarkedAsAnswerDate": null
  },
  {
    "Id": "498863",
    "ThreadId": "228692",
    "Html": "<p>Wow, that was a FAST answer, thank you! I'll try the synchronous way first, as the chain has no branches and is fairly small (&lt;6). My idea is to set up a list of PluginContext's in chronological order and two global VstAudioBufferManagers and VstAudioBuffers. A &quot;run&quot;-method iterates through the context-list, calling ProcessReplacing for each plugin with the apropriate buffer order. The output of the last plugin is the input for the next. The final output is through NAudio. I'll post my experiences.</p>",
    "PostedDate": "2010-09-27T04:03:17.633-07:00",
    "UserRole": null,
    "MarkedAsAnswerDate": null
  },
  {
    "Id": "500594",
    "ThreadId": "228692",
    "Html": "<p>Hi Marc,<br><br>VST.NET runs perfectly :-) However there is one question left. Following the NAudio source code, it delivers stereo samples in this way in a buffer: LRLRLR... In this scenario I chose 32 bit samples (float).<br><br>VstAudioBuffer reserves samples for the channels separately, right? Meaning:<br>VstAudioBuffer[0] = LLLLLL...<br>VstAudioBuffer[1] = RRRRRR...<br><br>I tried to extract channel data like this, but it didn't work out. The sound is choppy or an unintended upsampling occures, so obviously I got something wrong :D Instead, while completely ignoring channels, it just works fine. But all channel data is stored in VstAudioBuffer[0], which is not intended, right?<br><br>For testing, I used your delay plugin, which is stored in plugins[0]. It seems, as if the plugin is written to process a mono stream only. Nevertheless, I delivered the miltiplexed LRLR... stream and it worked. Any hint, how to do it right is greatly appreciated!<br><br>The program gets audio data from a .wav file via NAudio, processes it with the delay plugin and outputs it again to the soundcard with NAudio. The classes are attached. By the way: thanks to the discussions here, which helped a lot to write the code!</p>\r\n<p>&nbsp;</p>\r\n<div style=\"color:black;background-color:white\">\r\n<pre><span style=\"color:blue\">using</span> System;\r\n<span style=\"color:blue\">using</span> System.Collections.Generic;\r\n<span style=\"color:blue\">using</span> System.Linq;\r\n<span style=\"color:blue\">using</span> System.Text;\r\n \r\n<span style=\"color:blue\">using</span> NAudio.Wave;\r\n<span style=\"color:blue\">using</span> NAudio;\r\n<span style=\"color:blue\">using</span> Jacobi.Vst.Core;\r\n<span style=\"color:blue\">using</span> Jacobi.Vst.Core.Host;\r\n<span style=\"color:blue\">using</span> Jacobi.Vst.Framework;\r\n<span style=\"color:blue\">using</span> Jacobi.Vst.Interop.Host;\r\n \r\n<span style=\"color:blue\">namespace</span> AudioIO\r\n{\r\n    <span style=\"color:blue\">class</span> AudioOutput : IDisposable\r\n    {\r\n        <span style=\"color:green\">// NAudio Player</span>\r\n        <span style=\"color:blue\">private</span> IWavePlayer playbackDevice = <span style=\"color:blue\">null</span>;\r\n        <span style=\"color:blue\">private</span> VSTStream vstStream = <span style=\"color:blue\">null</span>;\r\n        <span style=\"color:blue\">private</span> List&lt;IVstPluginCommandStub&gt; plugins;\r\n \r\n        <span style=\"color:blue\">public</span> AudioOutput(List&lt;IVstPluginCommandStub&gt; plugins)\r\n        {\r\n            <span style=\"color:blue\">this</span>.plugins = plugins;\r\n            Init();\r\n            Play();\r\n        }\r\n \r\n        <span style=\"color:blue\">public</span> <span style=\"color:blue\">void</span> Init()\r\n        {\r\n            <span style=\"color:green\">// 4410 samples == 100 milliseconds</span>\r\n            vstStream = <span style=\"color:blue\">new</span> VSTStream(44100, 2, 4410, <span style=\"color:blue\">this</span>.plugins);\r\n            playbackDevice = <span style=\"color:blue\">new</span> WaveOut(WaveCallbackInfo.FunctionCallback());\r\n            playbackDevice.Init(vstStream);\r\n        }\r\n \r\n        <span style=\"color:blue\">public</span> <span style=\"color:blue\">void</span> Play()\r\n        {\r\n            <span style=\"color:blue\">if</span> (playbackDevice != <span style=\"color:blue\">null</span> &amp;&amp; playbackDevice.PlaybackState != PlaybackState.Playing)\r\n                playbackDevice.Play();\r\n        }\r\n \r\n        <span style=\"color:blue\">public</span> <span style=\"color:blue\">void</span> Stop()\r\n        {\r\n            <span style=\"color:blue\">if</span> (playbackDevice != <span style=\"color:blue\">null</span> &amp;&amp; playbackDevice.PlaybackState != PlaybackState.Stopped)\r\n                playbackDevice.Stop();\r\n        }\r\n \r\n        <span style=\"color:blue\">public</span> <span style=\"color:blue\">void</span> Dispose()\r\n        {\r\n            <span style=\"color:blue\">if</span> (playbackDevice != <span style=\"color:blue\">null</span>)\r\n            {\r\n                playbackDevice.Pause();\r\n                playbackDevice.Stop();\r\n                playbackDevice.Dispose();\r\n                playbackDevice = <span style=\"color:blue\">null</span>;\r\n            }\r\n        }\r\n    }\r\n\r\n    <span style=\"color:blue\">class</span> VSTStream : WaveProvider32\r\n    {\r\n        <span style=\"color:blue\">public</span> <span style=\"color:blue\">long</span> Length { <span style=\"color:blue\">get</span> { <span style=\"color:blue\">throw</span> <span style=\"color:blue\">new</span> System.NotSupportedException(); } }\r\n        <span style=\"color:blue\">public</span> <span style=\"color:blue\">long</span> Position { <span style=\"color:blue\">get</span> { <span style=\"color:blue\">throw</span> <span style=\"color:blue\">new</span> System.NotSupportedException(); } <span style=\"color:blue\">set</span> { <span style=\"color:blue\">throw</span> <span style=\"color:blue\">new</span> System.NotSupportedException(); } }\r\n \r\n        <span style=\"color:blue\">public</span> List&lt;IVstPluginCommandStub&gt; plugins;\r\n        VstAudioBufferManager vstBufManIn, vstBufManOut;\r\n        \r\n        <span style=\"color:blue\">private</span> VstAudioBuffer[] vstBufIn = <span style=\"color:blue\">null</span>;\r\n        <span style=\"color:blue\">private</span> VstAudioBuffer[] vstBufOut = <span style=\"color:blue\">null</span>;\r\n \r\n        <span style=\"color:blue\">private</span> <span style=\"color:blue\">byte</span>[] naudioBuf;\r\n        <span style=\"color:blue\">private</span> <span style=\"color:blue\">int</span> sampleRate, channels, blockSize;\r\n        <span style=\"color:blue\">private</span> WaveChannel32 wavStream;\r\n \r\n        <span style=\"color:blue\">public</span> VSTStream(<span style=\"color:blue\">int</span> sampleRate, <span style=\"color:blue\">int</span> channels, <span style=\"color:blue\">int</span> blockSize, List&lt;IVstPluginCommandStub&gt; plugins)\r\n            : <span style=\"color:blue\">base</span>(sampleRate, channels)\r\n        {\r\n            <span style=\"color:blue\">this</span>.plugins = plugins;\r\n            <span style=\"color:blue\">this</span>.sampleRate = sampleRate;\r\n            <span style=\"color:blue\">this</span>.channels = channels;\r\n            <span style=\"color:blue\">this</span>.blockSize = blockSize;\r\n \r\n            plugins[0].SetBlockSize(blockSize);\r\n            plugins[0].SetSampleRate((<span style=\"color:blue\">float</span>)sampleRate);\r\n\r\n            <span style=\"color:green\">// The &quot; * channels&quot; is because left and right channel is stored in one buffer</span>\r\n            <span style=\"color:green\">// This should be wrong...</span>\r\n            vstBufManIn = <span style=\"color:blue\">new</span> VstAudioBufferManager(channels, blockSize * channels);\r\n            vstBufManOut = <span style=\"color:blue\">new</span> VstAudioBufferManager(channels, blockSize * channels);\r\n \r\n            vstBufIn = vstBufManIn.ToArray();\r\n            vstBufOut = vstBufManOut.ToArray();\r\n \r\n            <span style=\"color:green\">// 4 bytes per sample (32 bit)</span>\r\n            naudioBuf = <span style=\"color:blue\">new</span> <span style=\"color:blue\">byte</span>[blockSize * channels * 4];\r\n \r\n            wavStream = <span style=\"color:blue\">new</span> WaveChannel32(<span style=\"color:blue\">new</span> WaveFileReader(<span style=\"color:#a31515\">&quot;test.wav&quot;</span>));\r\n            wavStream.Volume = 1f;\r\n        }\r\n \r\n        <span style=\"color:green\">// buffer is call by reference!!!</span>\r\n        <span style=\"color:blue\">public</span> <span style=\"color:blue\">override</span> <span style=\"color:blue\">int</span> Read(<span style=\"color:blue\">float</span>[] buffer, <span style=\"color:blue\">int</span> offset, <span style=\"color:blue\">int</span> sampleCount)\r\n        {\r\n            <span style=\"color:blue\">int</span> bytesRead = wavStream.Read(naudioBuf, offset, sampleCount * 4);\r\n \r\n            <span style=\"color:blue\">unsafe</span>\r\n            {\r\n                <span style=\"color:blue\">fixed</span> (<span style=\"color:blue\">byte</span>* byteBuf = &amp;naudioBuf[0])\r\n                {\r\n                    <span style=\"color:blue\">float</span>* floatBuf = (<span style=\"color:blue\">float</span>*)byteBuf;\r\n                   \r\n                    <span style=\"color:green\">// splitting the stream requires different indexing than here</span>\r\n                    <span style=\"color:blue\">for</span> (<span style=\"color:blue\">int</span> i = 0; i &lt; sampleCount; i++)\r\n                    {\r\n                        vstBufIn[0][i] = *(floatBuf + i);\r\n\r\n                        <span style=\"color:green\">//vstBufIn[0][i] = *(floatBuf + 2 * i);</span>\r\n                        <span style=\"color:green\">//vstBufIn[1][i] = *(floatBuf + 2 * i + 1);</span>\r\n                    }\r\n                }\r\n            }\r\n \r\n            plugins[0].MainsChanged(<span style=\"color:blue\">true</span>);\r\n            plugins[0].StartProcess();\r\n            <span style=\"color:green\">//vstBufOut = vstBufIn;</span>\r\n            plugins[0].ProcessReplacing(vstBufIn, vstBufOut);\r\n            plugins[0].StopProcess();\r\n            plugins[0].MainsChanged(<span style=\"color:blue\">false</span>);\r\n \r\n            \r\n            <span style=\"color:blue\">unsafe</span>\r\n            {\r\n                <span style=\"color:blue\">float</span>* tmpBufL = ((IDirectBufferAccess32)vstBufOut[0]).Buffer;\r\n                <span style=\"color:green\">//float* tmpBufR = ((IDirectBufferAccess32)vstBufOut[1]).Buffer;</span>\r\n\r\n                <span style=\"color:green\">// multiplexing the stream requires different indexing than here</span>\r\n                <span style=\"color:blue\">for</span> (<span style=\"color:blue\">int</span> i = 0; i &lt; (sampleCount); i++)\r\n                {\r\n                    <span style=\"color:green\">//if (i % 2 == 1)</span>\r\n                    <span style=\"color:green\">//{</span>\r\n                        buffer[i] = *(tmpBufL + i);\r\n                    <span style=\"color:green\">//}</span>\r\n                    <span style=\"color:green\">//else </span>\r\n                    <span style=\"color:green\">//{</span>\r\n                    <span style=\"color:green\">//    buffer[i] = *(tmpBufR + i);</span>\r\n                    <span style=\"color:green\">//}</span>\r\n                }\r\n            }\r\n            \r\n            <span style=\"color:blue\">return</span> sampleCount;\r\n        }\r\n    }\r\n}\r\n</pre>\r\n</div>\r\n<p>&nbsp;</p>\r\n<p>And calling the class with:<br><br></p>\r\n<div style=\"color:black;background-color:white\">\r\n<pre><span style=\"color:blue\">try</span>\r\n{\r\n    String pluginPath = <span style=\"color:#a31515\">&quot;Jacobi.Vst.Samples.Delay.dll&quot;</span>;\r\n    hostCmdStub = <span style=\"color:blue\">new</span> HostCommandStub();\r\n \r\n    VstPluginContext ctx = VstPluginContext.Create(pluginPath, hostCmdStub);\r\n \r\n    <span style=\"color:green\">// add custom data to the context</span>\r\n    ctx.Set(<span style=\"color:#a31515\">&quot;PluginPath&quot;</span>, pluginPath);\r\n    ctx.Set(<span style=\"color:#a31515\">&quot;HostCmdStub&quot;</span>, hostCmdStub);\r\n \r\n    <span style=\"color:green\">// actually open the plugin itself</span>\r\n    ctx.PluginCommandStub.Open();\r\n \r\n    audioOut = <span style=\"color:blue\">new</span> AudioIO.AudioOutput(\r\n        <span style=\"color:blue\">new</span> List&lt;IVstPluginCommandStub&gt;() {ctx.PluginCommandStub});\r\n}\r\n<span style=\"color:blue\">catch</span> (Exception ex)\r\n{\r\n    MessageBox.Show(ex.ToString());\r\n}\r\n\r\n</pre>\r\n</div>\r\n<p>&nbsp;</p>",
    "PostedDate": "2010-09-30T09:42:31.43-07:00",
    "UserRole": null,
    "MarkedAsAnswerDate": null
  },
  {
    "Id": "500611",
    "ThreadId": "228692",
    "Html": "<p>Other people have wrestled with this problem too. Take a look ate the following discussions and let me know if you cant get it working.</p>\r\n<p><a href=\"http://vstnet.codeplex.com/Thread/View.aspx?ThreadId=216682\">http://vstnet.codeplex.com/Thread/View.aspx?ThreadId=216682</a></p>\r\n<p><a href=\"http://vstnet.codeplex.com/Thread/View.aspx?ThreadId=205889\">http://vstnet.codeplex.com/Thread/View.aspx?ThreadId=205889</a></p>\r\n<p><a href=\"http://vstnet.codeplex.com/Thread/View.aspx?ThreadId=204934\">http://vstnet.codeplex.com/Thread/View.aspx?ThreadId=204934</a></p>\r\n<p><a href=\"http://vstnet.codeplex.com/Thread/View.aspx?ThreadId=79792\">http://vstnet.codeplex.com/Thread/View.aspx?ThreadId=79792</a></p>\r\n<p>or search the discussion list on &quot;NAudio&quot;.</p>\r\n<p>You could also contact Mark (Author of NAudio) and ask him for help in 'unlacing' the interlaced buffers.</p>\r\n<p>Hope it helps.<br>Marc.</p>",
    "PostedDate": "2010-09-30T10:19:35.657-07:00",
    "UserRole": null,
    "MarkedAsAnswerDate": null
  },
  {
    "Id": "501307",
    "ThreadId": "228692",
    "Html": "<p>Hi Daniel!</p>\r\n<p><span style=\"color:green\">// The &quot; * channels&quot; is because left and right channel is stored in one buffer</span><br><span style=\"color:green\">// This should be wrong...</span><br>vstBufManIn = <span style=\"color:blue\">new</span> VstAudioBufferManager(channels, blockSize * channels);<br>vstBufManOut = <span style=\"color:blue\">new</span> VstAudioBufferManager(channels, blockSize * channels);<br>&nbsp;<br>Yes indeed, I think you shouldn't multiply the block size by the number of channels because VstBuffer has an array dimension for each channel. &lt;br&gt;Try:</p>\r\n<p>vstBufManIn = <span style=\"color:blue\">new</span> VstAudioBufferManager(channels, blockSize);<br>vstBufManOut = <span style=\"color:blue\">new</span> VstAudioBufferManager(channels, blockSize);</p>\r\n<p><span style=\"color:green\">// A 2 channels NAudio buffer should be twice the size of VstBuffer</span><br><span style=\"color:blue\">int j = 0;</span></p>\r\n<p><span style=\"color:blue\">for</span> (<span style=\"color:blue\">int</span> i = 0; i &lt; VstSampleCount; i++)<br>{<br>&nbsp;&nbsp;&nbsp;&nbsp; vstBufIn[0][i] = NAudioBuffer[j];<br>&nbsp;&nbsp;&nbsp;&nbsp; &nbsp;j++;<br>&nbsp;&nbsp;&nbsp;&nbsp;&nbsp;&nbsp;vstBufIn[1][i] = NAudioBuffer[j];<br>&nbsp;&nbsp;&nbsp;&nbsp;&nbsp;&nbsp;j++;<br>}</p>",
    "PostedDate": "2010-10-01T17:37:53.2-07:00",
    "UserRole": null,
    "MarkedAsAnswerDate": null
  },
  {
    "Id": "502397",
    "ThreadId": "228692",
    "Html": "<blockquote style=\"border:solid .1em #ccc;font-style:italic;margin:.25em 1em 0 1em;padding:0 .25em 0 .25em\"><strong>YuryK wrote:</strong><span style=\"color:blue\">&nbsp;</span>\r\n<pre><span style=\"color:blue\">int</span> j = 0; \r\n\r\n<span style=\"color:blue\">for</span> (<span style=\"color:blue\">int</span> i = 0; i &lt; VstSampleCount; i++)\r\n{\r\n    vstBufIn[0][i] = NAudioBuffer[j];\r\n    j++;\r\n    vstBufIn[1][i] = NAudioBuffer[j];\r\n    j++;\r\n}\r\n\r\n</pre>\r\n</blockquote>\r\n<p>&nbsp;</p>\r\n<p>The error in reasoning is now solved, thanks YuryK and Marc ;-)</p>\r\n<p>This is the working Read() for stereo = 2 channels:</p>\r\n<p>&nbsp;</p>\r\n<div style=\"color:black;background-color:white\">\r\n<pre><span style=\"color:green\">// buffer is call by reference!!!</span>\r\n<span style=\"color:blue\">public</span> <span style=\"color:blue\">override</span> <span style=\"color:blue\">int</span> Read(<span style=\"color:blue\">float</span>[] buffer, <span style=\"color:blue\">int</span> offset, <span style=\"color:blue\">int</span> sampleCount)\r\n{\r\n    <span style=\"color:blue\">int</span> bytesRead = wavStream.Read(naudioBuf, offset, sampleCount * 4);\r\n\r\n    <span style=\"color:blue\">unsafe</span>\r\n    {\r\n        <span style=\"color:blue\">fixed</span> (<span style=\"color:blue\">byte</span>* byteBuf = &amp;naudioBuf[0])\r\n        {\r\n            <span style=\"color:blue\">float</span>* floatBuf = (<span style=\"color:blue\">float</span>*)byteBuf;\r\n            <span style=\"color:blue\">int</span> j = 0;\r\n            <span style=\"color:blue\">for</span> (<span style=\"color:blue\">int</span> i = 0; i &lt; sampleCount / channels; i++)\r\n            {\r\n                vstBufIn[0][i] = *(floatBuf + j);\r\n                j++;\r\n                vstBufIn[1][i] = *(floatBuf + j);\r\n                j++;\r\n            }\r\n        }\r\n    }\r\n\r\n    plugins[0].MainsChanged(<span style=\"color:blue\">true</span>);\r\n    plugins[0].StartProcess();\r\n    plugins[0].ProcessReplacing(vstBufIn, vstBufOut);\r\n    plugins[0].StopProcess();\r\n    plugins[0].MainsChanged(<span style=\"color:blue\">false</span>);\r\n\r\n    <span style=\"color:blue\">unsafe</span>\r\n    {\r\n        <span style=\"color:blue\">float</span>* tmpBufL = ((IDirectBufferAccess32)vstBufOut[0]).Buffer;\r\n        <span style=\"color:blue\">float</span>* tmpBufR = ((IDirectBufferAccess32)vstBufOut[1]).Buffer;\r\n        <span style=\"color:blue\">int</span> j = 0;\r\n        <span style=\"color:blue\">for</span> (<span style=\"color:blue\">int</span> i = 0; i &lt; (sampleCount / channels); i++)\r\n        {\r\n            buffer[j] = *(tmpBufL + i);\r\n            j++;\r\n            buffer[j] = *(tmpBufR + i);\r\n            j++;\r\n        }\r\n    }\r\n    \r\n    <span style=\"color:blue\">return</span> sampleCount;\r\n}\r\n</pre>\r\n</div>\r\n<p>&nbsp;</p>",
    "PostedDate": "2010-10-05T03:22:47.157-07:00",
    "UserRole": null,
    "MarkedAsAnswerDate": null
  },
  {
    "Id": "505831",
    "ThreadId": "228692",
    "Html": "<p>I stumbled upon a strange phenomenon. When using the sample delay plugin, the following code works in the read method. It is called for every NAudio buffer (100 ms per buffer):</p>\r\n<div style=\"color:black;background-color:white\">\r\n<pre>plugins[0].MainsChanged(<span style=\"color:blue\">true</span>);\r\nplugins[0].StartProcess();\r\nplugins[0].ProcessReplacing(vstBufIn, vstBufOut);\r\nplugins[0].StopProcess();\r\nplugins[0].MainsChanged(<span style=\"color:blue\">false</span>);\r\n\r\n</pre>\r\n</div>\r\n<p>But when trying other plugins, for example <a title=Freeverb href=\"http://sourceforge.net/projects/freeverb3\">Freeverb</a> or <a title=\"Wow n Flutter\" href=\"http://www.interruptor.ch/vst_overview.shtml\">Wow 'n' Flutter</a> audio output is stuttering. I wrote a wav file from the output and it turned out, that every 100 ms there is a small bit of silence in the output. When putting the MainsChanged and Start/StopProcess calls out of the read method, it works! So they are just called once, when playing starts and stops, not for every 100 ms.</p>\r\n<p>Additionally the NAudio Play() and Stop() methods have to be called BEFORE the MainsChanged and Start/StopProcess calls, otherwise there is a deadlock in audio output. Just a hint for the readers here...</p>",
    "PostedDate": "2010-10-12T00:43:49.49-07:00",
    "UserRole": null,
    "MarkedAsAnswerDate": null
  },
  {
    "Id": "505878",
    "ThreadId": "228692",
    "Html": "<p>The calls to Mainschanged and Start/Stop Process should be made only once, not for every cycle in the audio processing.</p>\r\n<p>So it should look something like:</p>\r\n<p>[plugin.Open()]</p>\r\n<p>plugin.MainsChanged(true) // turn on 'power' on plugin.<br>plugin.StartProcess() // let the plugin know the audio engine has started</p>\r\n<p>while(audioEngineIsRunning)<br>{<br>&nbsp;&nbsp;&nbsp; plugin.ProcessReplacing(inputBuffers, outputBuffers)&nbsp; // letplugin process audio stream<br>}</p>\r\n<p>plugin.StopProcess() <br>plugin.MainsChanged(false)</p>\r\n<p>[plugin.Close()]</p>\r\n<p>Hope it helps,<br>Marc</p>",
    "PostedDate": "2010-10-12T01:53:28.54-07:00",
    "UserRole": null,
    "MarkedAsAnswerDate": null
  },
  {
    "Id": "505879",
    "ThreadId": "228692",
    "Html": "<p>Ok, cool! Exactly what I experienced ;-)</p>",
    "PostedDate": "2010-10-12T01:55:38.657-07:00",
    "UserRole": null,
    "MarkedAsAnswerDate": null
  },
  {
    "Id": "1228392",
    "ThreadId": "228692",
    "Html": "I've been playing with this code and it actually works, and works well!\r<br />\n<br />\nHave a question  i was trying to do an effects bypass such as plugins[0].SetBypass(true); and it is not an working.\r<br />\n<br />\nI'm i doing this right?\r<br />\n<br />\nThanks for any help\r<br />\n-Jeff<br />\n",
    "PostedDate": "2014-03-30T16:09:15.94-07:00",
    "UserRole": null,
    "MarkedAsAnswerDate": null
  },
  {
    "Id": "1228458",
    "ThreadId": "228692",
    "Html": "Hi Jeff,\r<br />\n<br />\nIf a plugin support its own bypass it will respond to a 'bypass' CanDo (VstPluginCanDo.Bypass). If it does not respond to that can-do string, it does not support bypass and the host should implement it.\r<br />\n<br />\nThe VST.NET Framework implements the CanDo method by checking the interfaces for the various features (IVstPluginBypass in this case).\r<br />\n<br />\nHope it helps.\r<br />\nMarc\r<br />\n<br />\nPS: I would prefer if you start new discussions for new topics. Thanx.<br />\n",
    "PostedDate": "2014-03-30T23:25:44.28-07:00",
    "UserRole": null,
    "MarkedAsAnswerDate": null
  }
]