[
  {
    "Id": "260158",
    "ThreadId": "76066",
    "Html": "<p>Well hello</p>\r\n<p>First thanks for this project&nbsp; the idea of using wpf in vst plugins&nbsp; brought me here</p>\r\n<p>I trying do get midi mapper vst to work in ableton but with no success.</p>\r\n<p>i have downloaded newest source compiled it.</p>\r\n<p>I debugged it and it seems midi processor is never called.&nbsp;</p>\r\n<p>&nbsp;</p>\r\n<p>So is it&nbsp; me or is it ableton ?</p>\r\n<p>Thanks for your time&quot;</p>\r\n<p>&nbsp;</p>",
    "PostedDate": "2009-11-24T02:50:48.397-08:00",
    "UserRole": null,
    "MarkedAsAnswerDate": null
  },
  {
    "Id": "263065",
    "ThreadId": "76066",
    "Html": "<p>Search the discussion list for other posts about Ableton Live. Some issues have already been discussed.</p>\r\n<p>If you have retrieved the latest source code and build that, you can use the new Trace feature (refer to app.config in Interop). Create a config file next to the host .exe and give it the exact same name with an added .config postfix (like vsthost.exe.config). Replace the [PluginName] placeholder with the name of your plugin (assembly file name - without extensions). You should be able to see what methods are called in the interop layer and what return values we provided by the plugin. Perhaps that will bring you new insights.</p>\r\n<p>I've recently added deprecated member support but that has not been tested yet. So its possible a bug is doing this.</p>\r\n<p>TIP: Make sure (by debugging) the WantMidi() method is called on the Host (deprecated) interface in the implementation of Resume of the plugin root class (Framework.Plugin).</p>\r\n<p>I'm a little short on time right now but let me know how you do and I will try to aid you as best as I can (and time permits).</p>",
    "PostedDate": "2009-12-03T00:59:48.053-08:00",
    "UserRole": null,
    "MarkedAsAnswerDate": null
  },
  {
    "Id": "264784",
    "ThreadId": "76066",
    "Html": "<p>Ok i report you back that i managed to get it work.</p>\r\n<p>&nbsp;</p>",
    "PostedDate": "2009-12-07T23:27:45.547-08:00",
    "UserRole": null,
    "MarkedAsAnswerDate": null
  },
  {
    "Id": "420035",
    "ThreadId": "76066",
    "Html": "<p>@algorytm:</p>\r\n<p>Did you manage to resolve this issue? I am using Ableton Live 6, I was able to get the Delay demo working without too much trouble but like you am unable to get the MidiMapper to work.</p>\r\n<p>EDIT:</p>\r\n<p>I added throw System.ApplicationException() to the Process() override within audio processor and found that the plugin didn't crash when in use. Would suggest that either Ableton is not sending midi or something's wrong with the example?</p>\r\n<p>There appear to be certain similarities with <a href=\"http://vstnet.codeplex.com/Thread/View.aspx?ThreadId=72016\">http://vstnet.codeplex.com/Thread/View.aspx?ThreadId=72016</a>&nbsp;However in this case Process() was being called in both the audio and midi processors.</p>",
    "PostedDate": "2010-03-18T16:21:42.937-07:00",
    "UserRole": null,
    "MarkedAsAnswerDate": null
  }
]