[
  {
    "Id": "619600",
    "ThreadId": "259329",
    "Html": "<p>Hi all,</p>\n<p>I'm currently using VST.NET as a host (based off the Sample&nbsp;Jacobi.Vst.Samples.Host source code) for a 3rd party VSTi plugin. However I have no idea how to get the thing to output audio... I've found a couple of examples on the board for NAudio and PortAudioSharp, but  I just can't get my head around them or how they work.</p>\n<p>I just want to have the ability to hear the plugin out the soundcard, and in future dump to a WAV file. Can anyone provide a brief tutorial?</p>\n<p>Thanks!</p>",
    "PostedDate": "2011-05-27T15:26:28.333-07:00",
    "UserRole": null,
    "MarkedAsAnswerDate": null
  },
  {
    "Id": "620185",
    "ThreadId": "259329",
    "Html": "<p>Processing audio is done in small chunks called audio buffers. These buffers contain a number of samples and can be processed by plugins. Depending on the library/framework you use you pass the information in these audio buffers the the output. Some technologies, like ASIO (see also ASIO.NET on codeproject.com), call you -using a delegate- everytime you need to supply new audio samples to output. Be aware that you may have to convert the sample values in the audio buffers [-1, 1] to a different value range.</p>\r\n<p>I know there are some people here that have build VST.NET hosts, perhaps they could augment the picture.</p>\r\n<p>Note that the VST.NET Host sample only demonstrates how to use the Host API, it is NOT a blue print for writing a solid host application!</p>",
    "PostedDate": "2011-05-30T01:19:06.437-07:00",
    "UserRole": null,
    "MarkedAsAnswerDate": null
  },
  {
    "Id": "620514",
    "ThreadId": "259329",
    "Html": "<p>Hi Jimbo,</p>\n<p>I'd suggest you take a look at my post about PortAudioSharp class for VST output audio :</p>\n<p><a href=\"http://vstnet.codeplex.com/discussions/246206\">http://vstnet.codeplex.com/discussions/246206</a></p>\n<p>I also posted code and comments to&nbsp;achieve playback using NAudio but IMO PortAudioSharp is&nbsp;less convulated and&nbsp;more stable :</p>\n<p><a href=\"http://vstnet.codeplex.com/discussions/79792\">http://vstnet.codeplex.com/discussions/79792</a></p>\n<p>Feel free to ask questions if you have trouble implementing specific feature.</p>\n<p>&nbsp;</p>\n<p>Yury</p>",
    "PostedDate": "2011-05-30T18:22:02.527-07:00",
    "UserRole": null,
    "MarkedAsAnswerDate": null
  }
]