[
  {
    "Id": "1454889",
    "ThreadId": "648446",
    "Html": "For a long time I left this method unimplemented but recently I started passing through the time info from the DAW that my plugin is hosted in to a plugin that my plugin is hosting. I do this so that the hosted plugin has access to the midi clock for sequencing.\r<br />\n<br />\nBut, I just remembered that this was causing crashes. I was getting a crash, and sure enough, when I return a new VstTimeInfo, it works fine. \r<br />\n<br />\nSome more info is that actually it doesn't disturb my plugin when the transport is not running, but on about the 3rd or 4th loop, Ableton comes down. The funny thing is that the sound gets more distorted on every loop. It's a sine wave at first, and becomes something more like a sawtooth until Ableton crashes.\r<br />\n<br />\nAny thoughts on what I should be doing? Or, what I might be doing wrong. This is the offending code:<br />\n<pre><code>        public core.VstTimeInfo GetTimeInfo(core.VstTimeInfoFlags filterFlags)\n        {\n                return _DAWCommandStub.GetTimeInfo(filterFlags);\n        }</code></pre>\n\n",
    "PostedDate": "2015-12-07T01:15:06.087-08:00",
    "UserRole": null,
    "MarkedAsAnswerDate": null
  },
  {
    "Id": "1454890",
    "ThreadId": "648446",
    "Html": "For some reason I have VstTimeInfo backed up as a property in my host. If you create VstTimeInfo on the fly and lose managed reference of it, the structure can get garbage collected before it's content is inspected by the plugin/host. ________________________________________<br />\n",
    "PostedDate": "2015-12-07T01:23:22.04-08:00",
    "UserRole": null,
    "MarkedAsAnswerDate": null
  },
  {
    "Id": "1454891",
    "ThreadId": "648446",
    "Html": "You could try to get the TimeInfo in the Process (audio processor) and assign it to an instance member. Return that value to your clients.<br />\n",
    "PostedDate": "2015-12-07T01:25:42.5-08:00",
    "UserRole": null,
    "MarkedAsAnswerDate": null
  },
  {
    "Id": "1454900",
    "ThreadId": "648446",
    "Html": "@Yuri: Managed Host with an unmanaged plugin?\r<br />\nThe interoplayer simply copies the values from the managed time info to a permanent unmanaged time info object. \r<br />\n<br />\n<a href=\"http://vstnet.codeplex.com/SourceControl/latest#Source/Code/Jacobi.Vst.Interop/Host/VstHostCommandProxy.cpp\" rel=\"nofollow\">http://vstnet.codeplex.com/SourceControl/latest#Source/Code/Jacobi.Vst.Interop/Host/VstHostCommandProxy.cpp</a>\r<br />\nSee &quot;case audioMasterGetTime:&quot;\r<br />\n<br />\nAny error messages or does the host simple crash (corrupted memory usually)...?<br />\n",
    "PostedDate": "2015-12-07T02:47:21.913-08:00",
    "UserRole": null,
    "MarkedAsAnswerDate": null
  },
  {
    "Id": "1454999",
    "ThreadId": "648446",
    "Html": "These are some things to think about...\r<br />\n<br />\n<em>Managed Host with an unmanaged plugin?</em> \r<br />\nThe scenario is that my .Net plugin is hosted in Ableton, and my plugin hosts FM8 (an unmanaged plugin). So, this is who asks for what (time info)\r<br />\n<br />\nFM8-&gt;My Synth-&gt;Ableton\r<br />\n<br />\n<em>Any error messages or does the host simple crash (corrupted memory usually)...?</em>\r<br />\nI think it's corrupted memory but will check.\r<br />\n<br />\nI'm starting to think that this has something to do with canDo. I think that I might be telling FM8 that my synth can do something it can't...<br />\n",
    "PostedDate": "2015-12-07T13:01:01.937-08:00",
    "UserRole": null,
    "MarkedAsAnswerDate": null
  },
  {
    "Id": "1455044",
    "ThreadId": "648446",
    "Html": "When the unmanaged plugin you host calls GetTimeInfo it ends up at the (Interop.Host)VstHostCommandProxy where the unmanaged VstTimeInfo structure is a member of the host command proxy instance. It calls into the managed IVstHostCommandStub interface (you implement) to retrieve the managed values and copies them into the unmanaged struct.\r<br />\n<br />\nThen your plugin (acting as the managed host) calls into the (unmanaged Ableton) Host using (Interop.Plugin)HostCommandStub with the GetTimeInfo call.\r<br />\n<a href=\"http://vstnet.codeplex.com/SourceControl/latest#Source/Code/Jacobi.Vst.Interop/Plugin/HostCommandStub.cpp\" rel=\"nofollow\">http://vstnet.codeplex.com/SourceControl/latest#Source/Code/Jacobi.Vst.Interop/Plugin/HostCommandStub.cpp</a>   (GetTimeInfo)\r<br />\n<br />\nHere too the (managed) VstTimeInfo structure is a member of the command stub instance. Only its values are copied over each time.\r<br />\n<br />\nSo the values are copied twice (cant be helped) but all instances of the VstTimeInfo - managed and unmanaged - are preallocated and fixed.\r<br />\nThe values themselves are simple blitable types copied by assignment...\r<br />\n<br />\nBased on this information I can not predict what the problem is and it would require some debugging to get to the bottom of this...<br />\n",
    "PostedDate": "2015-12-07T22:36:59.053-08:00",
    "UserRole": null,
    "MarkedAsAnswerDate": null
  },
  {
    "Id": "1455161",
    "ThreadId": "648446",
    "Html": "No problem.  I'll do some further investigation and try some new permutations of code. If I can't solve the problem I'll try to put something together to repro the problem. The thing is, this may only happen in Ableton. Such is the joy of subtle differences in hosts...<br />\n",
    "PostedDate": "2015-12-08T12:22:09.6-08:00",
    "UserRole": null,
    "MarkedAsAnswerDate": null
  }
]