[
  {
    "Id": "573646",
    "ThreadId": "247943",
    "Html": "\r\n<p>Hello,</p>\r\n<p>&nbsp;</p>\r\n<p>For my senior project for Computer Science at my university, I chose to create a synthesizer. After fiddling with Xcode to no avail, I have adopted your framework which I discovered after searching for a way to create VST plug-ins through Visual Studio without\r\n delving into C&#43;&#43; (which I have no experience with and do not, at this time, have time to learn). I am mostly fluent in C# and VB.NET, so I thought that this would be a good place to start. I am also an electronic musician and have a lot of experience using\r\n both effect and plug-ins in Ableton Live 8. My project is simple - I will have a 10-harmonic slide control that will change timbre of the sound, and I will have an ADSR envelope controlled by knobs that will be put on the sound. I will have a master level\r\n control that will control the volume of the overall sound. I would like to have a graph showing the linear model of the ADSR envelope, but this is a stretch goal. Ideally, I will also have an LFO that will perform modular synthesis, but at this point in my\r\n progress, that is a stretch goal, as well. The plug-in will read in MIDI input from a keyboard, put the ADSR envelope on it, and perform the additive synthesis to add the timbre. Ideally, it seems that the MIDI input would simply provide a frequency and then\r\n the harmonics would be added to whatever frequency the MIDI input provided, but I'm not sure if that is the best way to do it yet. Anyway, not a concern for this forum.</p>\r\n<p>I have read through the forum and know that you are not an expert on DSP, but I am having trouble understanding how all of the files/interfaces would fit together / be implemented for a VSTi. Is there any way you could show me how I could/should mock up\r\n the skeleton for such a project? I looked through the Samples that you provided, but I am not sure which one of them (if any)would suit my needs. If not, is there somewhere that you can point me where you feel that I could gain some understanding and/or begin\r\n to develop a solution for this project?</p>\r\n<p>I appreciate any help you can provide in advance, and if there is any more information that I can provide to you to clarify or aid in your answer, please let me know.</p>\r\n<p>&nbsp;</p>\r\n<p>Thanks,</p>\r\n<p>Jake K.</p>\r\n",
    "PostedDate": "2011-02-28T20:07:34.977-08:00",
    "UserRole": null,
    "MarkedAsAnswerDate": null
  },
  {
    "Id": "573673",
    "ThreadId": "247943",
    "Html": "<p>Hi Jake,</p>\r\n<p>For the DSP part you're on your own. VST.NET does nothing for you there (but I think you know that ;-).</p>\r\n<p>If I understand correctly, you intend to create a VSTi (a plugin that accepts Midi -in- and produces audio -out-). Perhaps the MidiNoteSampler sample is closest to what you intent to do. Although this sample also uses an audio input to record from - in playback mode it is in fact a VSTi (although a very simple one ;-). In short the MidiNoteSampler sample plugin records audio when a Midi note-on is detected for the first time- for the duration of the note (untill note-off). When that same note is played again, the recorded sample is&nbsp;played back&nbsp;on the audio outputs.</p>\r\n<p>So my suggestion would be to take the MidiNoteSampler plugin and remove the code that records and plays back the samples and substitute it with a random generator (for now - or the simplest way of generating some audio you know of) that fires when the plugin receives midi note-on and note-off events. You can the go right ahead an try to load it into Ableton to see if you've got the VST stuff correct. After that you can focus on the DSP parts. If you need parameters for your plugin refer to the Delay sample.</p>\r\n<p>Also note that VST.NET now has VS2008/VS2010 project and item templates that will get you started very quickly (from scratch). The project templates compile into working skeleton plugins. You could also start with the Midi project template and keep the source code of the MidiNoteSampler plugin sample as a reference.</p>\r\n<p>Hope it helps,<br />Marc</p>",
    "PostedDate": "2011-02-28T22:40:02.967-08:00",
    "UserRole": null,
    "MarkedAsAnswerDate": null
  },
  {
    "Id": "581767",
    "ThreadId": "247943",
    "Html": "<p>Hi Marc,</p>\n<p>I am not sure how to connect a control on the UI to a parameter, modifying the value of the parameter when I change the value of the control. This seems very simple, but I am not sure how to do it. Can you point me in the right direction?</p>\n<p>For example, I have a slider on my UI. I want this slider to be connected to a parameter in the delay template, so that it will control the value of the decibel parameter.</p>\n<p>Thanks,</p>\n<p>Jake</p>",
    "PostedDate": "2011-03-16T15:26:33.273-07:00",
    "UserRole": null,
    "MarkedAsAnswerDate": null
  },
  {
    "Id": "581905",
    "ThreadId": "247943",
    "Html": "<p>Hi Jake,</p>\r\n<p>The important thing is that the dependency is always from the UI to the plugin processing component(s). <br />So do not let your processing (DSP) components push data to the UI, but always let the UI pull data from the components (for displaying).<br />Value changes, of course are set from the UI onto the processing component parameters.</p>\r\n<p>Assuming an architecture similar to the Delay sample, I think you could simple&nbsp;handle the SliderValueChanged event (too lazy to lookup the real name ;-) and pass the value to the correct parameter of the (correct) processing component. Note that when you use programs in combination with parameters, you have multiple instance of the same parameter (for each program one parameter instance of each parameter). So you have to manage the current/active parameter.</p>\r\n<p>The obvious place to do that is the VstParameterManager. This class is meant to manage the active/current parameter for a processing component. It has an ActiveParameter property you can use to set the value property (dont use the ChangeValue method on the VstParameterManager).</p>\r\n<p>Recap:</p>\r\n<p>- Plugin contains (DSP) processing components<br />- Each processing component exposes (internal) a VstParameterManager for each parameter.<br />- The UI handles the 'changed' events.<br />- Changed event handlers call the correct VstParameterManager.ActiveParameter to set the new value.</p>\r\n<p>There are no facilities for value smoothing (where you gradually change the parameter value over a short time). That is something you need to build yourself. A logical place for that would be the VstParameterManager. If you need an override on ChangeValue (its not virtual at the moment) let me know.</p>\r\n<p>Hope it helps.<br />Marc Jacobi</p>",
    "PostedDate": "2011-03-16T23:29:59.533-07:00",
    "UserRole": null,
    "MarkedAsAnswerDate": null
  },
  {
    "Id": "588225",
    "ThreadId": "247943",
    "Html": "<p>Hi Marc,</p>\r\n<p>&nbsp;</p>\r\n<p>Have you had any luck using NAudio components in the VST plug-ins? I am getting FileNotFound Exceptions whenever I try to load my plugin into VSTHost, but the NAudio DLL is added to the references in the project and copied to output directory upon compilation.</p>\r\n<p>&nbsp;</p>\r\n<p>Thanks,</p>\r\n<p>&nbsp;</p>\r\n<p>Jake</p>",
    "PostedDate": "2011-03-29T07:09:39.207-07:00",
    "UserRole": null,
    "MarkedAsAnswerDate": null
  },
  {
    "Id": "588378",
    "ThreadId": "247943",
    "Html": "<p>I haven't tried it myself, but I believe there are others that use NAudio in their plugins.</p>\r\n<p>What is the filename that is reported back with the exception?<br />(its sometimes not the file you think it is ;-)</p>\r\n<p>Otherwise you could try putting the assembly in the GAC (just to test it)...?</p>",
    "PostedDate": "2011-03-29T11:43:46.967-07:00",
    "UserRole": null,
    "MarkedAsAnswerDate": null
  },
  {
    "Id": "588531",
    "ThreadId": "247943",
    "Html": "<p>The file is NAudio.dll. I'm not sure how to get the assembly into the GAC - I tried to drag and drop but it wont let me, and when I tried to use gacutil, it said a strongly typed key was not present. I'm having a lot of trouble getting that to work.&nbsp;</p>\r\n<p>I want to step back from that for a minute and ask you how I should get a control on the UI connected to a parameter, such as the Gain parameter in the VSTMidi example. I would like a control, such as a slider bar, to change the value of the Gain parameter. I know you did this in your Delay sample. Can you give me a rundown of how to do it?</p>\r\n<p>Thanks in advance for all of your help!!!</p>\r\n<p>&nbsp;</p>\r\n<p>Jake</p>",
    "PostedDate": "2011-03-29T16:40:17.23-07:00",
    "UserRole": null,
    "MarkedAsAnswerDate": null
  },
  {
    "Id": "588543",
    "ThreadId": "247943",
    "Html": "<p>BTW, i got NAudio added to the GAC, finally!!! IT WORKED!</p>\r\n<p>Thanks!</p>\r\n<p>&nbsp;</p>\r\n<p>Jake</p>",
    "PostedDate": "2011-03-29T18:00:10.817-07:00",
    "UserRole": null,
    "MarkedAsAnswerDate": null
  },
  {
    "Id": "589238",
    "ThreadId": "247943",
    "Html": "<p>Yeah, assemblies in the GAC has to be strong-named assemblies. This means you have to specify a key file in the project properties. The NAudio assemblies should work also if it is deployed in the same folder as you plugin assemblies. Do you also deploy the Core and Framework assemblies locally or are those in the GAC?</p>\r\n<p>The Delay sample does not have any UI. Check the source code against for instance the MidiNoteMapper sample - that has a custom UI, you will not find a UI form in the Delay sample. The UI you see is generated by the host.</p>\r\n<p>Connecting UI to parameters: I have a problem here. I've tried to explain it to you before but apparently I'm not using the right words. ;-) Lets see...<br />You have (say) a slider on the UI. You handle the ValueChanged event. In the ValueChanged event handler you access the VstParameterManager instance you have created (or going to) (refer to the Delay sample how to set that up) for this parameter. Now access the ActiveParameter Property and assign its new value.</p>\r\n<p>Ok, this was the part from the UI 'down' onto the processing logic (layer). Now more info on how to setup the processing logic.</p>\r\n<p>Suppose you have a DSP component that processes the Gain of the audio signal (a simple multiplication of the sample values). It is called from the AudioProcessor on a per-sample basis. The Gain component creates a VstParameterInfo instance in its constructor (or other init method) that contains the correct meta data for that paramater. Then it attaches a VstParameterManager instance and keeps a reference to the manager as a source for the parameter value. Look closely at the Delay sample code, it does exactly this (but with 4 parameters).</p>\r\n<p>(The VstParameterManager manages multiple instances of the same (logical)&nbsp;parameter (info)&nbsp;-when using programs- and retains the previous parameter value when the parameter value has changed (VstParameter.Value). For more info see also <a href=\"http://obiwanjacobi.blogspot.com/2008/05/vstnet-programs-and-parameters.html\">http://obiwanjacobi.blogspot.com/2008/05/vstnet-programs-and-parameters.html</a></p>\r\n<p>All you have to do now is to pass an array of VstParameterManager instances (one for each parameter you whish to control from the UI) to the UI when it starts/opens.</p>\r\n<p>Hope it helps,<br />Marc</p>",
    "PostedDate": "2011-03-30T22:43:54.897-07:00",
    "UserRole": null,
    "MarkedAsAnswerDate": null
  },
  {
    "Id": "590998",
    "ThreadId": "247943",
    "Html": "<p>Okay, I'm in progress with getting the parameters to work. I have another question for you. I am using the VSTHost and am unable to receive any midi input into my program. I copied the code from the MidiNoteMapper into my code and have it running there, and VSTHost seems to think that MIDI input is going into my plugin, but my plugin doesn't recognize that there is any midi input. Do you have any idea about this?</p>\r\n<p>&nbsp;</p>\r\n<p>Thanks so much for all of your help,</p>\r\n<p>Jake</p>",
    "PostedDate": "2011-04-03T13:44:25.813-07:00",
    "UserRole": null,
    "MarkedAsAnswerDate": null
  },
  {
    "Id": "591097",
    "ThreadId": "247943",
    "Html": "<p>Yeah, I always have trouble getting that to work right. Just make sure the ProcessEvents method is called (by setting a breakpoint or enabling trace). If its not called and you can't figure out how to get VSTHost to supply you the midi, I would suggest you ask Hermann.</p>\r\n<p>The VstHost forum:<br /><a href=\"http://forum.hermannseib.com/\">http://forum.hermannseib.com/</a></p>\r\n<p>&nbsp;</p>",
    "PostedDate": "2011-04-03T22:24:53.903-07:00",
    "UserRole": null,
    "MarkedAsAnswerDate": null
  },
  {
    "Id": "592431",
    "ThreadId": "247943",
    "Html": "<p>Marc,</p>\n<p>&nbsp;</p>\n<p>I have been working on trying to understand how to get everything to work, and I am still struggling. To be honest with you, I am coming down to the line (my project is due in less than 2 weeks) and I think I need some more intensive guidance in the right direction.  I was wondering if it would be possible for me to post/email my project to you and/or contact you via Skype or phone and see if you can help me get some basic things working, such as a parameter in the code connected to the UI, getting my AudioProcessor/MidiProcessor  classes set up correctly, and, at the most basic level, helping me get my project set up so that only the classes I need are in the project? I think that one of my problems is that I have so many classes that I am confused as how they fit together. I finally  was able to get the debugging to work, so I am able to see that VSTHost is sending in MIDI events, which is great news. I have no idea how to take those events and convert them to audio, though.</p>\n<p>If necessary, I can compensate you for spending extended time with me. I don't want to take all of your time, as I realize you have a life, too :-) At this point, I'm honestly worried that without some external help I'm not going to be able to get this done  in time to graduate.</p>\n<p>I really, really appreciate any time you can give me.</p>\n<p>I have uploaded the project to RapidShare so that it is easily accessible. And of course, if anyone else who happens to read this that could potentially provide help should feel welcome to download the project and do so. Believe me, it is <strong>very </strong>much appreciated.&nbsp;</p>\n<p><a href=\"http://rapidshare.com/files/456077344/VSTiSimpleSynth.zip\">VSTiSimpleSynth Download</a></p>\n<p>Thanks,</p>\n<p>Jake</p>",
    "PostedDate": "2011-04-05T15:27:23.033-07:00",
    "UserRole": null,
    "MarkedAsAnswerDate": null
  },
  {
    "Id": "592584",
    "ThreadId": "247943",
    "Html": "<p>Hi Jake,<br /><br />I'm sorry, but I just dont have the time to help you with that. I have taken a look at your code however and I can give you the following pointers:<br /><br />- PluginCommandStub: you dont need to override the parameter methods. The idea is that the framework handles that and calls your implementation of IVstPluginParameters. The way things were setup in the VS template (assuming you used that) is that all parameter changes would be routed to the correct VstParameter instance. The VstParameterManager instances that are created in the Gain and Transpose Dmp components will reflect these parameter values.<br /><br />- Pass the VstParameterManager instances to your UI (via IVstPluginEditor). Once you do that you can call VstParameterManager.ActiveParameter.Value = newValue in for instance the attackPot_ValueChanged &nbsp;event handler. It is really as simple as that.<br /><br />- RefreshRoutine: You cannot call UI controls on a different thread (other than the thread they were created on).&nbsp;Make these calls indirectly using Invoke. You should not need a separate thread.&nbsp;Instead use the IVstPluginEditor.Idle method to call the refresh routine. Also you can use the PropertyChanged events&nbsp;that are generated by each VstParameterManager for each parameter. Make sure you check for re-entrance when changing the paramaeter yourself.&nbsp;<br /><br />Hope it helps,<br />Marc&nbsp;</p>",
    "PostedDate": "2011-04-06T00:33:51.563-07:00",
    "UserRole": null,
    "MarkedAsAnswerDate": null
  },
  {
    "Id": "592798",
    "ThreadId": "247943",
    "Html": "<p>VSTPlayback is not needed in this project. It is a class I wrote to pass audio to a waveout device. In a VstPlugin context, the host is responsible for audio playback.</p>\n<p>VSTStream can also be ditched.</p>\n<p>If I were you I would tackle synthesis in a straightforward way.</p>\n<p>For example:</p>\n<p>Have the 'amplitude' of the sinewave in Process set to 0 and change it to 1 when you receive a midi note start in processevent, then set it back to 0 when you receive a midi note stop.</p>\n<p>Adding a delay/linear progression to this amplitude change with a counter of samples processed would provide a crude enveloppe.</p>\n<p>Change the 'frequency' of the sinewave in Process according to the pitch of the midi note start in processevent.</p>\n<p>Generate and mix multiple SineWave that have a harmonic relationship interval together and transpose the frequency of all sines linearly according to the pitch of midi note start in processevent.</p>\n<p>Have the relationship interval configurable in the parameters and you get a basic additive synth.</p>\n<p>The master volume control is the easiest part, just multiply amplitude by a value of [0, 1] linked to a parameter.</p>\n<p>&nbsp;</p>\n<p>I'm also short on time to help you with specific implementation details but if you have clear goals, timeline and budget...</p>",
    "PostedDate": "2011-04-06T07:32:35.023-07:00",
    "UserRole": null,
    "MarkedAsAnswerDate": null
  },
  {
    "Id": "593197",
    "ThreadId": "247943",
    "Html": "<p>&gt; [...] I have so many classes that I am confused as how they fit together.</p>\n<p>- Try right click -&gt; find reference on class names in the IDE. If the class has no reference than it's&nbsp;probably useless/unfinished. &nbsp;I've just counted the class in my VstHost solutions and discovered I have&nbsp;~1000 class. Pretty easy to manage if you sort classes in solution folders.</p>\n<p>Yury</p>",
    "PostedDate": "2011-04-06T17:00:27.053-07:00",
    "UserRole": null,
    "MarkedAsAnswerDate": null
  },
  {
    "Id": "593515",
    "ThreadId": "247943",
    "Html": "<p>Wait, 1000 classes? That's crazy. Okay, I will look to see if I have extra classes I don't need. I am going to try to get my process method working in the way you described, Yury. If that would work in that manner, I would be very happy.<br /> <br /> Marc, I am going to go back in and try to get my parameters working today. This explanation rocks - I definitely feel like I understand it better.<br /> <br /> I will keep you guys updated, and I will also provide a link to updated code today.<br /> <br /> Thank you both for all of your help!!<br /> <br /> Jake</p>",
    "PostedDate": "2011-04-07T06:51:11.31-07:00",
    "UserRole": null,
    "MarkedAsAnswerDate": null
  },
  {
    "Id": "594317",
    "ThreadId": "247943",
    "Html": "<p>Jake,</p>\r\n<p>Drop me an email at obiwanjacobi at hotmail dot com.</p>\r\n<p>I've got something for you ;-)</p>",
    "PostedDate": "2011-04-08T10:41:55.253-07:00",
    "UserRole": null,
    "MarkedAsAnswerDate": null
  },
  {
    "Id": "594327",
    "ThreadId": "247943",
    "Html": "<p>I sent you an email!</p>\n<p>Thanks,</p>\n<p>Jake</p>",
    "PostedDate": "2011-04-08T11:00:06.727-07:00",
    "UserRole": null,
    "MarkedAsAnswerDate": null
  },
  {
    "Id": "594525",
    "ThreadId": "247943",
    "Html": "<p>Check your mail ;-)</p>\r\n<p>It is excatly what you asked for (I think ;-)</p>\r\n<p>For other who like to see an example of how to implement parameter value manipulation thru a custom Editor UI: It will be in the next release of the VS Templates. If you can't wait: send me an email (see address above) ;-)</p>\r\n<p>Hope it helps,<br />Marc</p>",
    "PostedDate": "2011-04-09T01:24:45.63-07:00",
    "UserRole": null,
    "MarkedAsAnswerDate": null
  },
  {
    "Id": "594779",
    "ThreadId": "247943",
    "Html": "<p>Marc,</p>\r\n<p>This is awesome - just what I was looking for!! Thank you so much. I will have an updated project available for examination soon.</p>\r\n<p>I appreciate your help and your time very much.</p>\r\n<p>Jake</p>",
    "PostedDate": "2011-04-09T18:55:38.93-07:00",
    "UserRole": null,
    "MarkedAsAnswerDate": null
  },
  {
    "Id": "594882",
    "ThreadId": "247943",
    "Html": "<p>Marc,</p>\r\n<p>I sent you an email last night looking for some additional help.</p>\r\n<p>Thanks,</p>\r\n<p>Jake</p>",
    "PostedDate": "2011-04-10T07:13:31.58-07:00",
    "UserRole": null,
    "MarkedAsAnswerDate": null
  },
  {
    "Id": "598198",
    "ThreadId": "247943",
    "Html": "<p>Marc,</p>\r\n<p>&nbsp;</p>\r\n<p>Thanks a lot for that example of hooking up parameters to the UI! I've got it working so that when you change a parameter in the host it moves a knob in my UI but I can't seem to get it working the other way around. When I move a knob on my UI it calls this function:</p>\r\n<p>&nbsp;</p>\r\n<p>&nbsp;&nbsp;&nbsp;&nbsp;&nbsp;&nbsp;&nbsp; private void lbKnob_KnobChangeValue(object sender, LBSoft.IndustrialCtrls.Knobs.LBKnobEventArgs e) {<br />&nbsp;&nbsp;&nbsp;&nbsp;&nbsp;&nbsp;&nbsp;&nbsp;&nbsp;&nbsp;&nbsp; var knob = (LBKnob)sender;<br />&nbsp;&nbsp;&nbsp;&nbsp;&nbsp;&nbsp;&nbsp;&nbsp;&nbsp;&nbsp;&nbsp; var paramMgr = (VstParameterManager)knob.Tag;<br /><br />&nbsp;&nbsp;&nbsp;&nbsp;&nbsp;&nbsp;&nbsp;&nbsp;&nbsp;&nbsp;&nbsp; paramMgr.ActiveParameter.Value = knob.Value;<br />&nbsp;&nbsp;&nbsp;&nbsp;&nbsp;&nbsp;&nbsp; }</p>\r\n<p>&nbsp;</p>\r\n<p>I can verify that the function is successfully setting the value of the parameter but that value in not reflected in the host. e.g. the parameters sliders in the host don't move. Do you have any idea what could be causing this?</p>\r\n<p>&nbsp;</p>\r\n<p>Thanks</p>\r\n<p>Rob</p>",
    "PostedDate": "2011-04-15T13:33:00.15-07:00",
    "UserRole": null,
    "MarkedAsAnswerDate": null
  },
  {
    "Id": "598345",
    "ThreadId": "247943",
    "Html": "Hi Rob,<br>\r\n<br>\r\nCould you please post your question on the discussion list? <a href=\"http://vstnet.codeplex.com/discussions\">\r\nhttp://vstnet.codeplex.com/discussions</a><br>\r\n<br>\r\nI am going to answer your question, I just want every one to be able to read the answer. Saves me from having to answer each question more than once (at least, thats the theory ;-).<br>\r\n<br>\r\nThanx,<br>\r\nMarc<br>\r\n<br>\r\nBTW:The sample you got from me is now available in source control (Support) and will (with the next release) be available as the Audio plugin VS project template.<br>\r\n<br>\r\n<br>\r\n<hr id=\"x_x_stopSpelling\">\r\nFrom: [email removed]<br>\r\nTo: [email removed]<br>\r\nDate: Fri, 15 Apr 2011 13:33:08 -0700<br>\r\nSubject: Re: Beginner to VST developing a Synth [vstnet:247943]<br>\r\n<br>\r\nFrom: robcheese<br>\r\n<div id=\"x_x_ecxThreadNotificationPostBody\">Marc,<br>\r\n<br>\r\nThanks a lot for that example of hooking up parameters to the UI! I've got it working so that when you change a parameter in the host it moves a knob in my UI but I can't seem to get it working the other way around. When I move a knob on my UI it calls this\r\n function:<br>\r\n<br>\r\nprivate void lbKnob_KnobChangeValue(object sender, LBSoft.IndustrialCtrls.Knobs.LBKnobEventArgs e) {<br>\r\nvar knob = (LBKnob)sender;<br>\r\nvar paramMgr = (VstParameterManager)knob.Tag;<br>\r\n<br>\r\nparamMgr.ActiveParameter.Value = knob.Value;<br>\r\n}<br>\r\n<br>\r\nI can verify that the function is successfully setting the value of the parameter but that value in not reflected in the host. e.g. the parameters sliders in the host don't move. Do you have any idea what could be causing this?<br>\r\n<br>\r\nThanks<br>\r\nRob<br>\r\n</div>\r\n<div id=\"x_x_ecxThreadNotificationFooter\">Read the <a href=\"http://vstnet.codeplex.com/discussions/247943#post598198\" target=\"_blank\">\r\nfull discussion online</a>.<br>\r\nTo add a post to this discussion, reply to this email (<a href=\"mailto:vstnet@discussions.codeplex.com?subject=[vstnet:247943]\">vstnet@discussions.codeplex.com</a>)<br>\r\nTo start a new discussion for this project, email <a href=\"mailto:vstnet@discussions.codeplex.com\">\r\nvstnet@discussions.codeplex.com</a><br>\r\nYou are receiving this email because you subscribed to this discussion on CodePlex. You can\r\n<a href=\"https://vstnet.codeplex.com/subscriptions/thread/project/edit\" target=\"_blank\">\r\nunsubscribe or change your settings</a> on codePlex.com.<br>\r\nPlease note: Images and attachments will be removed from emails. Any posts to this discussion will also be available online at codeplex.com<br>\r\n</div>\r\n",
    "PostedDate": "2011-04-16T01:22:48.023-07:00",
    "UserRole": null,
    "MarkedAsAnswerDate": null
  }
]