[
  {
    "Id": "1310462",
    "ThreadId": "569012",
    "Html": "Hi, <br />\nI download code from &quot;Source code&quot; section (zip file) but it doesn't work with VS2012.<br />\nError is:<br />\n<pre><code>2   Source file '..\\..\\..\\..\\..\\..\\_AssemblyInfo\\AssemblyInfo.General.cs' could not be found    C:\\Source\\Samples\\Jacobi.Vst.Samples.CorePlugin\\CSC Jacobi.Vst.Samples.CorePlugin.Clr4\n</code></pre>\n\nBye.<br />\n",
    "PostedDate": "2014-10-04T06:57:26.563-07:00",
    "UserRole": null,
    "MarkedAsAnswerDate": null
  },
  {
    "Id": "1310470",
    "ThreadId": "569012",
    "Html": "Please read: <a href=\"https://vstnet.codeplex.com/wikipage?title=Building%20the%20Source%20Code\" rel=\"nofollow\">https://vstnet.codeplex.com/wikipage?title=Building%20the%20Source%20Code</a><br />\n",
    "PostedDate": "2014-10-04T07:45:24.63-07:00",
    "UserRole": null,
    "MarkedAsAnswerDate": null
  },
  {
    "Id": "1310552",
    "ThreadId": "569012",
    "Html": "Yes obiwanjacobi,<br />\ni mananaged your code to compile and now i have all dlls in my path.<br />\nBut i've this:<br />\nC:\\Users\\Pasquale\\Documents\\Visual Studio 2012\\Projects\\vstnet\\Source\\Samples\\Jacobi.Vst.Samples.Delay\\bin\\Debug\\Jacobi.Vst.Samples.Delay.dll' has no exported 'VSTPluginMain' or 'main' function<br />\n<br />\nOh...to load plugin dll, under my windows 8 64 bit, i need to add this lines <br />\n&lt;runtime&gt;<br />\n<pre><code>    &lt;loadFromRemoteSources enabled=&quot;true&quot;/&gt;</code></pre>\n\n&lt;/runtime&gt;<br />\n<br />\nto Jacobi.Vst.Samples.Host.exe.config .<br />\n<br />\nI'm compiling clr4 version.<br />\n",
    "PostedDate": "2014-10-05T01:12:30.757-07:00",
    "UserRole": null,
    "MarkedAsAnswerDate": null
  },
  {
    "Id": "1310554",
    "ThreadId": "569012",
    "Html": "I'm running windows 8 64 bit on a dev machine with loadfromremotesources disabled.\r<br />\nShouldn't be required as far as I know. Vst aren't meaned to be loaded in a locked down environment.<br />\n",
    "PostedDate": "2014-10-05T01:45:21.653-07:00",
    "UserRole": null,
    "MarkedAsAnswerDate": null
  },
  {
    "Id": "1310555",
    "ThreadId": "569012",
    "Html": "Doesn't have no exported main function means you're trying to run the DLL as an executable inside Visual Studio?<br />\nIf that's the case you should compile the DLL and then load the Vst in a Vst host, presumably outside Visual Studio..<br />\n",
    "PostedDate": "2014-10-05T01:52:20.543-07:00",
    "UserRole": null,
    "MarkedAsAnswerDate": null
  },
  {
    "Id": "1310557",
    "ThreadId": "569012",
    "Html": "please read: <a href=\"https://vstnet.codeplex.com/wikipage?title=Using%20VST.NET\" rel=\"nofollow\">https://vstnet.codeplex.com/wikipage?title=Using%20VST.NET</a><br />\n",
    "PostedDate": "2014-10-05T03:01:25.32-07:00",
    "UserRole": null,
    "MarkedAsAnswerDate": null
  },
  {
    "Id": "1310567",
    "ThreadId": "569012",
    "Html": "<strong>obiwanjacobi wrote:</strong><br />\n<blockquote>\nplease read: <a href=\"https://vstnet.codeplex.com/wikipage?title=Using%20VST.NET\" rel=\"nofollow\">https://vstnet.codeplex.com/wikipage?title=Using%20VST.NET</a><br />\n</blockquote>\nMany many thanks...it works!<br />\n",
    "PostedDate": "2014-10-05T05:21:40.743-07:00",
    "UserRole": null,
    "MarkedAsAnswerDate": null
  }
]