[
  {
    "Id": "1241322",
    "ThreadId": "544255",
    "Html": "Hello,\r<br />\n<br />\nI am totally new to VST plugins so sorry if this question was already answered on this discussion channel but if I do not know what to exactly look for I cannot find it easily.\r<br />\n<br />\nI need to use AGC plugin (<a href=\"http://www.meldaproduction.com/plugins/product.php?id=MAutoVolume\" rel=\"nofollow\">http://www.meldaproduction.com/plugins/product.php?id=MAutoVolume</a>) in a C# app. As I have mentioned I do not have much knowledge about VST plugins and standard. I do not know how to use VST.NET to load plugin and process some audio data. For recording and playing I use NAudio. I tried to get through the code in a samples but not knowing VST idea it is hard to understand for me.\r<br />\n<br />\nCan anyone help me explaining what to do or sending some really basic code how to load plugins and process some data. My goal is to record voice with Auto Gain Control filter. My friend for whom I am writing this code wants the one above as he claims that it give very good results out of the box.\r<br />\n<br />\nThanks in advance.\r<br />\n<br />\nRegards,\r<br />\nBartek<br />\n",
    "PostedDate": "2014-05-04T13:59:01.497-07:00",
    "UserRole": null,
    "MarkedAsAnswerDate": null
  },
  {
    "Id": "1241396",
    "ThreadId": "544255",
    "Html": "Hi Bartek,\r<br />\n<br />\nTake a look at the Host Sample. It is not a real working audio app but it does show you how to make the basic calls to a plugin.\r<br />\n<a href=\"https://vstnet.codeplex.com/SourceControl/latest#Source/Samples/Jacobi.Vst.Samples.Host/MainForm.cs\" rel=\"nofollow\">https://vstnet.codeplex.com/SourceControl/latest#Source/Samples/Jacobi.Vst.Samples.Host/MainForm.cs</a>\r<br />\n<br />\nWriting a VST.NET host is not the easiest thing it would be a good idea to get acquainted with host-plugin interaction some more.\r<br />\nNote that the representation of an audio sample in VST(.NET) float[-1,1] is different than the representation in NAudio (Int16-interleaved). There is a thread in this discussion list about that (search for NAudio).\r<br />\n<br />\nThere are one or two VST.NET users that also have made host applications. Perhaps they could help you some more...\r<br />\n<br />\nGood luck,\r<br />\nMarc<br />\n",
    "PostedDate": "2014-05-04T22:54:33.77-07:00",
    "UserRole": null,
    "MarkedAsAnswerDate": null
  },
  {
    "Id": "1241412",
    "ThreadId": "544255",
    "Html": "Hey Bartek,\r<br />\n<br />\nthe most basic way to load and display a VST plugin is:<br />\n<pre><code>            HostCommandStub cmdstub = new HostCommandStub(); //Code for this class is in the VSTHost Sample code\n            cont = VstPluginContext.Create(&quot;C:\\\\Path\\\\To\\\\Plugin.dll&quot;, cmdstub);\n            Rectangle rect = new Rectangle();\n            cont.PluginCommandStub.Open();\n            cont.PluginCommandStub.EditorOpen(this.Handle); //I have this code in a Form so i display the plugin directly inside it</code></pre>\n\nTwo Threads about Naudio and Sound processing are <a href=\"https://vstnet.codeplex.com/discussions/228692\" rel=\"nofollow\">https://vstnet.codeplex.com/discussions/228692</a> and <a href=\"http://vstnet.codeplex.com/discussions/544000\" rel=\"nofollow\">http://vstnet.codeplex.com/discussions/544000</a> . The last one being my one and it is still open as i couldn't figure it out yet though you might from the replies from Marc and Yuri.\r<br />\n<br />\nRegards,\r<br />\nM R<br />\n",
    "PostedDate": "2014-05-05T00:11:47.377-07:00",
    "UserRole": null,
    "MarkedAsAnswerDate": null
  },
  {
    "Id": "1241427",
    "ThreadId": "544255",
    "Html": "To elaborate: the HostCommandStub is the connection between one (or more) plugins and the host. The code in the sample is NOT representative of how you would implement that. Each plugin has several methods it can call to reach the host. These method calls end up on the HostCommandStub. It is up to the host app how to handle these calls.\r<br />\n<br />\n[2c]\r<br />\nMarc<br />\n",
    "PostedDate": "2014-05-05T01:12:28.873-07:00",
    "UserRole": null,
    "MarkedAsAnswerDate": null
  }
]