[
  {
    "Id": "497952",
    "ThreadId": "228436",
    "Html": "<p>I couldn't use any of example plugins (not to mention my own ones). I tried some hosts including FL Studio and Adobe Audition, but with no luck. Everything tells almost nothing when I try to load a plugin and hosts are just freezing when I try to close them. The only thing to mention is FL's rare &ldquo;Internal exception 0x_SOMETHING_&rdquo;. I checked if it's missing VS2008 redistributables but all DLL dependencies are ok. What's wrong?</p>",
    "PostedDate": "2010-09-24T01:38:00.037-07:00",
    "UserRole": null,
    "MarkedAsAnswerDate": null
  },
  {
    "Id": "498051",
    "ThreadId": "228436",
    "Html": "<p>Hello!</p>\r\n<p>Tried with other win OS (XP)? In fact I don't see any reason why this thing (vst.net by itself) would not run with W7. Get the latest source code (vstnet-48968) compile it, type correct probe paths (in config files) and it should work... Well... at least it works on my comp (cubase, wave lab, vst host). The only problem with w7 (and vista also) might be security policy -&nbsp;user is not welcome to do&nbsp;much things&nbsp;in C:\\Program Files\\Steinberg\\Vstplugins or any other&nbsp;reserved folder.</p>\r\n<p>Common&nbsp;daw's check all plugins in plugin folder (by opening each one) on each start. So, if some of them is ustable or defect it might also affect or crash the host. Hope it helps.</p>\r\n<p>&nbsp;Regards, kasaudio</p>",
    "PostedDate": "2010-09-24T06:17:32.843-07:00",
    "UserRole": null,
    "MarkedAsAnswerDate": null
  },
  {
    "Id": "498528",
    "ThreadId": "228436",
    "Html": "<p>Not sure whats wrong. I never tried that scenario before.</p>\r\n<p>As soon&nbsp;as I know more, I will let you know.</p>",
    "PostedDate": "2010-09-26T02:39:07.64-07:00",
    "UserRole": null,
    "MarkedAsAnswerDate": null
  },
  {
    "Id": "501301",
    "ThreadId": "228436",
    "Html": "<p>I don't know about the plugins but my Vst.Net host works on Windows 7 64 bit when I set compile target to x86 32 bits.</p>",
    "PostedDate": "2010-10-01T17:15:57.567-07:00",
    "UserRole": null,
    "MarkedAsAnswerDate": null
  }
]