[
  {
    "Id": "853221",
    "ThreadId": "360823",
    "Html": "\r\n<p>Hi there!</p>\r\n<p><br>\r\nMy name's Giacomo, and I'm looking forward to do some VST programming.</p>\r\n<p>I would like to ask you a question: do you know if it is possibile to develop a program to read plugins values? I mean.. you start a DAW session, load some plugins and then.. from an external program read the values of those plugins.</p>\r\n<p>I thank you in advance :)</p>\r\n<p>G.</p>\r\n",
    "PostedDate": "2012-06-25T07:42:40.18-07:00",
    "UserRole": null,
    "MarkedAsAnswerDate": null
  },
  {
    "Id": "854451",
    "ThreadId": "360823",
    "Html": "<p>If you build your own host, yes it is possible.</p>\r\n<p>Any existing host must have some sort of API exposed to do what you ask. I never heard of such an API. So my answer would be, No.</p>\r\n<p>&nbsp;</p>\r\n<p>What are trying to&nbsp;accomplish?</p>",
    "PostedDate": "2012-06-27T09:33:12.843-07:00",
    "UserRole": null,
    "MarkedAsAnswerDate": null
  }
]