[
  {
    "Id": "100843",
    "ThreadId": "30279",
    "Html": "Hi there. I'm interested in making&nbsp;both PC and Mac&nbsp;VSTs. I think you mentioned something about needing a compiler that can work with .NET managed code. Do you think the Mono project would be able to do that? Here's what it says on Wikipedia about this issue: <br>\r\n<br>\r\nWithin a native .NET/Mono application, all code is <a title=\"Managed code\" href=\"http://en.wikipedia.org/wiki/Managed_code\">managed</a>; that is, it is governed by the CLI's style of memory management and thread safety. Other .NET or Mono applications can use legacy code, which is referred to as unmanaged, by using the System.Runtime.InteropServices libraries to create C# bindings. Many libraries which ship with Mono use this feature of the CLI, such as Gtk#.<br>\r\n<br>\r\nThanks,<br>\r\nAnthony\r\n",
    "PostedDate": "2008-06-25T11:16:36.123-07:00",
    "UserRole": null,
    "MarkedAsAnswerDate": null
  },
  {
    "Id": "100936",
    "ThreadId": "30279",
    "Html": "The problem is that VST.NET uses the managed extensions of the Microsoft C++ compiler. If you would want to compile for the Mac you need to have a 'Mac' C++ compiler that also supports some form of managed extensions. <br>\r\nThe System.Runtime.InertopServices do not refer to a compiler but to the P/Invoke services that .NET provide. Typically P/Invoke is used to <strong>call</strong> unmanged code. But a VST plugin must <strong>implement</strong> unmanaged code, for it is called over a C/C++ interface that uses function pointers and messages/opcodes. So P/Invoke is quite useless in the VST Plugin scenario (not to mention that its performance is sub-optimal ;-).<br>\r\n<br>\r\nSo,&nbsp;until you find a 'Mac' compiler that can output mixed assemblies (unmanaged C/C++ and managed code in one assembly) VST.NET is Windows only.\r\n",
    "PostedDate": "2008-06-25T22:34:53.733-07:00",
    "UserRole": null,
    "MarkedAsAnswerDate": null
  }
]