[
  {
    "Id": "100274",
    "ThreadId": "30097",
    "Html": "<p>This is a great work! I'm really please about this framework, as i want to developp some C# synth...<br>\r\nI'm working with Mark Heath, that manages the <a href=\"http://www.codeplex.com/naudio\">NAudio project</a> on codeplex, and we would like in a near future to be able to plug your VST frameworks in order to 1) be able to act as a host and redirect VST processing to soundcard, and 2) be able to embed VST plugins for effects...<br>\r\n<br>\r\nI have also a question / suggestion. I read that &quot;The Jacobi.Vst.Core and Jacobi.Vst.Framework dlls should be installed in the Global Assembly Cache (GAC)&quot;.<br>\r\nShould it be possible to add a ResolveHandler in the Interop code so that these assemblies could be loaded from the same folder than the VST (in case they are not in the GAC)?<br>\r\nThe reason is that sometimes, you don't want to install any assemblies on the GAC of the machine.<br>\r\n<br>\r\nIn a C# VST i did sometimes ago, i just added the following ugly code to load anykind of assembly from the same VST dll folder. It would be great to have such a feature</p>\r\n<p>Thanks for your work. This project is going to be really helpful and open new perspectives for Audio .NET developpers!</p>\r\n<p>Alexandre</p>\r\n//-------------------------------------------------------------------------------------------------------<br>\r\nstatic System::Reflection::Assembly^ MyResolveEventHandler( System::Object^ sender, System::ResolveEventArgs^ args ) {<br>\r\n&nbsp;&nbsp; &nbsp;char fileName[MAX_PATH];<br>\r\n&nbsp;&nbsp; &nbsp;char assemblyFileName[MAX_PATH];<br>\r\n&nbsp;&nbsp; &nbsp;GetModuleHandleEx(GET_MODULE_HANDLE_EX_FLAG_FROM_ADDRESS, (LPCTSTR)&amp;g_hInstance, &amp;g_hInstance);<br>\r\n&nbsp;&nbsp; &nbsp;DWORD nameSize = GetModuleFileName(g_hInstance,fileName,MAX_PATH);<br>\r\n&nbsp;&nbsp; &nbsp;while (nameSize &gt; 0 &amp;&amp; fileName[nameSize] != '\\\\') {<br>\r\n&nbsp;&nbsp; &nbsp;&nbsp;&nbsp;&nbsp; nameSize--;<br>\r\n&nbsp;&nbsp; &nbsp;}<br>\r\n<br>\r\n&nbsp;&nbsp; &nbsp;cli::array&lt;System::String^&gt;^ assemblyNames = args-&gt;Name-&gt;Split(',');<br>\r\n<br>\r\n&nbsp;&nbsp; &nbsp;System::String^ assemblyFileNameStr = assemblyNames[0];<br>\r\n&nbsp;&nbsp; &nbsp;assemblyFileNameStr += &quot;.dll&quot;;<br>\r\n<br>\r\n&nbsp;&nbsp; &nbsp;// Convert Assembly Name to char and append directory<br>\r\n&nbsp;&nbsp; &nbsp;const char* fileStr = (const char*)(System::Runtime::InteropServices::Marshal::StringToHGlobalAnsi(assemblyFileNameStr)).ToPointer();<br>\r\n&nbsp;&nbsp; &nbsp;assemblyFileName[0] = 0;<br>\r\n&nbsp;&nbsp; &nbsp;int len = strlen(fileStr);<br>\r\n&nbsp;&nbsp; &nbsp;strncpy(assemblyFileName,fileName,nameSize+1);<br>\r\n&nbsp;&nbsp; &nbsp;strncpy(assemblyFileName + nameSize+1, fileStr, len);<br>\r\n&nbsp;&nbsp; &nbsp;assemblyFileName[nameSize+1+len] = 0;<br>\r\n&nbsp;&nbsp; &nbsp;// Do what you want with FileStr<br>\r\n&nbsp;&nbsp; &nbsp;System::Runtime::InteropServices::Marshal::FreeHGlobal(System::IntPtr((void*)fileStr));<br>\r\n&nbsp;&nbsp; &nbsp;<br>\r\n&nbsp;&nbsp; &nbsp;assemblyFileNameStr = gcnew System::String((const char*)assemblyFileName);<br>\r\n&nbsp;&nbsp; &nbsp;System::Reflection::Assembly^ loaded = System::Reflection::Assembly::LoadFile(assemblyFileNameStr);<br>\r\n&nbsp;&nbsp; &nbsp;return loaded;<br>\r\n}<br>\r\n<br>\r\nAudioEffect* createEffectInstance (audioMasterCallback audioMaster)<br>\r\n{<br>\r\n<br>\r\n&nbsp;&nbsp; &nbsp;System::AppDomain^ currentDomain = System::AppDomain::CurrentDomain;<br>\r\n&nbsp;&nbsp; &nbsp;currentDomain-&gt;AssemblyResolve += gcnew System::ResolveEventHandler( MyResolveEventHandler );<br>\r\n<br>\r\n&nbsp;&nbsp; &nbsp;return new VstXSynth (audioMaster);<br>\r\n}\r\n",
    "PostedDate": "2008-06-22T22:45:59.757-07:00",
    "UserRole": null,
    "MarkedAsAnswerDate": null
  },
  {
    "Id": "100287",
    "ThreadId": "30097",
    "Html": "<p>Thanks!<br>\r\nVst Host functionality is something I want to build later. The reason why I started this is because I need the plugin support for my own project(s). I also have a project on my todo list that would require a VST host and that would be the time for me to dive into vst host functionality. I have no experience in VST hosts and I sort of understand what they are supposed to do, but not enough to make decissions about code structure (interface defs and class hierarchies). I'm sorry for what must be a disappointing answer but my time is limited and otherwise I never get my project off the ground.</p>\r\n<p>I think the default loading sequence of .NET of locating and loading assemblies is such that you don't need to do anything special to work with the Core and Framework assemblies in a local folder. The reason why I documented that these 'should' go into the GAC is for reuse: when you have mulitple plugins that all use the same version of VST.NET. So I make sure that these assemblies are strong-named and appropriatly versioned, just in case you do want to put them into the GAC. But I think you dont have to, although I have not tested it myself (yet). If this doesn't work by default I will consider your suggestion of resolving the assemblies manually.<br>\r\n<br>\r\nThanks for your support and I hope you will share any bugs or feature requests you might find/need. Go over to the Issue Tracker (next tab) to create items for bugs or feature requests and get people to vote on them. I aim to get all bugs out of the code - so one vote should be enough ;-).</p>\r\n<p>Grtx,<br>\r\nMarc Jacobi</p>\r\n",
    "PostedDate": "2008-06-23T00:11:59.28-07:00",
    "UserRole": null,
    "MarkedAsAnswerDate": null
  },
  {
    "Id": "100302",
    "ThreadId": "30097",
    "Html": "<em>&gt;&gt;Vst Host functionality is something I want to build later. </em><br>\r\nSupporting VST Plugin is much more important for now. VST Host will be a nice feature, but this is not currently a priority, so don’t worry, this is not a disappointing answer (i would better say encouraging). ;)<br>\r\n<br>\r\n<em>&gt;&gt; I think the default loading sequence of .NET of locating and loading assemblies is such that you don't need to do anything special to work with the Core and Framework assemblies in a local folder.</em><br>\r\nYou are right… don’t know why I was not enable to have this default loading with my VSTNetPlugin… perhaps VST.NET doesn’t have this problem (I have to admit that I haven’t tested it yet, but I’ll do it very soon!)<br>\r\n<br>\r\nGreetings,<br>\r\nAlexandre\r\n",
    "PostedDate": "2008-06-23T01:42:32.99-07:00",
    "UserRole": null,
    "MarkedAsAnswerDate": null
  }
]