[
  {
    "Id": "1308139",
    "ThreadId": "568375",
    "Html": "Hello,\r<br />\n<br />\ni'm sorry that i'm asking so many questions but i just stumbled over a weird behaviour in my self written vst host and i can't figure out what's wrong.\r<br />\nIn my c# which currently gets compiled to 32 bit has references to the CLR4 x86 VST.NET dlls. This setup worked fine for pretty much all plugins i opened in the host. \r<br />\nNow i downloaded Tone2's FireBird2 Synthesizer plugin and immediately tried it in Hermann Seib's VST Host. There it worked fine, no problem at all.\r<br />\nAfter that i tried to open it in my own Vst Host but got an Error when creating the VSTPluginContext object for it saying &quot;....\\FireBird.dll&quot; failed to load. (Well at first it said MissingResourceManifestException but then i downloaded the 1.1 version of VST.Net)\r<br />\nMy first guess was that maybe it is a 64 bit plugin and can not be opened in a 32 bit host so i changed the References in my project to the x64 dlls and switched the build configuration of the project to x86. The result was that now no plugin would open. All of them give me failed to load even the FireBird.dll.\r<br />\n<br />\nI'm guessing that you probably won't be able to directly point me towards the solution but i would like to know where i could look for the problem or what i could try.\r<br />\nMaybe i just did something wrong when changing to 64 bit. Can 32 bit plugins be opened in 64 bit and the other way around?\r<br />\n<br />\nSorry for answering so (probably) stupid questions but i just can't wrap my head around it.<br />\n",
    "PostedDate": "2014-09-25T10:56:28.453-07:00",
    "UserRole": null,
    "MarkedAsAnswerDate": null
  },
  {
    "Id": "1308239",
    "ThreadId": "568375",
    "Html": "32 bits and 64 bits cannot be mixed, no exceptions but the any cpu setting is kind of an oddity of the DotNet framework.\r<br />\nSetting the solution build configuration is not enough, you need to edit the build configuration to ensure EVERY project in your solution is matching the solution configuration choosen.\r<br />\nYou can't use x64 reference in a well configured x86 programs as you said you did, it will not link properly and crash with dynamic dll loading.\r<br />\nMy guess is that your main project has an any cpu configuration in the x86/x64 solution build configuration.\r<br />\nVst.Net rely on the native vst library, native doesn't support any cpu configuration, so make sure none of your project has this configuration.\r<br />\n<br />\nBesides that I had the missing manifest error you mentionned when loading some plugins, it is an error in Vst.Net. It occurs when it tries to load it's resx file to display an error message to indicate that it couldn't load a plugin. It was a hard one to debug, I did find a workaround though. It doesn't occur on release build run outside Visual Studio. Also I try to load every plugin 2 times before declaring a fail, some plugins throw an exception the first time but loads on the second try, dunno why,<br />\n",
    "PostedDate": "2014-09-25T19:57:28.71-07:00",
    "UserRole": null,
    "MarkedAsAnswerDate": null
  },
  {
    "Id": "1308697",
    "ThreadId": "568375",
    "Html": "Thank you Yury. That explains a lot. \r<br />\nEven though it says on the web that Firebird 2 comes with a x86 and a x64 vst it seems like I only have the 64 one.\r<br />\nFortunately i found a workaround where i use the Legree plugin to integrate Hermann Seib's vst host as a slave of the plugin and then host Firbird inside the slave host. This seems to work but it doesn't seem like the best idea. I don't get any problem with it for now but i feel like performance might be an issue further down the line. Is there any other way to &quot;wrap&quot; a 64 bit plugin somehow so that i can host it in 32? Like a wrapper plugin or something?\r<br />\nIf not i'm gonna stick to the slave host solution for now.<br />\n",
    "PostedDate": "2014-09-28T03:49:11.88-07:00",
    "UserRole": null,
    "MarkedAsAnswerDate": null
  },
  {
    "Id": "1308706",
    "ThreadId": "568375",
    "Html": "The only way to do this would be through inter-process communication (IPC) since the two process architecture are incompatible. That means you have two vst host of different architecture communicating with each other.<br />\n<a href=\"http://en.wikipedia.org/wiki/Inter-process_communication\" rel=\"nofollow\">http://en.wikipedia.org/wiki/Inter-process_communication</a><br />\n<br />\nOf all the methods available, shared memory is the only one I'd consider for real-time audio processing. Latency and stability are the main hurdles to overcome.<br />\n",
    "PostedDate": "2014-09-28T05:03:00.407-07:00",
    "UserRole": null,
    "MarkedAsAnswerDate": null
  },
  {
    "Id": "1308707",
    "ThreadId": "568375",
    "Html": "Did a quick search on 'ipc vst' and jBridge popped up, seems to do what you want. I think IPC in real time systems is a kludge but it might work well enough for you.<br />\n",
    "PostedDate": "2014-09-28T05:12:03.56-07:00",
    "UserRole": null,
    "MarkedAsAnswerDate": null
  },
  {
    "Id": "1310901",
    "ThreadId": "568375",
    "Html": "Sry for not posting in quite a while. I didn't had much time to work on this topic.\r<br />\nThank you for the hint to JBridge. I will totally check it out if using the host slave is hitting my performance too hard.<br />\n",
    "PostedDate": "2014-10-06T13:05:35.063-07:00",
    "UserRole": null,
    "MarkedAsAnswerDate": null
  }
]