[
  {
    "Id": "236627",
    "ThreadId": "69530",
    "Html": "<p>Although I am not a programmer, my co-conspirator and I began using VST.NET last night,</p>\r\n<p>He is a professional coder and was quite excited by the idea of being able to use .net to make plug-ins.</p>\r\n<p>I myself am responsible for the design, DSP and such.</p>\r\n<p>&nbsp;</p>\r\n<p>To begin we assembled the &quot;sample delay&quot; project.</p>\r\n<p>Oddly, it appeared in VST Host just fine, noticbly altered .wavs in Audacity without audibly being an echo effect,</p>\r\n<p>and worked some, but not all, of the time in SynthEdit.</p>\r\n<p>&nbsp;</p>\r\n<p>We were a little baffled by the fact that normally VSTs expect a parameter range from 0 to 1, but the sample code was set to &quot;500&quot; by default, and could have gone to a max of 1000 except that in SE turning the knob would cause the parameter to be constrained to a maximum of 1. &nbsp;But even without touching the knob, and reloading the program, a delay time value of 500 didn't cause an audible echo.</p>\r\n<p>We were able to create an audible delay effect by changing the code to this:</p>\r\n<p>&nbsp;</p>\r\n<p>private void _delayTimeMgr_ValueChanged(object sender, System.EventArgs e)<br><br>{<br><br>VstParameterManager paramMgr = (VstParameterManager)sender;<br><br>_bufferLength = (int)(paramMgr.CurrentValue * _sampleRate); // / 1000);<br><br>}<br> <br> <br><br>public float SampleRate<br><br>{<br><br>get { return _sampleRate; }<br><br>set<br><br>{<br><br>_sampleRate = value;<br><br>// allocate buffer for max delay time<br><br>int bufferLength = (int)(_delayTimeMgr.ParameterInfo.MaxInteger * _sampleRate); // / 1000);<br><br>_delayBuffer = new float[bufferLength];<br><br>}<br><br>}</p>\r\n<p>I, myself, partially understand the above so I hope I can discuss it cogently. &nbsp;Do the changes we've made make sense? &nbsp;Or are we missing some underlying reasoning behind the original code and have created in inapt workaround?</p>",
    "PostedDate": "2009-09-20T11:07:04.87-07:00",
    "UserRole": null,
    "MarkedAsAnswerDate": null
  },
  {
    "Id": "236811",
    "ThreadId": "69530",
    "Html": "<p>Welcome to VST.NET :-)</p>\r\n<p>The Vst Parameter is a known problem area. The VST specs allow for non [0,1] parameter values, if you implement the parameter 'properties'. VST.NET does this and the Delay sample initializes these properties for all its parameters. Look at the VstParameterInfo objects being created in the Delay class' .ctor. So the problem is not that VST does only support parameter values of [0,1] range, it is that some (okay, most) host hard-code this.&nbsp;I tested all samples with the <a href=\"http://www.hermannseib.com/english/vsthost.htm\">vst host made by hermann seib</a>&nbsp;(is that the same VST host you speak of?) and it handles these parameter values correctly.</p>\r\n<p>So all the 'faulty hosts' freak out over these other values and will not produce the correct result.</p>\r\n<p>I still want to look into this and see if I can transparently fix this problem in the VST.NET framework. But I do not have the time right now to do this.</p>\r\n<p>So, to recap: yes, the sample is correct, you can have parameter values that go beyond the [0,1] range and yes it does not work for most hosts :-(</p>\r\n<p>Hope it helps.</p>\r\n<p>&nbsp;</p>",
    "PostedDate": "2009-09-21T02:54:50.17-07:00",
    "UserRole": null,
    "MarkedAsAnswerDate": null
  },
  {
    "Id": "237017",
    "ThreadId": "69530",
    "Html": "<p>This does indeed help.</p>\r\n<p>Yes, I was referring to herman seib's VST host.</p>\r\n<p>I understand what you're saying but I don't see why the default value 500 for the delay time at instantiation so long as the UI wasn't disturbed wouldn't cause an audible delay in any of the hosts it was tested in. &nbsp;It did cause an audible delay when we entered the code above. &nbsp;Looking through an oscilloscope in SE it was obvious that a delayed signal was changing the phase of the waveform, and the wet level and dry level did indeed change the amplitude, but the delay was so short it didn't even cause comb filtering. &nbsp;I would certainly be able to hear if the delay caused was over 25 ms.</p>\r\n<p>But, like I said, I guess we are just starting out and are quite glad to have VST.NET &nbsp;to work with, &nbsp;Now I'm reading about your universal sysex thing on KVR.</p>",
    "PostedDate": "2009-09-21T12:54:46.017-07:00",
    "UserRole": null,
    "MarkedAsAnswerDate": null
  },
  {
    "Id": "237021",
    "ThreadId": "69530",
    "Html": "<p>No that 500 value is a mistery to me too. The default value is 200 and is set to the DefaultValue property of the VstParameterInfo class in the ctor of the Delay class...</p>\r\n<p>I'm currently looking into a way to transparently solve this issue. Will probably checkin some code soon. Just finished the initial impl. now testing.</p>\r\n<p>PS: What do you think about the Midi Device Schema? Good or bad idea?</p>\r\n<p><a href=\"http://www.kvraudio.com/forum/viewtopic.php?t=263950&sid=fd7174df77e8724cdb1a36f3d5e29963\">http://www.kvraudio.com/forum/viewtopic.php?t=263950&amp;sid=fd7174df77e8724cdb1a36f3d5e29963</a></p>",
    "PostedDate": "2009-09-21T13:08:46.223-07:00",
    "UserRole": null,
    "MarkedAsAnswerDate": null
  },
  {
    "Id": "237031",
    "ThreadId": "69530",
    "Html": "<p>What do I think of it?</p>\r\n<p>1)&nbsp; It'd be super-useful for those who understand what it means. &nbsp;Which will be few, and fewer will be able to use it. &nbsp;I personally own a CME VX5 which has NO patch editor/librarian a la M-Audio's Enigma and, being that it's a very complicated and deep (and flawed) device I've tried to &quot;packet sniff&quot; it to learn how I could send sysex. &nbsp;This is far beyond my abilities. &nbsp;I also have seen a physical teardown of my AKAI EWI midi horn and an analysis of the midi it is sent to configure it - I'd like to create my own &quot;fingerings&quot; beyond the 4 supplied with the unit - but Garritan says they don't have access to that data, and AKAI simply never responded to my queries. &nbsp;Again, despite understanding what I need I'd not be able to use the info myself.</p>\r\n<p>Which leads to</p>\r\n<p>2) &nbsp;You, like me, apparently have the saintly impulse to put endless hours into creating things to help people. &nbsp;Given the above, from someone who is relatively technically knowledgable, is it worth your time? &nbsp;I don't know; I can't fathom how you managed the .NET port!</p>\r\n<p>The number of people who understand the hardware, the software code, and the MIDI standard (let alone sysex) is very small. &nbsp;With the tool you envision that handful of people would most likely be able to create very powerful tools to improve on the short-sighted hardware companies' sysex implementations. &nbsp;Again, this scenario relies on people thanklessly donating their time and expertise.</p>",
    "PostedDate": "2009-09-21T13:35:25.707-07:00",
    "UserRole": null,
    "MarkedAsAnswerDate": null
  },
  {
    "Id": "237043",
    "ThreadId": "69530",
    "Html": "<p>Thanx for the kind words.&nbsp;Yeah, I have had some bad experiences too with companies not willing to assist you when using their sysex!</p>\r\n<p>Ultimately it should be possible for anyone with a device manual to create a device schema. Obviously this would have to be a little more user friendly than xml schema! ;-) I was thinking a graphic DSL designer might do the job...</p>\r\n<p>Anyway back on topic: I've just checked in a possible solution for transparently normalizing parameter values for a plugin. Internally you still work with what ever values you specify in the VstParameterInfo but externally the paremeter value is normalized to [0.0, 1.0]. Also fixed a bug in the delay sample and it now uses the default value for the delay time parameter during sample processing.</p>\r\n<p>&nbsp;</p>",
    "PostedDate": "2009-09-21T13:58:21.363-07:00",
    "UserRole": null,
    "MarkedAsAnswerDate": null
  },
  {
    "Id": "237637",
    "ThreadId": "69530",
    "Html": "<p>Thanks, Jacobi! &nbsp;You're incredible.</p>\r\n<p>I can confirm that it all works great now.</p>",
    "PostedDate": "2009-09-22T21:26:34.14-07:00",
    "UserRole": null,
    "MarkedAsAnswerDate": null
  },
  {
    "Id": "239328",
    "ThreadId": "69530",
    "Html": "<p>I have a new question.</p>\r\n<p>When loading our VSTs into Sensomusic's Usine host the parameter's names don't display, and no parameter value information is displayed.</p>\r\n<p>Whereas all seems fine in SynthEdit and VST Host.&nbsp; Have you any idea why this is?&nbsp; They are all labeled &quot;p-0&quot; &quot;p-1&quot; etc.</p>",
    "PostedDate": "2009-09-27T13:43:22.41-07:00",
    "UserRole": null,
    "MarkedAsAnswerDate": null
  },
  {
    "Id": "239400",
    "ThreadId": "69530",
    "Html": "<p>I never heard of that host, so I can only say how I (try to) solve these type of problems in general:</p>\r\n<p>- Hook a debugger (visual studio) to the exe of the running host.</p>\r\n<p>- Put break points in the code area's of interest (in your case, I would put break points in all parameter-related methods in the StdPluginCommandStub).</p>\r\n<p>- Load the plugin and follow the click-path to reproduce the problem (in your case probably just open the plugin editor).</p>\r\n<p>- Follow the code flow until you see the problem (hmmm, the hard part ;-)</p>\r\n<p>&nbsp;</p>\r\n<p>Good luck!</p>",
    "PostedDate": "2009-09-27T22:47:50.88-07:00",
    "UserRole": null,
    "MarkedAsAnswerDate": null
  },
  {
    "Id": "241386",
    "ThreadId": "69530",
    "Html": "<p>Well, I've completely forgotten that previous minor nuisance as I now have a working alpha version of my design, in VST form!</p>\r\n<p>Thanks, jacobi. &nbsp;You pretty much just made my year.</p>\r\n<p>I guess I should go load it up in Usine, as it's of most use in modular DAWs like Usine or energyXT.</p>\r\n<p>Now, to design a GUI with little or no previous experience... my brain is overstuffed with new info this last month.</p>\r\n<p>I'll keep you updated, though. &nbsp;It's all working great at the moment.</p>",
    "PostedDate": "2009-10-02T09:58:29.82-07:00",
    "UserRole": null,
    "MarkedAsAnswerDate": null
  },
  {
    "Id": "241436",
    "ThreadId": "69530",
    "Html": "<p>That's great to hear!</p>\r\n<p>Good luck on the UI.</p>",
    "PostedDate": "2009-10-02T11:50:06.347-07:00",
    "UserRole": null,
    "MarkedAsAnswerDate": null
  }
]