[
  {
    "Id": "926467",
    "ThreadId": "399318",
    "Html": "\r\n<p>1. &nbsp;Is there a pre-build binary out there that will accept midi input, dump it into a VSTi and pipe the resulting audio to an audio interface? &nbsp;</p>\r\n<p>2. &nbsp;Is there a code example of this?&nbsp;</p>\r\n<p>I've been playing around with Bass.Net's MIDI and VST hosting implementation recently. &nbsp;I have a few open question on their forums as I've not been able to achieve low latency processing. &nbsp;In the meantime, I downloaded vstnet and naudio. &nbsp;I've\r\n been unable to get Jacobi.Vst sample projects to compile. &nbsp;The closest solution I can find is MidiVstTest located here&nbsp;<a href=\"https://github.com/perivar/AudioVSTToolbox\">https://github.com/perivar/AudioVSTToolbox</a>. &nbsp;This project does not\r\n produce speaker output but it looks very close to complete. &nbsp;I've tried running it on a couple machines with midi devices and different audio interfaces. &nbsp;Any tips/suggestions are very appreciated.</p>\r\n",
    "PostedDate": "2012-10-14T15:03:45.77-07:00",
    "UserRole": null,
    "MarkedAsAnswerDate": null
  },
  {
    "Id": "937153",
    "ThreadId": "399318",
    "Html": "<p>Oops I missed this one, sorry.</p>\r\n<p>1) I use vsthost.exe by Hermann Seib. You can also try his SavyHost that hosts only one plugin at the time.</p>\r\n<p>2) Not that I know of. I know there are a few Host developers that use VST.NET but I dont know about a complete source code example. Hermann's vsthost has an open source (of an older version) in C++.&nbsp;</p>\r\n<p>I recently tried to setup an example using some open source library but it is a lot of work and I was not doing a good job to get everything to work together. Scan through this discussion list and you'll find some (references to) code samples for hosts.</p>\r\n<p>We should be able to get the samples running, if you post more details on your compile problems.</p>",
    "PostedDate": "2012-11-06T02:16:15.29-08:00",
    "UserRole": null,
    "MarkedAsAnswerDate": null
  }
]