[
  {
    "Id": "161424",
    "ThreadId": "48366",
    "Html": "I noticed that I could lower CPU usage considerably by skipping a few tests and some exception handling built into the VstAudioBuffer class.<br>\r\nInstead of writing<br>\r\n<br>\r\n<br>\r\n<code>\r\nVstAudioBuffer outputBuffer;<br>\r\nfor (int i = 0; i &lt; sampleCount; ++i)<br>\r\n{<br>\r\n&nbsp; outputBuffer[i] = someValue;<br>\r\n}\r\n</code>\r\n<br>\r\n<br>\r\nI could lower the CPU usage considerably by writing\r\n<br>\r\n<br>\r\n<code>\r\nunsafe<br>\r\n{<br>\r\n&nbsp; VstAudioBuffer outputBuffer;<br>\r\n&nbsp; float *rawOutputBuffer = ((IDirectBufferAccess32)outputBuffer).Buffer;<br>\r\n&nbsp; for (int i = 0; i &lt; sampleCount; ++i)<br>\r\n&nbsp; {<br>\r\n&nbsp;&nbsp;&nbsp; rawOutputBuffer[i] = <code>someValue</code>;<br>\r\n&nbsp; }<br>\r\n}\r\n</code>\r\n<br>\r\n<br>\r\nAny comments on this approach?\r\n",
    "PostedDate": "2009-02-24T06:01:07.947-08:00",
    "UserRole": null,
    "MarkedAsAnswerDate": null
  },
  {
    "Id": "161771",
    "ThreadId": "48366",
    "Html": "Great! <br>\r\n<br>\r\nThats was the whole idea of implementing direct buffer access into the audio buffers (32/64). VST.NET provides a safe way to do it (with al the checks) and compatible with &quot;all&quot; managed languages, but you can do it yourself using the unmanaged buffer pointer -but then all responsibility is on your shoulders too (buffer overrun etc). Note that not all .NET languages support working with unsafe code (like VB.NET).<br>\r\n<br>\r\nThe unmanaged pointer you receieve from the Buffer property is the exact same one the Interop receives from the Host. The Process(Replacing) methods are the only methods that are not marshalled into managed types and back (other than wrapping the buffer pointer in a VstAudioBuffer instance). This was done to create minimal overhead when processing audio. The unmanaged buffer access is a continuation of that train-of-thought. \r\n",
    "PostedDate": "2009-02-24T22:03:55.853-08:00",
    "UserRole": null,
    "MarkedAsAnswerDate": null
  }
]