{
  "WorkItem": {
    "AffectedComponent": {
      "Name": "Jacobi.Vst.Interop",
      "DisplayName": "Jacobi.Vst.Interop"
    },
    "ClosedComment": "",
    "ClosedDate": "2010-01-05T12:51:51.57-08:00",
    "CommentCount": 0,
    "Custom": null,
    "Description": "The Interop.Host.VstHostCommandStub.Dispatch method uses for the audioMasterCanDo opcode the Core.VstHostCanDo enum to parse incoming values. The Core.Host.IVstHostCommandStub interface should be refactored to use a normal string instead of the enum. A helper method should be provided to assist in determining if a string cando value is part of the enum or not.",
    "LastUpdatedDate": "2017-12-01T05:56:17.577-08:00",
    "PlannedForRelease": "",
    "ReleaseVisibleToPublic": false,
    "Priority": {
      "Name": "Medium",
      "Severity": 100,
      "Id": 2
    },
    "ProjectName": "vstnet",
    "ReportedDate": "2010-01-04T00:30:36.327-08:00",
    "Status": {
      "Name": "Closed",
      "Id": 4
    },
    "ReasonClosed": {
      "Name": "Unassigned"
    },
    "Summary": "Host CanDo should use free string values, not the VstHostCando enum",
    "Type": {
      "Name": "Issue",
      "Id": 3
    },
    "VoteCount": 1,
    "Id": 5690
  },
  "FileAttachments": [],
  "Comments": [
    {
      "Message": "Resolved with changeset 33115.",
      "PostedDate": "2010-01-05T12:51:51.57-08:00",
      "Id": -2147483648
    },
    {
      "Message": "",
      "PostedDate": "2013-02-21T15:35:25.39-08:00",
      "Id": -2147483648
    },
    {
      "Message": "",
      "PostedDate": "2013-05-16T03:29:30.947-07:00",
      "Id": -2147483648
    },
    {
      "Message": "",
      "PostedDate": "2017-12-01T05:56:17.577-08:00",
      "Id": -2147483648
    }
  ]
}