[
  {
    "Id": 2516,
    "Title": "Extend VST.NET with VST Host capabilities"
  },
  {
    "Id": 2517,
    "Title": "If assemblies not in the GAC, impossible to load from the same directory than the VST DLL"
  },
  {
    "Id": 2518,
    "Title": "Loading Code and Framework assemblies from the VST DLL Folder"
  },
  {
    "Id": 2519,
    "Title": "Thread concurrency problem with the VST GUI"
  },
  {
    "Id": 2697,
    "Title": "Cando implementation in Interop throws Exceptions on 'unknown' strings"
  },
  {
    "Id": 2719,
    "Title": "Framework should provide base classes for common constructs"
  },
  {
    "Id": 2911,
    "Title": "Missing assembly Microsoft.VC90.DebugCRT on non-dev host"
  },
  {
    "Id": 2923,
    "Title": "Move or rename *.net.dll"
  },
  {
    "Id": 2939,
    "Title": "Minor nitpick: \"Precission\" mispelt :-)"
  },
  {
    "Id": 2941,
    "Title": "Incorrect data type for Detune"
  },
  {
    "Id": 3156,
    "Title": "Direct Support for WPF"
  },
  {
    "Id": 3171,
    "Title": "Rename WindowsFormsWrapper class"
  },
  {
    "Id": 3487,
    "Title": "Remove need for the separate interop assembly"
  },
  {
    "Id": 3856,
    "Title": "Crashes if string is too long"
  },
  {
    "Id": 3917,
    "Title": "Support for VST < 2.4"
  },
  {
    "Id": 4161,
    "Title": "Checked out code won't compile"
  },
  {
    "Id": 4723,
    "Title": "Sample host missing resource error"
  },
  {
    "Id": 4920,
    "Title": "Extend MidiNoteMapper Sample"
  },
  {
    "Id": 4953,
    "Title": "Transparently normalize parameter's value to [0, 1]"
  },
  {
    "Id": 5252,
    "Title": "Add diagnostics support to debug interoperability with host"
  },
  {
    "Id": 5307,
    "Title": "Relax Host MidiProcessor interface condition"
  },
  {
    "Id": 5464,
    "Title": "SampleRate on IVstPluginAudioProcessor should be float"
  },
  {
    "Id": 5689,
    "Title": "VST.NET Host Framework"
  },
  {
    "Id": 5690,
    "Title": "Host CanDo should use free string values, not the VstHostCando enum"
  },
  {
    "Id": 5964,
    "Title": "x64 support"
  },
  {
    "Id": 6018,
    "Title": "AccessViolationException in processing midi events"
  },
  {
    "Id": 6165,
    "Title": "New Sample Plugins"
  },
  {
    "Id": 7306,
    "Title": "Missing return statement in VstPluginCommandStub.h"
  },
  {
    "Id": 7382,
    "Title": "Unexpected hang... unmanaged plugins"
  },
  {
    "Id": 7403,
    "Title": "VC CRT Dependency"
  },
  {
    "Id": 7404,
    "Title": "Offline processing"
  },
  {
    "Id": 8059,
    "Title": "Null Reference Exception on Plugin Loading"
  },
  {
    "Id": 8488,
    "Title": "Weird exception while scanning a non-vst dll with VST.NET compiled from latest source code"
  },
  {
    "Id": 8841,
    "Title": "Create a NuGet package"
  },
  {
    "Id": 8844,
    "Title": "Add sanity-check validation in Interop"
  },
  {
    "Id": 8851,
    "Title": "Add binaries for both CLR 2.0 and 4.0"
  },
  {
    "Id": 8957,
    "Title": "Read-only Programs, Hidden Parameters and Versionable Persistence"
  },
  {
    "Id": 9059,
    "Title": "Source file 'E:\\_AssemblyInfo\\AssemblyInfo.General.cs' could not be opened"
  },
  {
    "Id": 9367,
    "Title": "Max String Length is off by 1"
  },
  {
    "Id": 9755,
    "Title": "Support for VST 3.x"
  },
  {
    "Id": 10054,
    "Title": "Remove Check on detune in VstMidiEvent ctor"
  },
  {
    "Id": 10056,
    "Title": "Add call to Dispatcher.Invoke in WPF EditorControl.AddLine CorePlugin Sample"
  },
  {
    "Id": 10481,
    "Title": "GetProgramNameIndexed(i) returns empty string"
  },
  {
    "Id": 10482,
    "Title": "Opening Shell Assemblies"
  },
  {
    "Id": 10484,
    "Title": "MissingManifestResourceException"
  },
  {
    "Id": 10575,
    "Title": "Problem to load plugin into CUbase 5"
  },
  {
    "Id": 10669,
    "Title": "New binary release?"
  },
  {
    "Id": 10894,
    "Title": "System.InvalidOperationException - IVstPluginCommandStub"
  },
  {
    "Id": 10968,
    "Title": "VST.NET as Universal App (VS2015)"
  },
  {
    "Id": 11029,
    "Title": "Universal: System.Drawing.Rect/Windows.Foundation.Rect"
  },
  {
    "Id": 11032,
    "Title": "Dependencies are not found when loaded after plugin construction"
  },
  {
    "Id": 11034,
    "Title": "Accepting Keys in WPF"
  }
]