{
  "WorkItem": {
    "AffectedComponent": {
      "Name": "Jacobi.Vst.Interop",
      "DisplayName": "Jacobi.Vst.Interop"
    },
    "ClosedComment": "",
    "ClosedDate": "2009-11-21T06:56:18.093-08:00",
    "CommentCount": 0,
    "Custom": null,
    "Description": "Perhaps something as simple as logging the methods calls of the StdPluginCommandStub (or at Interop level?) to a file (or OutputDebugString).",
    "LastUpdatedDate": "2017-12-01T05:56:17.127-08:00",
    "PlannedForRelease": "",
    "ReleaseVisibleToPublic": false,
    "Priority": {
      "Name": "Low",
      "Severity": 50,
      "Id": 1
    },
    "ProjectName": "vstnet",
    "ReportedDate": "2009-10-15T01:31:09.987-07:00",
    "Status": {
      "Name": "Closed",
      "Id": 4
    },
    "ReasonClosed": {
      "Name": "Unassigned"
    },
    "Summary": "Add diagnostics support to debug interoperability with host",
    "Type": {
      "Name": "Feature",
      "Id": 1
    },
    "VoteCount": 1,
    "Id": 5252
  },
  "FileAttachments": [],
  "Comments": [
    {
      "Message": "Resolved with changeset 31208.",
      "PostedDate": "2009-11-21T06:56:18.093-08:00",
      "Id": -2147483648
    },
    {
      "Message": "",
      "PostedDate": "2013-02-21T15:35:26.39-08:00",
      "Id": -2147483648
    },
    {
      "Message": "",
      "PostedDate": "2013-05-16T03:29:31.4-07:00",
      "Id": -2147483648
    },
    {
      "Message": "",
      "PostedDate": "2017-12-01T05:56:17.127-08:00",
      "Id": -2147483648
    }
  ]
}