{
  "WorkItem": {
    "AffectedComponent": {
      "Name": "",
      "DisplayName": ""
    },
    "ClosedComment": "Duplicate/Incomplete",
    "ClosedDate": "2008-06-23T10:18:51.477-07:00",
    "CommentCount": 0,
    "Custom": null,
    "Description": "Back again on this subject (http://www.codeplex.com/vstnet/Thread/View.aspx?ThreadId=30097), i was able to test VST.NET. I removed the GAC install of the Core DLL.",
    "LastUpdatedDate": "2013-05-16T03:29:33.927-07:00",
    "PlannedForRelease": "",
    "ReleaseVisibleToPublic": false,
    "Priority": {
      "Name": "Low",
      "Severity": 50,
      "Id": 1
    },
    "ProjectName": "vstnet",
    "ReportedDate": "2008-06-23T06:02:24.92-07:00",
    "Status": {
      "Name": "Closed",
      "Id": 4
    },
    "ReasonClosed": {
      "Name": "Unassigned"
    },
    "Summary": "If assemblies not in the GAC, impossible to load from the same directory than the VST DLL",
    "Type": {
      "Name": "Issue",
      "Id": 3
    },
    "VoteCount": 1,
    "Id": 2517
  },
  "FileAttachments": [],
  "Comments": [
    {
      "Message": "My mistake while creating this incomplete issue. The full issue story is http://www.codeplex.com/vstnet/WorkItem/View.aspx?WorkItemId=2518",
      "PostedDate": "2008-06-23T06:12:25.9-07:00",
      "Id": -2147483648
    },
    {
      "Message": "I will close this item. 2518 will contain the full story.",
      "PostedDate": "2008-06-23T10:18:36.007-07:00",
      "Id": -2147483648
    },
    {
      "Message": "",
      "PostedDate": "2008-06-23T10:18:51.477-07:00",
      "Id": -2147483648
    },
    {
      "Message": "",
      "PostedDate": "2013-02-21T15:35:30.203-08:00",
      "Id": -2147483648
    },
    {
      "Message": "",
      "PostedDate": "2013-05-16T03:29:33.927-07:00",
      "Id": -2147483648
    }
  ]
}