{
  "WorkItem": {
    "AffectedComponent": {
      "Name": "Jacobi.Vst.Interop",
      "DisplayName": "Jacobi.Vst.Interop"
    },
    "ClosedComment": "",
    "ClosedDate": "2008-06-28T05:17:45.51-07:00",
    "CommentCount": 0,
    "Custom": null,
    "Description": "Back again on this subject (http://www.codeplex.com/vstnet/Thread/View.aspx?ThreadId=30097), i was able to test VST.NET. I removed the GAC install of the Core DLL.\n \nAnd the VST is not loaded correctly. The Core DLL cannot be found (FileNotFoundException).\n \nIn order to be able to load assemblies from the same directory, i use the trick i post in the discussion and replace the VSTPluginMain with the folowing method :\n \n// main exported method called by host to create the plugin\nAEffect* VSTPluginMain (audioMasterCallback hostCallback)\n{\n      // Add an assembly resolver\n\tSystem::AppDomain^ currentDomain = System::AppDomain::CurrentDomain;\n\tcurrentDomain->AssemblyResolve += gcnew System::ResolveEventHandler( MyResolveEventHandler );\n      // Call the original VST.NET VSTPluginMain method\n\treturn VSTPluginMain2(hostCallback);\n}\n \nThe key point is that you should not use any classes/methods from additional assemblies in the VSTPluginMain, until you have plugged the resolver, otherwise the VST DLL will failed to load. You are able to use only .NET Framework (System.*). \n \nAfter the resolver is set, the VST is working – almost – perfectly (see next issue on concurrent thread access on GUI).",
    "LastUpdatedDate": "2017-12-01T05:56:14.86-08:00",
    "PlannedForRelease": "",
    "ReleaseVisibleToPublic": false,
    "Priority": {
      "Name": "Low",
      "Severity": 50,
      "Id": 1
    },
    "ProjectName": "vstnet",
    "ReportedDate": "2008-06-23T06:10:49.197-07:00",
    "Status": {
      "Name": "Closed",
      "Id": 4
    },
    "ReasonClosed": {
      "Name": "Unassigned"
    },
    "Summary": "Loading Code and Framework assemblies from the VST DLL Folder",
    "Type": {
      "Name": "Issue",
      "Id": 3
    },
    "VoteCount": 1,
    "Id": 2518
  },
  "FileAttachments": [],
  "Comments": [
    {
      "Message": "Up (I apologize for this double entry issue).",
      "PostedDate": "2008-06-23T06:15:53.35-07:00",
      "Id": -2147483648
    },
    {
      "Message": "Did you try to put the Core and Framework dlls in the same directory as the host exe? That will probably work. \r\nAlso we might be able to use a (vsthost.exe).config file to add the vst plugin directory to the assembly locations the standard .NET loader uses. I will look into this myself. Thanks for trying this out.",
      "PostedDate": "2008-06-23T10:17:42.057-07:00",
      "Id": -2147483648
    },
    {
      "Message": "You are right, if i put the Core dll in the same directory than the host exe, it's working (the resolver is not called).\r\n\r\nAlthough a config file could be useful in some - other - cases, i think it would be much easier to deploy a VST developed with VST.NET if the default behavior is to load the Core dll (or any other assemblies that the plugin relies on) from the same directory than the VST interop and plugin (as the plugin is loaded from the same directory than the interop dll). \r\n\r\nMoreover, about the config file in the same directory than the host, i don't think it's good idea. I have several hosts that are using the same VSTPlugin directory but i wouldn't expect to put an extra config file in each host directory (Moreover, under Vista, accessing \"Program Files\" is always restricted, and for practical reason, i put the VSTPLugin in another place).\r\n",
      "PostedDate": "2008-06-23T11:06:26.443-07:00",
      "Id": -2147483648
    },
    {
      "Message": "",
      "PostedDate": "2008-06-26T03:02:27.93-07:00",
      "Id": -2147483648
    },
    {
      "Message": "",
      "PostedDate": "2008-06-26T03:02:49.07-07:00",
      "Id": -2147483648
    },
    {
      "Message": "",
      "PostedDate": "2008-06-26T03:05:35.977-07:00",
      "Id": -2147483648
    },
    {
      "Message": "Resolved with changeset 13909.",
      "PostedDate": "2008-06-28T05:17:45.51-07:00",
      "Id": -2147483648
    },
    {
      "Message": "",
      "PostedDate": "2013-02-21T15:35:30.033-08:00",
      "Id": -2147483648
    },
    {
      "Message": "",
      "PostedDate": "2013-05-16T03:29:33.763-07:00",
      "Id": -2147483648
    },
    {
      "Message": "",
      "PostedDate": "2017-12-01T05:56:14.86-08:00",
      "Id": -2147483648
    }
  ]
}