{
  "WorkItem": {
    "AffectedComponent": {
      "Name": "",
      "DisplayName": ""
    },
    "ClosedComment": "Please use the discussion list in the future before creating issues.\nThanx.",
    "ClosedDate": "2015-03-07T22:24:42.65-08:00",
    "CommentCount": 0,
    "Custom": null,
    "Description": "I have tried numerous freely available VSTs with the sample host application.  On clicking add, I am always presented with System.InvalidOperationException: \"Jacobi.Vst.Interop ... does not expose a public class that implements the IVstPluginCommandStub interface.\n\nWhy is this happening?\n\nMy initial feeling is that these most modern VSTs are in version 3/3.5, whereas VST.NET is 2.4.  I noted VST.NET 3 in the source folders, but it doesn't provide any usage examples or any indication it is functional.  When will this be released?",
    "LastUpdatedDate": "2015-03-07T22:24:44.3-08:00",
    "PlannedForRelease": "",
    "ReleaseVisibleToPublic": false,
    "Priority": {
      "Name": "Unassigned",
      "Severity": 0,
      "Id": 0
    },
    "ProjectName": "vstnet",
    "ReportedDate": "2015-03-06T05:30:00.76-08:00",
    "Status": {
      "Name": "Closed",
      "Id": 4
    },
    "ReasonClosed": {
      "Name": "Unassigned"
    },
    "Summary": "System.InvalidOperationException - IVstPluginCommandStub",
    "Type": {
      "Name": "Issue",
      "Id": 3
    },
    "VoteCount": 1,
    "Id": 10894
  },
  "FileAttachments": [],
  "Comments": [
    {
      "Message": "Please provide the complete exception text including call stack.\r\n\r\nThe VST.NET 3 source folders is my attempt to try to get VST.NET3 working on Mono. Thus far these attempts have failed... No VST.NET 3 release is planned in the near future.",
      "PostedDate": "2015-03-07T02:28:00.177-08:00",
      "Id": -2147483648
    },
    {
      "Message": "You can close this issue, I was renaming the Interop file as .net instead of the original VST DLL.  I skim read the online documentation and when it says \"managed DLL\", I thought you were referring to the C++/CLI DLL.\r\n\r\n\r\n\r\n",
      "PostedDate": "2015-03-07T15:42:59.66-08:00",
      "Id": -2147483648
    },
    {
      "Message": "",
      "PostedDate": "2015-03-07T22:24:42.65-08:00",
      "Id": -2147483648
    },
    {
      "Message": "",
      "PostedDate": "2015-03-07T22:24:44.3-08:00",
      "Id": -2147483648
    }
  ]
}