{
  "WorkItem": {
    "AffectedComponent": {
      "Name": "",
      "DisplayName": ""
    },
    "ClosedComment": "",
    "ClosedDate": null,
    "CommentCount": 0,
    "Custom": null,
    "Description": "Keys are not coming through to the plugin window.\n\nThe problem was that the window style was set to WS_CHILD. I don't know why, but this was causing the issue. Once I removed this, the problem went away.\n\nObiwan, I got this code from WpfControlWrapper in the project Jacobi.Vst.Samples.CorePlugin. I'd suggest that this might be wrong and causing the same issue if other people use this code. I hadn't changed the code, but you can see it here:\n```\n        public void Open(IntPtr hWnd)\n        {\n            _instance = new T();\n            _instance.Width = _width;\n            _instance.Height = _height;\n\n            HwndSourceParameters hwndParams = new HwndSourceParameters(\"VST.NET Wpf Editor\");\n            hwndParams.ParentWindow = hWnd;\n            hwndParams.Height = _height;\n            hwndParams.Width = _width;\n            hwndParams.WindowStyle = 0x10000000|0x40000000; // WS_VISIBLE|WS_CHILD\n            \n            _hwndSource = new HwndSource(hwndParams);\n            _hwndSource.RootVisual = _instance;\n        }\n```\n\nI actually removed the Windows Style WS_CHILD completely and now there is no issue! Yes! Another hurdle jumped over.",
    "LastUpdatedDate": "2016-02-20T16:23:30.48-08:00",
    "PlannedForRelease": "",
    "ReleaseVisibleToPublic": false,
    "Priority": {
      "Name": "Unassigned",
      "Severity": 0,
      "Id": 0
    },
    "ProjectName": "vstnet",
    "ReportedDate": "2015-12-05T22:56:26.99-08:00",
    "Status": {
      "Name": "Proposed",
      "Id": 1
    },
    "ReasonClosed": {
      "Name": "Unassigned"
    },
    "Summary": "Accepting Keys in WPF",
    "Type": {
      "Name": "Unassigned",
      "Id": 5
    },
    "VoteCount": 2,
    "Id": 11034
  },
  "FileAttachments": [],
  "Comments": []
}