{
  "WorkItem": {
    "AffectedComponent": {
      "Name": "",
      "DisplayName": ""
    },
    "ClosedComment": "",
    "ClosedDate": "2012-05-10T01:30:43.457-07:00",
    "CommentCount": 0,
    "Custom": null,
    "Description": "Would it be possible to have support for both x64 effects/synths and hosts?\n \nI'm under Windows 7 x64, and for example the Host demo under an \"Any CPU\" build (even the precompiled one) just crashes on load (and hosts cannot load the plugins either because they try to load the x64 part of the \"AnyCPU\" dll, or at least that's my hypothesis). However when built with x86 it works ok.\n \nThe idea basically is to be able to create both x86 host/plug ins (when compiled under the x86 setting) and also x64 host/plug ins (when compiled under the x64 setting).\nOf course, there would be no need to get interoperability between x86 hosts and x64 plug ins or the opposite.\n \nOff-topic: Is \"fast bounce\" (aka offline processing mode) supported by VST.net? => No.\n \nResources:\nhttp://msdn.microsoft.com/en-us/library/9yb4317s.aspx\nhttp://msdn.microsoft.com/en-us/library/3b2e7499.aspx",
    "LastUpdatedDate": "2013-05-16T03:29:30.817-07:00",
    "PlannedForRelease": "",
    "ReleaseVisibleToPublic": false,
    "Priority": {
      "Name": "Low",
      "Severity": 50,
      "Id": 1
    },
    "ProjectName": "vstnet",
    "ReportedDate": "2010-02-06T14:41:48.84-08:00",
    "Status": {
      "Name": "Closed",
      "Id": 4
    },
    "ReasonClosed": {
      "Name": "Unassigned"
    },
    "Summary": "x64 support",
    "Type": {
      "Name": "Issue",
      "Id": 3
    },
    "VoteCount": 2,
    "Id": 5964
  },
  "FileAttachments": [
    {
      "FileId": 1985,
      "FileName": "images.zip",
      "DownloadUrl": ".\\1985"
    }
  ],
  "Comments": [
    {
      "Message": "Actually, curiously, when building the samples (and the host) under the x86 setting, while the host can load other unmanaged x86 plug-ins, it fails to load the samples with the attached error message (basically main not found).\r\nI've also attached the error message while loading a sample built with AnyCpu.\r\n\r\nAlso, vsthost can't load either under windows 7 x64, while it loads other plug-ins properly.",
      "PostedDate": "2010-02-06T15:34:11.117-08:00",
      "Id": -2147483648
    },
    {
      "Message": "",
      "PostedDate": "2010-02-06T15:34:17.527-08:00",
      "Id": -2147483648
    },
    {
      "Message": "I will look into it.\r\n\r\nGathering resources:\r\nhttp://msdn.microsoft.com/en-us/library/9yb4317s.aspx",
      "PostedDate": "2010-02-08T22:45:17.593-08:00",
      "Id": -2147483648
    },
    {
      "Message": "",
      "PostedDate": "2011-01-03T02:52:30.213-08:00",
      "Id": -2147483648
    },
    {
      "Message": "Associated with changeset 54657.",
      "PostedDate": "2011-01-07T12:02:25.133-08:00",
      "Id": -2147483648
    },
    {
      "Message": "",
      "PostedDate": "2011-02-21T15:44:10.983-08:00",
      "Id": -2147483648
    },
    {
      "Message": "Thanks for this project, it looks absolutely great, I'm just getting started with it.\r\nI'm also on Win 7 x64, VS2010 so I had to re-build everything as x86 and as .NET 4 (because I didn't happen to have VS2008 loaded)\r\nThe host seems to run fine, it loads the samples and I can see the editor for a couple other vst's I tried.\r\n--Andy\r\n",
      "PostedDate": "2011-02-21T17:20:21.127-08:00",
      "Id": -2147483648
    },
    {
      "Message": "Resolved with changeset 67367.",
      "PostedDate": "2012-05-10T01:30:43.457-07:00",
      "Id": -2147483648
    },
    {
      "Message": "",
      "PostedDate": "2013-02-21T15:35:25.193-08:00",
      "Id": -2147483648
    },
    {
      "Message": "",
      "PostedDate": "2013-05-16T03:29:30.817-07:00",
      "Id": -2147483648
    }
  ]
}