{
  "WorkItem": {
    "AffectedComponent": {
      "Name": "",
      "DisplayName": ""
    },
    "ClosedComment": "",
    "ClosedDate": "2009-11-21T06:56:20.13-08:00",
    "CommentCount": 0,
    "Custom": null,
    "Description": "VST.NET currently supports only VST 2.4 (excluding offline processing and shell plugins). There are no methods implemented that were used in any previous version and were marked obsolete in VST 2.4.\n \nThat means that for a Managed Host there will be a lot of older plugins that will not load and for a Managed Plugin that some hosts may not load your managed Plugin.\n \nEDIT: What functions should be supported first. All deprecated functions add up to a big pile of work that I dont have the time for. So if I have a sort list I can see if I can squeeze some in.",
    "LastUpdatedDate": "2013-05-16T03:29:32.103-07:00",
    "PlannedForRelease": "",
    "ReleaseVisibleToPublic": false,
    "Priority": {
      "Name": "Medium",
      "Severity": 100,
      "Id": 2
    },
    "ProjectName": "vstnet",
    "ReportedDate": "2009-03-14T06:44:05.533-07:00",
    "Status": {
      "Name": "Closed",
      "Id": 4
    },
    "ReasonClosed": {
      "Name": "Unassigned"
    },
    "Summary": "Support for VST < 2.4",
    "Type": {
      "Name": "Feature",
      "Id": 1
    },
    "VoteCount": 3,
    "Id": 3917
  },
  "FileAttachments": [],
  "Comments": [
    {
      "Message": "I'm afraid that any application where VST audio processing is something relevant is of little use in real life if it cannot use a wide range of plug-ins, all the plug-ins a person can use in other audio applications.",
      "PostedDate": "2009-03-14T19:24:18.97-07:00",
      "Id": -2147483648
    },
    {
      "Message": "",
      "PostedDate": "2009-05-11T22:39:20.51-07:00",
      "Id": -2147483648
    },
    {
      "Message": "Many plug-ins which i use and which i explored with PE tools, show main() as an entry point. Also the newer 2.4 type. So it will be helpful to add the search for this entry point too.",
      "PostedDate": "2009-05-11T22:41:41.997-07:00",
      "Id": -2147483648
    },
    {
      "Message": "",
      "PostedDate": "2009-10-20T22:59:41.87-07:00",
      "Id": -2147483648
    },
    {
      "Message": "Resolved with changeset 31208.",
      "PostedDate": "2009-11-21T06:56:20.13-08:00",
      "Id": -2147483648
    },
    {
      "Message": "",
      "PostedDate": "2013-02-21T15:35:27.657-08:00",
      "Id": -2147483648
    },
    {
      "Message": "",
      "PostedDate": "2013-05-16T03:29:32.103-07:00",
      "Id": -2147483648
    }
  ]
}