{
  "WorkItem": {
    "AffectedComponent": {
      "Name": "Jacobi.Vst.Interop",
      "DisplayName": "Jacobi.Vst.Interop"
    },
    "ClosedComment": "",
    "ClosedDate": null,
    "CommentCount": 0,
    "Custom": null,
    "Description": "I'm no expert, but it sounds like \"NoPIA\" / \"Type Embedding\" in .NET 4 would allow getting rid of the separate interop assembly. If true, please consider using .NET 4 as soon as possible to do this.\n \nCheck out \"TL02 Under the Hood: Advances in the .NET Type System\" at https://sessions.microsoftpdc.com/public/timeline.aspx \n \nCheers/Kristian",
    "LastUpdatedDate": "2017-12-01T05:56:16.357-08:00",
    "PlannedForRelease": "",
    "ReleaseVisibleToPublic": false,
    "Priority": {
      "Name": "High",
      "Severity": 150,
      "Id": 3
    },
    "ProjectName": "vstnet",
    "ReportedDate": "2008-12-11T04:53:22.07-08:00",
    "Status": {
      "Name": "Proposed",
      "Id": 1
    },
    "ReasonClosed": {
      "Name": "Unassigned"
    },
    "Summary": "Remove need for the separate interop assembly",
    "Type": {
      "Name": "Issue",
      "Id": 3
    },
    "VoteCount": 6,
    "Id": 3487
  },
  "FileAttachments": [],
  "Comments": [
    {
      "Message": "The question is if you want to ",
      "PostedDate": "2009-10-20T22:56:57.737-07:00",
      "Id": -2147483648
    },
    {
      "Message": "Oops something went wrong here ;-)\r\n\r\nThe question is if you want to upgrade your minimal dependency to .NET 4.0? This choice will impact your user install base. When .NET 4.0 is mainstream and installed with windows or windows update/service packs I would consider it. Before that: you will loose users that do not have (or want) .NET 4.0.",
      "PostedDate": "2009-10-20T23:52:18.483-07:00",
      "Id": -2147483648
    },
    {
      "Message": "There is no need to switch to .Net 4.0 to have a single-file C# VST DLL that does not require a separate interop assembly.  See this:\r\n\r\nhttp://vstnet.codeplex.com/Thread/View.aspx?ThreadId=72685\r\n",
      "PostedDate": "2009-10-21T11:46:17.933-07:00",
      "Id": -2147483648
    },
    {
      "Message": "",
      "PostedDate": "2013-02-21T15:35:28.13-08:00",
      "Id": -2147483648
    },
    {
      "Message": "",
      "PostedDate": "2013-04-25T07:06:36.54-07:00",
      "Id": -2147483648
    },
    {
      "Message": "",
      "PostedDate": "2015-08-05T02:55:47.73-07:00",
      "Id": -2147483648
    },
    {
      "Message": "",
      "PostedDate": "2016-03-30T09:46:43.437-07:00",
      "Id": -2147483648
    },
    {
      "Message": "",
      "PostedDate": "2017-12-01T05:56:16.357-08:00",
      "Id": -2147483648
    }
  ]
}