{
  "WorkItem": {
    "AffectedComponent": {
      "Name": "",
      "DisplayName": ""
    },
    "ClosedComment": "",
    "ClosedDate": null,
    "CommentCount": 0,
    "Custom": null,
    "Description": "Investigate if VST.NET can be made to work with .NET Universal App (VS2015).\n\nFor a Managed Plugin as well as the Managed Host scenario. Probably Interop (C++) will be most problematic...?\n\nIf successful it would allow users of VST.NET to target Plugins and possibly Hosts for multiple platforms.\n\nNote that some platform specific code may still be required. The goals is to reuse as much as the common code as possible.\n\nVote if you think this would be a nice feature to have.",
    "LastUpdatedDate": "2015-12-17T05:45:32.053-08:00",
    "PlannedForRelease": "",
    "ReleaseVisibleToPublic": false,
    "Priority": {
      "Name": "Unassigned",
      "Severity": 0,
      "Id": 0
    },
    "ProjectName": "vstnet",
    "ReportedDate": "2015-08-05T02:41:37.587-07:00",
    "Status": {
      "Name": "Proposed",
      "Id": 1
    },
    "ReasonClosed": {
      "Name": "Unassigned"
    },
    "Summary": "VST.NET as Universal App (VS2015)",
    "Type": {
      "Name": "Unassigned",
      "Id": 5
    },
    "VoteCount": 3,
    "Id": 10968
  },
  "FileAttachments": [],
  "Comments": []
}