{
  "WorkItem": {
    "AffectedComponent": {
      "Name": "",
      "DisplayName": ""
    },
    "ClosedComment": "",
    "ClosedDate": "2014-09-12T23:11:36.997-07:00",
    "CommentCount": 0,
    "Custom": null,
    "Description": "Some or our users have the following error when loading specific plugins, this was Native Instruments Battery:\n\n![Image](https://f.cloud.github.com/assets/1019218/1810759/b9ff9f1e-6e35-11e3-8eee-24ce8cdbf7d0.jpg)\n\nI also had this once... do you have any idea what could have caused this?\n\nAnd is there a way i could catch these errors? it seems that VST.NET is creating the error window itself and i cannot do anything about it. if the user clicks ok, the error appears again... there is no chance to stop it but closing the application, which means all work which is not saved is lost.",
    "LastUpdatedDate": "2014-09-13T04:53:00.227-07:00",
    "PlannedForRelease": "",
    "ReleaseVisibleToPublic": false,
    "Priority": {
      "Name": "Unassigned",
      "Severity": 0,
      "Id": 0
    },
    "ProjectName": "vstnet",
    "ReportedDate": "2013-12-29T03:52:03.233-08:00",
    "Status": {
      "Name": "Closed",
      "Id": 4
    },
    "ReasonClosed": {
      "Name": "Unassigned"
    },
    "Summary": "MissingManifestResourceException",
    "Type": {
      "Name": "Unassigned",
      "Id": 5
    },
    "VoteCount": 1,
    "Id": 10484
  },
  "FileAttachments": [],
  "Comments": [
    {
      "Message": "Hmm, there seems to be a problem in locating the resource error text to go with the exception.\r\n\r\nThe actual problem is that an unmanaged plugin can not be loaded. But the text that says that can not be loaded from the resource and you see that error instead.\r\n\r\nI scanned the code but I cannot see any MessageBox calls in that code path. Please attach a debugger and break into the process and examine the call stack to find out where that is coming from. It is odd that the error is in sort of a loop...",
      "PostedDate": "2013-12-29T04:40:39.827-08:00",
      "Id": -2147483648
    },
    {
      "Message": "i've investigated a bit on that and the problem seems to be that the Resources.resx file of the Interop project is not properly compiled and/or that the ResourceManager cannot find the strings of the resources. So the calls in this file are always failing:  [Resources.h](https://vstnet.codeplex.com/SourceControl/latest#Source/Code/Jacobi.Vst.Interop/Properties/Resources.h)\r\n\r\nmust have to do something with the namespace or resource compiler. do you have any ideas?",
      "PostedDate": "2014-09-12T04:02:28.527-07:00",
      "Id": -2147483648
    },
    {
      "Message": "The issue is fixed ([74299](https://vstnet.codeplex.com/SourceControl/changeset/74299) AFAIK.\r\n\r\nThe code is not released in binary form yet, so you have to get and build it yourself.\nhttps://vstnet.codeplex.com/wikipage?title=Building%20the%20Source%20Code\r\n\r\nHope it helps,\nM.",
      "PostedDate": "2014-09-12T08:26:17.11-07:00",
      "Id": -2147483648
    },
    {
      "Message": "yes, i've built the latest source files 74520 but the problem still occurs. the resource file seems to get compiled but somehow the strings are not found by the resource manager...",
      "PostedDate": "2014-09-12T14:37:21.21-07:00",
      "Id": -2147483648
    },
    {
      "Message": "Ah, ok. Will look into it. \r\n\r\nThanx,\nMarc",
      "PostedDate": "2014-09-12T22:34:27.297-07:00",
      "Id": -2147483648
    },
    {
      "Message": "Resolved with changeset 75407: Fixed Interop embedded resource bug.",
      "PostedDate": "2014-09-12T23:11:36.997-07:00",
      "Id": -2147483648
    },
    {
      "Message": "I have made a checkin that (hopefully!) fixes the issue. Note that I only fixed the Clr4 solution (didn't have Vs2008 on my machine) - so use that to rebuild.\r\n\r\nLet me know if there are any (other) issues.\nMarc",
      "PostedDate": "2014-09-12T23:14:08.04-07:00",
      "Id": -2147483648
    },
    {
      "Message": "thanks for looking into it! Clr4 is what i use anyways, that's perfect... what i've noticed is that the version number of the code is lower than before. do you have any explanation for that? it just looks a bit odd... testing the new code base now.",
      "PostedDate": "2014-09-13T04:13:09.947-07:00",
      "Id": -2147483648
    },
    {
      "Message": "nah.. i've misread the 4554545454 :)",
      "PostedDate": "2014-09-13T04:53:00.227-07:00",
      "Id": -2147483648
    }
  ]
}