{
  "WorkItem": {
    "AffectedComponent": {
      "Name": "Jacobi.Vst.Framework",
      "DisplayName": "Jacobi.Vst.Framework"
    },
    "ClosedComment": "",
    "ClosedDate": "2009-11-21T07:30:38.133-08:00",
    "CommentCount": 0,
    "Custom": null,
    "Description": "[Framework] The return value is double and should be float.",
    "LastUpdatedDate": "2017-12-01T05:56:17.42-08:00",
    "PlannedForRelease": "",
    "ReleaseVisibleToPublic": false,
    "Priority": {
      "Name": "Low",
      "Severity": 50,
      "Id": 1
    },
    "ProjectName": "vstnet",
    "ReportedDate": "2009-11-12T22:54:41.257-08:00",
    "Status": {
      "Name": "Closed",
      "Id": 4
    },
    "ReasonClosed": {
      "Name": "Unassigned"
    },
    "Summary": "SampleRate on IVstPluginAudioProcessor should be float",
    "Type": {
      "Name": "Issue",
      "Id": 3
    },
    "VoteCount": 1,
    "Id": 5464
  },
  "FileAttachments": [],
  "Comments": [
    {
      "Message": "Resolved with changeset 31209.",
      "PostedDate": "2009-11-21T07:30:38.133-08:00",
      "Id": -2147483648
    },
    {
      "Message": "",
      "PostedDate": "2013-02-21T15:35:25.88-08:00",
      "Id": -2147483648
    },
    {
      "Message": "",
      "PostedDate": "2013-05-16T03:29:31.103-07:00",
      "Id": -2147483648
    },
    {
      "Message": "",
      "PostedDate": "2017-12-01T05:56:17.42-08:00",
      "Id": -2147483648
    }
  ]
}