{
  "WorkItem": {
    "AffectedComponent": {
      "Name": "Jacobi.Vst.Core",
      "DisplayName": "Jacobi.Vst.Core"
    },
    "ClosedComment": "",
    "ClosedDate": "2008-09-05T02:52:32.087-07:00",
    "CommentCount": 0,
    "Custom": null,
    "Description": "On the C# side, in VstMidiEvent (and maybe other places) Detune is a \"char\" which is a 16 bit Unicode character in C#. Should instead be \"sbyte\", which is the 8 bit signed byte.\n \nOn the C++ side, Detune is a \"char\". This is signed with default compiler options, but can be changed with /J. Probably better to change Detune (and maybe other similar fields) to \"signed char\" to make signed-ness explicit.",
    "LastUpdatedDate": "2017-12-01T05:56:16-08:00",
    "PlannedForRelease": "VST.NET 0.4 (15523)",
    "ReleaseVisibleToPublic": true,
    "Priority": {
      "Name": "Low",
      "Severity": 50,
      "Id": 1
    },
    "ProjectName": "vstnet",
    "ReportedDate": "2008-09-01T15:08:51.927-07:00",
    "Status": {
      "Name": "Closed",
      "Id": 4
    },
    "ReasonClosed": {
      "Name": "Unassigned"
    },
    "Summary": "Incorrect data type for Detune",
    "Type": {
      "Name": "Issue",
      "Id": 3
    },
    "VoteCount": 1,
    "Id": 2941
  },
  "FileAttachments": [],
  "Comments": [
    {
      "Message": "changed the dataype for detune (VstMidiEvent) from char to sbyte.",
      "PostedDate": "2008-09-05T01:59:23.217-07:00",
      "Id": -2147483648
    },
    {
      "Message": "",
      "PostedDate": "2008-09-05T01:59:44.78-07:00",
      "Id": -2147483648
    },
    {
      "Message": "",
      "PostedDate": "2008-09-05T02:00:20.403-07:00",
      "Id": -2147483648
    },
    {
      "Message": "Resolved with changeset 15514.",
      "PostedDate": "2008-09-05T02:52:32.087-07:00",
      "Id": -2147483648
    },
    {
      "Message": "",
      "PostedDate": "2013-02-21T15:35:28.697-08:00",
      "Id": -2147483648
    },
    {
      "Message": "",
      "PostedDate": "2013-05-16T03:29:32.707-07:00",
      "Id": -2147483648
    },
    {
      "Message": "",
      "PostedDate": "2017-12-01T05:56:16-08:00",
      "Id": -2147483648
    }
  ]
}