{
  "WorkItem": {
    "AffectedComponent": {
      "Name": "Jacobi.Vst.Interop",
      "DisplayName": "Jacobi.Vst.Interop"
    },
    "ClosedComment": "",
    "ClosedDate": "2012-12-06T01:01:19.167-08:00",
    "CommentCount": 0,
    "Custom": null,
    "Description": "Allocate MaxLength + 1, test for MaxLength.",
    "LastUpdatedDate": "2017-12-01T05:56:18.03-08:00",
    "PlannedForRelease": "",
    "ReleaseVisibleToPublic": false,
    "Priority": {
      "Name": "Low",
      "Severity": 50,
      "Id": 1
    },
    "ProjectName": "vstnet",
    "ReportedDate": "2012-05-02T02:44:57.95-07:00",
    "Status": {
      "Name": "Closed",
      "Id": 4
    },
    "ReasonClosed": {
      "Name": "Unassigned"
    },
    "Summary": "Max String Length is off by 1",
    "Type": {
      "Name": "Issue",
      "Id": 3
    },
    "VoteCount": 1,
    "Id": 9367
  },
  "FileAttachments": [],
  "Comments": [
    {
      "Message": "Resolved with changeset 71209.",
      "PostedDate": "2012-12-06T01:01:19.167-08:00",
      "Id": -2147483648
    },
    {
      "Message": "",
      "PostedDate": "2013-02-21T15:35:22.127-08:00",
      "Id": -2147483648
    },
    {
      "Message": "",
      "PostedDate": "2013-05-16T03:29:29.067-07:00",
      "Id": -2147483648
    },
    {
      "Message": "",
      "PostedDate": "2017-12-01T05:56:18.03-08:00",
      "Id": -2147483648
    }
  ]
}