{
  "WorkItem": {
    "AffectedComponent": {
      "Name": "",
      "DisplayName": ""
    },
    "ClosedComment": "",
    "ClosedDate": "2014-09-12T23:11:38.38-07:00",
    "CommentCount": 0,
    "Custom": null,
    "Description": "Hi, when I try to scan a DLL that is *not* a VST with the compiled code from the latest source code (release x86 target) I get the following exception instead of any of the expected ones:\n \nMessage = \"Could not find any resources appropriate for the specified culture or the neutral culture.  Make sure \\\"JacobiVstInterop.Resources.resources\\\" was correctly embedded or linked into assembly \\\"Jacobi.Vst.Interop\\\" at compile time, or that all the satellite ...\n \nThis happens both if my assembly neutral culture is set to none or English (United States). My OS culture is english (US).",
    "LastUpdatedDate": "2014-09-12T23:11:38.38-07:00",
    "PlannedForRelease": "",
    "ReleaseVisibleToPublic": false,
    "Priority": {
      "Name": "Low",
      "Severity": 50,
      "Id": 1
    },
    "ProjectName": "vstnet",
    "ReportedDate": "2011-07-15T12:12:31.533-07:00",
    "Status": {
      "Name": "Closed",
      "Id": 4
    },
    "ReasonClosed": {
      "Name": "Unassigned"
    },
    "Summary": "Weird exception while scanning a non-vst dll with VST.NET compiled from latest source code",
    "Type": {
      "Name": "Issue",
      "Id": 3
    },
    "VoteCount": 1,
    "Id": 8488
  },
  "FileAttachments": [],
  "Comments": [
    {
      "Message": "Thank you for submitting the issue. Sorry it took so long for me to respond (busy ;-).\r\nI did a quick test with the Host sample but could reproduce your findings. Have you also tried it with the Host sample? Do you deploy to the GAC?\r\n\r\nThe error means the Jacobi.Vst.Interop cannot find the resource string that is used in the exception.\r\n\r\nThanx,\r\nMarc",
      "PostedDate": "2011-10-06T06:45:09.273-07:00",
      "Id": -2147483648
    },
    {
      "Message": "",
      "PostedDate": "2013-02-21T15:35:23.453-08:00",
      "Id": -2147483648
    },
    {
      "Message": "Resolved with changeset 75407: Fixed Interop embedded resource bug.",
      "PostedDate": "2014-09-12T23:11:38.38-07:00",
      "Id": -2147483648
    }
  ]
}