{
  "WorkItem": {
    "AffectedComponent": {
      "Name": "",
      "DisplayName": ""
    },
    "ClosedComment": "",
    "ClosedDate": null,
    "CommentCount": 0,
    "Custom": null,
    "Description": "Sanity-checks like do not promote a call to ReplaceDouble when the plugin doesn't support it.\nThis would require access and checks on the PluginInfo and perhaps even the cando flags.",
    "LastUpdatedDate": "2013-02-21T15:35:23.087-08:00",
    "PlannedForRelease": "",
    "ReleaseVisibleToPublic": false,
    "Priority": {
      "Name": "Low",
      "Severity": 50,
      "Id": 1
    },
    "ProjectName": "vstnet",
    "ReportedDate": "2011-10-24T00:07:11.327-07:00",
    "Status": {
      "Name": "Proposed",
      "Id": 1
    },
    "ReasonClosed": {
      "Name": "Unassigned"
    },
    "Summary": "Add sanity-check validation in Interop",
    "Type": {
      "Name": "Issue",
      "Id": 3
    },
    "VoteCount": 1,
    "Id": 8844
  },
  "FileAttachments": [],
  "Comments": []
}