{
  "WorkItem": {
    "AffectedComponent": {
      "Name": "Jacobi.Vst.Core",
      "DisplayName": "Jacobi.Vst.Core"
    },
    "ClosedComment": "",
    "ClosedDate": null,
    "CommentCount": 0,
    "Custom": null,
    "Description": "System.Drawing.Rect needs to be mapped to Windows.Foundation.Rect https://msdn.microsoft.com/en-us/library/windows/apps/windows.foundation.rect.aspx\nor write our own...",
    "LastUpdatedDate": "2017-12-01T05:56:18.767-08:00",
    "PlannedForRelease": "",
    "ReleaseVisibleToPublic": false,
    "Priority": {
      "Name": "Low",
      "Severity": 50,
      "Id": 1
    },
    "ProjectName": "vstnet",
    "ReportedDate": "2015-11-09T02:36:50.55-08:00",
    "Status": {
      "Name": "Proposed",
      "Id": 1
    },
    "ReasonClosed": {
      "Name": "Unassigned"
    },
    "Summary": "Universal: System.Drawing.Rect/Windows.Foundation.Rect",
    "Type": {
      "Name": "Issue",
      "Id": 3
    },
    "VoteCount": 1,
    "Id": 11029
  },
  "FileAttachments": [],
  "Comments": []
}