{
  "WorkItem": {
    "AffectedComponent": {
      "Name": "",
      "DisplayName": ""
    },
    "ClosedComment": "Offline midi processing is not supported by VST 2.4",
    "ClosedDate": "2010-10-28T22:19:44.207-07:00",
    "CommentCount": 0,
    "Custom": null,
    "Description": "I would like to process all midi events at time not realtime.",
    "LastUpdatedDate": "2013-05-16T03:29:30.02-07:00",
    "PlannedForRelease": "",
    "ReleaseVisibleToPublic": false,
    "Priority": {
      "Name": "Low",
      "Severity": 50,
      "Id": 1
    },
    "ProjectName": "vstnet",
    "ReportedDate": "2010-10-21T03:50:29.05-07:00",
    "Status": {
      "Name": "Closed",
      "Id": 4
    },
    "ReasonClosed": {
      "Name": "Unassigned"
    },
    "Summary": "Offline processing",
    "Type": {
      "Name": "Issue",
      "Id": 3
    },
    "VoteCount": 1,
    "Id": 7404
  },
  "FileAttachments": [],
  "Comments": [
    {
      "Message": "The offline processing capabilities of VST 2.4 are seldom supported by hosts. The only one I know is WaveLab (Steinberg). The specs do not allow the offline processing of midi information (audio only) so are to no use of you.\r\n\r\nSome specific hosts (like Reaper en Renoise) offer host-specific APIs that would allow you to hook in some other functionality.\r\nAnother possible option is perhaps the http://www.midiox.com/ tool. Its pretty ancient but works well for some cases.\r\n\r\nHope it helps.\r\nMarc",
      "PostedDate": "2010-10-28T22:18:45.293-07:00",
      "Id": -2147483648
    },
    {
      "Message": "",
      "PostedDate": "2010-10-28T22:19:44.207-07:00",
      "Id": -2147483648
    },
    {
      "Message": "",
      "PostedDate": "2013-02-21T15:35:23.883-08:00",
      "Id": -2147483648
    },
    {
      "Message": "",
      "PostedDate": "2013-05-16T03:29:30.02-07:00",
      "Id": -2147483648
    }
  ]
}