{
  "WorkItem": {
    "AffectedComponent": {
      "Name": "",
      "DisplayName": ""
    },
    "ClosedComment": "",
    "ClosedDate": "2010-09-30T10:36:18.547-07:00",
    "CommentCount": 0,
    "Custom": null,
    "Description": "While attempting to use VST.NET as a VST host I encountered a problem whereby no results were being returned from the VST plugin.  After downloading the source code I discovered that the 'CallDispatch' function in 'VstPluginCommandStub.h' always returns a result of zero no matter what the VST actually returned:\n \n    ::VstIntPtr CallDispatch(::VstInt32 opcode, ::VstInt32 index, ::VstIntPtr value, void* ptr, float opt)\n    {\n        if(_pEffect && _pEffect->dispatcher)\n        {\n            _traceCtx->WriteDispatchBegin(opcode, index, System::IntPtr(value), System::IntPtr(ptr), opt);\n \n            ::VstIntPtr result = _pEffect->dispatcher(_pEffect, opcode, index, value, ptr, opt);\n \n\t    _traceCtx->WriteDispatchEnd(System::IntPtr(result));\n        }\n \n    return 0;\n    }\n \nInserting 'return result' inside the if statement seemed to fix this issue.",
    "LastUpdatedDate": "2013-05-16T03:29:30.343-07:00",
    "PlannedForRelease": "",
    "ReleaseVisibleToPublic": false,
    "Priority": {
      "Name": "Low",
      "Severity": 50,
      "Id": 1
    },
    "ProjectName": "vstnet",
    "ReportedDate": "2010-09-28T08:28:20.597-07:00",
    "Status": {
      "Name": "Closed",
      "Id": 4
    },
    "ReasonClosed": {
      "Name": "Unassigned"
    },
    "Summary": "Missing return statement in VstPluginCommandStub.h",
    "Type": {
      "Name": "Issue",
      "Id": 3
    },
    "VoteCount": 1,
    "Id": 7306
  },
  "FileAttachments": [],
  "Comments": [
    {
      "Message": "Oops!\r\nNice catch, thank you very much.",
      "PostedDate": "2010-09-29T11:46:55.007-07:00",
      "Id": -2147483648
    },
    {
      "Message": "Resolved with changeset 50709.",
      "PostedDate": "2010-09-30T10:36:18.547-07:00",
      "Id": -2147483648
    },
    {
      "Message": "",
      "PostedDate": "2013-02-21T15:35:24.57-08:00",
      "Id": -2147483648
    },
    {
      "Message": "",
      "PostedDate": "2013-05-16T03:29:30.343-07:00",
      "Id": -2147483648
    }
  ]
}