{
  "WorkItem": {
    "AffectedComponent": {
      "Name": "Jacobi.Vst.Samples.CorePlugin",
      "DisplayName": "Jacobi.Vst.Samples.CorePlugin"
    },
    "ClosedComment": "",
    "ClosedDate": "2009-03-01T00:40:11.52-08:00",
    "CommentCount": 0,
    "Custom": null,
    "Description": "Provide a WPFWrapper class (analog to the WindowsFormsWrapper class) that supports attaching a WPF Window or Control to the native HWND of the unmanaged host parent Window.",
    "LastUpdatedDate": "2017-12-01T05:56:16.21-08:00",
    "PlannedForRelease": "VST.NET 0.6 (18340)",
    "ReleaseVisibleToPublic": true,
    "Priority": {
      "Name": "Low",
      "Severity": 50,
      "Id": 1
    },
    "ProjectName": "vstnet",
    "ReportedDate": "2008-10-04T07:17:54.87-07:00",
    "Status": {
      "Name": "Closed",
      "Id": 4
    },
    "ReasonClosed": {
      "Name": "Unassigned"
    },
    "Summary": "Direct Support for WPF",
    "Type": {
      "Name": "Feature",
      "Id": 1
    },
    "VoteCount": 3,
    "Id": 3156
  },
  "FileAttachments": [],
  "Comments": [
    {
      "Message": "It looks likely that using System.Windows.Interop.HwndSource would enable this. See http://msdn2.microsoft.com/en-us/library/system.windows.interop.hwndsource.aspx for details.",
      "PostedDate": "2008-10-04T07:40:27.767-07:00",
      "Id": -2147483648
    },
    {
      "Message": "",
      "PostedDate": "2009-02-13T19:01:04.773-08:00",
      "Id": -2147483648
    },
    {
      "Message": "I have not included the Wpf wrapper in the Framework because I want to keep that on .NET 2.0. So I've included it in the CorePlugin Sample. It is not perfect, but it will get you started.",
      "PostedDate": "2009-03-01T00:39:00.88-08:00",
      "Id": -2147483648
    },
    {
      "Message": "",
      "PostedDate": "2009-03-01T00:39:01.943-08:00",
      "Id": -2147483648
    },
    {
      "Message": "Resolved with changeset 18683.",
      "PostedDate": "2009-03-01T00:40:11.52-08:00",
      "Id": -2147483648
    },
    {
      "Message": "",
      "PostedDate": "2013-02-21T15:35:28.54-08:00",
      "Id": -2147483648
    },
    {
      "Message": "",
      "PostedDate": "2013-05-16T03:29:32.567-07:00",
      "Id": -2147483648
    },
    {
      "Message": "",
      "PostedDate": "2017-12-01T05:56:16.21-08:00",
      "Id": -2147483648
    }
  ]
}