{
  "WorkItem": {
    "AffectedComponent": {
      "Name": "Jacobi.Vst.Framework",
      "DisplayName": "Jacobi.Vst.Framework"
    },
    "ClosedComment": "",
    "ClosedDate": "2009-02-28T05:59:31.753-08:00",
    "CommentCount": 0,
    "Custom": null,
    "Description": "After writing a couple of sample plugins, I begin to see patterns emerging. The Framework should provide some base classes to make it easier and faster to implement a basic plugin.\n \nAlthough one could implement a base class for each interface in the Framework, I would suggest starting with the following:\nVstPluginBase : IVstPlugin (implemented)\nVstPluginAndInterfaceManagerBase : PluginInterfaceManagerBase, IVstPlugin (implemented)\nVstAudioProcessor : IVstPluginAudioProcessor\nVstPersistence : IVstPluginPersistence (using the VstProgramWriter and VstProgramReader classes)\n \nHelper classes:\nVstProgramWriter - writes VstProgram instances and their VstParameter instances into a Stream.\nVstProgramReader- reads VstProgram instances and their VstParameter instances from a Stream.",
    "LastUpdatedDate": "2017-12-01T05:56:15.42-08:00",
    "PlannedForRelease": "",
    "ReleaseVisibleToPublic": false,
    "Priority": {
      "Name": "Low",
      "Severity": 50,
      "Id": 1
    },
    "ProjectName": "vstnet",
    "ReportedDate": "2008-07-11T12:21:28.027-07:00",
    "Status": {
      "Name": "Closed",
      "Id": 4
    },
    "ReasonClosed": {
      "Name": "Unassigned"
    },
    "Summary": "Framework should provide base classes for common constructs",
    "Type": {
      "Name": "Feature",
      "Id": 1
    },
    "VoteCount": 2,
    "Id": 2719
  },
  "FileAttachments": [],
  "Comments": [
    {
      "Message": "Associated with changeset 14711.",
      "PostedDate": "2008-07-25T10:45:57.033-07:00",
      "Id": -2147483648
    },
    {
      "Message": "",
      "PostedDate": "2008-08-04T11:38:10.93-07:00",
      "Id": -2147483648
    },
    {
      "Message": "",
      "PostedDate": "2008-09-06T02:56:39.753-07:00",
      "Id": -2147483648
    },
    {
      "Message": "Resolved with changeset 18665.",
      "PostedDate": "2009-02-28T05:59:31.753-08:00",
      "Id": -2147483648
    },
    {
      "Message": "",
      "PostedDate": "2013-02-21T15:35:29.45-08:00",
      "Id": -2147483648
    },
    {
      "Message": "",
      "PostedDate": "2013-05-16T03:29:33.34-07:00",
      "Id": -2147483648
    },
    {
      "Message": "",
      "PostedDate": "2017-12-01T05:56:15.42-08:00",
      "Id": -2147483648
    }
  ]
}