{
  "WorkItem": {
    "AffectedComponent": {
      "Name": "",
      "DisplayName": ""
    },
    "ClosedComment": "",
    "ClosedDate": null,
    "CommentCount": 0,
    "Custom": null,
    "Description": "VST.NET only supports VST 2.x.\n\nThe (new) VST 3.x SDK is radically different and would require a new project.\nAt the same time we could try to fix:\n- Portability (allow to run on Mac and Linux)\n- One Assembly (compile everything into one dll)\n\nThis would mean (as I see it now) that we would use Mono to get this working.\nAt the moment the standard COM/CLR wrappers that are used for COM interop are most likely the technology that will be used for C++ interop - because the VST 3 interfaces are COM compatible.\n\nSee also:\n[discussion:401815]\nhttp://vstnet.codeplex.com/discussions/401815",
    "LastUpdatedDate": "2016-03-30T09:45:54.687-07:00",
    "PlannedForRelease": "",
    "ReleaseVisibleToPublic": false,
    "Priority": {
      "Name": "High",
      "Severity": 150,
      "Id": 3
    },
    "ProjectName": "vstnet",
    "ReportedDate": "2012-12-01T06:32:06.89-08:00",
    "Status": {
      "Name": "Proposed",
      "Id": 1
    },
    "ReasonClosed": {
      "Name": "Unassigned"
    },
    "Summary": "Support for VST 3.x",
    "Type": {
      "Name": "Feature",
      "Id": 1
    },
    "VoteCount": 13,
    "Id": 9755
  },
  "FileAttachments": [],
  "Comments": [
    {
      "Message": "See also the Source3 branch in the Source Code.",
      "PostedDate": "2013-12-26T04:58:51.793-08:00",
      "Id": -2147483648
    },
    {
      "Message": "",
      "PostedDate": "2013-12-30T22:17:20.097-08:00",
      "Id": -2147483648
    },
    {
      "Message": "",
      "PostedDate": "2014-02-06T07:42:49.84-08:00",
      "Id": -2147483648
    },
    {
      "Message": "",
      "PostedDate": "2014-07-07T08:37:34.743-07:00",
      "Id": -2147483648
    },
    {
      "Message": "",
      "PostedDate": "2014-07-23T02:21:41.363-07:00",
      "Id": -2147483648
    },
    {
      "Message": "Mac support (Mono) would be great!!!",
      "PostedDate": "2014-07-23T02:21:51.367-07:00",
      "Id": -2147483648
    },
    {
      "Message": "",
      "PostedDate": "2015-01-01T08:51:36.897-08:00",
      "Id": -2147483648
    },
    {
      "Message": "",
      "PostedDate": "2016-03-01T01:37:18.497-08:00",
      "Id": -2147483648
    },
    {
      "Message": "",
      "PostedDate": "2016-03-30T09:45:54.687-07:00",
      "Id": -2147483648
    }
  ]
}