{
  "WorkItem": {
    "AffectedComponent": {
      "Name": "Jacobi.Vst.Samples.MidiNoteMapper",
      "DisplayName": "Jacobi.Vst.Samples.MidiNoteMapper"
    },
    "ClosedComment": "",
    "ClosedDate": "2009-09-24T12:52:55.33-07:00",
    "CommentCount": 0,
    "Custom": null,
    "Description": "User request on extending the MidiNoteMapper sample:\n \nI would like ask, if you dont want add to the midi mapper example simple functionality that show in label under buttons in MidiNoteMapperUI incoming note number. I thing it will be very usefull not only for me.",
    "LastUpdatedDate": "2017-12-01T05:56:16.773-08:00",
    "PlannedForRelease": "",
    "ReleaseVisibleToPublic": false,
    "Priority": {
      "Name": "Low",
      "Severity": 50,
      "Id": 1
    },
    "ProjectName": "vstnet",
    "ReportedDate": "2009-09-16T04:19:19.803-07:00",
    "Status": {
      "Name": "Closed",
      "Id": 4
    },
    "ReasonClosed": {
      "Name": "Unassigned"
    },
    "Summary": "Extend MidiNoteMapper Sample",
    "Type": {
      "Name": "Task",
      "Id": 2
    },
    "VoteCount": 2,
    "Id": 4920
  },
  "FileAttachments": [],
  "Comments": [
    {
      "Message": "Resolved with changeset 27121.",
      "PostedDate": "2009-09-24T12:52:55.33-07:00",
      "Id": -2147483648
    },
    {
      "Message": "",
      "PostedDate": "2013-02-21T15:35:26.96-08:00",
      "Id": -2147483648
    },
    {
      "Message": "",
      "PostedDate": "2013-05-16T03:29:31.677-07:00",
      "Id": -2147483648
    },
    {
      "Message": "",
      "PostedDate": "2017-12-01T05:56:16.773-08:00",
      "Id": -2147483648
    }
  ]
}