{
  "WorkItem": {
    "AffectedComponent": {
      "Name": "",
      "DisplayName": ""
    },
    "ClosedComment": "Finally a correct release with samples",
    "ClosedDate": "2014-09-20T23:13:34.94-07:00",
    "CommentCount": 0,
    "Custom": null,
    "Description": "hello,\n\ni just wanted to vote for a new binary release for both x86 and x64 builds. The current download is about 2 years old and it would be nice to have the latest fixes in the download.\n\n+1\n\n:)",
    "LastUpdatedDate": "2014-09-20T23:13:34.94-07:00",
    "PlannedForRelease": "",
    "ReleaseVisibleToPublic": false,
    "Priority": {
      "Name": "Unassigned",
      "Severity": 0,
      "Id": 0
    },
    "ProjectName": "vstnet",
    "ReportedDate": "2014-07-02T09:21:20.31-07:00",
    "Status": {
      "Name": "Closed",
      "Id": 4
    },
    "ReasonClosed": {
      "Name": "Fixed"
    },
    "Summary": "New binary release?",
    "Type": {
      "Name": "Task",
      "Id": 2
    },
    "VoteCount": 1,
    "Id": 10669
  },
  "FileAttachments": [],
  "Comments": [
    {
      "Message": "since i am not able to build the sources myself, it would be really great to have a new 'official' binary release... is there anything i could do to support this?",
      "PostedDate": "2014-09-01T07:58:01.737-07:00",
      "Id": -2147483648
    },
    {
      "Message": "",
      "PostedDate": "2014-09-13T05:31:35.86-07:00",
      "Id": -2147483648
    },
    {
      "Message": "",
      "PostedDate": "2014-09-13T05:31:40.57-07:00",
      "Id": -2147483648
    },
    {
      "Message": "Resolved with changeset 75412: Release 1.1 check in. Build script changes.",
      "PostedDate": "2014-09-13T05:56:45.817-07:00",
      "Id": -2147483648
    },
    {
      "Message": "sorry for disturbing you once more, there is a minor inconsistency in the new binary download. the naming of the interop assembly for clr4 is only correct for debug x86. for the other build configs its called Interop.Clr4.dll, this left some old dlls from 2012 in the folders, because they are not overwritten. same is true for the clr2 builds.",
      "PostedDate": "2014-09-13T07:20:16.303-07:00",
      "Id": -2147483648
    },
    {
      "Message": "** Closed by obiwanjacobi 13.09.2014 05:56",
      "PostedDate": "2014-09-13T07:20:20.62-07:00",
      "Id": -2147483648
    },
    {
      "Message": "",
      "PostedDate": "2014-09-13T07:20:20.75-07:00",
      "Id": -2147483648
    },
    {
      "Message": "",
      "PostedDate": "2014-09-13T07:20:33-07:00",
      "Id": -2147483648
    },
    {
      "Message": "Ah, thanx! I think I fixed it now.",
      "PostedDate": "2014-09-13T09:55:51.033-07:00",
      "Id": -2147483648
    },
    {
      "Message": "sorry, it's still not working... on startup there is now an immediate exception that the Jacobi.Interop.Clr4.dll is not found. it seems that only renaming the file does not work. also the .pdb and .xml files contain Jacobi.Interop.Clr4 everywhere. i think the output filename in the project needs to be changed in order to work...",
      "PostedDate": "2014-09-13T11:15:16.31-07:00",
      "Id": -2147483648
    },
    {
      "Message": "Sorry about that. (there is no quick fix).\nI have uploaded a new version of the .zip that is hopefully correct. Note that I removed the binaries for the Samples (they need more work to correctly integrate into the build .cmd files).",
      "PostedDate": "2014-09-14T02:39:43.5-07:00",
      "Id": -2147483648
    },
    {
      "Message": "",
      "PostedDate": "2014-09-20T23:13:34.94-07:00",
      "Id": -2147483648
    }
  ]
}