{
  "WorkItem": {
    "AffectedComponent": {
      "Name": "Jacobi.Vst.Interop",
      "DisplayName": "Jacobi.Vst.Interop"
    },
    "ClosedComment": "",
    "ClosedDate": "2009-02-28T00:49:03.913-08:00",
    "CommentCount": 0,
    "Custom": null,
    "Description": "I implemented the GetEffectName like this\n \npublic string GetEffectName()\n{\n  return \"Thor's VST.NET Butterworth filter\";\n}\n \nbut the string is one character too long. This caused the host application (FLStudio) to crash upon loading my plugin. Would it be possible to add a truncating function to the Interop lib?",
    "LastUpdatedDate": "2017-12-01T05:56:16.593-08:00",
    "PlannedForRelease": "VST.NET 0.6 (18340)",
    "ReleaseVisibleToPublic": true,
    "Priority": {
      "Name": "Low",
      "Severity": 50,
      "Id": 1
    },
    "ProjectName": "vstnet",
    "ReportedDate": "2009-02-20T08:27:10.11-08:00",
    "Status": {
      "Name": "Closed",
      "Id": 4
    },
    "ReasonClosed": {
      "Name": "Unassigned"
    },
    "Summary": "Crashes if string is too long",
    "Type": {
      "Name": "Issue",
      "Id": 3
    },
    "VoteCount": 1,
    "Id": 3856
  },
  "FileAttachments": [],
  "Comments": [
    {
      "Message": "Hmm. If a string is too long an Exception is thrown (or should be). This exception should be caught by the Interop layer and displayed in a message box. I'll look into it.",
      "PostedDate": "2009-02-21T10:38:00.467-08:00",
      "Id": -2147483648
    },
    {
      "Message": "",
      "PostedDate": "2009-02-21T10:39:46.357-08:00",
      "Id": -2147483648
    },
    {
      "Message": "Resolved with changeset 18663.",
      "PostedDate": "2009-02-28T00:49:03.913-08:00",
      "Id": -2147483648
    },
    {
      "Message": "",
      "PostedDate": "2013-02-21T15:35:27.923-08:00",
      "Id": -2147483648
    },
    {
      "Message": "",
      "PostedDate": "2013-05-16T03:29:32.273-07:00",
      "Id": -2147483648
    },
    {
      "Message": "",
      "PostedDate": "2017-12-01T05:56:16.593-08:00",
      "Id": -2147483648
    }
  ]
}