{
  "WorkItem": {
    "AffectedComponent": {
      "Name": "",
      "DisplayName": ""
    },
    "ClosedComment": "Could reproduce but seems to be a fault of the plugin itself.",
    "ClosedDate": "2013-12-26T04:51:29.447-08:00",
    "CommentCount": 0,
    "Custom": null,
    "Description": "i have tested this with several plugins now, the PluginCommandStub.GetProgramNameIndexed() only returns empty strings. for now i have a very evil workaround, which takes ages for huge plugin samplers. i create a temp context and switch through all programs:\n\n        //HACK: very evil hack\n        private void GetProgramNames()\n        {\n            var ctx = OpenPlugin(FFilename);\n\n            ProgramNames = new string[ctx.PluginInfo.ProgramCount];\n\n            for (int i = 0; i < ctx.PluginInfo.ProgramCount; i++)\n            {\n                ctx.PluginCommandStub.SetProgram(i);\n                ProgramNames[i] = ctx.PluginCommandStub.GetProgramName();\n            }\n            \n            ctx.Dispose();\n        }\n\nif you know the place, i can make a fix for it and create a pull request...",
    "LastUpdatedDate": "2013-12-26T04:51:29.447-08:00",
    "PlannedForRelease": "",
    "ReleaseVisibleToPublic": false,
    "Priority": {
      "Name": "Unassigned",
      "Severity": 0,
      "Id": 0
    },
    "ProjectName": "vstnet",
    "ReportedDate": "2013-12-23T15:10:17.493-08:00",
    "Status": {
      "Name": "Closed",
      "Id": 4
    },
    "ReasonClosed": {
      "Name": "Unassigned"
    },
    "Summary": "GetProgramNameIndexed(i) returns empty string",
    "Type": {
      "Name": "Unassigned",
      "Id": 5
    },
    "VoteCount": 1,
    "Id": 10481
  },
  "FileAttachments": [],
  "Comments": [
    {
      "Message": "After testing some unmanaged plugins in the Host sample, I can see plugins that report their program names correctly and some that do not. I fear this is a plugin implementation issue. \r\n\r\nI used the following code to fill a list in a combo box...\n```\n        for (int index = 0; index < PluginContext.PluginInfo.ProgramCount; index++)\n        {\n           ProgramListCmb.Items.Add(\n                PluginContext.PluginCommandStub.GetProgramNameIndexed(index));\n        }\n```",
      "PostedDate": "2013-12-26T02:40:03.8-08:00",
      "Id": -2147483648
    },
    {
      "Message": "oh, then i had bad luck in my tests. so i'll implement it again with the indexed version and use the hack as a fallback when it returns empty. thanks a lot for testing it!",
      "PostedDate": "2013-12-26T03:45:54.167-08:00",
      "Id": -2147483648
    },
    {
      "Message": "",
      "PostedDate": "2013-12-26T04:51:29.447-08:00",
      "Id": -2147483648
    }
  ]
}