{
  "WorkItem": {
    "AffectedComponent": {
      "Name": "Jacobi.Vst.Framework",
      "DisplayName": "Jacobi.Vst.Framework"
    },
    "ClosedComment": "",
    "ClosedDate": "2009-11-21T06:56:19.77-08:00",
    "CommentCount": 0,
    "Custom": null,
    "Description": "In the Framework the HostInterfaceManager checks with the host before giving out the IVstMidiProcessor. This check should be relaxed by only checking for the ReceiveVstMidiEvents cando (not also the ReceiveVstEvents) and testing for not No instead of Yes.\n \nThis was discovered after user testing with FL Studio.",
    "LastUpdatedDate": "2017-12-01T05:56:17.3-08:00",
    "PlannedForRelease": "",
    "ReleaseVisibleToPublic": false,
    "Priority": {
      "Name": "Low",
      "Severity": 50,
      "Id": 1
    },
    "ProjectName": "vstnet",
    "ReportedDate": "2009-10-20T11:36:33.897-07:00",
    "Status": {
      "Name": "Closed",
      "Id": 4
    },
    "ReasonClosed": {
      "Name": "Unassigned"
    },
    "Summary": "Relax Host MidiProcessor interface condition",
    "Type": {
      "Name": "Issue",
      "Id": 3
    },
    "VoteCount": 1,
    "Id": 5307
  },
  "FileAttachments": [],
  "Comments": [
    {
      "Message": "Resolved with changeset 31208.",
      "PostedDate": "2009-11-21T06:56:19.77-08:00",
      "Id": -2147483648
    },
    {
      "Message": "",
      "PostedDate": "2013-02-21T15:35:26.13-08:00",
      "Id": -2147483648
    },
    {
      "Message": "",
      "PostedDate": "2013-05-16T03:29:31.25-07:00",
      "Id": -2147483648
    },
    {
      "Message": "",
      "PostedDate": "2017-12-01T05:56:17.3-08:00",
      "Id": -2147483648
    }
  ]
}