{
  "WorkItem": {
    "AffectedComponent": {
      "Name": "",
      "DisplayName": ""
    },
    "ClosedComment": "",
    "ClosedDate": "2012-05-10T01:30:44.997-07:00",
    "CommentCount": 0,
    "Custom": null,
    "Description": "By providing the Jacobi.Vst.* assemblies for both CLR versions the plugin builder/developer is relieved of having to specify a [host].exe.config with startup and runtime tags during deployment.\n \nVisual Studio                                 CLR           .NET Framework\n----------------------------------------------------------------------------------------\nVisual Studio .NET (Ranier)                   *1.0.3705*      1.0\nVisual Studio 2003 (Everett)                  *1.1.4322*      1.1\nVisual Studio 2005 (Whidbey)                  *2.0.50727*     2.0\nVisual Studio 2005 with .NET 3.0 Extensions   *2.0.50727*     2.0, 3.0\nVisual Studio 2008 (Orcas)                    *2.0.50727*     2.0 SP1, 3.0 SP1, 3.5\nVisual Studio 2008 SP1                        *2.0.50727*     2.0 SP2, 3.0 SP2, 3.5 SP1\nVisual Studio 2010 (Hawaii)                   *4.0.30319*     4.0",
    "LastUpdatedDate": "2013-05-16T03:29:29.723-07:00",
    "PlannedForRelease": "",
    "ReleaseVisibleToPublic": false,
    "Priority": {
      "Name": "Low",
      "Severity": 50,
      "Id": 1
    },
    "ProjectName": "vstnet",
    "ReportedDate": "2011-10-26T00:15:26.24-07:00",
    "Status": {
      "Name": "Closed",
      "Id": 4
    },
    "ReasonClosed": {
      "Name": "Unassigned"
    },
    "Summary": "Add binaries for both CLR 2.0 and 4.0",
    "Type": {
      "Name": "Issue",
      "Id": 3
    },
    "VoteCount": 1,
    "Id": 8851
  },
  "FileAttachments": [],
  "Comments": [
    {
      "Message": "Resolved with changeset 67367.",
      "PostedDate": "2012-05-10T01:30:44.997-07:00",
      "Id": -2147483648
    },
    {
      "Message": "",
      "PostedDate": "2013-02-21T15:35:22.837-08:00",
      "Id": -2147483648
    },
    {
      "Message": "",
      "PostedDate": "2013-05-16T03:29:29.723-07:00",
      "Id": -2147483648
    }
  ]
}