{
  "WorkItem": {
    "AffectedComponent": {
      "Name": "Jacobi.Vst.Interop",
      "DisplayName": "Jacobi.Vst.Interop"
    },
    "ClosedComment": "",
    "ClosedDate": "2009-02-28T13:29:42.357-08:00",
    "CommentCount": 0,
    "Custom": null,
    "Description": "Extend the VST.NET framework with another Interop layer and Framework layer for making managed Host implementations. The Core assembly will be reused for the Host functionality, this contains all shared VST types (in managed form).\n \nBecause of my lack of knowledge on how Hosts work, any suggestions are welcome.\nPlace a comment with your ideas on how this framework should be designed.\n \nOne feature that should not lack of course, is the ability to load a VST.NET plugin *without* the double interop overhead:\nHost.net -> Interop/C++ -> Plugin.net. This has some concequences for how plugin root objects are created and if the plugin framework interfaces will also be reused for the Host to work with.\n \nEDIT: VST.NET 0.6 supports Host interop and a Host Sample. But no Host Framework.",
    "LastUpdatedDate": "2017-12-01T05:56:14.553-08:00",
    "PlannedForRelease": "VST.NET 0.6 (18340)",
    "ReleaseVisibleToPublic": true,
    "Priority": {
      "Name": "Medium",
      "Severity": 100,
      "Id": 2
    },
    "ProjectName": "vstnet",
    "ReportedDate": "2008-06-23T05:31:08.8-07:00",
    "Status": {
      "Name": "Closed",
      "Id": 4
    },
    "ReasonClosed": {
      "Name": "Unassigned"
    },
    "Summary": "Extend VST.NET with VST Host capabilities",
    "Type": {
      "Name": "Feature",
      "Id": 1
    },
    "VoteCount": 6,
    "Id": 2516
  },
  "FileAttachments": [],
  "Comments": [
    {
      "Message": "Hello,\r\n\r\nI assume you knows vstHost ? When not here is the link http://www.hermannseib.com/english/vsthost.htm\r\nHere is the old LGP version  http://www.hermannseib.com/programs/vsthostsrc.zip..\r\n\r\nelli",
      "PostedDate": "2008-08-04T11:36:54.447-07:00",
      "Id": -2147483648
    },
    {
      "Message": "",
      "PostedDate": "2008-08-04T11:37:00.18-07:00",
      "Id": -2147483648
    },
    {
      "Message": "Yes, thank you. I use vsthost extensively for testing the VST.NET sample plugins.\r\nI just haven't made time to study the internal workings of 'a host' in order to make educated decissions on how to structure the managed host code.",
      "PostedDate": "2008-08-05T04:52:04.33-07:00",
      "Id": -2147483648
    },
    {
      "Message": "",
      "PostedDate": "2009-02-08T01:02:44.713-08:00",
      "Id": -2147483648
    },
    {
      "Message": "",
      "PostedDate": "2009-02-08T03:19:34.14-08:00",
      "Id": -2147483648
    },
    {
      "Message": "Resolved with changeset 18672.",
      "PostedDate": "2009-02-28T13:29:42.357-08:00",
      "Id": -2147483648
    },
    {
      "Message": "",
      "PostedDate": "2013-02-21T15:35:30.387-08:00",
      "Id": -2147483648
    },
    {
      "Message": "",
      "PostedDate": "2013-05-16T03:29:34.15-07:00",
      "Id": -2147483648
    },
    {
      "Message": "",
      "PostedDate": "2017-12-01T05:56:14.553-08:00",
      "Id": -2147483648
    }
  ]
}