{
  "WorkItem": {
    "AffectedComponent": {
      "Name": "",
      "DisplayName": ""
    },
    "ClosedComment": "This dependency is now documented. Workaround/fix not possible because the C++/CLI Interop assembly cannot statically link this dependency AND be CLR compatible,",
    "ClosedDate": "2014-09-20T23:15:45.097-07:00",
    "CommentCount": 0,
    "Custom": null,
    "Description": "There is one dependency that I totaly overlooked. Its the CRT dependency of the Interop assembly. Interop is built with Vs2008 and that requires the Microsoft.VC90.CRT package.\nI ran a simple test on a WinXP/.NET 2.0 VPC (this is what I'm targeting) trying to start the host sample application (after copying Interop and Core ;-). I saw events in the System event log that tells you Microsoft.VC90.CRT is not found. Can you confirm that?\n \nSo your quick fix will probably be to install the Microsoft.VC90.CRT package (redistributable). But I have not tested that yet.\nHere are some helpful links:\nhttp://blogs.msdn.com/aymans/archive/2006/04/04/568466.aspx\nhttp://msdn.microsoft.com/en-us/ms235291(VS.80).aspx\n \nMeanwhile I will look into how I will solve this for future releases of VST.NET.\n \nCan you tell me if your system (win2000 and Xp) has the following folder?\n%WINDOWS%\\WinSxS\\x86_Microsoft.VC80.CRT_1fc8b3b9a1e18e3b_8.0.50727.42_x-ww_0de06acd\n \nThe WinSxS is the target folder where these dependencies are installed these days. This is the only CRT I could find on my WinXp/NET2.0 machine. But as you can see, its from the previous version (Vs2005)...",
    "LastUpdatedDate": "2014-09-20T23:15:45.097-07:00",
    "PlannedForRelease": "",
    "ReleaseVisibleToPublic": false,
    "Priority": {
      "Name": "Low",
      "Severity": 50,
      "Id": 1
    },
    "ProjectName": "vstnet",
    "ReportedDate": "2010-10-21T01:45:23.61-07:00",
    "Status": {
      "Name": "Closed",
      "Id": 4
    },
    "ReasonClosed": {
      "Name": "Fixed"
    },
    "Summary": "VC CRT Dependency",
    "Type": {
      "Name": "Issue",
      "Id": 3
    },
    "VoteCount": 2,
    "Id": 7403
  },
  "FileAttachments": [],
  "Comments": [
    {
      "Message": "I *think* I am having the same problem, but it's hard to tell since my VST Host (FL Studio 10, which is 32-bit) just crashes when loading my VST, and there's nothing in the Event Log apart from the name of the FL DLL that crashed.\r\n\r\nI might be making things more complicated by using Visual Studio Beta 2011. :-P  However, on the development machine (Windows 7 64-bit) everything works fine.  I can load the resulting VST into FL with no problems.\r\n\r\nOn the target machine, though, (also Windows 7 64-bit), it crashes as above.   \r\n\r\nDependency Walker says I'm missing IESHIMS.DLL (I'm assuming this is a red herring) and MSVCR90.DLL.   Installing the VS2008 runtime (32-bit, I assume, but I also tried 64-bit) didn't help, even if I copied the missing file into my VST directory.  \r\n\r\nI have these files in the VST directory:\nJacobi.Vst.Core.dll\nJacobi.Vst.Framework.dll\nMyPlugin.dll\nMyPlugin.net.vstdll\r\n\r\nWould copying the Jacobi.* DLLs to the GAC help?  (I can't do this on my target machine, even though I have Admin rights).   Other suggestions?  Thanks!",
      "PostedDate": "2012-11-01T18:35:39.183-07:00",
      "Id": -2147483648
    },
    {
      "Message": "Try to find out what version of VC-CRT VS2012 is on. (VS 2008 was 9.0 and I think 2010 was 10. So perhaps its 11?)\nThen try to find a 32-bit version of that.",
      "PostedDate": "2012-11-01T23:23:05.22-07:00",
      "Id": -2147483648
    },
    {
      "Message": "",
      "PostedDate": "2012-12-04T15:31:43.983-08:00",
      "Id": -2147483648
    },
    {
      "Message": "Found the cause of my crash - not related to DLLs at all.  Sorry for the red herring.\r\n\r\n(https://github.com/LeifBloomquist/MIDIMapperX/issues/2 describes the issue and the fix)",
      "PostedDate": "2012-12-04T23:07:33.937-08:00",
      "Id": -2147483648
    },
    {
      "Message": "",
      "PostedDate": "2013-02-21T15:35:24.11-08:00",
      "Id": -2147483648
    },
    {
      "Message": "",
      "PostedDate": "2014-09-20T23:15:45.097-07:00",
      "Id": -2147483648
    }
  ]
}