{
  "WorkItem": {
    "AffectedComponent": {
      "Name": "Jacobi.Vst.Core",
      "DisplayName": "Jacobi.Vst.Core"
    },
    "ClosedComment": "",
    "ClosedDate": "2013-12-26T04:55:57.97-08:00",
    "CommentCount": 0,
    "Custom": null,
    "Description": "Hi,\n\nI've been getting the following VST.NET error when I load up any VST.NET vsti (tried my own project as well as a sample VST.NET plugin) in Sonar X2:\n![Image](https://dl.dropboxusercontent.com/u/20066539/Images/MSS/vstNetError.png)\n\nThe error message also sometimes occurs when hitting play or stop. I've tried this in 32-bit Sonar X2 and 64-bit sonar X2 on windows 7 and windows 8 and got the error message in all cases. Any idea what could be causing it? Looks like there is a signed/unsigned mismatch somewhere.\n\nThanks,\nRob",
    "LastUpdatedDate": "2017-12-01T05:56:18.2-08:00",
    "PlannedForRelease": "",
    "ReleaseVisibleToPublic": false,
    "Priority": {
      "Name": "Low",
      "Severity": 50,
      "Id": 1
    },
    "ProjectName": "vstnet",
    "ReportedDate": "2013-04-25T00:20:25.737-07:00",
    "Status": {
      "Name": "Closed",
      "Id": 4
    },
    "ReasonClosed": {
      "Name": "Unassigned"
    },
    "Summary": "Remove Check on detune in VstMidiEvent ctor",
    "Type": {
      "Name": "Issue",
      "Id": 3
    },
    "VoteCount": 2,
    "Id": 10054
  },
  "FileAttachments": [
    {
      "FileId": 3340,
      "FileName": "vstNetError.png",
      "DownloadUrl": ".\\3340"
    }
  ],
  "Comments": [
    {
      "Message": "Thanks for taking a look at this! Yeah the VST spec is kind of misleading on this.",
      "PostedDate": "2013-04-25T06:58:52.43-07:00",
      "Id": -2147483648
    },
    {
      "Message": "Resolved with changeset 74292.",
      "PostedDate": "2013-12-26T04:55:57.97-08:00",
      "Id": -2147483648
    },
    {
      "Message": "",
      "PostedDate": "2017-12-01T05:56:18.2-08:00",
      "Id": -2147483648
    }
  ]
}