{
  "WorkItem": {
    "AffectedComponent": {
      "Name": "",
      "DisplayName": ""
    },
    "ClosedComment": "Closed on request of user",
    "ClosedDate": "2008-08-27T12:53:04.843-07:00",
    "CommentCount": 0,
    "Custom": null,
    "Description": "The DLLs require development DLLs (at least Microsoft.VC90.DebugCRT, see below.) It would be great if the release version of the DLLs did not require this - I for instance have no .NET development tools on my music computer (which has my VST host), I only have .NET tools on non-music computers.\n \n   Cheers/willshak\n \n \nEvent Type:\tError\nEvent Source:\tSideBySide\nEvent Category:\tNone\nEvent ID:\t32\nDate:\t\t2008-08-26\nTime:\t\t00:35:45\nUser:\t\tN/A\nComputer:\tBOOM\nDescription:\nDependent Assembly Microsoft.VC90.DebugCRT could not be found and Last Error was The referenced assembly is not installed on your system.\n \n \nEvent Type:\tError\nEvent Source:\tSideBySide\nEvent Category:\tNone\nEvent ID:\t59\nDate:\t\t2008-08-26\nTime:\t\t00:35:45\nUser:\t\tN/A\nComputer:\tBOOM\nDescription:\nResolve Partial Assembly failed for Microsoft.VC90.DebugCRT. Reference error message: The referenced assembly is not installed on your system.\n \n \nEvent Type:\tError\nEvent Source:\tSideBySide\nEvent Category:\tNone\nEvent ID:\t59\nDate:\t\t2008-08-26\nTime:\t\t00:35:45\nUser:\t\tN/A\nComputer:\tBOOM\nDescription:\nGenerate Activation Context failed for C:\\Program Files\\Steinberg\\VstPlugins\\VST.NET\\Jacobi.Vst.Samples.CorePlugin.dll. Reference error message: The operation completed successfully.",
    "LastUpdatedDate": "2013-05-16T03:29:33.173-07:00",
    "PlannedForRelease": "",
    "ReleaseVisibleToPublic": false,
    "Priority": {
      "Name": "Low",
      "Severity": 50,
      "Id": 1
    },
    "ProjectName": "vstnet",
    "ReportedDate": "2008-08-25T17:01:03.02-07:00",
    "Status": {
      "Name": "Closed",
      "Id": 4
    },
    "ReasonClosed": {
      "Name": "Unassigned"
    },
    "Summary": "Missing assembly Microsoft.VC90.DebugCRT on non-dev host",
    "Type": {
      "Name": "Issue",
      "Id": 3
    },
    "VoteCount": 1,
    "Id": 2911
  },
  "FileAttachments": [],
  "Comments": [
    {
      "Message": "Please close this one, I had copied a debug DLL instead of a release DLL to my music computer...",
      "PostedDate": "2008-08-25T18:03:18.077-07:00",
      "Id": -2147483648
    },
    {
      "Message": "Some further details: For the DLLs to stop referencing the VS assemblies I had to disable the \"Enable the Visual Studio hosting process\" in the Project | Debug settings.",
      "PostedDate": "2008-08-25T18:17:10.647-07:00",
      "Id": -2147483648
    },
    {
      "Message": "",
      "PostedDate": "2008-08-27T12:53:04.843-07:00",
      "Id": -2147483648
    },
    {
      "Message": "",
      "PostedDate": "2013-02-21T15:35:29.22-08:00",
      "Id": -2147483648
    },
    {
      "Message": "",
      "PostedDate": "2013-05-16T03:29:33.173-07:00",
      "Id": -2147483648
    }
  ]
}