{
  "WorkItem": {
    "AffectedComponent": {
      "Name": "",
      "DisplayName": ""
    },
    "ClosedComment": "",
    "ClosedDate": "2008-10-10T06:29:04.06-07:00",
    "CommentCount": 0,
    "Custom": null,
    "Description": "The class name confused me:\n \n\"WindowsFormsWrapper\" means to me that its a wrapper for something unspecified in WindowsForms, which I find too vague. How about renaming it to WindowsFormsUIWrapper, WindowsFormsUserControlWrapper, WFUIWrapper (as opposed to WPFUIWrapper) or some such specific class name?\n \nCheers/Kristian",
    "LastUpdatedDate": "2013-05-16T03:29:32.43-07:00",
    "PlannedForRelease": "",
    "ReleaseVisibleToPublic": false,
    "Priority": {
      "Name": "Low",
      "Severity": 50,
      "Id": 1
    },
    "ProjectName": "vstnet",
    "ReportedDate": "2008-10-07T18:37:51.013-07:00",
    "Status": {
      "Name": "Closed",
      "Id": 4
    },
    "ReasonClosed": {
      "Name": "Unassigned"
    },
    "Summary": "Rename WindowsFormsWrapper class",
    "Type": {
      "Name": "Issue",
      "Id": 3
    },
    "VoteCount": 1,
    "Id": 3171
  },
  "FileAttachments": [],
  "Comments": [
    {
      "Message": "You're right. WindowsFormsWrapper just indicates the technology not what is wrapped specifically.\r\n\r\nHow about: \"WinFormsControlWrapper\"\r\n\r\nI've shortend Windows to Win and the code (recently) accepts Control's (or derived) not just UserControl's.\r\n\r\nThanx for the heads-up.",
      "PostedDate": "2008-10-08T10:04:55.78-07:00",
      "Id": -2147483648
    },
    {
      "Message": "That worx for me:-)\r\n\r\nRe \"WinForms\", if you haven't already, maybe you want to document the VST.NET standard moniker to use for WPF, in case someone has too much time on his or hers hands...\r\n\r\n  Thx",
      "PostedDate": "2008-10-09T18:42:48.59-07:00",
      "Id": -2147483648
    },
    {
      "Message": "I dont know: maybe just WindowsControlWrapper (Windows is the base namespace for WPF)...?",
      "PostedDate": "2008-10-10T06:28:44.5-07:00",
      "Id": -2147483648
    },
    {
      "Message": "",
      "PostedDate": "2008-10-10T06:29:04.06-07:00",
      "Id": -2147483648
    },
    {
      "Message": "",
      "PostedDate": "2013-02-21T15:35:28.307-08:00",
      "Id": -2147483648
    },
    {
      "Message": "",
      "PostedDate": "2013-05-16T03:29:32.43-07:00",
      "Id": -2147483648
    }
  ]
}