{
  "WorkItem": {
    "AffectedComponent": {
      "Name": "",
      "DisplayName": ""
    },
    "ClosedComment": "",
    "ClosedDate": "2009-06-29T12:12:25.233-07:00",
    "CommentCount": 0,
    "Custom": null,
    "Description": "Hi,\n \nI checked out a fresh copy of the source, and it gave me errors about the .snk file missing and also about AssemblyInfo.General.cs files missing in each project.\n \nRegards.",
    "LastUpdatedDate": "2013-05-16T03:29:31.947-07:00",
    "PlannedForRelease": "",
    "ReleaseVisibleToPublic": false,
    "Priority": {
      "Name": "Low",
      "Severity": 50,
      "Id": 1
    },
    "ProjectName": "vstnet",
    "ReportedDate": "2009-06-14T09:25:34.587-07:00",
    "Status": {
      "Name": "Closed",
      "Id": 4
    },
    "ReasonClosed": {
      "Name": "Unassigned"
    },
    "Summary": "Checked out code won't compile",
    "Type": {
      "Name": "Issue",
      "Id": 3
    },
    "VoteCount": 1,
    "Id": 4161
  },
  "FileAttachments": [],
  "Comments": [
    {
      "Message": "Please follow the instructions on this page:\r\nhttp://vstnet.codeplex.com/Wiki/View.aspx?title=Building%20the%20Source%20Code\r\n\r\nIf you still have problems post them in the discussion list so, other may benifit too.\r\n\r\nThanx,\r\nMarc",
      "PostedDate": "2009-06-29T12:12:12.45-07:00",
      "Id": -2147483648
    },
    {
      "Message": "",
      "PostedDate": "2009-06-29T12:12:25.233-07:00",
      "Id": -2147483648
    },
    {
      "Message": "Marc,\r\n\r\nI'm sorry, I had seen that page after posting my original comment, so I should have posted another comment saying so.\r\n\r\nBut thanks for confirming.\r\n\r\nRegards.",
      "PostedDate": "2009-06-29T13:55:37.78-07:00",
      "Id": -2147483648
    },
    {
      "Message": "",
      "PostedDate": "2013-02-21T15:35:27.417-08:00",
      "Id": -2147483648
    },
    {
      "Message": "",
      "PostedDate": "2013-05-16T03:29:31.947-07:00",
      "Id": -2147483648
    }
  ]
}