{
  "WorkItem": {
    "AffectedComponent": {
      "Name": "",
      "DisplayName": ""
    },
    "ClosedComment": "By design. Unfortunately there is no good solution for this.",
    "ClosedDate": "2011-12-26T09:19:12.013-08:00",
    "CommentCount": 0,
    "Custom": null,
    "Description": "when build jacobi.Vst using vs2008, I get this error. \nlook at the compile option in detail, there are some relative path error.\n \n/keyfile:..\\..\\..\\..\\..\\..\\_keyfile\\Jacobi.snk /optimize- /out:obj\\Debug\\Jacobi.Vst.Core.dll /resource:obj\\Debug\\Jacobi.Vst.Core.Properties.Resources.resources /target:library ..\\..\\..\\..\\..\\..\\_AssemblyInfo\\AssemblyInfo.General.cs\n \nJacobi.snk and AssemblyInfo.General.cs could not be found.",
    "LastUpdatedDate": "2013-05-16T03:29:29.58-07:00",
    "PlannedForRelease": "",
    "ReleaseVisibleToPublic": false,
    "Priority": {
      "Name": "Low",
      "Severity": 50,
      "Id": 1
    },
    "ProjectName": "vstnet",
    "ReportedDate": "2011-12-26T04:04:54.377-08:00",
    "Status": {
      "Name": "Closed",
      "Id": 4
    },
    "ReasonClosed": {
      "Name": "Unassigned"
    },
    "Summary": "Source file 'E:\\_AssemblyInfo\\AssemblyInfo.General.cs' could not be opened",
    "Type": {
      "Name": "Issue",
      "Id": 3
    },
    "VoteCount": 1,
    "Id": 9059
  },
  "FileAttachments": [],
  "Comments": [
    {
      "Message": "Those missing files are specific to me and identify an official build (important for license).\r\n\r\nFor more info:\r\nhttp://vstnet.codeplex.com/wikipage?title=Building%20the%20Source%20Code",
      "PostedDate": "2011-12-26T09:18:36.17-08:00",
      "Id": -2147483648
    },
    {
      "Message": "",
      "PostedDate": "2011-12-26T09:19:12.013-08:00",
      "Id": -2147483648
    },
    {
      "Message": "",
      "PostedDate": "2013-02-21T15:35:22.4-08:00",
      "Id": -2147483648
    },
    {
      "Message": "",
      "PostedDate": "2013-05-16T03:29:29.58-07:00",
      "Id": -2147483648
    }
  ]
}