{
  "WorkItem": {
    "AffectedComponent": {
      "Name": "",
      "DisplayName": ""
    },
    "ClosedComment": "",
    "ClosedDate": "2008-09-05T02:52:31.57-07:00",
    "CommentCount": 0,
    "Custom": null,
    "Description": "\"Precision\" is only one \"s\" I believe. Would be nice to fix IVstPluginAudioPrecissionProcessor etc.",
    "LastUpdatedDate": "2017-12-01T05:56:15.89-08:00",
    "PlannedForRelease": "VST.NET 0.4 (15523)",
    "ReleaseVisibleToPublic": true,
    "Priority": {
      "Name": "Low",
      "Severity": 50,
      "Id": 1
    },
    "ProjectName": "vstnet",
    "ReportedDate": "2008-08-31T17:38:56.19-07:00",
    "Status": {
      "Name": "Closed",
      "Id": 4
    },
    "ReasonClosed": {
      "Name": "Unassigned"
    },
    "Summary": "Minor nitpick: \"Precission\" mispelt :-)",
    "Type": {
      "Name": "Issue",
      "Id": 3
    },
    "VoteCount": 1,
    "Id": 2939
  },
  "FileAttachments": [],
  "Comments": [
    {
      "Message": "Search-replaced the code solution. Should be gone now. Thanx.",
      "PostedDate": "2008-09-05T01:58:53.123-07:00",
      "Id": -2147483648
    },
    {
      "Message": "",
      "PostedDate": "2008-09-05T02:00:20.983-07:00",
      "Id": -2147483648
    },
    {
      "Message": "Resolved with changeset 15514.",
      "PostedDate": "2008-09-05T02:52:31.57-07:00",
      "Id": -2147483648
    },
    {
      "Message": "",
      "PostedDate": "2013-02-21T15:35:28.9-08:00",
      "Id": -2147483648
    },
    {
      "Message": "",
      "PostedDate": "2013-05-16T03:29:32.863-07:00",
      "Id": -2147483648
    },
    {
      "Message": "",
      "PostedDate": "2017-12-01T05:56:15.89-08:00",
      "Id": -2147483648
    }
  ]
}