{
  "WorkItem": {
    "AffectedComponent": {
      "Name": "Jacobi.Vst.Interop",
      "DisplayName": "Jacobi.Vst.Interop"
    },
    "ClosedComment": "",
    "ClosedDate": "2010-02-13T04:59:00.403-08:00",
    "CommentCount": 0,
    "Custom": null,
    "Description": "System::Boolean VstPluginCommandStub::ProcessEvents(array<Jacobi::Vst::Core::VstEvent^>^ events)\n{\n ::VstEvents* pEvents = TypeConverter::AllocUnmanagedEvents(events);  \n \n// HERE ============== >>>>>\ntry \n{  \nreturn (CallDispatch(effProcessEvents, 0, 0, pEvents, 0) != 0); \n} \nfinally\n {\n  TypeConverter::DeleteUnmanagedEvents(pEvents); \n}\n// <=================\n \nPerhaps the problem lies within the DeleteUnmanagedEvents method. Skipping that solved the AccessViolationExceptions.",
    "LastUpdatedDate": "2017-12-01T05:56:17.737-08:00",
    "PlannedForRelease": "",
    "ReleaseVisibleToPublic": false,
    "Priority": {
      "Name": "Low",
      "Severity": 50,
      "Id": 1
    },
    "ProjectName": "vstnet",
    "ReportedDate": "2010-02-11T22:09:07.37-08:00",
    "Status": {
      "Name": "Closed",
      "Id": 4
    },
    "ReasonClosed": {
      "Name": "Unassigned"
    },
    "Summary": "AccessViolationException in processing midi events",
    "Type": {
      "Name": "Issue",
      "Id": 3
    },
    "VoteCount": 1,
    "Id": 6018
  },
  "FileAttachments": [],
  "Comments": [
    {
      "Message": "Hello, I tried to call DeleteUnmanagedEvents before return statement and the exception persists, as you said, it seems to be a bug in DeleteUnmanagedEvents method. \r\n\r\nWhen I'm debugging the DeleteUnmanagedEvents no line throws the exception and the method finishes successfuly, but after that when calling to ProcessReplacing method the exception is raised.\r\n\r\nSkipping DeleteUnmanagedEvents solves the AccessViolationException.",
      "PostedDate": "2010-02-12T07:30:36.26-08:00",
      "Id": -2147483648
    },
    {
      "Message": "Resolved with changeset 36394.",
      "PostedDate": "2010-02-13T04:59:00.403-08:00",
      "Id": -2147483648
    },
    {
      "Message": "",
      "PostedDate": "2013-02-21T15:35:24.993-08:00",
      "Id": -2147483648
    },
    {
      "Message": "",
      "PostedDate": "2013-05-16T03:29:30.673-07:00",
      "Id": -2147483648
    },
    {
      "Message": "",
      "PostedDate": "2017-12-01T05:56:17.737-08:00",
      "Id": -2147483648
    }
  ]
}