{
  "WorkItem": {
    "AffectedComponent": {
      "Name": "Jacobi.Vst.Framework",
      "DisplayName": "Jacobi.Vst.Framework"
    },
    "ClosedComment": "Read-only programs is implemented. Hidden parameters not. A generic chunk-file mechanism can be found at the CannedBytes repository (also used by MIDI.NET).",
    "ClosedDate": "2014-09-20T23:17:52.47-07:00",
    "CommentCount": 0,
    "Custom": null,
    "Description": "Programs\n- allow programs to be read-only acting like factory presets (no persistence).\n \nParameters\n- allow parameters to be hidden; will not be reported to the host but will be persisted.\n \nPersistence\n- uniquely tag each information item (Programs/Parameters) so ordering does not matter.\n- support chunks internally (ChunkReader etc) and skip non-recognized chunks (of newer versions).\n- Add generic support for reading/writing chunks (probably external lib).",
    "LastUpdatedDate": "2014-09-20T23:17:52.47-07:00",
    "PlannedForRelease": "",
    "ReleaseVisibleToPublic": false,
    "Priority": {
      "Name": "Medium",
      "Severity": 100,
      "Id": 2
    },
    "ProjectName": "vstnet",
    "ReportedDate": "2011-11-28T03:47:29.933-08:00",
    "Status": {
      "Name": "Closed",
      "Id": 4
    },
    "ReasonClosed": {
      "Name": "Fixed"
    },
    "Summary": "Read-only Programs, Hidden Parameters and Versionable Persistence",
    "Type": {
      "Name": "Feature",
      "Id": 1
    },
    "VoteCount": 1,
    "Id": 8957
  },
  "FileAttachments": [],
  "Comments": [
    {
      "Message": "Associated with changeset 75412: Release 1.1 check in. Build script changes.",
      "PostedDate": "2014-09-13T05:56:44.903-07:00",
      "Id": -2147483648
    },
    {
      "Message": "",
      "PostedDate": "2014-09-20T23:17:52.47-07:00",
      "Id": -2147483648
    }
  ]
}