{
  "WorkItem": {
    "AffectedComponent": {
      "Name": "Jacobi.Vst.Interop",
      "DisplayName": "Jacobi.Vst.Interop"
    },
    "ClosedComment": "",
    "ClosedDate": "2008-07-25T10:45:58.27-07:00",
    "CommentCount": 0,
    "Custom": null,
    "Description": "The Core contains an enum with documented (in VST SDK 2.4) plugin cando strings. But it seems a lot of hosts use all sorts of strings.\n \nCuBase 2.x SX\n* LiveWithoutToolbar - asked when invoking the editor (custom or provided by host)\n \nvsthost.exe\n* sendVstTimeInfo\n* plugAsChannelInsert\n* plugAsSend\n* mixDryWet\n* noRealTime\n* multipass\n* metapass\n* 1in1out, 1in2out, 2in1out, 2in2out, 2in4out, 4in2out, 4in4out, 4in8out, 8in4out, 8in8out\n* conformsToWindowRules\n \nHere some info: http://ygrabit.steinberg.de/~ygrabit/public_html/vstgui/vstsupport5.html",
    "LastUpdatedDate": "2017-12-01T05:56:15.23-08:00",
    "PlannedForRelease": "",
    "ReleaseVisibleToPublic": false,
    "Priority": {
      "Name": "Medium",
      "Severity": 100,
      "Id": 2
    },
    "ProjectName": "vstnet",
    "ReportedDate": "2008-07-08T13:30:06.587-07:00",
    "Status": {
      "Name": "Closed",
      "Id": 4
    },
    "ReasonClosed": {
      "Name": "Unassigned"
    },
    "Summary": "Cando implementation in Interop throws Exceptions on 'unknown' strings",
    "Type": {
      "Name": "Issue",
      "Id": 3
    },
    "VoteCount": 1,
    "Id": 2697
  },
  "FileAttachments": [],
  "Comments": [
    {
      "Message": "Resolved with changeset 14711.",
      "PostedDate": "2008-07-25T10:45:58.27-07:00",
      "Id": -2147483648
    },
    {
      "Message": "",
      "PostedDate": "2013-02-21T15:35:29.637-08:00",
      "Id": -2147483648
    },
    {
      "Message": "",
      "PostedDate": "2013-05-16T03:29:33.483-07:00",
      "Id": -2147483648
    },
    {
      "Message": "",
      "PostedDate": "2017-12-01T05:56:15.23-08:00",
      "Id": -2147483648
    }
  ]
}