{
  "WorkItem": {
    "AffectedComponent": {
      "Name": "Jacobi.Vst.Framework",
      "DisplayName": "Jacobi.Vst.Framework"
    },
    "ClosedComment": "",
    "ClosedDate": "2009-09-21T14:00:27.927-07:00",
    "CommentCount": 0,
    "Custom": null,
    "Description": "When Parameter Properties are not queried by a host, the external parameter values should lie within the [0, 1] range. As soon as they are queried by the host they should work as specified in the VstParameterInfo object for that parameter.\n \nWe need an extra field in the VstParameterInfo. This field will store a factor that is applied to the parameter value when it is passed to the host. This value will be initialized so that external values fall into the [0, 1] range (an offset value to transpose the null-line and a factor to reduce/expand the reach).\n \nWhen the parameter properties have been retrieved for a parameter this 'factor' field will be cleared, thus restoring the original meta values.\n \nHave to test for side-effects.",
    "LastUpdatedDate": "2017-12-01T05:56:16.977-08:00",
    "PlannedForRelease": "",
    "ReleaseVisibleToPublic": false,
    "Priority": {
      "Name": "Medium",
      "Severity": 100,
      "Id": 2
    },
    "ProjectName": "vstnet",
    "ReportedDate": "2009-09-21T03:49:42.247-07:00",
    "Status": {
      "Name": "Closed",
      "Id": 4
    },
    "ReasonClosed": {
      "Name": "Unassigned"
    },
    "Summary": "Transparently normalize parameter's value to [0, 1]",
    "Type": {
      "Name": "Feature",
      "Id": 1
    },
    "VoteCount": 1,
    "Id": 4953
  },
  "FileAttachments": [],
  "Comments": [
    {
      "Message": "Resolved with changeset 27040.",
      "PostedDate": "2009-09-21T14:00:27.927-07:00",
      "Id": -2147483648
    },
    {
      "Message": "",
      "PostedDate": "2013-02-21T15:35:26.72-08:00",
      "Id": -2147483648
    },
    {
      "Message": "",
      "PostedDate": "2013-05-16T03:29:31.54-07:00",
      "Id": -2147483648
    },
    {
      "Message": "",
      "PostedDate": "2017-12-01T05:56:16.977-08:00",
      "Id": -2147483648
    }
  ]
}