{
  "WorkItem": {
    "AffectedComponent": {
      "Name": "",
      "DisplayName": ""
    },
    "ClosedComment": "",
    "ClosedDate": "2008-06-28T05:17:47.633-07:00",
    "CommentCount": 0,
    "Custom": null,
    "Description": "I’m getting an error while instantiating the VST.NET sample Jacobi.Vst.Core.TestPlugin in a host (Renoise). A few seconds after instantiating, I got an error on the StopProcess method. The error says that the GUI is accessed by a different thread than the one that has created it. The VST and the GUI is still running, as the exception is catched but i'm suspecting to get this error on other methods.\n \nI put some traces, and it’s effectively the case. When the form is created, the threadId is 1, when the StopProcess method is called, the ThreadId is 3.\n \nAs the VST host is able to call the VST from different threads (midi input, automation of the parameters…), i guess that it would be safer in a subclass of IVstPluginCommandStub to invoke the GUI via a delegate method Invoke to let the Thread GUI update correctly the form. \n \nSee attached screen error (the message is in French, but it’s talking about thread concurrency).",
    "LastUpdatedDate": "2017-12-01T05:56:15.043-08:00",
    "PlannedForRelease": "",
    "ReleaseVisibleToPublic": false,
    "Priority": {
      "Name": "Low",
      "Severity": 50,
      "Id": 1
    },
    "ProjectName": "vstnet",
    "ReportedDate": "2008-06-23T06:46:49.497-07:00",
    "Status": {
      "Name": "Closed",
      "Id": 4
    },
    "ReasonClosed": {
      "Name": "Unassigned"
    },
    "Summary": "Thread concurrency problem with the VST GUI",
    "Type": {
      "Name": "Issue",
      "Id": 3
    },
    "VoteCount": 1,
    "Id": 2519
  },
  "FileAttachments": [
    {
      "FileId": 1048,
      "FileName": "ExceptionStopProcess.jpg",
      "DownloadUrl": ".\\1048"
    }
  ],
  "Comments": [
    {
      "Message": "Yeah. The Core.TestPlugin was an early test project that I used to see what calls were made by the host to the plugin. I will fix this just to keep the example working. Thanx.",
      "PostedDate": "2008-06-23T10:14:11.743-07:00",
      "Id": -2147483648
    },
    {
      "Message": "",
      "PostedDate": "2008-06-26T03:03:28.883-07:00",
      "Id": -2147483648
    },
    {
      "Message": "Resolved with changeset 13909.",
      "PostedDate": "2008-06-28T05:17:47.633-07:00",
      "Id": -2147483648
    },
    {
      "Message": "",
      "PostedDate": "2008-07-08T23:00:33.02-07:00",
      "Id": -2147483648
    },
    {
      "Message": "",
      "PostedDate": "2013-02-21T15:35:29.843-08:00",
      "Id": -2147483648
    },
    {
      "Message": "",
      "PostedDate": "2013-05-16T03:29:33.623-07:00",
      "Id": -2147483648
    },
    {
      "Message": "",
      "PostedDate": "2017-12-01T05:56:15.043-08:00",
      "Id": -2147483648
    }
  ]
}