{
  "WorkItem": {
    "AffectedComponent": {
      "Name": "Jacobi.Vst.Core",
      "DisplayName": "Jacobi.Vst.Core"
    },
    "ClosedComment": "",
    "ClosedDate": "2008-08-29T14:02:03.443-07:00",
    "CommentCount": 0,
    "Custom": null,
    "Description": "VST hosts scan for *.dll, and depending on host and settings, will either incorrectly include *.net.dll files in the list of plugins, or waste time doing a deep scan of the *.net.dll to find out it's not a valid VST plugin (and force the user to do a deep scan of all the VSTs.)\n \nSuggested resolution: \nInclude a standard way of placing & locating the *.net.dll in a different folder (I like this best), or avoid using the .dll suffix on the *.net files.",
    "LastUpdatedDate": "2017-12-01T05:56:15.703-08:00",
    "PlannedForRelease": "VST.NET 0.4 (15523)",
    "ReleaseVisibleToPublic": true,
    "Priority": {
      "Name": "Low",
      "Severity": 50,
      "Id": 1
    },
    "ProjectName": "vstnet",
    "ReportedDate": "2008-08-26T16:07:25.74-07:00",
    "Status": {
      "Name": "Closed",
      "Id": 4
    },
    "ReasonClosed": {
      "Name": "Unassigned"
    },
    "Summary": "Move or rename *.net.dll",
    "Type": {
      "Name": "Issue",
      "Id": 3
    },
    "VoteCount": 1,
    "Id": 2923
  },
  "FileAttachments": [],
  "Comments": [
    {
      "Message": "I have changed the ManagedPluginFactory to fallback to the .net.vstdll extension when the .net.dll extension is not found. So when you end the name of your managed plugin assembly with .net.vstdll, your host should not pick it up but VST.NET will. I trust this is a suitable solution to your problem.\r\n\r\nThis item will be closed with the next code check in.",
      "PostedDate": "2008-08-28T10:49:05.473-07:00",
      "Id": -2147483648
    },
    {
      "Message": "",
      "PostedDate": "2008-08-28T10:49:46.52-07:00",
      "Id": -2147483648
    },
    {
      "Message": "",
      "PostedDate": "2008-08-28T10:59:13.94-07:00",
      "Id": -2147483648
    },
    {
      "Message": "",
      "PostedDate": "2008-08-28T11:05:52.56-07:00",
      "Id": -2147483648
    },
    {
      "Message": "Resolved with changeset 15380.",
      "PostedDate": "2008-08-29T14:02:03.443-07:00",
      "Id": -2147483648
    },
    {
      "Message": "",
      "PostedDate": "2013-02-21T15:35:29.053-08:00",
      "Id": -2147483648
    },
    {
      "Message": "",
      "PostedDate": "2013-05-16T03:29:33.01-07:00",
      "Id": -2147483648
    },
    {
      "Message": "",
      "PostedDate": "2017-12-01T05:56:15.703-08:00",
      "Id": -2147483648
    }
  ]
}