{
  "WorkItem": {
    "AffectedComponent": {
      "Name": "",
      "DisplayName": ""
    },
    "ClosedComment": "",
    "ClosedDate": null,
    "CommentCount": 0,
    "Custom": null,
    "Description": "It could be very nice if you could add a VST.NET Host Framework to this project, in this way many .net developers could develop an entire application using managed code. I suffer trying to create a VST host application in C# to host managed and unmanaged VSTs (existing unmanaged VSTs firstly ). \n \nI hope one day we will succeed.",
    "LastUpdatedDate": "2016-03-30T09:46:45.18-07:00",
    "PlannedForRelease": "",
    "ReleaseVisibleToPublic": false,
    "Priority": {
      "Name": "Low",
      "Severity": 50,
      "Id": 1
    },
    "ProjectName": "vstnet",
    "ReportedDate": "2010-01-03T17:51:45.087-08:00",
    "Status": {
      "Name": "Proposed",
      "Id": 1
    },
    "ReasonClosed": {
      "Name": "Unassigned"
    },
    "Summary": "VST.NET Host Framework",
    "Type": {
      "Name": "Issue",
      "Id": 3
    },
    "VoteCount": 6,
    "Id": 5689
  },
  "FileAttachments": [],
  "Comments": [
    {
      "Message": "And what would that host framework do exactly? VST.NET provides a VstPluginContext class (Interop.Host) that allows you to load and access any unmanaged (and managed) VST plugin. That is about the only functionality I could think of that is not host specific (remember that a host is not always a sequencer) and fits neatly into VST.NET.",
      "PostedDate": "2010-01-03T22:13:27.503-08:00",
      "Id": -2147483648
    },
    {
      "Message": "",
      "PostedDate": "2010-01-30T08:38:20.743-08:00",
      "Id": -2147483648
    },
    {
      "Message": "",
      "PostedDate": "2010-02-06T13:50:35.213-08:00",
      "Id": -2147483648
    },
    {
      "Message": "Hi Marc, I was thinking in a Host Framework many weeks ago when I first read about this project, and I had read it was only intented to create pluggins.\r\n\r\nNow I have a few more experience with VST.NET and basically I'm thinking in a Host Framework implementing ASIO for audio output and some way to catch MIDI events comming from external devices, or maybe what I needed in its moment was a complete sample from loading a VSTi, selecting some output driver, some way to catch MIDI events from an external device (like a keyboard) and redirecting them to the loaded VSTi, and some way to implement a metronome to synchronize the sequencer with external devices.\r\n\r\nIn order to accomplish these things I'm planning to use ASIO.NET project and MIDI Toolkit by Leslie Sanford but I don't know what kind of problems I will face due to mixing different projects, so that is why I asked for a Host Framework that allows to do all these tasks (audio output and MIDI in/out management, etc) using just one framework.\r\n\r\nMaybe these requeriments are outside the scope of this project but it could be amazing and very useful for .NET developers.\r\n\r\nAny way, let me work in this application for awhile and I will come back here and I will be more specific.\r\n\r\nP.S. Sorry, my english is not so good.",
      "PostedDate": "2010-02-14T13:31:56.583-08:00",
      "Id": -2147483648
    },
    {
      "Message": "I don't think its a good idea to copy ASIO.NET or the MIDI toolkit here in VST.NET. These libraries seems to be working great and mixing them in one project should give you no troubles. \r\n\r\nI am currently investigating a generic Plugin audio (and Midi) routing engine. This will allow you to define audio and midi connections between plugins and hand that over to an engine that accepts incoming audio (from a track) and process the audio through a complex chain of plugins. \r\nThis seems the most generic problem when building a VST Host.\r\n\r\nIf you have any other feature requests for the Host Framework, please post them here as a comment.",
      "PostedDate": "2010-02-15T00:25:14.88-08:00",
      "Id": -2147483648
    },
    {
      "Message": "",
      "PostedDate": "2010-02-27T02:23:15.76-08:00",
      "Id": -2147483648
    },
    {
      "Message": "Personally I'd love to be able to have offline processing and shell plugin support on the host component.",
      "PostedDate": "2011-07-14T10:48:41.687-07:00",
      "Id": -2147483648
    },
    {
      "Message": "Offline processing and Shell plugin support are plugin concepts -well, offline processing is also a host thing but it should work on the plugin commands interface... So either I do not understand your request or ... ;-) From what I have heard there are practically no hosts that support these features and therefor very little plugins that rely on them. To my mind it would be an investment better spent somewhere else...",
      "PostedDate": "2011-09-05T02:22:40.197-07:00",
      "Id": -2147483648
    },
    {
      "Message": "",
      "PostedDate": "2013-02-21T15:35:25.597-08:00",
      "Id": -2147483648
    },
    {
      "Message": "",
      "PostedDate": "2016-03-01T01:36:54.977-08:00",
      "Id": -2147483648
    },
    {
      "Message": "",
      "PostedDate": "2016-03-30T09:46:45.18-07:00",
      "Id": -2147483648
    }
  ]
}