{
  "WorkItem": {
    "AffectedComponent": {
      "Name": "",
      "DisplayName": ""
    },
    "ClosedComment": "",
    "ClosedDate": "2009-09-16T05:04:06.323-07:00",
    "CommentCount": 0,
    "Custom": null,
    "Description": "Hi,\n \nWhen I checkout a fresh new copy of the code, and follow the build instructions given on this site, I can build all the projects, including the samples.\n \nBut when I try to run the Sample host, after selecting a VST plugin, I get the following error dialog (see also attached screen capture):\n \n---------------------------\nVST.NET Sample Host\n---------------------------\nSystem.Resources.MissingManifestResourceException: Could not find any resources appropriate for the specified culture or the neutral culture.  Make sure \"Jacobi.Vst.Interop.Properties.resources\" was correctly embedded or linked into assembly \"Jacobi.Vst.Interop\" at compile time, or that all the satellite assemblies required are loadable and fully signed.\n \n   at System.Resources.ResourceManager.InternalGetResourceSet(CultureInfo culture, Boolean createIfNotExists, Boolean tryParents)\n \n   at System.Resources.ResourceManager.InternalGetResourceSet(CultureInfo culture, Boolean createIfNotExists, Boolean tryParents)\n \n   at System.Resources.ResourceManager.InternalGetResourceSet(CultureInfo culture, Boolean createIfNotExists, Boolean tryParents)\n \n   at System.Resources.ResourceManager.GetString(String name, CultureInfo culture)\n \n   at Jacobi.Vst.Interop.Properties.Resources.get_VstUnmanagedPluginContext_EntryPointNotFound()\n \n   at Jacobi.Vst.Interop.Host.VstUnmanagedPluginContext.Initialize(String pluginPath)\n \n   at Jacobi.Vst.Interop.Host.VstPluginContext.Create(String pluginPath, IVstHostCommandStub hostCmdStub)\n \n   at Jacobi.Vst.Samples.Host.MainForm.OpenPlugin(String pluginPath) in C:\\vstnet\\Source\\Samples\\Jacobi.Vst.Samples.Host\\MainForm.cs:line 44\n---------------------------\nOK   \n---------------------------\n \nAnyone else getting this ? How do I get rid of it ?\n \nThank you.",
    "LastUpdatedDate": "2013-05-16T03:29:31.81-07:00",
    "PlannedForRelease": "",
    "ReleaseVisibleToPublic": false,
    "Priority": {
      "Name": "Low",
      "Severity": 50,
      "Id": 1
    },
    "ProjectName": "vstnet",
    "ReportedDate": "2009-08-03T16:29:43.337-07:00",
    "Status": {
      "Name": "Closed",
      "Id": 4
    },
    "ReasonClosed": {
      "Name": "Unassigned"
    },
    "Summary": "Sample host missing resource error",
    "Type": {
      "Name": "Issue",
      "Id": 3
    },
    "VoteCount": 1,
    "Id": 4723
  },
  "FileAttachments": [
    {
      "FileId": 1612,
      "FileName": "2009-08-03_192804.jpg",
      "DownloadUrl": ".\\1612"
    }
  ],
  "Comments": [
    {
      "Message": "I think I may have found the problem, but sine I'm not comfortable with managed c++, I'd like for someone to confirm.\r\n\r\nIn file Resources.h, at line 117, the static ResourceManager property should be defined as follows:\r\n\r\n\t\tstatic property System::Resources::ResourceManager^ ResourceManager\r\n\t\t{\r\n\t\t\tSystem::Resources::ResourceManager^ get()\r\n\t\t\t{\r\n\t\t\t\tif(_rescMgr == nullptr)\r\n\t\t\t\t{\r\n\t\t\t\t\t_rescMgr = gcnew System::Resources::ResourceManager(\"JacobiVstInterop.Resources\", \r\n\t\t\t\t\t\tSystem::Reflection::Assembly::GetExecutingAssembly());\r\n\t\t\t\t}\r\n\r\n\t\t\t\treturn _rescMgr;\r\n\t\t\t}\r\n\t\t}\r\n\r\n\r\n\r\nHere's a unified diff of the change:\r\n\r\nIndex: C:/vstnet/Source/Code/Jacobi.Vst.Interop/Properties/Resources.h\r\n===================================================================\r\n--- C:/vstnet/Source/Code/Jacobi.Vst.Interop/Properties/Resources.h\t(revision 25507)\r\n+++ C:/vstnet/Source/Code/Jacobi.Vst.Interop/Properties/Resources.h\t(working copy)\r\n@@ -120,7 +120,7 @@\r\n \t\t\t{\r\n \t\t\t\tif(_rescMgr == nullptr)\r\n \t\t\t\t{\r\n-\t\t\t\t\t_rescMgr = gcnew System::Resources::ResourceManager(\"Jacobi.Vst.Interop.Properties\", \r\n+\t\t\t\t\t_rescMgr = gcnew System::Resources::ResourceManager(\"JacobiVstInterop.Resources\", \r\n \t\t\t\t\t\tSystem::Reflection::Assembly::GetExecutingAssembly());\r\n \t\t\t\t}\r\n \r\n\r\nobiwanjacobi, can you confirm this ?\r\n\r\nThank youy",
      "PostedDate": "2009-08-03T17:40:45.123-07:00",
      "Id": -2147483648
    },
    {
      "Message": "Resolved with changeset 26878.",
      "PostedDate": "2009-09-16T05:04:06.323-07:00",
      "Id": -2147483648
    },
    {
      "Message": "",
      "PostedDate": "2013-02-21T15:35:27.203-08:00",
      "Id": -2147483648
    },
    {
      "Message": "",
      "PostedDate": "2013-05-16T03:29:31.81-07:00",
      "Id": -2147483648
    }
  ]
}