{
  "WorkItem": {
    "AffectedComponent": {
      "Name": "",
      "DisplayName": ""
    },
    "ClosedComment": "Not an issue.",
    "ClosedDate": "2014-03-30T10:16:10.837-07:00",
    "CommentCount": 0,
    "Custom": null,
    "Description": "Hi Guys, \nI have an issue to load  the Delay sample Plugin into Cubase 5... \n\nWhat I ve done :\n\nCreated a folder c:\\testplugins\\ \nI took Jacobi interop assembly and rename it to MyDelay.dll\nI took compiled assembly from your sample  Delay and renamed it to MyDelay.net.dll\nI also put in here Jacobi core and Jacobi Framework assemblies\n(because just drag and drop these assemblies  into C:\\windows\\assemblies does not work to me )\n\ncubase gives me this error message \n\n![Image](http://2imgs.com/2i/i/5338322c/191519c6b2902bbcfdf5051ea46e3cbb/3d47a78d5e.f.png)",
    "LastUpdatedDate": "2014-03-30T10:16:10.837-07:00",
    "PlannedForRelease": "",
    "ReleaseVisibleToPublic": false,
    "Priority": {
      "Name": "Unassigned",
      "Severity": 0,
      "Id": 0
    },
    "ProjectName": "vstnet",
    "ReportedDate": "2014-03-30T07:03:50.787-07:00",
    "Status": {
      "Name": "Closed",
      "Id": 4
    },
    "ReasonClosed": {
      "Name": "Unassigned"
    },
    "Summary": "Problem to load plugin into CUbase 5",
    "Type": {
      "Name": "Unassigned",
      "Id": 5
    },
    "VoteCount": 1,
    "Id": 10575
  },
  "FileAttachments": [],
  "Comments": [
    {
      "Message": "Please put this in the discussion list. Issues are meant for real bugs in VST.NET itself.\n",
      "PostedDate": "2014-03-30T10:15:53.337-07:00",
      "Id": -2147483648
    },
    {
      "Message": "",
      "PostedDate": "2014-03-30T10:16:10.837-07:00",
      "Id": -2147483648
    }
  ]
}