{
  "WorkItem": {
    "AffectedComponent": {
      "Name": "Jacobi.Vst.Samples.CorePlugin",
      "DisplayName": "Jacobi.Vst.Samples.CorePlugin"
    },
    "ClosedComment": "",
    "ClosedDate": null,
    "CommentCount": 0,
    "Custom": null,
    "Description": "Thanks, I managed to compile the example but I get this error when I run the plugin\n\n![Image](http://s22.postimg.org/qiek28q6p/error.png)",
    "LastUpdatedDate": "2017-12-01T05:56:18.377-08:00",
    "PlannedForRelease": "",
    "ReleaseVisibleToPublic": false,
    "Priority": {
      "Name": "Low",
      "Severity": 50,
      "Id": 1
    },
    "ProjectName": "vstnet",
    "ReportedDate": "2013-04-26T02:21:31.84-07:00",
    "Status": {
      "Name": "Proposed",
      "Id": 1
    },
    "ReasonClosed": {
      "Name": "Unassigned"
    },
    "Summary": "Add call to Dispatcher.Invoke in WPF EditorControl.AddLine CorePlugin Sample",
    "Type": {
      "Name": "Issue",
      "Id": 3
    },
    "VoteCount": 1,
    "Id": 10056
  },
  "FileAttachments": [],
  "Comments": []
}