{
  "WorkItem": {
    "AffectedComponent": {
      "Name": "",
      "DisplayName": ""
    },
    "ClosedComment": "",
    "ClosedDate": null,
    "CommentCount": 0,
    "Custom": null,
    "Description": "When a dependency for a plugin is found at runtime and loaded on demand, VST.NET does not know the plugin's directory anymore - for this has been cleared so not to interfere with subsequent plugin loads.\n\nThe AssemblyLoader's PrivateProbePaths - which contains the plugin path - are cleared by the interop (VSTPluginMainInternal) when the initial loading is done.\n\nThe base path of the requesting assembly, which is present in the AssemblyResolve event arguments, will be used to load subsequent assemlby dependencies.",
    "LastUpdatedDate": "2016-02-20T16:23:35.863-08:00",
    "PlannedForRelease": "",
    "ReleaseVisibleToPublic": false,
    "Priority": {
      "Name": "Unassigned",
      "Severity": 0,
      "Id": 0
    },
    "ProjectName": "vstnet",
    "ReportedDate": "2015-11-27T22:46:01.807-08:00",
    "Status": {
      "Name": "Proposed",
      "Id": 1
    },
    "ReasonClosed": {
      "Name": "Unassigned"
    },
    "Summary": "Dependencies are not found when loaded after plugin construction",
    "Type": {
      "Name": "Unassigned",
      "Id": 5
    },
    "VoteCount": 2,
    "Id": 11032
  },
  "FileAttachments": [],
  "Comments": []
}