{
  "WorkItem": {
    "AffectedComponent": {
      "Name": "Jacobi.Vst.Interop",
      "DisplayName": "Jacobi.Vst.Interop"
    },
    "ClosedComment": "",
    "ClosedDate": "2011-01-06T10:06:40.467-08:00",
    "CommentCount": 0,
    "Custom": null,
    "Description": "Adjust the buffer lengths that are passed to plugins in Interop.Host. Some plugin write more data than the official spec allows.\n \nenum VstStringConstants\n{\n//-------------------------------------------------------------------------------------------------------\n\tkVstMaxProgNameLen   = 128,\t///< used for #effGetProgramName, #effSetProgramName, #effGetProgramNameIndexed\n\tkVstMaxParamStrLen   = 128,\t///< used for #effGetParamLabel, #effGetParamDisplay, #effGetParamName\n\tkVstMaxVendorStrLen  = 128,\t///< used for #effGetVendorString, #audioMasterGetVendorString\n\tkVstMaxProductStrLen = 128,\t///< used for #effGetProductString, #audioMasterGetProductString\n\tkVstMaxEffectNameLen = 128\t///< used for #effGetEffectName\n//-------------------------------------------------------------------------------------------------------\n};\n \nThis has solved the problem!\nAll unmanaged plugins I own seem to run flawlessly now with my host! Great work.",
    "LastUpdatedDate": "2017-12-01T05:56:17.9-08:00",
    "PlannedForRelease": "",
    "ReleaseVisibleToPublic": false,
    "Priority": {
      "Name": "Low",
      "Severity": 50,
      "Id": 1
    },
    "ProjectName": "vstnet",
    "ReportedDate": "2010-10-15T12:06:55.867-07:00",
    "Status": {
      "Name": "Closed",
      "Id": 4
    },
    "ReasonClosed": {
      "Name": "Unassigned"
    },
    "Summary": "Unexpected hang... unmanaged plugins",
    "Type": {
      "Name": "Issue",
      "Id": 3
    },
    "VoteCount": 1,
    "Id": 7382
  },
  "FileAttachments": [],
  "Comments": [
    {
      "Message": "Resolved with changeset 54614.",
      "PostedDate": "2011-01-06T10:06:40.467-08:00",
      "Id": -2147483648
    },
    {
      "Message": "",
      "PostedDate": "2013-02-21T15:35:24.353-08:00",
      "Id": -2147483648
    },
    {
      "Message": "",
      "PostedDate": "2013-05-16T03:29:30.167-07:00",
      "Id": -2147483648
    },
    {
      "Message": "",
      "PostedDate": "2017-12-01T05:56:17.9-08:00",
      "Id": -2147483648
    }
  ]
}