{
  "WorkItem": {
    "AffectedComponent": {
      "Name": "",
      "DisplayName": ""
    },
    "ClosedComment": "",
    "ClosedDate": "2011-03-27T11:49:11.463-07:00",
    "CommentCount": 0,
    "Custom": null,
    "Description": ".NET apparently allows for (interface) types with the Property .FullName being <null> (instead of an empty string).\nIf such a (public) type is included in the plugin assembly to load, the function ManagedPluginFactory.LocateTypeByInterface() causes an exception, if the referring type has been hit before IVstPluginCommandStub has been found.\n \nProposal: check Type.FullName for being <null>.",
    "LastUpdatedDate": "2013-05-16T03:29:29.86-07:00",
    "PlannedForRelease": "",
    "ReleaseVisibleToPublic": false,
    "Priority": {
      "Name": "Low",
      "Severity": 50,
      "Id": 1
    },
    "ProjectName": "vstnet",
    "ReportedDate": "2011-03-27T05:13:00.44-07:00",
    "Status": {
      "Name": "Closed",
      "Id": 4
    },
    "ReasonClosed": {
      "Name": "Unassigned"
    },
    "Summary": "Null Reference Exception on Plugin Loading",
    "Type": {
      "Name": "Issue",
      "Id": 3
    },
    "VoteCount": 1,
    "Id": 8059
  },
  "FileAttachments": [],
  "Comments": [
    {
      "Message": "The issue occures if the plugin assembly contains classes derived from typed interfaces / base classes, like KeyedCollection<TKey, TItem> and the IL compiler builds the assembly in a way that these classes are located in front of IVstCommandStub wihtin the GetTypes() enumeration.\r\n",
      "PostedDate": "2011-03-27T10:47:40.667-07:00",
      "Id": -2147483648
    },
    {
      "Message": "Hee, great catch!\r\nThe generic type (TKey, TItem) is stored as a Type but has no fullname. Should be easy to fix.\r\n\r\nThanx!",
      "PostedDate": "2011-03-27T11:33:02.757-07:00",
      "Id": -2147483648
    },
    {
      "Message": "Resolved with changeset 56791.",
      "PostedDate": "2011-03-27T11:49:11.463-07:00",
      "Id": -2147483648
    },
    {
      "Message": "",
      "PostedDate": "2013-02-21T15:35:23.67-08:00",
      "Id": -2147483648
    },
    {
      "Message": "",
      "PostedDate": "2013-05-16T03:29:29.86-07:00",
      "Id": -2147483648
    }
  ]
}