{
  "WorkItem": {
    "AffectedComponent": {
      "Name": "",
      "DisplayName": ""
    },
    "ClosedComment": "",
    "ClosedDate": "2014-09-13T05:56:43.607-07:00",
    "CommentCount": 0,
    "Custom": null,
    "Description": "i have problems to open a dll which contains a lot of plugins. is there a way to list the plugins in the .dll and then open a specific one?\n\ni have seen in the code that:\n\n    //case effShellGetNextPlugin:\n    /*{\n    System::String^ str;\n    result = _commandStub->GetNextPlugin(str);\n    TypeConverter::StringToChar(str, (char*)ptr, kVstMaxProductStrLen);\n    }*/\n    //break;\n\nis commented out, was it working once? plugin shells report\n    effect->getCategory () == kPlugCategShell\n\nit would be nice if we could catch that case. here is an example code from the vst SDK:\n\nhttp://ygrabit.steinberg.de/~ygrabit/public_html/vstsdk/OnlineDoc/vstsdk2.3/html/plug/2.0/AudioEffectX.html#getNextSchellPlugin \n\ngreets!",
    "LastUpdatedDate": "2017-12-01T05:56:18.573-08:00",
    "PlannedForRelease": "",
    "ReleaseVisibleToPublic": false,
    "Priority": {
      "Name": "Unassigned",
      "Severity": 0,
      "Id": 0
    },
    "ProjectName": "vstnet",
    "ReportedDate": "2013-12-23T15:20:49.1-08:00",
    "Status": {
      "Name": "Closed",
      "Id": 4
    },
    "ReasonClosed": {
      "Name": "Unassigned"
    },
    "Summary": "Opening Shell Assemblies",
    "Type": {
      "Name": "Feature",
      "Id": 1
    },
    "VoteCount": 1,
    "Id": 10482
  },
  "FileAttachments": [],
  "Comments": [
    {
      "Message": "VST.NET never supported ShellPlugins.\r\n\r\nBut I think we can do so now. Seems simple enough.",
      "PostedDate": "2013-12-24T23:37:10.697-08:00",
      "Id": -2147483648
    },
    {
      "Message": "thanks for the reply, it would be great to have this option. if you load a vst and have the possibility to check whether its a shell plugin and then react accordingly with GetNextPlugin.",
      "PostedDate": "2013-12-25T14:14:30.723-08:00",
      "Id": -2147483648
    },
    {
      "Message": "I have checked in an initial implementation that supports shell plugins in the Host-interop. Note that building shell plugins with VST.NET is still not possible - may do this later.\r\n\r\nI have searched all my plugins but apparently none of them is a shell plugin (I don't own too many ;-)\r\n\r\nI would appreciate it if you could get the latest source code and rebuild the VST.NET assemblies locally and give it a quick test run.\r\n\r\nThanx, Marc",
      "PostedDate": "2013-12-26T04:50:13.053-08:00",
      "Id": -2147483648
    },
    {
      "Message": "",
      "PostedDate": "2014-09-13T05:55:53.503-07:00",
      "Id": -2147483648
    },
    {
      "Message": "Resolved with changeset 75412: Release 1.1 check in. Build script changes.",
      "PostedDate": "2014-09-13T05:56:43.607-07:00",
      "Id": -2147483648
    },
    {
      "Message": "",
      "PostedDate": "2017-12-01T05:56:18.573-08:00",
      "Id": -2147483648
    }
  ]
}