{
  "WorkItem": {
    "AffectedComponent": {
      "Name": "",
      "DisplayName": ""
    },
    "ClosedComment": "The sample has been written an can be found in the source code &#40;under samples&#41;.",
    "ClosedDate": "2012-12-01T06:33:16.57-08:00",
    "CommentCount": 0,
    "Custom": null,
    "Description": "- A wrapper plugin\nA plugin that loads another (un)managed plugin and does nothing but forward the calls to the wrapped plugin. Had some requests on how this would work. This sample would not use the plugin framework.\n \n- An external device wrapper plugin\nUsing ASIO.NET (codeproject) route the audio signal to external audio I/O. Maybe some simple functionality as (pre) gain and (post)volume. This allows you to incorporate external effects hardware (or software) into your DAW as a VST plugin.\n \n- A true Synth Plugin\nUsing the C# Synth Toolkit (codeproject) create a very simple synth plugin (VSTi).\n \nPlease vote and leave comments on what you like best or what other samples you'd like to see.",
    "LastUpdatedDate": "2013-05-16T03:29:30.513-07:00",
    "PlannedForRelease": "",
    "ReleaseVisibleToPublic": false,
    "Priority": {
      "Name": "Low",
      "Severity": 50,
      "Id": 1
    },
    "ProjectName": "vstnet",
    "ReportedDate": "2010-03-09T23:26:23.21-08:00",
    "Status": {
      "Name": "Closed",
      "Id": 4
    },
    "ReasonClosed": {
      "Name": "Unassigned"
    },
    "Summary": "New Sample Plugins",
    "Type": {
      "Name": "Issue",
      "Id": 3
    },
    "VoteCount": 2,
    "Id": 6165
  },
  "FileAttachments": [],
  "Comments": [
    {
      "Message": "please, PLEASE go for a very simple Synth plugin.\r\nPreferably not using any external toolkit - just a synth that maps a midi-note to a frequency, and outputs a sinewave at that frequency.\r\n\r\nThis should be simple enough for every starter to build on.\r\nUsing external toolkits would just make it harder to see the bare minimum work required for a synth.\r\nWith samples, I personally rather have a bare minimum to build / improve upon myself, than something very complicated where I first have to remove lots of parts to make it useful for me.",
      "PostedDate": "2011-04-21T06:24:34.65-07:00",
      "Id": -2147483648
    },
    {
      "Message": "",
      "PostedDate": "2012-12-01T06:33:16.57-08:00",
      "Id": -2147483648
    },
    {
      "Message": "",
      "PostedDate": "2013-02-21T15:35:24.783-08:00",
      "Id": -2147483648
    },
    {
      "Message": "",
      "PostedDate": "2013-05-16T03:29:30.513-07:00",
      "Id": -2147483648
    }
  ]
}