[
  {
    "Id": "0",
    "Name": "Sample Converter Example",
    "DevelopmentStatus": "Beta",
    "Description": "This is a quick sample project to demonstrate how one could setup a generic sample format conversion framework. It comes with a few library classes and a unit test project that demonstrates its uses.",
    "ReleasedDatge": "0001-01-01T00:00:00",
    "ModifiedDate": "2014-05-29T06:43:39.243-07:00",
    "Files": [
      {
        "Id": "dca6e285-8f3b-4413-adf4-438c5e294d99",
        "FileName": "Jacobi.Converters.zip",
        "Url": "./0/dca6e285-8f3b-4413-adf4-438c5e294d99",
        "Type": "Source Code",
        "UploadDate": "2014-05-29T06:43:39.213-07:00"
      }
    ]
  },
  {
    "Id": "1",
    "Name": "VST.NET 0.9 (54407)",
    "DevelopmentStatus": "Beta",
    "Description": "*UPDATE*: 17/01/2011 Added project and item templates for VS2008/VS2010.\n\nNo separate Samples Source code download. I didn;t have time to rebuild the VM I tested that on. Download the sample source code from the Source Code tab and use these directions to build it.\n [url:http://vstnet.codeplex.com/wikipage?title=Building%20the%20Source%20Code]\n\nVST.NET 0.9 ChangeSet 54407\n\n\nFixed missing return statement in plugin stub in Host Interop.\n\nAdded code comments and started a unit test for the observables (Framework).\n\nImplemented observable objects and collections. Not tested yet!\n\nSmall fix for loading multiple VST.NET plugins and bootstrapper cleanup on failure.\n\nAdded the wrapper plugin sample.\n\nRefactored the loading of a managed plugin into a helper method on the Bootstrapper and reused it when loading a managed plugin from the VstManagedPluginContext (Interop.Host). Fixed typo's in Configuration properties.\n\nAdded per plugin config file support. Changed the IVstPluginCommandStub interface (Core.Plugin): it now has a property that receives the plugin Configuration object. Probe paths in the plugin config file (that must be next to the renamed Interop assembly) are considered for assembly resolvement.\n\nAdded a Bootstrapper class to Interop to boostrap the Core assembly. Then the AssemblyLoader (in Core) takes over. Fixes some bugs in AssemblyLoader and ErrorHelper. REMmed out the gacutil post build step in the Core and Framework projects. So the assemblies are NOT placed in the GAC by default after each build.\n\nRefactored the AssemblyLoader and moved it to Core.Plugin. Its now more flexible to take multiple global and private probe paths for assembly resolution. Also introduced the \"vstnetProbePaths\" appSetting in (exe)config. This semi-colon separated list of paths will be used as GlobalProbePaths. Even the managed plugin (.net.[vst])dll can be resolved through these probe paths (modified the ManagedPluginFactory). Not tested extensively yet.\n\nAdjusted Interop to work with the latest refactoring (VstEvent.Data)\n\nAdjusted the sample code to the latest refactoring in Core (VstMidiEvent.Data).\n\nAdded a UnitTest project. Some minor bug fixes. Refactored the VstEvent, VstMidiEvent, VstMidiSysExEvent and the VstGenericEvent. The byte[] Data property has been moved from the derived classes to the VstEvent base class.\n\nAdded class diagrams for newest classes and interfaces.\n\nSmall changes for CLSComplience: VstMidiEvent.Detune is now a short and underscores are gone from VstPluginCanDo. Also fixed the Host sample to ask and show the correct cando's.\n\nChanged the lifetime of the unmanaged (Midi) events that are passed to a plugin (Interop.Host). Memory stays valid untill next call to ProcessEvents or Close (or dtor).\n\nFixed a bug in DeleteUnmanagedEvents.Also removed an uncorrect check in ProcessAcc.\n\nAdded MainsChanged calls to the process noise and editor button impl.\n\nFixes for (Interop.Host).IVstPluginCommandStub.ProcessReplacing implementation. Both no audio buffers and more than 2 buffers now work \n\nFix for incorrect check in (Interop.Host)VstPluginCommandStub.ProcessReplacing.\n\nFixed the (Interop.Host.IVstPluginCommandStub)GetEditorRect implementation. Expanded the Host sample to also show the editor UI of the plugin (does not auto generate one yet).\n\nFixed a bug in the pointer arithmetic of the VstAudio(Precision)Buffer.\n\nUpdated the Host sample to confirm to the new IVstHostCommandStub interface (CanDo takes a string). Also added some diagnostic code to the Process Noise function to determine if the audio was actually processed or just passed through.\n\nChanged the IVstHostCommandStub interface so that the CanDo method takes a string and not an enum. Introduced a VstCanDoHelper class to assist in parsing strings back to VstHostCanDo or VstPluginCanDo enum values or converting those values to a sting that is a VST compatible cando string.",
    "ReleasedDatge": "0001-01-01T00:00:00",
    "ModifiedDate": "2011-01-17T12:30:55.803-08:00",
    "Files": [
      {
        "Id": "c400780e-9282-498c-a987-358f094a4e01",
        "FileName": "VST.NET 0.9.zip",
        "Url": "./1/c400780e-9282-498c-a987-358f094a4e01",
        "Type": "Application",
        "UploadDate": "2010-12-31T14:30:58.947-08:00"
      },
      {
        "Id": "6ee8a8db-7e8d-4351-8d50-3dda1ae325aa",
        "FileName": "Jacobi.Vst.Docs.zip",
        "Url": "./1/6ee8a8db-7e8d-4351-8d50-3dda1ae325aa",
        "Type": "Documentation",
        "UploadDate": "2010-12-31T14:30:59.15-08:00"
      },
      {
        "Id": "1f65219e-0a16-44ac-8193-0efbe35b6bba",
        "FileName": "VstNetVS2008Templates.vsi",
        "Url": "./1/1f65219e-0a16-44ac-8193-0efbe35b6bba",
        "Type": "Example",
        "UploadDate": "2011-01-17T12:29:37.3-08:00"
      }
    ]
  },
  {
    "Id": "2",
    "Name": "VST.NET 0.8 (32646)",
    "DevelopmentStatus": "Beta",
    "Description": "Bug (and Issue) fixes: most notably the StackOverflowException when creating a VstPluginContext (Interop.Host) and a memory leak that occured with effGetEditRect. Added a VB sample (Delay). Added configurable tracing support in Interop for both Plugins and a managed Host. Added deprecated member support and updated the samples to use the new StdPluginDeprecatedCommandStub (allows them to be loaded in older hosts such as previous versions of Cubase). Added parameter value normalization support to fit parameter values inside the 0, 1.0 value range.\n\nVST.NET 0.8 ChangeSet 32646.",
    "ReleasedDatge": "0001-01-01T00:00:00",
    "ModifiedDate": "2009-12-20T12:06:08.643-08:00",
    "Files": [
      {
        "Id": "666013fd-706f-43f0-8746-bcb778ca4493",
        "FileName": "VST.NET 0.8.zip",
        "Url": "./2/666013fd-706f-43f0-8746-bcb778ca4493",
        "Type": "Application",
        "UploadDate": "2009-12-20T11:47:06.033-08:00"
      },
      {
        "Id": "f565d078-2310-4b9e-874b-6c026b8fa16c",
        "FileName": "Jacobi.Vst.Docs.zip",
        "Url": "./2/f565d078-2310-4b9e-874b-6c026b8fa16c",
        "Type": "Documentation",
        "UploadDate": "2009-12-20T11:47:06.127-08:00"
      },
      {
        "Id": "f2f381bf-47ff-48c7-b653-32c5c3274cae",
        "FileName": "VST.NET 0.8 Samples VS2008 Express.zip",
        "Url": "./2/f2f381bf-47ff-48c7-b653-32c5c3274cae",
        "Type": "Example",
        "UploadDate": "2009-12-20T11:48:28.16-08:00"
      }
    ]
  },
  {
    "Id": "3",
    "Name": "VST.NET 0.7 (18964)",
    "DevelopmentStatus": "Beta",
    "Description": "Enhanced Host Interop to bypass double marshalling when managed app hosts managed plugins. Added more base classes to the framework and refactored the samples to demonstrate using those base classes. More docs and bug fixes.\n\nVST.NET 0.7 ChangeSet 18964.",
    "ReleasedDatge": "0001-01-01T00:00:00",
    "ModifiedDate": "2009-03-28T13:26:35.197-07:00",
    "Files": [
      {
        "Id": "70b8be8a-bcbe-41a8-ba26-b9406ecdd874",
        "FileName": "VST.NET 0.7.zip",
        "Url": "./3/70b8be8a-bcbe-41a8-ba26-b9406ecdd874",
        "Type": "Application",
        "UploadDate": "2009-03-28T13:26:34.603-07:00"
      },
      {
        "Id": "12229c04-1d88-4e50-b69e-35ac720a8638",
        "FileName": "Jacobi.Vst.Docs.zip",
        "Url": "./3/12229c04-1d88-4e50-b69e-35ac720a8638",
        "Type": "Documentation",
        "UploadDate": "2009-03-28T13:26:34.837-07:00"
      },
      {
        "Id": "a5e125e5-6340-4532-8be1-30f7d96dcf27",
        "FileName": "VST.NET 0.7 Samples VS2008 Express.zip",
        "Url": "./3/a5e125e5-6340-4532-8be1-30f7d96dcf27",
        "Type": "Example",
        "UploadDate": "2009-03-28T13:26:35.087-07:00"
      }
    ]
  },
  {
    "Id": "4",
    "Name": "VST.NET 0.6 (18340)",
    "DevelopmentStatus": "Beta",
    "Description": "Added Host Interop support and a Host sample application. Bug fixes.\n\nThe documentation now includes the C++ interop code as well as the original VST types.\n\nAgain this release has a samples .zip with the source code for the samples on Visual Studio 2008 Express edition.\n\nVST.NET 0.6 ChangeSet 18340.\n",
    "ReleasedDatge": "0001-01-01T00:00:00",
    "ModifiedDate": "2009-02-08T00:38:48.647-08:00",
    "Files": [
      {
        "Id": "053ea7d1-87d1-4d41-a7da-a04cb454013a",
        "FileName": "VST.NET 0.6.zip",
        "Url": "./4/053ea7d1-87d1-4d41-a7da-a04cb454013a",
        "Type": "Application",
        "UploadDate": "2009-02-08T00:38:47.727-08:00"
      },
      {
        "Id": "c5e2f7eb-36b6-41f2-b8b6-d7876df9a7d7",
        "FileName": "Jacobi.Vst.Docs.zip",
        "Url": "./4/c5e2f7eb-36b6-41f2-b8b6-d7876df9a7d7",
        "Type": "Documentation",
        "UploadDate": "2009-02-08T00:38:48.04-08:00"
      },
      {
        "Id": "0d85f292-08ba-4281-a33a-fd5cc86348b6",
        "FileName": "VST.NET 0.6 Samples VS2008 Express.zip",
        "Url": "./4/0d85f292-08ba-4281-a33a-fd5cc86348b6",
        "Type": "Example",
        "UploadDate": "2009-02-08T00:38:48.383-08:00"
      }
    ]
  },
  {
    "Id": "5",
    "Name": "VST.NET 0.5 (16412)",
    "DevelopmentStatus": "None",
    "Description": "In this release I fixed the loose ends in the code. The few remaining Plugin Command Stub methods have been implemented. This added some functionality to VstMidiProgram for tracking name changes.\n\nThe documentation has been extended as well. There is a 'getting started' section that should get you going on the basics. Also an elaborate reference section is being written (not finished yet) that explains the different VST.NET components and objects.\n\nAgain this release has a samples .zip with the source code for the samples on Visual Studio 2008 Express edition.\n\nVST.NET 0.5 ChangeSet 16412.",
    "ReleasedDatge": "0001-01-01T00:00:00",
    "ModifiedDate": "2008-10-18T04:37:11.293-07:00",
    "Files": [
      {
        "Id": "d5b7eac6-f85f-4024-b8cc-6581fac7d7f4",
        "FileName": "VST.NET 0.5.zip",
        "Url": "./5/d5b7eac6-f85f-4024-b8cc-6581fac7d7f4",
        "Type": "Application",
        "UploadDate": "2008-10-15T10:54:59.65-07:00"
      },
      {
        "Id": "4e380bb2-d9f9-4ff8-9796-72cf90f5eddc",
        "FileName": "VST.NET.Samples.VS2008.Express.zip",
        "Url": "./5/4e380bb2-d9f9-4ff8-9796-72cf90f5eddc",
        "Type": "Example",
        "UploadDate": "2008-10-15T10:55:00.01-07:00"
      },
      {
        "Id": "1026a5bd-94e5-472f-a031-9717ebf07449",
        "FileName": "Jacobi.Vst.Docs.zip",
        "Url": "./5/1026a5bd-94e5-472f-a031-9717ebf07449",
        "Type": "Documentation",
        "UploadDate": "2008-10-15T10:55:05.523-07:00"
      }
    ]
  },
  {
    "Id": "6",
    "Name": "VST.NET 0.4 (15523)",
    "DevelopmentStatus": "None",
    "Description": "This release brings you some bug fixes and refactoring but most of all source code documentation. There is also a seperate download for the samples for Visual Studio 2008 Express.\n\nVST.NET 0.4 ChangeSet 15523",
    "ReleasedDatge": "0001-01-01T00:00:00",
    "ModifiedDate": "2008-09-05T05:06:11.623-07:00",
    "Files": [
      {
        "Id": "c14a91aa-e4d1-4d87-b60d-ae01e1a56b4a",
        "FileName": "VST.NET 0.4.zip",
        "Url": "./6/c14a91aa-e4d1-4d87-b60d-ae01e1a56b4a",
        "Type": "Application",
        "UploadDate": "2008-09-05T05:04:02.673-07:00"
      },
      {
        "Id": "32b0316c-ea70-4fab-867b-b89a00157dc2",
        "FileName": "Jacobi.Vst.Help.chm",
        "Url": "./6/32b0316c-ea70-4fab-867b-b89a00157dc2",
        "Type": "Documentation",
        "UploadDate": "2008-09-05T05:05:36.953-07:00"
      },
      {
        "Id": "211ac71a-1187-4c5a-97bb-bf06fe3d517f",
        "FileName": "VST.NET.Samples.VS2008.Express.zip",
        "Url": "./6/211ac71a-1187-4c5a-97bb-bf06fe3d517f",
        "Type": "Example",
        "UploadDate": "2008-09-05T05:05:37.03-07:00"
      }
    ]
  },
  {
    "Id": "7",
    "Name": "VST.NET 0.3 (14711)",
    "DevelopmentStatus": "None",
    "Description": "Some additions to the Framework and some refactoring. This release contains samples (no TestPlugins anymore); Jacobi.Vst.Samples. The Core.TestPlugin has been renamed to CorePlugin. The Framework.TestPlugin has been renamed to Delay. A new sample called MidiNoteMapper demonstrates Midi input/output and custom UI using WinForms. And another new sample MidiNoteSampler that is just for fun. It records the audio when a note is hit (from note on till note off, so keep that key pressed for some time) and plays the sample back when that same note is hit again; here it stops playback when either the recorded sample is done or when you release the note.\n\nVST.NET 0.3 ChangeSet 14711",
    "ReleasedDatge": "0001-01-01T00:00:00",
    "ModifiedDate": "2008-07-25T11:05:25.697-07:00",
    "Files": [
      {
        "Id": "9adeb4d8-df35-4930-9c7e-fc1b3fe981ab",
        "FileName": "VST.NET 0.3.0.0.zip",
        "Url": "./7/9adeb4d8-df35-4930-9c7e-fc1b3fe981ab",
        "Type": "Application",
        "UploadDate": "2008-07-25T11:04:53.773-07:00"
      }
    ]
  },
  {
    "Id": "8",
    "Name": "VST.NET 0.2 (13580)",
    "DevelopmentStatus": "None",
    "Description": "This release contains a working delay in the Jacobi.Vst.Framework.TestPlugin project complete with parameters and programs. It also implements persistence (programs are chunks).\n\nVST.NET 0.2 ChangeSet 13580",
    "ReleasedDatge": "0001-01-01T00:00:00",
    "ModifiedDate": "2008-06-20T22:55:32.147-07:00",
    "Files": [
      {
        "Id": "f3baddd2-6cc0-48ca-8bc9-e5357709f68f",
        "FileName": "VST.NET 0.2.0.0.zip",
        "Url": "./8/f3baddd2-6cc0-48ca-8bc9-e5357709f68f",
        "Type": "Application",
        "UploadDate": "2008-06-20T22:55:14.647-07:00"
      }
    ]
  },
  {
    "Id": "9",
    "Name": "VST.NET 0.1 (11919)",
    "DevelopmentStatus": "None",
    "Description": "First release of the binaries of VST.NET. Both Debug and Release builds are available in the download. The TestPlugin projects are at the top level together with a renamed Interop copy each. Refer to [url:http://www.codeplex.com/vstnet/Wiki/View.aspx?title=Using%20VST.NET] for more information.\n\nVST.NET Version 0.1, ChangeSet 11919.",
    "ReleasedDatge": "0001-01-01T00:00:00",
    "ModifiedDate": "2008-06-18T23:19:11.597-07:00",
    "Files": [
      {
        "Id": "6a7af4a1-01f6-4527-a41a-3c2317a7f20b",
        "FileName": "VST.NET 0.1.11919.zip",
        "Url": "./9/6a7af4a1-01f6-4527-a41a-3c2317a7f20b",
        "Type": "Application",
        "UploadDate": "2008-05-21T22:21:18.263-07:00"
      }
    ]
  },
  {
    "Id": "10",
    "Name": "VST.NET 1.1 (b)",
    "DevelopmentStatus": "Stable",
    "Description": "*Revision b*: 20-09-2014 new binary zip with sample assemblies and dropped CLR2.\n\nAfter almost 2 years a new release for VST.NET: version 1.1. (75412)\n\nThe major change that has been done is that all project files are now VS2012. Because VS2012 does not support targeting a C++ (Jacobi.Vst.Interop) on CLR2 that has been dropped from the release.\n\nThis also means that the Jacobi.Vst.Interop assembly now requires the VS2012 version of the VC CRT dependency (redistributable package). All VST.NET client machines must have this installed: [url:http://www.microsoft.com/en-us/download/details.aspx?id=30679]\n\nRefer to VST.NET 1.0 release for other non-binary packages.\n\nOther additions: \n*Read-only Programs\n*Change in IVstPluginEditor interface\n*Host can load (unmanaged) shell-plugins, managed not supported.\n\n*Release notes:*\nRedone project refs.\nMigrated to VS2012 and renamed the projects to distinguish between CLR2 and 4 targets.\nFixed Interop embedded resource bug.\nAdded doc comments for the new return values of IVstPluginEditor.KeyDown/Up.\nUpdated the samples to VS2012/.NET4 and implemented changes in IVstPluginEditor.\nAdded IVstPluginEditor.KeyDown/Up return values. Upgraded to VS2012/.NET4. New version of MSVC Redistributable package needed!\nAdded resource file to Interop project settings to be embedded in assembly.\nRemoved detune check from VstMidiEvent ctor.\nInitial implementation of ShellPlugin support for Host interop.\nChanged program textbox to a combo box listing them. OnSelChange not implemented.\nPrepare to impl. shell plugin support for host.\nChanged SetChunk code to handle chunks with a different number of programs in them than the plugin uses.\nChanged all max-length constants. Allocates +1.\nAdded Read-Only Programs (Presets).",
    "ReleasedDatge": "0001-01-01T00:00:00",
    "ModifiedDate": "2014-09-20T11:59:18.133-07:00",
    "Files": [
      {
        "Id": "c78b9b8f-5e8b-400e-9a8d-e37d482ee6f0",
        "FileName": "VST.NET RTW.zip",
        "Url": "./10/c78b9b8f-5e8b-400e-9a8d-e37d482ee6f0",
        "Type": "Application",
        "UploadDate": "2014-09-20T11:55:53.023-07:00"
      }
    ]
  },
  {
    "Id": "11",
    "Name": "VST.NET 1.0",
    "DevelopmentStatus": "Stable",
    "Description": "*Long overdue, but here is version 1.0!*\n\nThe zip contains the Debug and Release binaries for x86 and x64 as well as .NET 2.0 and .NET 4.0.\n\n*NOTE:* after downloading the .zip file, open the file properties and click the \"unblock\" button at the bottom before you extract the containing assembly files. .NET 4.0 will give an error if you try to use these 'blocked' files.\n\nNote that the samples sources are not included in the release. Refer to \"Building the Source Code\" to get them working in the Visual Studio Express editions.\n\n*Changes:*\n\nRemoved nuget and fixed samples copy operation (*.exe).\n\nFinalized build automation support.\n\nBug fixes in VS templates.\n\nCompiled and Packaged new version of the Visual Studio Templates.\n\nFixed endelss midi processing bug in VS project template and some comment type-o's.\n\nAdded an extra property to VstMidiEvent to indicate if the midi event was receive realtime.\n\nChanged build automation to include Samples.\n\nAdded Clr4 solution and projects files (VS2010) and build automation support.\n\nFixed small bugs in build automation.\n\nAdded some build automation and configured platforms in Code solution. \nStarted on NuGet Package.\n\nMarked the ToArray method as Obsolete on the Buffer Manager class(es).\n\nAdded Enumeration support on the VstAudio(Precision)BufferManager (Interop.Host)\n\nAdded a sample impl to the audio project template for retrieving TimeInfo in the AudioProcessor.\n\n[untested] Refactorings based on VST 2.3 docs.\n\nSmall change in SetChunk to preserve the program order when deserializing a single program.\n\nAllow the HostCommandStub to be queried by GetInstance on the Host.\n\nAdjusted the Changed hadnling of the MidiProgram to fit the specs. Added comments for the public property name constants.\n\nHost sample forgot to call Displose on VstAudioBufferManagers.\n\nChanged the initialization sequence for setting the host automation interface on the parameter manager.\n\nImplemented the Opened event on the Plugin root base classes. Also used the event in the VS project templates.\n\nDeclared constants for property names for notifications. Extended the VstParameterManager to optionally also manage notifying the host of parameter value changes.\n\nAdded custom UI Parameter support to both the audio as well as the midi plug VS Project template.\n\nNRE fix in ManagedPluginFactory and fixed typo in NotifyParameterValueChanged in host automation interface in the Framework,\n\nAdded an Index property to VstParameter. Refactored the IVstHostAutomation methods to work with VstParameter.\n\nAdded SetParameterAutomated to IVstHostAutomation (Framework) and made VstParameterManager.ChangeValue protected virtual in stead of public.\n\nVstParameterNormalization bug fix and unit tests.",
    "ReleasedDatge": "0001-01-01T00:00:00",
    "ModifiedDate": "2012-11-07T01:46:42.47-08:00",
    "Files": [
      {
        "Id": "8342ac8d-c77c-4eaf-8bb7-f92297392f8b",
        "FileName": "VST.NET RTM.zip",
        "Url": "./11/8342ac8d-c77c-4eaf-8bb7-f92297392f8b",
        "Type": "Application",
        "UploadDate": "2012-11-02T11:57:07.517-07:00"
      },
      {
        "Id": "a7129fe6-1cc5-4f82-9fab-347b5fbd815f",
        "FileName": "Jacobi.Vst.Docs.zip",
        "Url": "./11/a7129fe6-1cc5-4f82-9fab-347b5fbd815f",
        "Type": "Documentation",
        "UploadDate": "2012-11-07T00:40:27.787-08:00"
      },
      {
        "Id": "8ad72247-58fb-4763-a520-0f40881a4dfd",
        "FileName": "VstNetVS2008Templates.vsi",
        "Url": "./11/8ad72247-58fb-4763-a520-0f40881a4dfd",
        "Type": "Application",
        "UploadDate": "2012-11-07T01:45:08.623-08:00"
      }
    ]
  }
]