[
  {
    "Title": "Home",
    "Id": "1908767",
    "ParentWikiTitle": "Home",
    "FileExtension": "codeplexwiki",
    "UpdatedDate": "2017-09-09T02:02:06.837-07:00",
    "FileAttachments": [
      {
        "Id": "428511a7-32b5-4d20-9832-d11f033bac03",
        "FileName": "VSTLogoAlpha92x54.png",
        "DownloadUri": "./1908767/428511a7-32b5-4d20-9832-d11f033bac03"
      },
      {
        "Id": "551d182e-4961-4954-8116-0a886caaa309",
        "FileName": "NDepend_logo.jpg",
        "DownloadUri": "./1908767/551d182e-4961-4954-8116-0a886caaa309"
      },
      {
        "Id": "966a0f39-7227-4903-83d2-c5292d38e5c7",
        "FileName": "facebook_logo_48x48.jpg",
        "DownloadUri": "./1908767/966a0f39-7227-4903-83d2-c5292d38e5c7"
      }
    ]
  },
  {
    "Title": "VST Resources",
    "Id": "1854171",
    "ParentWikiTitle": "Home",
    "FileExtension": "codeplexwiki",
    "UpdatedDate": "2016-02-15T23:19:06.693-08:00",
    "FileAttachments": []
  },
  {
    "Title": "Products made with VST.NET",
    "Id": "1785136",
    "ParentWikiTitle": "Home",
    "FileExtension": "codeplexwiki",
    "UpdatedDate": "2015-02-01T22:30:16.983-08:00",
    "FileAttachments": []
  },
  {
    "Title": "Building the Source Code",
    "Id": "917696",
    "ParentWikiTitle": "Home",
    "FileExtension": "codeplexwiki",
    "UpdatedDate": "2014-09-13T06:09:02.48-07:00",
    "FileAttachments": []
  },
  {
    "Title": "VST.NET Samples",
    "Id": "917694",
    "ParentWikiTitle": "Home",
    "FileExtension": "codeplexwiki",
    "UpdatedDate": "2014-09-13T06:04:24.037-07:00",
    "FileAttachments": []
  },
  {
    "Title": "Using VST.NET",
    "Id": "917693",
    "ParentWikiTitle": "Home",
    "FileExtension": "codeplexwiki",
    "UpdatedDate": "2014-09-13T06:03:55.55-07:00",
    "FileAttachments": []
  },
  {
    "Title": "VS project & item templates",
    "Id": "864497",
    "ParentWikiTitle": "Documentation",
    "FileExtension": "codeplexwiki",
    "UpdatedDate": "2014-05-23T12:48:43.783-07:00",
    "FileAttachments": []
  },
  {
    "Title": "Documentation",
    "Id": "696692",
    "ParentWikiTitle": "Documentation",
    "FileExtension": "codeplexwiki",
    "UpdatedDate": "2013-02-23T02:28:20.097-08:00",
    "FileAttachments": []
  },
  {
    "Title": "Build Configurations",
    "Id": "491424",
    "ParentWikiTitle": "Documentation",
    "FileExtension": "html",
    "UpdatedDate": "2011-10-30T03:47:10.823-07:00",
    "FileAttachments": [
      {
        "Id": "b383daa6-e730-45e3-a963-3e28611d8b47",
        "FileName": "wlEmoticon-winkingsmile_2.png",
        "DownloadUri": "./491424/b383daa6-e730-45e3-a963-3e28611d8b47"
      }
    ]
  },
  {
    "Title": "What docs to write? Analyzing Discussion posts.",
    "Id": "488455",
    "ParentWikiTitle": "Home",
    "FileExtension": "html",
    "UpdatedDate": "2011-10-22T13:10:13.957-07:00",
    "FileAttachments": []
  },
  {
    "Title": "Installing VST.NET",
    "Id": "141949",
    "ParentWikiTitle": "Home",
    "FileExtension": "codeplexwiki",
    "UpdatedDate": "2009-02-18T01:49:52.847-08:00",
    "FileAttachments": []
  },
  {
    "Title": "VST Notes",
    "Id": "94496",
    "ParentWikiTitle": "Home",
    "FileExtension": "codeplexwiki",
    "UpdatedDate": "2008-05-31T11:30:45.75-07:00",
    "FileAttachments": []
  },
  {
    "Title": "VST.NET Framework",
    "Id": "93006",
    "ParentWikiTitle": "Home",
    "FileExtension": "codeplexwiki",
    "UpdatedDate": "2008-05-24T04:55:44.96-07:00",
    "FileAttachments": [
      {
        "Id": "0de0f1e1-df52-468b-9c31-df820029d91b",
        "FileName": "Jacobi.Vst.Framework.Interfaces.png",
        "DownloadUri": "./93006/0de0f1e1-df52-468b-9c31-df820029d91b"
      },
      {
        "Id": "ee53c9f1-6a78-4779-872d-8758ad629321",
        "FileName": "Jacobi.Vst.Framework.Types.png",
        "DownloadUri": "./93006/ee53c9f1-6a78-4779-872d-8758ad629321"
      }
    ]
  },
  {
    "Title": "VST.NET Core",
    "Id": "93005",
    "ParentWikiTitle": "Home",
    "FileExtension": "codeplexwiki",
    "UpdatedDate": "2008-05-24T04:51:09.967-07:00",
    "FileAttachments": [
      {
        "Id": "8fb7d345-e751-4899-8b81-52e85d07627a",
        "FileName": "Jacobi.Vst.Core.Enums.png",
        "DownloadUri": "./93005/8fb7d345-e751-4899-8b81-52e85d07627a"
      },
      {
        "Id": "449d6eb9-4b0a-46ee-9c22-cf0699584dcb",
        "FileName": "Jacobi.Vst.Core.Interfaces.png",
        "DownloadUri": "./93005/449d6eb9-4b0a-46ee-9c22-cf0699584dcb"
      },
      {
        "Id": "3511ab06-035b-4e8b-9ac2-36a5e2c9f59a",
        "FileName": "Jacobi.Vst.Core.Types.png",
        "DownloadUri": "./93005/3511ab06-035b-4e8b-9ac2-36a5e2c9f59a"
      }
    ]
  }
]
